uid,loginDate
00s2mfhygbfblxi0xG7B5REcTGz2,2022-05-03 02:37:49
01D3jCuy3kMPDReKbvT9uzIOoxz1,2022-07-31 09:45:29
01MOhx8DlrUtXZAUnFbmKsIJvtL2,2022-04-26 21:59:38
01NJbcaJPmbFWnwA5R77fpRKC202,2022-03-19 10:01:17
01Ugz3Pq4AYal54wUPj9eCKDPqV2,2022-05-23 13:46:00
01tHSE4sd6WbZnlpY7WiHdwSL1A2,2022-04-10 16:53:22
021EcQAvdLSROzVBZkU8A0VhsAC2,2022-04-07 04:39:23
02D3CmLEw8OdIWBPwrjW9zgT9aL2,2022-04-24 15:46:42
02IU51W11bhuAwzH8sC28RaLgTd2,2022-04-13 07:27:13
02V1ADKEfmdAxG4zcJ7a2ghdKwE3,2022-03-24 14:28:53
02jDGE8InGfvLtNUIQHsKr7aKuY2,2022-07-01 07:30:02
02u2tfsCGtQa3SOfZsCrs9rng5p1,2022-05-19 09:01:46
03AHZKgwnrV8QCszlBEmKcdzoQz1,2022-03-03 12:22:06
03k2LYycslQcKN91bWkglUDw5LS2,2022-04-14 14:56:46
03yIyTXwzeYOnUHMkx6nsKOqRSV2,2022-04-17 01:23:20
040eln50HqWKWhWG3NKpHHRV3r63,2022-06-12 09:47:19
042gztzHn1VezPldjcBpobnmw2o2,2022-04-21 15:03:00
047fi2iAlJhFUY9QuXT7K2fttVF3,2022-04-20 10:09:57
04F0SrAGbZMNBBgUgSsQacuMef73,2022-04-17 14:53:54
05vbk5iut3Z3VVde7xltYYYoMqa2,2022-03-17 06:03:17
06Escy7G8gPgLAq9OoR9RkQxEwZ2,2022-06-25 08:17:44
06Mllxdd9IaffkP7hAmkzkJFu402,2022-02-28 10:36:53
06r3upcJHXeEzfzU8LF0gFtzMRS2,2022-04-27 09:54:24
06vxrcU8cphePipBu7BLOBtk4da2,2022-04-07 09:49:09
076neO6OVQT7EtADRRR984ZOvcg2,2022-03-17 02:45:12
07Mh3sfxnbbqMIDtJNjZpOgzKlq2,2022-02-23 00:04:09
07mJh0zby1QPy6w0Ctr64eGQp1i1,2022-02-15 08:28:44
089Uw7Ex3cXZZQ2mDG05TqcbHz52,2022-04-30 13:43:54
08JgnODsRYd9dT9iFmvxNOnzRmP2,2022-06-25 13:55:32
08hYC6xatNPd0AkAeO5ToR4XJAi2,2022-03-25 13:25:11
08vs23yGGmdlEASrY45rvlfTS183,2022-04-09 09:51:37
08zK2617BUdBeujLY7uU0xElLF22,2022-04-18 20:41:25
097znqBdZLUO5xOaz6kPNtK5Smp2,2022-07-16 01:35:51
09Jx4KrFUBdO8vjTsN5HNJeiRk32,2022-05-17 10:27:53
09LME9SQkrTNX9DKzsghKNvoS2c2,2022-04-29 14:13:07
09T7hA7WWkNBgF0u24uggzN7mLr1,2022-05-14 11:00:39
09keI39MIwTrXS1MyOHTwLntYfp1,2022-05-26 01:23:47
09oH1Z2hO7ZOCiSeCzEulpofa532,2022-07-28 18:56:59
09pJSjNKiLVv4mwR2yPkWNiO3H32,2022-05-30 09:47:51
0AGrJHhrJFbA57jJ5Aj374WtrSR2,2022-04-11 12:54:29
0AJ1x89uZ5gx92igiezxpw9w08P2,2022-04-23 09:34:32
0AUN8XRR2CTukbd2sSkYfUXKKXG3,2022-04-18 16:53:11
0AwBZtyfjtf5GWezGVN8jFjAT6i2,2022-05-12 07:48:39
0Awh7VapYmeWcelbKd2SDMRE3BK2,2022-05-19 16:40:46
0BDK46lTplVvpwkNziZsGYvInY93,2022-04-25 17:25:24
0BKLpsSDVBVLT1GTL2O8pH2gr8z2,2022-04-15 19:59:35
0Bk3J5lkY1PgXQtUTbRsFqgElg43,2022-06-20 08:45:45
0BpSoEC2G8dsWV2E4ytwzUdcgbH3,2022-03-22 01:34:39
0BvAYO4iXmdSD4eJvVtf8MEkC5U2,2022-07-30 07:20:35
0CHwvqjQBmgFeHpaJONxGIh54rg2,2022-03-31 12:00:46
0CejpxeISmM5ZoNKN9ScMOG8wwl2,2022-06-26 04:47:56
0CwkhSigdrbtpLzNWyv9VYhS5Pg1,2022-05-08 19:29:00
0D9wLpUSLGWlmx7Odgl9wxSLNaW2,2022-04-01 04:14:30
0DJpoeETvYTLhiWAhkeU6QWj9fb2,2022-02-06 10:15:49
0DJtXHXKjaYuH00hfFIhxm6XdEG3,2022-07-27 22:17:29
0DTshFh8uOZIstdWnOuvDfwMYZH3,2022-05-14 16:33:30
0Do2RXxvJGatYHa40y3mmedSaFl2,2022-04-15 12:57:09
0ETPdqKgSOckEzNVyU0cZjS9uU33,2022-03-28 14:57:34
0EaUCAQFPOQUNzz6cnr4o16TJJd2,2022-06-13 11:02:51
0FP2V4UlURSgXNG0jmCjzlUH5Jy1,2022-03-28 21:42:50
0FTilLw5EHQdGdjWP67mzct7xm22,2022-06-11 16:05:21
0Fx3kDVEm9Z15y0v8NwpfRBMniq1,2022-03-20 07:54:01
0G2lSColtjOkTdTbz4GjnK6AFJ52,2022-04-16 17:14:54
0GGdFq3PecXOi7scQ5esp9OEiMB3,2022-07-26 21:00:29
0Gr9YcOryrTk347AA6lHdVvdxhI3,2022-03-04 07:05:33
0HxsQEh2enWdc5dtGCFdRKOWCy12,2022-04-18 22:44:13
0I2qaMZoZhPLY9C42DLcxMLboDi1,2022-02-18 14:53:46
0IKyEGA36chlcEiIyAN8meVc0wB3,2022-03-18 22:40:38
0IUq5s1d5lfbm9r4yBndjjlFctx2,2022-03-19 14:56:54
0IcxgdS1lJMoSTu5mZf4p4UR1Wi2,2022-04-04 04:53:19
0IhvShjOt6T03u8YSIxLw9Oz8XF3,2022-05-15 10:59:09
0IwjKTYWubXWqhGgAQjU0oOOXl13,2022-07-28 17:46:12
0KOmmOs25Bh5AyJ2BDBD1BXo0t42,2022-02-06 22:09:33
0L0Cg9r5pjW2oEqXn0REV5MTaNw1,2022-02-13 12:56:00
0LP3QSfbNCNr6wBRY5EBm8VsTGv1,2022-05-12 00:44:41
0LUjWuq2ChdHFztJjxHFrb9VKsI2,2022-05-01 00:22:51
0Ldc9GBPnUZ8n50r7o2upnZJe5c2,2022-05-01 09:51:59
0M4s1ILZYMetylBaiU3GkLCBZSm2,2022-03-31 23:49:24
0MkrhqaTx4PFfXh3rY8PLTLiJNx2,2022-04-19 06:49:57
0NAEL7RAIgOsphJTAtWTZ74e58q1,2022-03-08 17:10:07
0NuDOUlYWHQ8LD9mc0Kcj3eq6Lk1,2022-07-21 14:32:19
0OB1bFNkhtSbVM21wZGVXIsKHTc2,2022-04-03 13:16:48
0ORhjVocAOToEvWIignkPkBC7cI2,2022-03-20 17:47:04
0OeAWUCX3YMPSZg3Ies4TVQxxzA2,2022-03-04 11:37:13
0Or8ltqDTTRs3RhbfC4Q7MWQUHd2,2022-05-09 04:16:58
0PkG04YcKzS5maWk9L4c1jeEvRh1,2022-07-16 05:02:59
0Q5OYlz9RzUT8xDUW59ApNcIsUq1,2022-02-16 05:10:39
0QDDXn5LImTgxteSBGYpt2DkzXQ2,2022-02-17 14:11:29
0QkDjZgX1GP0w11I3y0YzfqYbAu2,2022-04-09 12:51:59
0QoAGUyHYTc5nzISGVIobjzasar1,2022-07-24 07:42:12
0RGpqxCwerbokLPICK8mD2KdIQr1,2022-06-26 11:46:47
0S8XN7CzkXZs1TTXEdGuwT2NiSr1,2022-05-05 00:00:04
0ScqCKKTRkeHLfxUjYudRNNOtMS2,2022-02-04 12:27:38
0UYH8WgwWJZaU0uyM629J1twJG22,2022-03-19 15:31:16
0UgW0Y4XvEf7CNWVWtVjmpyw99y2,2022-04-30 00:35:20
0UpugtTyuPWcVHujJUreD47LjPd2,2022-04-18 09:59:32
0UsGx9SjVyeSSzf5Hgj5iPhJ8oq1,2022-07-31 04:37:40
0Vjkm9nmshhztGqWFdi30ns0J7K2,2022-03-03 03:08:17
0VpjW9VbHCWjYkbk2k9qfzbKBCk1,2022-03-27 08:42:55
0Vyqurg4TlWwKDazCW9ydAPclbd2,2022-05-29 10:54:41
0W5LsOi9O6PYMikl55vz7UFPi593,2022-04-29 13:34:35
0WF2Cx9NPaSYRW1QCXk5B4kufBh2,2022-04-26 06:02:25
0WFSQUwrTENHhxpVMb8XGMzn5GT2,2022-06-13 10:27:37
0WcnhWulqnTW7lvgVipE0lTWOww2,2022-02-08 20:12:03
0WedjkeoEbWfjWa0pqYxxL8QZmm2,2022-06-18 09:01:51
0Xe3k49tSuSHiKMNBq5Zk3FDLvz2,2022-02-27 22:13:15
0XeMmietVQfU1FCshwuFYDXOq993,2022-05-30 09:03:38
0XrYC8KTF8NVjJc31tcWcAhgRxr1,2022-03-12 06:32:35
0XvCfLoGJUY12ZW9U7qXN2a2xGF2,2022-03-30 08:15:57
0ZRDvWgy6KbLIl04FULt1jeXt0V2,2022-06-16 09:10:08
0a0HnLbJ8jPHFu0R6DKDLzshsst2,2022-03-05 16:15:31
0aFDUMZA92XgHCjf5clH9guiSLI3,2022-05-16 16:49:24
0aUnExdVSYh4gCQSvYLElWO2kK63,2022-06-04 05:43:41
0atqboNLWhWUnd6fepOD7iKQrI33,2022-07-22 11:35:39
0bpOn7G9tieFlB25HyxhpDrTUo13,2022-05-06 03:02:08
0c8bK72XO6MsI1mYySPuZQ13Z9n2,2022-05-02 09:15:35
0cCbGUO1zVhhKoLjvw8ISA2lISy1,2022-04-10 06:50:38
0cEeuNjWwQOroM88eEbjcvyBnuk2,2022-07-02 02:41:34
0efziigkRDMkJDZdohnjl4NcjIb2,2022-03-16 23:21:48
0fA9PzG7stS8GYiqPX70dHaMBKl1,2022-05-09 03:53:46
0fE25hfyu8PhcHg5h61aM2RjjJm2,2022-04-19 17:32:30
0gFWVTFzsOgdDdVrdO4pTgDJOEy1,2022-02-05 10:55:08
0gUuRDXnmOWq5BP9jhEswF5IlWA3,2022-03-11 17:07:35
0gw5tQtS06eiiW6c4dmteqZRWJT2,2022-07-11 13:59:41
0hLiQx0VVnO9mrr3TfTUJftLGZ03,2022-04-15 15:39:26
0hxRYJB5BmRHvXM0nEH8ke8seO63,2022-06-19 23:34:49
0i1KGY5BrOeHbbt37QFzTpdbXpY2,2022-06-03 12:32:30
0i743nu9saTDIrQsvJHJkximB2d2,2022-05-01 06:00:39
0iJfgLdV7ifxfzj9Aj69YfLHLf33,2022-03-12 08:51:32
0ibRWZAaK4WPo6vS42UeO1ZVTA13,2022-06-24 06:48:26
0itm8uVbXwP2xfypNV7wZJdVqps2,2022-03-23 23:51:38
0j5NnyayERMwonNSt2q0UDGYBSG2,2022-04-05 21:10:31
0jidnFpI0bg8lydPvlaYyk4cryG3,2022-07-29 00:58:46
0k404e2bHfXBG2Bk2swg2JydrsG2,2022-03-11 12:15:59
0l7hNKDfaOg56holM9CwrNdHXxc2,2022-03-20 04:29:05
0lT23hjTWehGGnE8BvzMTverzJh1,2022-07-20 14:02:53
0lr9oSdP1tSWx5tFMdt0LM2GlMh2,2022-07-04 14:30:48
0lsNTbMuqQeoukChEupJfczAXsl2,2022-03-31 07:11:24
0nC35obnwjNSsqwpX1mSMKFJK4f1,2022-02-20 00:00:35
0nQbV5DegLbNYVlt3VNYVSXKipQ2,2022-04-12 03:15:47
0oNIYdxgDkMgO6SdsVORyoM8QFX2,2022-07-12 07:04:21
0oPsdHMfqFWiAcId3A5kIVOeqk03,2022-02-02 00:36:04
0oxW9ExGyFMmskLakpwGGOz2a7i1,2022-05-24 10:12:07
0pFSIB779depgjtatigzkZYFRnt2,2022-03-21 07:35:04
0pIooKnIDIbOP5TbwJjm4cfS78x1,2022-07-01 16:30:42
0qELuSJlgOXTopcil5x522WOewO2,2022-06-08 07:50:14
0rApg92fYDXsx3GedYWiyDEFZW32,2022-05-25 08:30:10
0rEqtEqxuRZt5OWIOmML0p03qvm2,2022-04-23 10:28:58
0rK7WgdIgwSfZoxW7xNzN0BtLmi2,2022-06-30 22:03:17
0rSHjFYsWOfuEm7A1zbYu4sxflv1,2022-03-02 02:17:14
0rYBx0xvt6UcLXXMDtS4TiaZH1H3,2022-05-15 11:56:57
0rchBNEdoGh4WfXc6KA8CTWmLwP2,2022-03-08 05:12:19
0sjb14HwOvXdZLy29fYDzRa8est2,2022-03-09 08:37:55
0tCjzRjmf7akPN3D4GGvNLP1CD82,2022-04-08 11:06:26
0tyDyE3WRfWN9e7pHtiSQEnjbDQ2,2022-06-21 15:18:35
0u89GCxP3hQ27wrnNTP1f1eUEHi1,2022-06-18 18:46:09
0uI0xRofsoTx7EuT7bFDHjlwPNC3,2022-04-02 01:18:46
0uTXFUF81DfuZ4Ad6AfALdNhPp82,2022-05-16 05:39:01
0uby4ihZ2UQBGYK1mvPjdcAyL842,2022-04-26 16:21:02
0wCOO7a2NoWEVSnxp7tNeqCEPZR2,2022-03-23 19:49:50
0wEqC3qa5mQyZg9NNhe3j1DPKhg1,2022-06-27 13:19:47
0wfI7ZMRCgT64hNMW1106cbtTsG3,2022-04-30 12:04:14
0x144e4ZsTW9byQHA99o9GQvVOM2,2022-03-05 06:24:33
0xS3T55ZGiOo7mLjiIjheasAUih1,2022-06-16 01:58:47
0xiwb8HsgoX3Nrq8rXnfBrhl5WB2,2022-04-20 17:57:52
0yJYzkKrp8QVFQ1yZ0jk0u4LKDo1,2022-05-18 21:05:51
10P1Iklu3nZzlpTBo0xoyUSMleJ3,2022-07-06 01:19:32
10T6SrseI9OoPyECa0e1wQTHa3G2,2022-04-26 16:03:17
10XeYKDCJIQGWzdKnhzh3ndesms2,2022-05-25 06:31:18
11GJduU32Ng3vRW4AcRs2pV0vFo2,2022-02-20 03:48:28
11vRuo51sIaIUPjSZ9dzDghAYD93,2022-05-05 15:54:11
11xIPEeBjnfzGOMsOmSwCN8DvwE3,2022-05-16 07:48:24
12OODadHdAR9I7KoAdkBw83GwE33,2022-05-28 16:55:52
12X8maeuSNV6p1kyOgviSXrjLfn2,2022-07-15 07:44:22
13DfV30A6haBqM8nerpFI1isR5u2,2022-07-24 18:48:06
13N7ygZo6FdPE9rsauC2enHcRUI2,2022-04-30 12:50:02
13TdmrQeSITPWUnypQFGPYq0b9n1,2022-04-15 15:44:05
13uP9AFqqHP5VmH3AxVNpJ8jg4z2,2022-02-02 07:48:04
142GURJ0TOU6SEJ3ql2Elr5xfSq1,2022-06-27 16:52:16
14MwV98EmqZX8nhcjyMGGagxFeR2,2022-05-19 15:52:28
15MCFggKX2Wa56nGT9dE6QBCinB3,2022-03-21 10:11:12
15UE9puTs4QrMdNs9XCXLUsvIx62,2022-03-17 13:03:47
166dvJnxgXMYNIxkyIO5DDcchJM2,2022-03-07 06:36:43
16zzIG6SJCN8lXuVMrv02cbCipr1,2022-06-01 11:58:33
17JOObPnzpP93kPgIGUKvTbS7h82,2022-03-28 13:29:08
17OGfRHgo5fghuscjKMRZzPte623,2022-04-02 13:11:34
17t5N9KjV9aUCloMTO3L3bPqoqX2,2022-04-10 05:42:01
187dufk1gCZa1opUWPOElDZuuuC2,2022-05-01 12:06:20
188XyFMWWJfSlt8Fh8ghnkJYtv42,2022-02-02 17:34:51
18Bp6DwPg0UCnywr7ILDJyUfd962,2022-04-13 00:31:31
18oLnEYjoTbGr5KKkfHNl39Pu3x2,2022-03-02 15:35:22
196GedeXSATsJc6JDDQ08uqiPkH2,2022-03-20 12:55:22
19AsYWaraahelp4L0AU2PANaMvX2,2022-03-09 13:45:08
1A39o3Vg0xUfY6fqio7RScQVplp1,2022-05-30 13:52:25
1BBqYLACaKbFj8MRLhkG3syQzSw2,2022-07-31 09:15:41
1BC0b8JVqFYvHlHMf4dWTemChpl1,2022-04-10 09:23:05
1BTe7LjaUXUTaO2QNDkIWKhnfak1,2022-03-20 11:32:12
1BrHfB6tSIaXFzVCsATYtd86Ipq1,2022-02-11 02:25:28
1CJXaXtEvsMJr8eI23Yjc48hgYK2,2022-04-20 04:49:27
1CNtGzJJUZbGRahQC5WW0Cta7192,2022-05-03 11:17:59
1DR23sJldgfBGUnhKmRzglP2Zky2,2022-04-28 14:03:53
1E4Eou8lpWdHjH9DMuS0TqglkGo2,2022-05-06 14:03:07
1E7hyk5Hj6OhlUwc5kAusHQ2VwL2,2022-05-31 16:46:50
1EAFo0TacVYtE60eoiTrF6hNmNa2,2022-04-24 11:26:53
1FKGP18gQbS5vbQVIrJa2VlJk6X2,2022-04-22 16:09:56
1FSefs1esKMmNVqZl9GPjewYU9I3,2022-06-05 07:35:39
1FtGWeyFxyUD5gcWRKEtRCtR3si2,2022-05-07 05:38:52
1GHM9858nhPpDe7ucFzcrLd1nf13,2022-06-05 04:47:14
1GIUJChUmMZHN7hGjMlFTZKBwM32,2022-04-16 09:23:17
1HLf4Pb9GKOxozZ3gbuIbOs2Lq82,2022-04-27 05:22:23
1HWVM5tWradjuAtkEx26chVxNPe2,2022-04-23 22:59:12
1HosjqSI1tTyhSyZB2sgks0AulT2,2022-06-10 04:55:03
1HtPTw73ufeXbYkxoxFb8ZaLURl1,2022-06-19 13:32:20
1I00nOWvbCOU8FuaLglnt1nbDWr2,2022-07-26 07:38:48
1I6DCVKv4nYZjvyG2KakILcfRmC3,2022-07-22 12:44:58
1IIVPLdA9mUjJAyrGX6o9U7uQ4c2,2022-03-04 05:45:14
1IJByKkhpVYmGxJciBeUIVg4irr1,2022-05-15 10:33:32
1IXuZV3wX6ZS3b7PLNoPvUMct7i1,2022-06-20 13:16:05
1IY3h6u5weNPSHVoLXBDq8nQerI2,2022-04-01 07:11:33
1JcRlOeSRlcU3KQvRfmzZWSmz3n2,2022-06-18 06:44:16
1K1d26CHUZbhvtvJASEwP4bKcGM2,2022-07-13 02:41:19
1KBfQZFtfkgGLjfSnW326IY5xj72,2022-03-28 13:46:51
1KOPluBN1bXAOp4BKAmyHCGLgDl1,2022-07-29 06:14:24
1KcjXPpojQV2lHouqvOdBaPhZCK2,2022-06-01 21:08:23
1LhWnLYlYjh1AhybFSpeE1FBbZB3,2022-05-26 17:36:01
1MgeiYATrjbEwMulTph30FUE94l1,2022-05-15 14:30:23
1Mm6TbpCqGhljmQr2i8yiEmDsdT2,2022-07-08 04:51:34
1NAoxk8E5jbiymWofdk9ualqIul1,2022-04-03 08:40:09
1NCmp11zE6OdaaESp9isrQOLP0t2,2022-07-26 10:39:08
1NISOgh4H4cQbppDJSHnLBLL0Mt1,2022-03-04 15:17:27
1NonFAcNife7Zx1oRVJEQgP5joj1,2022-06-16 15:52:42
1NzzX5YT0UeG6MKcDFWCUBG6zCe2,2022-07-31 16:22:57
1O97K45jpVNeLy9GA7yh4damPso1,2022-05-01 12:26:27
1OAfZVoVOXPNCMEKx3bOKARtfEQ2,2022-03-12 14:42:52
1OCWlKSbRBd5PyJdfeYVMrgTPx42,2022-04-28 06:14:39
1OJO5sWNFnedKqKN8E6YAquDBTs2,2022-03-08 04:54:40
1OLjvf0jMtSqM8xOdAJuqbA23FN2,2022-07-31 06:27:41
1Oeg1kMqIogaMCGwiSZ0cJbzsRk2,2022-06-01 13:11:05
1Oz0t9VquJaqZCT5fnVuBOOmZyN2,2022-04-15 14:12:35
1PEwv6C8ihfGqPwrDqA9f7dv5ks2,2022-03-25 14:40:53
1PKJB1ZvCzX7xsXCRxVzh3gyqQW2,2022-02-24 21:37:59
1PNG7VyTQZPxKgdRbfBQDWOb0f83,2022-05-28 00:22:21
1QZkytC5wcOAut4Y8O0T2ZU0kuB2,2022-05-28 20:06:57
1R0o2DkpaxS7io5Rl7M299I8YZT2,2022-05-07 06:11:03
1RlYpCEXIpUGnz5pdhbt1UIkaDc2,2022-03-29 21:40:39
1SQhkoKAESaQvNnnwAiVBADo4hp1,2022-03-20 05:05:07
1T2P10EzxAXRO6is5K8hyV8RUKt1,2022-05-10 10:51:44
1TwQrLgYeeOoHKv2verEIXnJ0R93,2022-04-19 11:39:34
1UHZzWK1ajgToTG0zA9Mq3ccHit2,2022-03-12 08:56:49
1UimzgktCXZzNMxylCxjW0IHcNl1,2022-06-24 07:25:41
1VJuHY5sPje1i2cJhzSnMzMFoA32,2022-04-30 08:43:50
1VWZEtpsxlb9MZXhBwrvgXya0LS2,2022-04-20 17:08:42
1WeXHlXSgfeyfaN5xmg2Qz3qQxD3,2022-07-29 16:27:13
1XYEqiV9nuf6cPOyUmged8ef7uZ2,2022-03-05 08:24:52
1XdGoGH2RQVd8Mse14zKs1fDEaj1,2022-06-01 09:22:06
1Xsw7VDYu0b64stTfXZqYsgleR63,2022-03-04 10:55:12
1Y1MAkv3eeQBnsDKhnJIXVxwKRr2,2022-03-26 17:12:32
1YC1gKlEGlTK01ZT9VlsKkOYHFl1,2022-03-01 19:46:48
1YDY9yyjStf34LoyRnHTfQxlb8U2,2022-03-14 18:37:13
1YJpoZDrbJgQtDyQ9aO1jy4sGrs1,2022-04-30 16:44:34
1ZREFowFKycUdbyucCiABBT4fxj1,2022-07-28 20:14:58
1ZdKIJpDl2VuxexN3mn6UZb0OqU2,2022-04-30 12:45:55
1ZerXK9456YebRLMiCa49P6P0Jw1,2022-06-11 03:39:20
1Zf6phjtdkTjf3XGJXYERTXNrDg2,2022-06-28 12:15:45
1aCtzMkL4qYZDRtLdSYSlyxerO12,2022-07-08 18:10:07
1aFwJ4DflIcriu3akvRYHPn8vYi2,2022-05-15 20:08:46
1aqyEkTQtHd7IVRApzqA4K6LFui2,2022-03-01 22:54:47
1baEphpmXcQmZkxNEwtnb1ADcdA2,2022-04-30 16:07:09
1bhEuZlTQXOBbgfK1jhRxclLBEl1,2022-07-17 09:26:21
1broqJKJIhYNN31K7YsXyteIAWo2,2022-04-14 09:14:38
1byCjg3G13WO2CgwtIaQhXonOH73,2022-04-08 09:09:23
1cHmFg0er7YMfK7cAyFwHpSonDo2,2022-04-29 20:08:11
1cQJUBxLuSSZPWG8Q2M2eD6STXx2,2022-05-31 12:01:33
1cZDaYRuh8UZgK0y4Qfj1GfpN0J3,2022-02-21 21:43:59
1d7wtuMna3WpqBd2dMzZ275zIX62,2022-03-19 16:07:01
1eaHsOPjbaMF57c7nm8FXr5AhD93,2022-02-21 11:17:27
1esEkXcVdRQYTHsz8jIFC90GazN2,2022-05-08 13:29:35
1fIoZjrEExaVO4AY0p35mAVdoKZ2,2022-03-31 04:44:40
1fedeS4AuDOMr7AtqL5fT3iUiUA3,2022-02-28 15:27:16
1fjcfbFHhtfHuM5OG1tILXyxstL2,2022-05-27 11:50:13
1fwW0KdzxVOWD5k8LHPa9FLV0Ti2,2022-03-14 00:52:26
1gCcOYy9OsdqsjSD0LJzA3hhOY22,2022-05-28 09:23:16
1gD7IiAwRHNIq245uz6gnSbnsUe2,2022-07-30 13:04:20
1gIDsf7QzUT2AyM1ID79LzgqmlI3,2022-05-03 02:02:15
1gRsInf1zrRYaFC2iSKYoFLMKrQ2,2022-04-13 10:22:28
1gSmW1pWBIR4j4QJGOCJ4D56gK02,2022-02-01 23:58:19
1hGG3EcEzZaJfjAhwfEZdFpWfTA3,2022-07-11 01:02:17
1hHDjJFCdgZzKvJXSwxA9cYt2ZA3,2022-07-06 15:20:26
1hLuy8bJcfdisLSx98ir6Ervwcq1,2022-02-08 21:08:05
1hTgUDxqh9SrvGh6vaTeQoLUto23,2022-05-06 17:14:35
1hypyFjFyaQ0OYIBXtIRozu9SJw1,2022-03-04 01:44:42
1iF4sz9YQjVlNbnYivg1Oqzfy8x2,2022-07-31 16:33:00
1ilSq2E2jvQnyCJxaFEHqZnwVir1,2022-02-28 10:34:41
1itG3yyHZ5YctuJqk4423MGwtJ92,2022-06-13 09:07:58
1jEnOoxSrSZI87ox7TOAYXxilmg2,2022-04-29 17:37:26
1jRak9fFFLZzyvIiVz7gbLxUWFh2,2022-02-06 12:12:39
1jW4dp2CnXg79IpTfAJLcfN6s4t1,2022-05-26 12:15:37
1jZKt1YqzGZ6tHjWRWdxBakQfbo1,2022-04-20 01:49:32
1kbWcpMqTiZF76RE5G1TDnqWgeI2,2022-02-26 08:52:39
1kg9gIvr9mRWXbjHC1YWYeOgQaz1,2022-03-31 09:07:06
1kmvS6hABgQzSsvmhJtOcMgMD7N2,2022-05-29 05:44:45
1lGWYzCJr6NuwCIBPibdNq94nUF3,2022-05-15 08:15:30
1lUpPD5u06fFdQZAOBihMrOuGD43,2022-05-30 19:13:36
1leqqAqB8ddfxDPPN88cgP4gbIn1,2022-04-23 04:59:56
1lodCjiGdEg7uB7qT0or81A0VPh2,2022-04-30 03:58:13
1m9gpjVc8hcmorsqdHMrHEDJTlJ3,2022-03-30 13:58:19
1n841hG85PMXYgJv5XXYHEgv8eL2,2022-04-13 06:44:31
1n8dLr8QLYSDHsEqOnDF8HHCgBv2,2022-04-09 17:19:16
1oVbzxtkqRS9PVW97b8aiN1Bi1J3,2022-07-15 12:44:23
1oqrWYwH6WWCFe9G93DRwSE36i72,2022-04-09 10:24:35
1ov0tJCn77MvApQXKafiQtDXVy73,2022-06-08 23:06:22
1ozMuswaV0bRV9hMbD7wHhSF7iV2,2022-02-06 07:34:05
1pK4gx7losVqOuIUyiJu1UVkIom2,2022-06-12 15:37:27
1pQSEJ32Dife5Ew2gH8qMu6rmsf2,2022-07-31 13:14:25
1pTHb8GeTUOmA3T1m2QfVLcZkBB2,2022-04-14 03:44:19
1pd8s29KXSYxfJMbA1DWWbLeFeW2,2022-06-24 16:35:11
1pz5lcAtwxZg2NfR5VKGaJgJUnt2,2022-04-16 22:56:36
1qO4NUyOeVONcBvqItEwU3l4Ce02,2022-05-15 16:42:28
1r7Slsbl19TJHDOAh70OueyRJOv2,2022-04-20 21:32:27
1rw53wpmRab59UDverb91Ez4xxG3,2022-04-12 14:14:47
1s3UpWH9INhSvToMFfT2XpDyItT2,2022-06-09 21:33:37
1sPfkN8WA5NJdqI0P2pdCbHGoiQ2,2022-04-24 13:42:11
1scpSWPCt6blKP2pmk4HEEIyTBI3,2022-03-16 22:37:00
1syVT5KdmDNkb9Wsn9dQmUrrzFj2,2022-03-04 13:52:24
1t1sJlbIOng3t4NZiXhXYvbJXGP2,2022-04-26 04:24:51
1tEgaZ4UIZeJ61fOT3mdhnh9vTN2,2021-12-07 10:01:36
1tH4C0OrvUMT73fKPoWwUqkkdGZ2,2022-07-29 07:30:54
1tRc0BenuueB5szyxMYmFLQr32F3,2022-06-29 21:06:26
1trKY9MUIBddRSanOp8d1jCd6zf1,2022-06-05 06:12:08
1uAHs3CwQ4ZjountNwaLugusg8y1,2021-11-28 13:20:57
1uUqJ6chrkednPr3rEZ9XsyvZ7k2,2022-01-09 09:06:01
1uWHLkjIo6MhGO2XMQRA6HKWu2E3,2021-12-21 07:44:46
1utN4InFVfbUPfrZF2FGIJdGTlJ3,2022-03-12 17:11:12
1vH2vF99CzcgXle9WHqrIziE1DA3,2022-04-11 18:23:20
1vPl6EnX9YXpGwGVu8Z6eWiUkID3,2022-02-09 20:10:54
1vQVOOzHPRWQenyD9FHzk9jy4M82,2022-02-19 10:40:57
1vTfIR1SS3d6s1cQvgd8fmNUS613,2022-03-12 10:50:34
1viksIkVu9NHlBrIcRX8PeBCNOe2,2022-06-24 22:54:56
1wC2Xceza3QfAySKnLx1SCyOAaN2,2022-05-30 16:55:52
1whkOyqNI2Pu8spKjqxNjOl3NW63,2022-03-11 03:41:15
1wlwJ3FUxBOxVvmN5rf4srYlLY83,2022-04-07 02:20:24
1wwIW6SHAUe7tLITlJ5Gy0bBs9s1,2021-10-17 05:06:47
1x1yVfqxpKNv5xSfyZS1ouJlLYA3,2022-05-11 07:27:06
1xVTqeXO0ehmhChVeQ9GvZ2SRg53,2021-10-04 13:41:25
1xnQqsRZQ8bMShcwLev2rxoAYlG2,2022-03-11 08:56:14
1y2lYy9LQtXyOcDkfS21MVxFnz13,2022-03-20 20:03:06
1y3QxkGBlDXSVZ19H2ShxXCm9qk1,2022-03-25 19:34:42
1y3ctTAGlKMRl5DMd6rgAPblmjT2,2021-12-06 03:19:45
1yEb2yUJg2c7E99DGvAXqI1ls2s1,2022-01-13 12:39:00
1yHAiTMAwlaJOM1TeMMyTsiRxIt2,2022-05-25 15:33:08
1yoF1sdMy3Znd78Xzw69wjLhY4a2,2022-05-04 02:37:30
1yxd4MiGTsfDaGZ8KbTgbgJM5UJ2,2021-11-02 17:56:11
1yyYXDVTBKgdQQ49Z4kenvCoe792,2021-10-16 13:00:30
1zEMsiG6y9YUuSQjh5QkbLI5ZkL2,2021-11-17 00:36:36
1zHRVCOEh9T6PfmFBUaKKhrvZny1,2022-06-08 16:44:57
1zJP4DvPdCNbVfXCulGAyFlKgAS2,2022-03-31 16:55:24
1znB3tMPimeO4YNT4mONZyCADq32,2021-11-13 14:06:34
1zvQY1Q3pZeS8uJMahtrkzmuSqL2,2022-06-27 14:09:24
20KIBC8xMHTkgsFbAbPwcJrxytJ3,2022-04-11 23:59:54
20bit979qzTRG4cQa6DXbdkC1s63,2022-06-12 14:20:31
20duNKFDK5ZJLqJu7h9BcjksANj1,2022-01-12 04:27:00
214HLEYENoN7x3bPX354FNb3NjT2,2022-04-11 03:15:09
21MBdHHbFLTlsWp2KywqR6dWsTq1,2022-04-14 17:03:50
21PYW5MnuDSuRlUibHuwp0mjVLC3,2022-05-19 11:34:28
21SQ3JtsvlNRBauYmKxUKAmB7WU2,2022-02-08 13:31:11
21TRs9kiXihW2WsKuhnnVyLn5rn2,2022-02-10 21:11:35
21YNWBKnx9WbwsJoeHiSQrjkAkL2,2021-11-14 05:07:08
21eqejhghWcz3rnNOClSLUsUcmb2,2021-12-23 06:34:53
21wz5upSq2UGu7AJQXzyDckDALG3,2022-06-19 03:53:25
22AuUjNCreSP97hqWdcFfs1Izan1,2021-11-13 09:10:39
237z4GjCS7NAj8mB2Xa9x1xMavS2,2022-07-31 12:57:31
23MNNJowkvY96fGpH8TTFFbr3413,2022-05-06 14:58:51
23nAVVL1xoXePQIo8V7P1RJZzTF3,2021-10-14 16:36:29
23zgwJQFycVuLyixDOnoref8aAg1,2021-12-24 14:59:53
24AQmZRXuBXmq8A2zh6nAEbHsBh1,2022-02-08 12:42:53
24BOjmU0W1RwBd9eLAf9Mpt6e5n1,2022-03-14 16:11:32
24czePAR5OU5xaPJqtyDA8Y5v2n2,2022-07-06 05:43:39
25TBlTccByQmPBfJNtBKeOYx1k62,2022-06-14 16:00:21
25jRSeENSkVGMsDKa3vfEAiklrY2,2021-12-20 02:54:25
25z5WnIAOCcocOz4w6uI69ZYaf73,2022-04-25 01:53:33
26IicOTCxbXTX7MBCdlFwmhPF853,2021-12-28 09:54:34
26R7Ir6JxFWscRjqb35UEohl6Tq2,2022-06-21 02:57:56
26Rdfirn6geAMTJADiCrLNzRdWp2,2022-03-05 18:58:54
26augCH2EEZrzoPTZ1Vv0OylVao2,2021-11-28 00:25:12
26ezkiQfQzVikthPh9TDvhqj1dj1,2022-05-01 16:51:24
26ocpOS59ffzgKPFO6ay80HukyY2,2021-10-27 03:59:48
27ByNrvVr3PjLT5R9eqkxylmY8o1,2021-10-27 09:42:45
27CyTmLckZS4Fn16JIcZlgUiC3o1,2022-05-15 02:59:29
27Eezx3YzbMQJc1KMZXDpFVCNvI3,2022-03-01 12:21:29
27LcJDddksfusAlanWlxp6lfvk52,2021-12-23 11:58:31
27eqOf7wNOblUcoYuXxaZ0i4ixo2,2021-10-05 04:23:25
28EtyISqOYQ39euLIjWb0sYZHCH2,2022-07-30 16:32:21
28S0FyB3qyRG8CCbftj3dM9w8uw1,2022-02-20 23:20:35
28fBIf8qpKcdml4PQjph2Bu4Nuj2,2022-04-23 17:17:33
28vYHa0XwFTgDV2I8gwGDITtYZs1,2022-07-30 15:43:32
296mAoVaJ7OGdJAqaNRALPPCxAE2,2021-10-22 06:40:21
29TKNBb15NMXK1B7E08WAiiIUay1,2022-05-04 17:24:18
29esC3418OYhkMwCT9ejNp5bzNn1,2022-03-29 15:22:20
29iI2l30RiMnKuT4rivlUckBta62,2022-07-29 12:01:09
29it7gSSvHYqHgoC9ngVwFP0Wgd2,2022-07-28 18:35:40
29yloom7ZBNJfAmRnmgTslSx8Ut1,2022-05-20 07:58:19
2A178sVAPqWXwF11KI8KUr6BOEy2,2022-07-27 18:41:57
2A8gxswVUmTH6Pk5MwP68cyvjsE2,2022-07-09 08:45:54
2APjVjFLTQXAQxvqxHEGqGBQhEJ3,2022-03-27 15:07:51
2Awf6Ur9qDblRUVfjfKyiQ1FUPf2,2022-07-29 12:48:37
2BCFBhiHPZdMN35FBPRUyBM2QoI2,2021-10-12 04:02:37
2Bace0HkXNgHZqk7M2H3XXp0pYQ2,2022-06-27 18:42:57
2Cd4Whi2h1Z0VkV8FmE3ZXOhoyX2,2022-04-30 07:18:07
2CheuhNIYiPFMvFqRs9bvOq7RPb2,2021-11-07 14:42:30
2Cn4VVsKOJQ2jmNuS1cBMpt6xBw2,2022-04-15 13:23:33
2D6f0XCeQ2bxOq2IfBt7qBbpUNs2,2021-10-24 22:32:55
2DDtWuy9DmMqlKl4Xgq4lof46Bk1,2022-04-30 08:01:29
2DFYU0FyBUfPCxvSduQ7vLJBDDt1,2022-03-11 02:09:48
2DJKBBARdFcEgiyHIe6zgBASPwB2,2022-03-07 01:21:45
2DKBY3gi5iUIaJXnNFyt0NSoR7F2,2022-01-07 02:20:35
2DRndw8CWHfXpg1DuzOnkl5rbdO2,2022-07-05 15:33:05
2DhRPiJllqa9njxuObE2TAg4dl03,2022-02-25 23:22:45
2DpGuOasAhcJVWuBxAXN2XXnEAE3,2022-04-07 17:43:39
2E9DzWUwEGdhbTHuoNdKkRxCLmr1,2021-12-14 00:26:26
2EGXTvQgpPcyba2arIQiw9DR82k2,2022-05-09 08:14:57
2Ef3XqZvyHcZHKSOL5nPdaepoFm2,2022-04-07 00:30:51
2EjEjFEcyMTs5BOBCqRusFITZ2H2,2022-05-23 11:08:59
2ErdJgJSjNVWcWdEA4l5Xn5sHm52,2022-07-30 08:27:49
2EtBLtkJNbPgYwT0Vz3NZTNE5JA3,2022-06-03 12:57:39
2EtzLdVLtwPQH3T0JQXRzURK18G2,2022-04-18 22:45:03
2F2AR7qrGxWyVMG886lbgJdgZG52,2022-07-30 09:45:47
2F8hEFq1MTXHBNCpJirflLLrhpr2,2021-12-24 15:55:14
2FWdmBiUzDUk4sEdWdLFjVJUWMJ2,2022-06-28 18:09:31
2FtwHp0jBXS9ddm1BEmE2OOcBL53,2022-07-25 07:02:26
2G89ojqsCZVg0vl6ZAx7IAgkmy72,2022-03-27 04:34:07
2GA6pneuUIVKBUNvZ8oHHoWr8JX2,2022-02-27 01:40:52
2GHcvJGmRHPlDOB6mS27sRJhnfy2,2022-03-23 00:11:22
2GMhqpaejzWBW2EplaEVExDlJR43,2021-11-28 09:23:54
2GTzU0twl2Mdmu8lzSvdEGDBfCq1,2022-04-26 11:20:02
2HVbxUBGFOhJCBCgechzbqpkXFw1,2022-06-01 08:40:59
2Hhh0zS2s6dmHgCGGQnzkVs6AFa2,2022-07-05 18:00:46
2I722BmDSHVOZ9bfNWjXRsEjcSB2,2022-07-04 00:48:59
2IAoG0bpgxXg4Q74Gbfuhc7tnDh2,2022-06-14 14:13:38
2IFA7C0R2AOPFOAHNKjroUvyhrS2,2021-10-12 16:30:42
2IWBirTODehSr8OH6hdCIKFL8Xe2,2022-07-25 12:58:16
2Ijvf3xWJNXQZGjg0rpIicEnWJi1,2022-06-27 22:06:56
2IoDDVFYnLQ0E6tH2FiMMeQ6tkz1,2022-04-11 20:38:34
2IyVsfxL9AeJAWi7bFafpodauxF3,2022-07-15 07:24:54
2JCe3FkSGSM2np4oEm2duKMRbjy2,2022-03-06 20:48:30
2JRcYXHbEqPLpc6gQvHSWJNMVAI2,2021-12-19 16:31:48
2K1FlsMoKFSYIObTulVWfuWuoeq2,2022-06-19 18:15:28
2KCH1mn9SlcS2DZ0SNp0ga8uWZf1,2021-10-26 06:03:52
2KX4P7FsCrTkFDQPNi2ShVnKnm12,2022-07-26 02:55:49
2KXMu20jWWSVv2chRWBZJYu8s4n1,2021-12-12 19:12:06
2KuIQWrxr9grwTZDnhKeMtjiQSu2,2022-06-23 03:52:03
2L9uaeystrSzwNqdmcizlZg968o2,2022-01-12 06:25:52
2LJHU5o8mTdwvekDzSTPc6sHqZz1,2021-12-22 16:49:31
2LtGmO6cQtXzk1QptBwVcYo0eZm1,2022-07-01 15:38:13
2MLOU5u0QINWoCeNA4MpC0mD9Tq2,2021-11-06 03:00:30
2MNH0W3WFdU6hZZZ8GQM8OyZ96a2,2022-05-03 07:06:02
2MWzb5HRqKa86eQPE5opIZfdgu03,2021-10-20 18:37:04
2MYVXR3UAbd77ctVybTbT7OqWtB2,2022-05-08 10:43:04
2NHnMVqb4Acch2O9i3kyiM71QLC2,2022-04-06 09:08:42
2NuLydqYtFUbp4lwz1bZ29qcPy92,2022-04-23 07:18:12
2Nun5b9sKnWmLmvHQlr6BzHLJrz2,2022-05-20 18:18:32
2OX8mNCFzLcMTFmAi2jpUL0P2B02,2022-05-31 10:35:33
2PNQtDc0RPbZ5sCNzDXpqwA89ll2,2022-03-25 23:18:24
2PjzM78TPxUu2GWmD5EdbfZ7V1t2,2022-05-25 13:15:27
2Prr4mz7NohTFexaW9CFjxOLf702,2021-12-07 23:26:25
2Q0O1hYzBEhJHbklk0InvvyYCLn1,2022-01-28 04:13:15
2Q58PTNUQFPFUhTUtOdgPTRedHi1,2021-11-03 18:36:17
2QAPXcPUT5SoWe1CZmqbBDW1XOQ2,2022-04-04 15:13:25
2QIoILQC9xOrHK7DroIsnUwuqKZ2,2022-04-08 15:31:01
2QYj9uoxlgWyb5dilkpA5yeCwaB2,2022-01-07 11:51:49
2QeEEyFlrJbxuvw12zTUuS40Cee2,2022-03-31 20:07:48
2QgxqRHikbeqACaAg9YSbDTNvoz1,2022-03-05 08:21:06
2Qi3SuXzCBRJz4SZoP8ziPDGOyh2,2021-11-16 08:06:23
2Qt5vppiUGQARmaR08swqwYeWTz2,2022-05-27 11:12:56
2RCciQXbRRckohTtZPzxbw2u15k1,2021-12-01 01:20:01
2RXpF8s8KkUxgPt395m3y3Jr9ce2,2022-07-29 14:53:27
2Rc9c8YGzOQIYk1xVdVp38oSK863,2022-05-01 08:25:19
2RySYhfXo4TAVlvuy4OOUepQpvj1,2022-04-15 15:41:37
2SMtS6e8eGTHrDmSqgl4edVQuyP2,2021-10-21 07:18:46
2SNHFjxXxYgekkZAwI8Vip01vPA3,2022-07-18 08:55:12
2SNWLWnxx1gamHP8GX5QZLlxXs83,2022-05-08 00:58:42
2SSIalsjHCeUrKwo3NzberxAI3F2,2022-04-29 10:18:07
2SpSdxOnogTVmmHydGwmk7Mx2Ri2,2021-12-02 05:05:38
2Ss3fXFvrDVCIMTosm5s8h3J8Yu1,2022-05-29 05:08:30
2Sw2Uew3foRnzMX3yaQweLzhvx72,2022-04-17 02:40:28
2TDcg1Ln4AbCUFsNuEb909hJHnt1,2022-05-01 07:22:40
2TmfsB2qpJRJgVSObtmX5yT8HW53,2022-04-17 21:35:43
2U3Iw6h2sGWusLSS9raPbYK6yWu2,2022-04-23 05:12:57
2U6409vCYOQDERmeKqGy9I3vJux2,2021-10-16 18:28:31
2UGmo2bRTaQByJTpdb53jYezNi13,2022-07-21 00:51:46
2ULr0oMPByUXprnSoh2RscemLFr1,2021-12-06 13:46:13
2UeAE2GZVwUFwNkUYXkZhFvofdF2,2021-11-16 18:12:11
2V00K1avQabnoga9h9s7O2OeNgu1,2021-11-24 19:17:19
2W8Q2B6dk7RPdP5oY3WeiXTM4Xv2,2022-03-16 04:23:12
2X1PDpWApccGiIBGl6fqGDG8BrO2,2021-11-20 23:59:51
2XCMLOEUMHeXt6gNh32xhXz5YGI3,2022-04-29 12:45:36
2XEOlo3QxBbHjaSwkFN9hJpoemz1,2021-11-28 03:21:53
2XWiy8LByWPlV9sL5uDWMQKCms92,2022-03-14 10:49:06
2Xc5nAwdG0ee5RXAQUzR5j9GhTE3,2021-11-01 07:59:39
2XngqmzEP3VlGPCRLv2zgK7HH5k2,2022-01-03 00:05:56
2XrzIipDJoYK3UZPI83833vKDOr1,2021-12-01 13:45:26
2YEVTdwX4ATDSBJw9eyH1HmU2Y52,2022-06-14 05:40:10
2YL3W3Shomcwfz3GISJ09fSncVx1,2021-12-09 18:52:02
2YWqEtuAyaQ0i0Edfvct2AMbgsL2,2022-03-20 07:12:17
2YYgQi7I4kgBdN6IGoOmSufmfWk1,2022-05-25 08:32:57
2YYuzSBwiaVvp7stoMkUmA3wQhk1,2022-03-05 06:51:24
2Ydgj6YgqrNXaF1vxdRqnt7uIoS2,2022-03-23 00:58:47
2YfNslk6YKdCdh9bMoTh3MScW1A3,2022-03-26 14:53:25
2Ym9IY21N1aEmFrQUKJllOljweh1,2022-01-29 13:32:27
2YsLHZuXieTZ5dNODEwNdUyKzVv1,2021-11-16 03:04:29
2ZWyNtvyXpXo2Q4U8aapBuJpUoD2,2021-11-30 13:56:06
2Zr07lMEoUVgRAFhYRXBNLDZQZl1,2022-08-01 12:20:59
2a1eLbJimHYRPaneDkg3AimaIAu2,2021-11-20 15:18:10
2aGUbiofEYe2a7GRp9Z0TsowQzk2,2022-03-02 05:55:18
2alDZ3msfdU37h4EBcraoi9KFGD3,2022-05-26 08:49:44
2avXAdAxtpdMxDW0JfdIeZu5YjP2,2022-04-09 12:01:33
2b6S6NmOekXj98PJtatKGT7e3333,2022-03-29 23:04:04
2b6cdk9PgcgdQu0fA7MChzBg5HJ3,2022-03-25 13:43:00
2bA5Q9mxg6OvXMEWlwwzM2V7XJ52,2021-12-28 15:48:46
2bOV0x7SYPclkKdYB4gh9L4P9qB2,2021-10-27 02:20:57
2bevV63dSPfnZHgUWKckjulIfUk2,2022-03-26 16:31:27
2c1FtzHDmVPBJ6MIRZZnITdBozl1,2022-03-26 13:29:16
2c6Q9F5MuQN2ORUZBJlBwto6VmG3,2022-03-31 19:20:28
2cDbF58CmEUqCoyMGL9gFWsheZF3,2022-03-13 13:58:35
2cXmn7YlIjbXhEQaDHWavgzTZWm2,2022-07-29 07:47:08
2ctd3eVklPZDhTVl64ibCuapzal2,2022-07-07 07:23:11
2dBFTQ1p06PzZTV546L30xZp58h2,2022-07-24 00:47:17
2dOQKMQCCyTjYKCsmS9N0mxGsEj2,2022-03-29 14:09:55
2dTlSr5cdNSKv1W8izRdZ7B1pYF3,2022-03-10 21:43:54
2dl8o5rq9uMpfuZFuT1p9hNBuaH3,2021-12-02 19:31:59
2dwIcxxJMoOPteP0881GcCNmxOh2,2022-04-13 16:49:23
2e5hGlO8hXd0rBDBxs54YQINMoB2,2022-05-16 03:51:55
2e7Eh8TQKASwfa8hGpCxhbdOA403,2022-01-29 22:29:21
2e8adeCBT8Wy44oWIbUIe69uxXk2,2021-10-31 14:17:44
2e8stIbE99g3JqSf2sIyg6Kkjlt1,2022-06-10 08:24:41
2eEdfWW8IyViyiyYB0lradH8Hsn2,2021-10-09 09:15:01
2eO9nUZjPgWzQQgDCMIZt2EYvtx2,2022-03-04 06:45:07
2eqJjsnIWoXaqycmGqVXsDCOx8c2,2022-05-20 16:29:07
2f3P4g5kHgRCr7xpYU34UYtXmsm2,2022-04-15 20:07:54
2f4adyHxACWaMANQNV0ChgYs5r12,2022-06-23 02:45:43
2fH8yLTk7vMiaRAT1LaTeh8mdlu2,2022-03-01 13:07:44
2fLgArXPyAXxuxkVnlwX98z5IBF3,2021-11-22 17:15:32
2fLyIShHuidHFplc9lF6fgBTJZf1,2022-04-20 19:14:53
2fP0OkKa6nWMTreNPW1nO9Qt2T43,2022-04-16 18:24:36
2fweWMhCSZajr7NPlmTwM3RkfrL2,2021-12-03 08:54:53
2g08ff0gxUM444yd8xGqElmpExZ2,2022-06-09 03:01:44
2gLv5lRJybg9d0T0DAYaGEOrxhk2,2021-10-21 06:06:55
2gMvzqz45UVEH7NZe9PlE9UboYC3,2022-03-30 17:40:10
2gPSLE4imWXYU8vWSQnQoYRgapI3,2021-11-29 14:36:41
2gROqrqteZNZhEyYPwwqlvP24IH3,2022-07-24 13:09:29
2ggRfXqdLyYJyYbF96h35em4QJ63,2022-01-19 16:06:07
2hH2ceMialg1JqQzD5CeeO1Slh72,2022-07-19 06:52:20
2hYbhZF8TlRPZDRUMZ6zmGrSO2i1,2022-04-08 02:00:24
2hYefeQ2pRQ4pDRqYgI16K9cGw82,2021-11-17 06:33:40
2hZ54vXnoTYNbY0JnrvqKXLLmPO2,2022-04-15 05:10:33
2i1ieHXqOjUAoZsLcrwKntK7r8j1,2021-10-15 06:56:44
2i7zdbutDgMWcdTQodj1W955zAx1,2022-07-02 01:47:43
2iAL1TQilgYLxt4rq4xvu1bUuml2,2022-04-06 09:03:34
2ie3AcqH8LRWQtgHGLYBOdxBDh12,2022-01-17 05:49:28
2ivSeLXRslS5ADprIBWCs4FsHhc2,2022-02-01 19:49:00
2j2OuObKoFTlFxIvmDsaZdyjwZa2,2022-02-22 12:07:16
2jBuhjzlMeXwqANFAy4zavq52uh1,2021-11-14 13:28:40
2jP8csBBzPTEwsdJZ88ieWeTRou2,2022-07-31 06:10:01
2juAylAZa3VA9xOyIocJZAs975y1,2021-12-27 08:31:19
2kdnUkcrbmcM9uwUMCAGhVCRaHC2,2021-11-08 15:43:00
2kpvxZPoPxWPOgCrCWgbtoFYwLa2,2022-04-02 16:47:01
2kxVSGkDlSUuTM8J18TQS3PKUWU2,2022-05-19 02:01:22
2l5e65slCMXJBU1MFd2mlkzIqgR2,2021-12-04 01:32:57
2lQrcVzrkrhKbflpghEWnPHXssB2,2022-06-20 20:59:00
2lkCM0SxT9TKjDR5nXQevw3eAiI2,2022-07-11 17:09:10
2llX1m69cUef9yuik6V5lgH8miv1,2022-05-16 17:28:36
2lsZPkqsffUNh6QY0d2sJUz42hx1,2022-04-12 13:30:35
2mIIUAwMvCdztaSBccCTcLjvmBi2,2022-05-20 03:36:24
2n0qRGzFYhcLY0IMQnJbDr40oDI3,2022-04-27 17:21:05
2nKz5EEvBTbgkH6zLbiwunQcqf72,2021-10-29 15:56:23
2nVILP1VzDWUzGV8MB9GC5iPbN42,2021-12-10 12:46:07
2npbEQbGtkae2ojvDlVHKPKcjT93,2021-12-28 11:41:13
2oHcPUn2xAhAQkrEuvIzLBw0Yji1,2022-07-10 00:37:06
2oLeu54OrfRxd78Vz6WbiGyfwBe2,2022-03-21 03:09:46
2ofRGr60yHRSjHokszMGS5s328E3,2021-11-22 22:51:24
2oztax0NqabjJpoRGcFGFN3Qzlt1,2021-11-06 12:32:15
2p7bWeYiA1PyGeANru4FpAsHf0n1,2021-12-13 16:07:01
2pEVZPPn22ZfttDVCdDFqlAoUlg1,2022-03-02 13:02:11
2pe4old1kEU8p32N9NDeLoxLN622,2021-12-06 16:37:44
2peOLHJpBcZbzzXDcu2HVAaYXXW2,2022-06-22 20:40:00
2pirvEeyXAYJeWvejAiAexVUDa93,2021-10-17 04:47:56
2pqblcHIfFNVIyvlggyBP8WQtfx1,2022-02-26 08:40:29
2q5ZXWlammgJLorx7ddxkbjTlbt1,2022-02-17 12:24:09
2q75wmqEKagsZzeQnD3mFGb8p9l1,2021-10-24 16:46:21
2qB5BYtoqxY74Jh2y93dAWFw2j02,2021-11-14 20:19:04
2qLcMyPQ6dXib2VwDzyrbma5iSz1,2021-12-22 13:02:47
2qarJBOlUDMwnLzcwotAN6jyJEh1,2022-03-09 19:15:29
2qmmM3vpYwa5ZdiLQ3xzUuSOrDG3,2022-03-28 18:36:08
2qyk679psJSoAOhlIQvQeVTrVYI2,2022-05-06 18:08:43
2r1jkg2eBOfg7pLHF2zLU5kWi3g1,2022-04-02 06:39:55
2rDIfEmUHCaU4areaFXu37HgOaq1,2022-03-07 19:25:32
2rTjmmXYpIgMzhVlfL4UDsXtqsF3,2021-11-22 17:44:28
2ripzyuzOacQ1LOoBMl5HOojsgH3,2022-04-17 13:28:44
2sO39bKWzNbLslbXkmAyQQFjv9F2,2022-04-18 22:53:17
2sTqDuEfTrdIA9n60H41sdBIX793,2021-10-06 15:36:33
2t8dI822rSezn35LJGoqd1MLvog1,2022-05-16 23:00:32
2tZBsVLuuRd9fhY9CNKMxeqEdFi2,2022-01-28 02:41:52
2twzBDHInWTciYSPDh0o8YYzR6o1,2021-10-07 05:14:54
2vNdti8tu8Vhhe51d0tEQdKcYHG2,2022-07-11 16:19:34
2vxNB9vG7SMmJPZhAkWQOp0canT2,2022-05-28 20:28:53
2w4LEs3IMhdE6sIIJeD83P5Pam53,2021-11-03 13:24:53
2wB6JXIVLpX5ny3xTCmA6OS5Jfo2,2022-05-14 18:16:04
2wXLFqY2q6NtT26DJXdLtxH9VZw1,2022-01-21 02:15:35
2wiTdsqQouUuf8eHsetoIaj6jpk1,2022-07-05 14:50:51
2wj7evTkxaaU2g7LmvsRAiRjy9s1,2021-10-03 02:12:39
2x1GL0Aj1iMIQKgS4gDLxcQgRge2,2022-03-30 17:09:17
2xmRdXduB7VOl9QNweMTR2Ob7Gj1,2022-02-01 12:09:32
2xyk69EJs0ZBI1b7B7DHOLxIzIt2,2022-03-17 08:33:53
2yKbvDA5iJdqgr9iSp8G6gxZh413,2021-11-03 07:47:10
2yWhkBGHX4NFO7e394uM9AI2Lnu2,2022-02-08 14:03:56
2yglkJt1pHNeeatKLCLdJmvczCu1,2022-05-24 11:28:44
2yntmelwwfYaovnCP1ddABU0wTH3,2022-02-27 17:22:09
2z4j3C7FKkOhHCvVFXjhVimFCGS2,2021-10-24 15:05:25
2zLIQGP0clgQEeTBfL4PulPXC2r2,2022-05-16 16:14:03
2zMFDwUYJaWmvMh2rRcGCbeA37W2,2022-02-16 18:27:06
2zMt4OmTTZTCkzBQjWybdWzTwSz1,2022-03-30 09:29:18
2zRRx83Thver7hFxToHhyB4S7Su1,2022-03-09 21:38:32
2zmdq43acza95DqmpK6tsuZSjpJ3,2021-11-01 14:54:34
2ztJqOoUfYeHMbmbjN88YkiJeAx2,2022-06-19 01:57:54
30KXNBYOP8UgNSwNwUYQyAAylyv1,2022-02-20 01:21:07
30NEVJJH8FVgembU3rvOBvB4FTw1,2022-01-30 18:57:02
31RxHuZKrkauEio6lfFLLZ2iC213,2022-05-29 20:29:34
31UyaNMYa8Wk3sEleQzbjUKWoR83,2021-12-15 14:02:05
31wYwzVsb8aOIBh0RsZVNoibu6R2,2021-10-27 05:57:51
32EgW3iQahZOC54EIeXmwQRcfIz2,2022-03-28 09:19:23
32Rr1FptpyTVhtFArk5vtPYPq1O2,2022-01-17 16:34:53
32ZLHQroK2bUAAjYE9FZiQ2aiFG2,2021-12-10 14:49:12
32mIPBbO3pNVUeTjC8WcxZkJYPX2,2022-04-14 18:02:00
32r9vTrVvRgqdGJKyX9eyDU8i0u2,2022-04-05 13:51:19
33HOXBFmy3XOXqI1kHCjEpsk6EH2,2022-05-11 12:19:59
33VudzYUW9UwOGKXd23uI2EZGTM2,2022-03-08 02:51:51
33fby811hRZJLYwDVgmAucThsay1,2022-04-12 14:38:26
33hIjSexBUVrnkEi042EgdW8ECf1,2022-01-09 10:11:52
33w4JvwSeTUtxpKOtmgiu44yTYL2,2021-12-10 06:18:40
341LD7Wo48eOGFNUtlz2Rjb7X2o1,2022-02-06 13:46:03
341YCrbqujhmr3Y8WFgrjDx8gcu2,2021-10-04 22:50:39
343J6eXBcGMq7JoM1yhHAxsTe2z2,2022-05-27 14:12:51
34FbwBlCBQbgpBLfML0ZrsBqSXr1,2022-05-14 23:14:15
34lnnXX7hkXMkrEuC38imW3GmV13,2022-08-01 09:34:14
34ytlQ7RIzeccGaI5kG2bZ1W25W2,2022-04-28 15:25:39
357r5FIDBcVjYQ10LQbmxyqqzuz1,2021-10-03 23:19:10
35Bw0e6gAjSmVJIyipBg7FCoeXB2,2022-07-17 20:42:36
35NiwxTsqhY2ZXVuAeMXhZW2SVe2,2021-12-23 01:29:43
35QO5boB5rh7KR7jGGgw7SbuqHt1,2022-04-27 16:19:07
35UlIBMDWUecxn0jQKsV3fSnizF2,2022-02-14 00:58:03
36Sbdwl0YggPpWTj9rAMaxmwSRw2,2022-06-16 03:08:11
36drvGGeW7WZ178HpyCahD65aNu1,2022-05-01 22:09:41
36udDeGAMjZxEi6xs1WJDW1I1WV2,2022-07-26 23:03:29
37CHvySEO6hT5lLD0tIq8kGGwus1,2022-05-27 16:26:45
37I6Ak88ARgMmjYIAvt5GaCUeSY2,2021-12-22 13:35:58
37RohdLC2IedfhVjFKEXg9Ya5Xr1,2022-07-30 13:14:46
37iDTiwZf8fCytegSJQh3W2jcF93,2021-11-05 23:45:19
38ca4LDDeSXFpUe0zYpfUj1uyS93,2021-11-23 05:10:58
38eRqVeYfiRh6L0fNTbPFDFr9Rk1,2022-02-24 03:10:49
38pzsmERriUh2DwC30WynpMYtb13,2022-03-09 17:54:56
38wCfbZFy9ehR4wPZVnMDuG25i13,2022-05-29 15:02:37
397XqQxBGJUhG7tGmsClTJ7IHee2,2022-07-17 06:55:31
39YCg27wIdThuazs5OuD10ndLxx1,2022-03-01 04:47:21
39mVsM3Xhng4bnsmgSkdCcy8Gct2,2022-01-18 13:14:40
39rUo9lsOjcV2GWTT8WigD45SPT2,2022-05-01 01:38:58
39ttyMBuIDRXG6f0CvocwwLo8Ai1,2022-03-26 07:55:33
3A6K2cntnkOACrPThllACxkyH163,2022-07-31 13:38:41
3AAZz3BcaVY5eAcxNDbxzQ3SyQg1,2022-03-22 05:11:09
3ANQd5SsCHOPhvJQOjlPNgejSY43,2021-12-18 12:16:09
3Anp6VCKj3SYdY37J9I6xbrFvZ53,2021-10-29 15:21:59
3Ay19niGHAZqmTeKp7jn7Pr7pkY2,2022-03-27 15:04:53
3AyzLaJxEPf3D72w1yEYbEgJsAf2,2022-04-24 17:09:37
3B6MfsdZ4tYIeikHAbSv39EZjX72,2021-11-03 05:31:34
3BUHIM3C1GU3nBCc623vfw9cf9q1,2021-10-21 12:40:58
3BmcQ8PPR8PHu7dxSuRlLWW2Yw72,2022-03-30 04:43:40
3Bnq8NyBaUgaRQEeYKAtZQugioW2,2022-06-29 08:01:00
3C2j0qq7P5PlKm0eydHVyc8cLXm1,2022-06-25 11:15:20
3C3jntMcFYPBsZarPWoI5j7HpyP2,2022-04-30 16:45:51
3C64eBtiyWfk7bXZXaAJsqr9LfA3,2021-12-17 19:07:38
3CGXVc3PuPM2StqN4pYopltcRJx2,2022-03-04 15:40:58
3CSdneBQF4e4sNzuHZGZzPp522t1,2022-06-27 10:38:16
3CUnDIjWGbfo1rXZk4Urxi8VtIu2,2021-11-27 10:36:07
3CZRfpLNZlZUlRNdMAbwQnYyDju2,2022-03-27 22:01:22
3CeiZ5Yy3vZRbYvwnvOqQGHhwd33,2022-05-14 19:37:51
3CqmIi2QfxMI5x0SbgQ814nw3aS2,2022-05-22 21:10:36
3D9knHAH17c57u5TOKHCA9K7DAF2,2022-02-05 20:32:37
3DMCx98AdYWnhZy66OiDDGinU9L2,2022-03-28 21:21:27
3DPyXomwSWUSCv68Rgln59IhL2m2,2022-01-05 22:46:09
3DSNA7nnKBdHMnaP6YkE3fFKjVC3,2022-01-17 01:10:20
3DToWkM1hMTtbzh2MnKRIWmk1Ho1,2022-05-13 21:25:52
3DU0PCV34bdzZkG3VRSdA1bKp4f1,2022-03-23 13:43:32
3DZ5SEd5r3TQ7v6nwM5KkhwIkwU2,2022-02-13 20:09:39
3DZDJ7rc1BNz1M7FFmUOFWeL3s23,2022-03-26 21:54:14
3DfYT9IKSsViJjO5Zx5sA5wD2Sj1,2021-10-26 17:38:03
3Duk2D1Hm2SIkhbXyEsdgHOpnyr1,2022-07-31 15:58:34
3E9V6D3MdlXcm8IK3xZZ5ecEWvr2,2022-07-27 03:48:29
3EN4RIBa9pRq7DAjdWxqf18OzrJ3,2022-04-04 06:29:28
3EkBEoCvjSX8iKGOMcVuJWu947l2,2021-12-22 14:27:55
3EnKQ1t1bzeeTS01M8aYSw1fQgw2,2022-06-05 17:36:36
3F7Y8CGDoRcQuAxxmo3uTZZBKYu1,2021-11-01 08:47:53
3FPZ3rtRpVcmNWz7OEJHtd8jr4a2,2022-04-28 13:23:24
3FdgW0awHvXDVXNcn0IgT2Yd7Rw2,2022-04-24 16:04:53
3FoE58AuN5MPkxT7uKCWb6A3oZk1,2022-03-22 02:21:56
3FuInrYxSbU2dorrieVcbij3xEc2,2022-01-30 05:59:29
3FzHzfUcrBRbJnH0nwgn31zYDrA2,2022-06-25 04:02:14
3GD3ClFEvZXUUBykdWsQ8WtMZbn1,2022-01-01 08:43:24
3GDgwKjheyeHsOExCnN8XtSumTf1,2022-08-01 12:32:53
3GG2uhtgw6eWPLMid23wa31YimL2,2022-02-10 10:45:43
3GGt1ogtaYUegWGTwnSMtazzrJp1,2022-05-11 14:41:31
3GME2aFuCagIEycun0f97qZXoKX2,2021-10-30 19:07:21
3GR1TBKWsGc5GiaVATFvFx2BQeb2,2021-11-17 13:23:14
3GYssdciM4YbkiYJnol0CQG4rgw1,2021-11-23 09:24:03
3GtSfv0p49dkmLn96s41EMtMxIw1,2022-05-12 18:35:05
3GtsRnf7khcf16GmJqTMMdA3rm63,2022-03-26 17:27:02
3H5Bqu3D97Z4WH9zYjWLaDEKOyN2,2022-07-21 03:38:13
3H9tlqVDa3RhG1biLaIm1pEhx4G3,2021-11-03 03:13:30
3HAP3Ykt3HUnXGYZtDhsZeRmPID3,2022-07-22 09:02:41
3HB7mpix5ShB7NHWdIsRDoO8Q052,2022-04-24 04:03:26
3HHI755XuaWax7674eFsSiXCYXo2,2022-03-23 23:18:16
3HQ3e9kOoyUhLjPevA4uktsoikE2,2022-03-14 15:18:15
3HX0eMvc2mPwkBfJc0EoBOVBNdX2,2022-06-23 19:29:56
3HzjQIIKJSfY5PC8RoOVuAyA4nw1,2022-06-07 15:56:48
3HzuNtuxwjXkYlsKe2qgVZzE3Qb2,2022-03-22 12:22:43
3I53wt3HjLROqBd9A0HN94mQkUD2,2022-04-09 03:23:35
3ICCCqCUb3hJnXGTubPkDV1PDCH2,2021-10-31 19:10:50
3IOYuihO5xRRT1S3uoaOqopVzPg2,2021-10-26 12:35:06
3JAP3WRH5gUFanSkTLh1TG3ThVu1,2022-03-27 07:27:09
3JGTx24eqTV9AHexlBnFdAhLeeN2,2021-12-21 15:03:08
3JyVbo6Gt9WWJK6JfajlQVBB9kp1,2022-01-24 02:06:27
3K1rHYxMuqh8HXq4nm18xmDLm342,2021-10-24 05:20:58
3KHxpBCAb8fTFEyu8pdAd1zYBfD3,2022-03-04 05:01:58
3KhYpZvoSoasoZXzv6PfstzPY953,2022-02-28 02:41:44
3KjC3Oh0AAZ4xaPnw0M1zi1YggF3,2021-11-29 11:38:36
3KmIeHkEFNPFG5bK9hgFebkCjI32,2022-04-23 00:57:15
3Knr2Td5DCNJo3cgwtqVHv7pwOx2,2022-01-20 03:45:00
3KtUJ6lVAtZcqrnsLTR129naKiq2,2022-01-29 21:59:20
3KxBIsGLMnfg7fyCoNvxcTuWOSY2,2022-06-07 09:40:51
3L2OdWJSumbQT8S5otcEAAt0SJ42,2021-11-21 16:06:01
3LACQy7wbjOsm8fe8FzKqkPm43O2,2022-05-28 07:36:56
3La4MEarzpN0K2QDrVK5dtwFcdQ2,2022-06-01 17:06:23
3LcyPCb28pcpqqGOIocgRL2ldts2,2022-03-05 03:15:53
3LdovQvDBESZEVcqX0o8tJ7GTt63,2022-02-02 22:17:19
3LnolLwXwkYMYVcTgBRPjym7yfi1,2021-11-08 15:11:50
3LpvJ3lu54R321LCFTuuuLsOHQv1,2021-11-01 07:10:02
3Lt4QsUcFSfWzOX1tqjHXTQQ4Re2,2022-05-20 08:14:34
3MJQJydQaNhBNOwWLBeQqxM3ZEg2,2022-07-19 07:15:32
3MNDGGRCPTXY0cKoV1W14XhylT73,2022-01-17 08:34:42
3N5rrwXEMcOmkujtyc1afBvqX4G3,2022-04-18 18:06:16
3N8IQJa0shVTVGYdwCfL9FgozN43,2021-10-10 00:47:28
3NGZ3Fl7mlSAMYoUxbTTZIzUWXA2,2022-07-17 11:33:18
3NIIFbK6LoRLIPpHnCgwqpE5qOJ2,2021-10-27 10:12:04
3NZ6W1211mXwRxVqY1qECigREhk1,2022-01-31 07:34:17
3NdQJMyo9AVpnqKYg2lgbPhgPsM2,2021-10-10 16:30:10
3Ng24NCqCpcXEETl2pOgfop6Quk1,2022-03-24 14:27:34
3NqJUJhx7uTXIxToxtjmIEB89hh1,2021-10-31 02:09:42
3NqXEvaV2wY6KPv847CWB4zX5ao2,2022-06-03 13:10:29
3O8E26F1iaTi0HJV6a74U8QofQh1,2022-05-25 07:09:16
3OQEX9Ku57SXuSv6NifSqb77vCi1,2022-07-28 08:07:54
3OXFrUxek0O1ib623uhAfbYragr2,2022-05-14 03:59:47
3OwRDIZcYdcYLJt5QzXcPib7LvS2,2022-02-07 22:49:43
3P1L0VHPombRRR5gytOtH0pP6rK2,2022-07-24 13:26:28
3P1x5NXomLTKK5Apk37YrlESlfL2,2022-04-07 13:53:51
3PPyZ8k3gPMq1rxAQVmnpl056dm2,2022-07-16 22:15:27
3PUo2oahUybuhOZqYu4GQx6r0fI2,2022-01-05 12:15:15
3PXtRxyC4oRpWaBpbeoDPmpObDD3,2022-03-06 03:45:31
3RVaKU1QCDWWSGehsELkmRQM8T32,2022-02-20 10:12:09
3Re8qGb4ZUVy3o9WQd169XCG4D52,2022-02-21 17:57:54
3RhHCiJCjSMW1GqcAUXgFRWXgvk2,2021-11-23 00:56:59
3RmdGoRwCYSkeZJ8yMPVWE8JRNF2,2022-06-12 07:04:03
3RuQAcZF9he1H9foEMgiIgqp7W42,2022-04-30 05:15:39
3SPBXJCLT5M0XleX1TEc5kg9tgI3,2022-04-04 03:53:56
3SfzjL5K9JhSAzZGMQ1JPCqTNv83,2022-03-10 14:02:17
3SvjIeXRv5e1RF12hfnQIn8UWtn2,2022-04-21 23:29:39
3Sw86NBo4LSzs4yjeUv2OUpFkoV2,2022-06-26 12:17:08
3TQfcqNreHRO41yjsnuSUAb9NSB3,2022-06-16 16:31:30
3TV5fIKxP7WKvgXzKE9lvVo7Ecb2,2021-11-19 15:41:29
3TZXksi7BWbLBZSVoHlaasEJf4W2,2022-04-28 20:14:08
3Tg1BWtwqhcsSIbGXUo3X02jemx1,2021-11-07 13:15:16
3TqawtCZSBcsZnbrPLWXNPAXZ9F3,2021-12-14 17:17:19
3UEUjwBps4MCYevroHhdZtT5nVL2,2022-04-23 15:42:40
3UM31aUdP4Xf3oaGL1ZZqbkuOcO2,2022-07-26 16:35:22
3UYGdyPfHFScyxa1JdNXS37TuTb2,2021-11-06 02:36:15
3UZARUWBs7YfO0TXh6QZUZ8evR23,2022-04-07 16:33:59
3VMZ6jtzIafVm0v3VuSomMWcg6o1,2022-01-29 23:42:34
3VYtkg82bqdqkpmDghD1iDFK5ne2,2022-05-05 16:57:52
3VwozO3K1XaA5Nzy1SiX8uD4ir73,2022-03-06 15:53:06
3WFEMEtSvEhuje0EBYaeC1Vf1aL2,2021-11-27 11:56:32
3WPl6hWOmJY8RHi6W5Qbs0FrXL23,2022-02-09 07:37:38
3WfIgUIzQ9YziFOFue9jc33W4W23,2022-06-14 17:41:59
3WteDbzXiMdwujA8w6ubYJ4BFqL2,2022-07-25 10:08:09
3X1d5fjvhHR3nvqT0bs8AJLuCFl2,2022-02-15 12:12:13
3XFLZWLQn9YS3GaNrRXiAnrmjAx2,2022-05-03 04:00:39
3XPf2lD6cAMIsd3zK1P8NqbkBcS2,2021-10-27 13:32:13
3XPkXs4YMIS2xG54l9KXd9SWcPB2,2022-05-27 13:19:27
3XS51dxkrobHisRbLbZKwZA3Qyd2,2022-07-26 09:29:48
3YY2nrw4BBM9ejlGVSTqmWbLlBt1,2022-02-07 05:43:37
3YlPyAXMPKOf58ErlvWgEWlbDON2,2022-03-06 05:24:20
3Zrec9CGYRXUZS5EL3ywHwhLiHj2,2022-06-27 18:16:32
3Zu7JsKlyEUflwzmxDT1xvTZeR03,2022-03-06 14:53:55
3a8193dKRKhUAYI8IKQaHbhKM9L2,2021-12-28 09:57:16
3aTK9YJCs4O14zHf6mXpK2hRc8j2,2022-07-15 08:29:31
3ahItZtUomendAS3x3vr5xPHkRl2,2022-05-10 14:22:07
3ai1lmmWjRWdzrZEwbdCBKxBYwJ2,2022-05-02 13:05:07
3aloKQdEONhP3siLFnjcam5fabv2,2022-04-24 07:55:31
3bJF2bb7AhhCkjN6a0NQWM6VHbA2,2022-02-21 09:06:31
3bc3CqdplBSC1ySu09UIKUroeVV2,2022-07-17 16:12:25
3bp68YB4iZPc1JRetZhfrE3yI6B3,2022-06-04 01:57:19
3cCsX5tZz7R1gBzp9H9s1TsZrn32,2022-05-31 15:38:48
3cJy4fe9OBO9voiWFgi2LGEoEjX2,2022-05-29 13:03:11
3cQkOhGj3Vhnb2qnjhWJivkJSn32,2022-04-05 12:57:14
3cvT5xIu4zeemoIqkQHu3SouAut2,2022-01-02 10:46:27
3cvX3bjNvme2ddAsmUWtiToMjAx2,2022-05-18 11:46:25
3d3irClY9ad9TUwkNSMPsGIeAaG3,2021-11-20 12:35:25
3d95BZW3peXmtTKEWxhQtQ1kGdr1,2021-11-05 08:48:43
3dDRFOXGIph1oLnkvEOdtOzFFO53,2022-06-24 13:44:49
3dGljZXNngV4jCgZtlS30AxKbkC3,2022-03-31 20:46:59
3dHl0pwJ6gbxzUjgsqgDpT40Ajf1,2022-03-07 15:11:55
3dh1tyDm1cXxVPkk8ROpGa6OAZW2,2022-04-15 12:08:42
3eLHzXk3q8OXTb39qfarjfxEVSU2,2022-05-29 01:05:51
3eVanqJiIhUMbw5c4CjeBAUmvCk2,2022-01-15 04:30:42
3ejeBms0F6P520hKgs8Qw3nrpfz1,2022-05-18 08:23:50
3esx8eU0k0ZO6TE379n4Fh0SBMl1,2022-07-25 01:51:42
3f5uTp0SfBPxx6OlAuWz2Zm2gik1,2022-05-21 16:34:10
3f8VJUrS8vfrEa9Tl4fAGIOJdGE3,2022-02-04 09:23:53
3fLdv5MRMGYeq4dfwFa1gWpVz3v2,2021-12-10 22:52:20
3fa1YUOiYmWFWO5jfYCQcO4rSKC2,2021-11-21 08:51:07
3fjB3ypmoJUoouUXSFfGb9eEdrA3,2022-05-02 19:28:56
3fjxfpa7SjRM5e3dqUgJUBO17M62,2022-03-20 04:51:40
3fkj8M8Fkac4i9BNqNXPRp2iXVN2,2022-06-01 10:40:16
3gBDzYsiggVixBQf8OyIb83AHkr1,2022-01-07 15:47:20
3grCzhqEbnOqYtmprEFEZ9BrDlE3,2022-05-10 11:41:23
3h7PwuvCNlN9hWHuO8VPSDVE7S53,2022-04-05 12:14:50
3hHHSIS2DKbxdBqgFel3AxAXFgz2,2022-07-07 11:38:07
3hpjAXJOfGUvCsksbtJaiNjrGBH3,2022-04-21 10:47:18
3i0lX8laRWdkZ0mbQVclH7WNQqC3,2021-12-27 10:51:15
3i257dRoFKTwduuuSwKDTZkB2Pw1,2021-10-11 05:00:55
3iJISMyTyxcH2aqQdQdvoVBvjVm1,2021-11-18 10:39:53
3iWupw4RITRwsVfY4SsfUNJiB9a2,2022-04-06 23:58:43
3icJYAE6itg4IJuHmekb29QiW2C3,2022-01-19 11:03:00
3iocnJiJ8Bei2Bc23WyW1E8dtes1,2022-04-17 07:50:30
3isfyoJ684MUS3IM0FGHMgrpjnv1,2021-10-16 10:30:24
3j0VUHE31pPILZttIeTc36e5bQw2,2021-10-02 15:46:02
3jCUiI99Kraj2pf877Jy2PqwZXs2,2022-05-26 05:33:30
3jLcBu7x2vMGSSBKFBhEw7oHbYi2,2021-12-10 14:25:37
3joklsHcK3eZjcgE99bfBct01Cl2,2022-07-31 04:05:28
3jvIvbHjRvTT4FRyUhizCvALRcu2,2021-11-15 15:14:23
3k0yfHVGQuXfOnX5cXx4ISNLGhh2,2022-05-23 01:48:50
3kJhVwebtHfrjWaoeEqwyTfrkd72,2021-10-20 00:15:42
3kSYEwLlAFO1zEjtTuuuXiBbXeI2,2021-11-28 11:24:06
3kbHKuGXPiWufxlDIhvPlNtr5Dt1,2021-11-08 07:14:00
3kbWDhYAXjeUf1bIWaku110yzFw1,2022-05-05 16:58:36
3keRKKUnXMhbwCTnapyUxGzomE03,2022-05-11 06:57:50
3kl2403Qbrhs2qTIhfmylyidBhF2,2022-05-13 13:50:32
3kr8BDCg51OptZqXjjCetpXZZlk2,2022-05-06 02:29:06
3l3rUQ13Y0aKUXaziFIZQMqrHv32,2022-02-08 13:12:04
3lCLfkQGqccGt2uK5Ie6SOdL0n83,2022-05-07 12:56:32
3lgVZkSB5nOi6IZSNU3R1dZ1P293,2022-07-29 05:51:48
3lpwlIu6UxSomt5cGC75Ep4TxTH3,2021-10-08 02:35:35
3mH6zoVXQpZHMslEBRTJd9rTAYo1,2022-01-09 04:35:39
3mIQiBRJb4hTEZLxgtUWiwSmLI62,2021-12-22 09:24:03
3mcTzWIJG4WnpaNGDLnN5S9clyT2,2022-02-22 03:09:00
3miaAlHR0DgcdVAWmK04M5KPtl93,2022-07-12 10:51:46
3n5WkkweDbVY5vL1twdWnLpUxA82,2021-11-12 08:12:56
3n9l52ltXYc31JP3EijzRMIHmD72,2022-05-24 02:45:50
3nCPQI3s8qdzrE5Ia14FhHc1dln1,2021-11-01 07:03:12
3naIB3EYCVfokTXnhlPoChcZO363,2021-12-14 18:48:43
3npKCudEk6bH47yZFqOvUXfshoL2,2022-04-30 14:53:42
3nvt2nDmMUXuZMBJXI4SBQDCEmu2,2022-01-24 10:31:56
3o4BZTk6MUaGUiu4768EIxcVM2P2,2022-01-16 06:59:54
3o8oMLtD2Lck6OHnkINbxCbanzt2,2022-06-28 18:35:12
3oGk6jCc3scN2SKs51Rb176ZVV92,2022-06-16 19:49:19
3ouj1qVxQefB0rNlr0uBSaC9TL73,2022-04-26 07:50:32
3ovCdpbiq6NJRtEEgwjDYcLwYHo2,2022-03-18 17:34:59
3oy6i8WjzghcbN2ghnjKZ0PU7h22,2022-04-17 02:13:52
3oztwhXIfofORYThpywlqHrw4P23,2021-10-24 13:42:26
3p103PaJAHPV52UGooYZppi3dUP2,2022-03-05 20:45:21
3p7IvZawrxTKV8iL0Gnh30FiR3n1,2022-05-25 16:21:15
3pgQgoUFT4WBI5SdQvs4njaIvhl1,2021-12-02 09:20:54
3ptGHp6XnIgfosbpgBQ8abTiSh13,2021-11-25 00:01:28
3q0FODwrZdVaoljZzhWeGgKI1w43,2021-12-16 09:02:18
3qWCsGjAfmYSQrh5sOsMfqWvr1R2,2022-04-06 09:42:42
3qqMr4Hu8FOy09AtmDWAoC52Y3u1,2022-05-28 03:03:04
3qsUNfFYxmRkrqVA3boj59eMKlZ2,2022-01-16 11:34:03
3qxJhqvq22dXIYDuM0ndcAHauCi2,2022-05-17 16:05:44
3r7TvlfVNYaKXrStj6pnIkWahqR2,2022-06-16 21:58:23
3rPC5lP9EZMe7zw2LFSLW0c6txd2,2022-01-29 21:58:56
3rjBTHOGcEb94SXhI3Hb8XzANgt2,2022-03-31 12:00:55
3ruNQP85sIZlCWqFo5XTp18zC2i2,2022-02-27 11:57:40
3s6IkpAj3qZTPhnQM8gIphjoAIq2,2022-06-11 11:44:13
3sCWvCjOf5etgdUKDhOucNhrtLV2,2022-06-18 20:17:52
3sPUWNHuKnRZBec86yNke0lJJNR2,2021-12-10 00:06:58
3sPhny9STFXaXMjlnWinkbmAdy73,2022-01-14 11:33:34
3sS8qYrsvwXMBQZIfX0MLUKIhsS2,2022-01-24 06:19:05
3sl9HnVmUoWjNrr3ZgD0BS6WGCV2,2022-01-16 10:31:47
3sz77PgJUaUcD0kstaGHXfEXl893,2022-03-21 12:17:24
3t676r53LiegEwoNT9uXEK8T6gB2,2022-03-20 17:52:28
3tIvgzXowNclWatjDRetP8e6j5K2,2022-06-01 10:42:45
3tgI2y7BTsQBmI5aIS3HOPt1Vo72,2022-03-15 06:35:41
3tq28FsWKDPFfH2k5bVRYa16OcF2,2022-04-05 16:16:25
3uQj5BYXkvatTEZwSsnaFzLz5tl2,2022-05-29 15:41:26
3uRcO2m7KWMX6VvvPhjKMPNTqr62,2021-11-01 04:53:42
3uuO1TyRCVhduYuO4ycZHXtFecu2,2022-02-13 18:03:30
3uwSG82CetbTmxseI3WjcE0hDQ42,2021-11-17 15:02:04
3v3Nl3ZcztMoXclbv4NOah2H4Jg2,2022-04-04 00:32:59
3vOnWStfqGYwDk67GKSot0oZG6l2,2022-02-14 11:04:16
3vV6r4UKQwSNriHuYwsoLpAeQvz2,2022-03-29 00:26:16
3vjqrcIL4kO56ZqZXZ9s9aumzVj2,2022-03-04 05:08:28
3wV7QJ0BaOf8furqfRiDB2wFuGv2,2021-10-15 10:29:51
3xC2QlvcV9dHiEPbirXAR9TPhlb2,2021-10-18 05:49:01
3yBNeUqS1DNgVwt04vvKl2Y1CYo2,2022-03-28 15:43:04
3yLD50jFymhO3NjJvOZH4kaFavr2,2022-05-11 23:31:59
3yNppap4hCdvbVtzOqkgQYFtQ2m2,2021-11-18 10:05:31
3yZLtXFoTuNFRHMdsACwMdpirpG2,2021-12-11 13:29:31
3yahH2RHmSSb1xbyLUsMaMyCakV2,2022-03-26 15:44:29
3yt9ivBXCDNg4qgvAjQvVi9NqSx1,2022-03-23 02:16:20
3zSlkF3Ih7WC32Xodag2Gy2n4eQ2,2022-02-24 06:21:15
3zY8PUkU2cXDpyDI4l84gx7yym72,2022-04-30 21:53:21
3zod8voY0xQtfXWFFu6NJqJCOs52,2022-06-26 07:49:06
40A58DhyhkOKufc35t8NO4UTWfo2,2022-02-25 11:11:22
40I4XXpIdie9pS6XWChGm9wCMwL2,2022-05-02 20:36:06
40eRdWEED6gb4xAg03QOSHp4q2C2,2021-12-02 21:43:25
40xidVYpqWObrLZvynwjgbosfIB2,2022-02-13 09:41:14
40ygYnxbBbVJeUdWx7HyMuVLlAA3,2022-04-14 15:17:47
41cOL8XjKeVbzDBwZAZyPy9snjv1,2022-04-09 00:39:07
41eqNN1SiUeMgmozK9ZcjzVf5TC3,2022-01-26 23:17:52
41q1oi6dmSNDLg0sizxZqO3HYO53,2022-05-16 09:18:36
41vat0AslRQMMLRipnkXHb7KIcx2,2022-06-11 17:10:48
41zqbjkNhPZ474cpnNGsYVemae82,2022-07-10 10:16:09
42Glt47neJWYdXoAWrpOPKGuP582,2021-11-17 22:01:44
42RftISapCYXWBkk5jHl3nShSat2,2022-07-31 02:56:32
432B0ydVBaNAa0mnDdFTnsDMZGE3,2022-02-28 15:49:33
43DsvUOvB7URNRDO7vk2g0m2HT33,2022-05-15 13:01:51
43EmCJYhspgnhG5NoaugbC6b3eS2,2022-05-14 04:13:06
43zLISKCLOYIf3H8ux0mtfPOaFy1,2022-05-04 03:27:22
44EXb4lqpuYjjxNBTHFpNzRAsg53,2021-12-02 21:49:55
44GsHJBhpcNtTFqLeYv3tlSdqdG3,2022-01-27 02:47:19
44JnhvBlBceX4CatH9RES9GLAuB3,2022-07-13 22:53:34
44LEaNcZxtOPyksLCzpxbk9nt2w1,2022-03-05 16:49:07
44QN9IOarXU4NwhvrQ5t3602tZE2,2021-11-28 22:41:15
44WzytUtKmhMdSJukrXtdhYczWp2,2022-04-01 08:29:38
44gsi01va2akdyo721rW7rO4pKk1,2022-04-30 15:34:36
452tCWFsTSeNJuXAhOFuTLwP0FC3,2022-07-29 07:14:28
459LXflwOAc3CsJO6cDAAVcEGoI2,2021-10-25 07:26:58
45IS18JwxkZImDLENbHzcAXwQY83,2021-12-23 09:39:44
46cNOny0pCNm2sCB5Y90SOK7jUI3,2022-05-12 21:29:09
46wNBPsghFVT99lpY0oSrUk5hzf1,2022-04-30 08:34:54
47ga8lQ25PfsHrIKI4hDr83ylTp1,2021-12-09 01:07:06
47pILxXrABbe4CPTtm5G6KDt4zq2,2022-05-02 02:00:30
47u0jT1VIJYH9V6jvM6sbBeVbjG2,2022-02-07 02:28:58
481Zb62liHetubYVVHvVZT9ImJN2,2022-07-22 18:10:22
48HdPYcmZbel3u04GhPDPJEhkFO2,2021-10-20 04:43:29
48TdQgBxyjdsBOuUAet5XJGgzjZ2,2021-12-03 08:27:00
48VEgCjQFMPkrEWnbnEPcwwCWAv1,2022-04-20 18:25:38
48VLy1r5SdT531vucdbeOVssbNn1,2021-10-12 09:47:09
48kovSC6KQcw0B6nZ8T19ZRA5xE3,2022-07-20 11:53:20
4913f1yKkwMpuoMbtpnJGhI7ZZC3,2022-05-24 09:38:54
49DWzH54oZQfIXIk7B5rSpiCWU72,2022-05-18 13:54:17
49XKyAItCXOdN1Eqyk454S8KmK33,2022-02-02 18:49:07
49XXbzNUBXcoHHR8ZTpQN34itVN2,2021-10-19 11:29:02
49cenpAtWmT1fxnadZouqqrxNRV2,2022-07-25 15:20:10
49mAPAxocPgy7Du4ZmDIVoqAyRG3,2022-05-03 09:02:13
49nmTg47xtdknzgbA8HdSXc25qz1,2022-04-17 16:20:13
4A2iNpFvOjSJDB5eo9kZfiQmH243,2022-04-06 03:55:23
4Ae1ds4zwCPPrrXtdiG3ZwNaKxE3,2022-05-07 16:25:26
4At7xgT2IkTAv07BPJ82DKZHOnf2,2022-03-21 21:47:57
4B60xMr2GccaD9t1Kj2nEff3LEF2,2022-01-26 20:49:14
4BFHQHCYLmdIDfgCiknpGVA7O7v1,2022-05-20 14:11:31
4BGpmNfmxeXAH1qNCKL4Iw5OAfa2,2022-04-19 02:56:06
4BL8DcUGqNV007elLlPmiSoSlJX2,2021-12-19 02:09:41
4BqX5c6ra0eKZ1zBdl4AOWYoocB3,2022-05-24 17:36:38
4C3DSIoCJjPACBswPH60VjT3DpD2,2022-05-18 03:05:30
4C3ExtMP7tTnRWWQHR5P05A75L23,2021-11-24 06:21:59
4CFhfWEjE3XHZLxIggbWio5CE1t2,2021-12-12 15:02:06
4CYneO9bq3PyNEFE0cnnaJBuysM2,2022-01-25 17:58:09
4CZUNzADn6Y3MmT4h02es2MY0p03,2021-10-29 03:42:31
4CbSdElujSb9vGL11kMG63mfusj2,2022-04-20 00:43:15
4CjHVyY6L9WsETJj8D0xdYkmIBu2,2021-11-21 14:32:46
4CrpnwBKKOUfxYRkl5lJLr2uqWg2,2022-03-09 17:39:44
4D6pmubt8dQA1wakPegT8PpaR1E3,2021-11-25 12:21:11
4D9aqulf7xQBLBZzVnsjzphEbty2,2021-10-07 13:33:25
4DHCPCDuNmOmmydkVj3dHhFtZqg1,2022-05-13 15:14:37
4DTGXJu2PKZ90C5VyHBBemzhguz1,2022-06-08 16:17:47
4DhavrtoAYZ2Kg3mldgJM7QickY2,2021-11-03 19:34:56
4DjctAMC25P04jmASNWUBR55l993,2022-04-19 07:16:39
4DoNAz3KAgbrukfUZ4PZY1IA69v1,2021-10-17 16:16:06
4DowNHZ3eHTd2EmZIZvxo1IQEop1,2021-12-01 10:22:23
4Dtg0wkrdFfExaWPcBl8ajdpMFO2,2022-04-10 04:50:40
4DuzVlSB85Um5oyjepEWd7t1t8r1,2022-04-30 05:29:15
4E8CzxWxRgVkmIIg6joeg6FNNnt1,2022-04-16 16:17:10
4ECtBIr4U7XJNdin1AvuQW7dQWr1,2022-04-30 11:49:45
4EFBUUGtrfPwBzZDyCQDnLyq4xk2,2021-11-22 05:49:48
4EFooedvFMVQXTQVSS5mhpL5yMH3,2022-01-23 21:42:32
4EOXgliiKncy2eWI8fyUgkmAHdD2,2021-10-06 09:55:53
4EYFnEBa01QMLbtw0RTkUHVnnoj1,2022-03-16 13:06:24
4EdFdr0sV1hQwm74nAEfY4gt4402,2021-10-05 05:56:36
4EukBAqoaWN3Ntm5bJkjLqQOxaf2,2022-04-23 14:35:25
4F0q5y2Evfh6o4B8kJQjMjbR22v1,2022-02-03 16:33:48
4F1375hKavMmyrYbySyYlvoMvRA3,2021-10-25 10:26:30
4F8GSqVD57SaDFdPXISPnMVdCE82,2022-04-04 11:52:11
4FLvUKWw0QdMb9dhMUYsjO3CoFf2,2022-06-01 06:24:16
4FTp3xyjNNXqE2enB8iPN0kgPEh1,2022-04-16 19:12:19
4FU2tpXCf5Ux7vRV0KnoJuBffF32,2022-01-08 14:55:53
4FX1ALEGNnNitMBP9ySVpVeVhRs1,2022-04-19 04:08:33
4Fe4NRSuY4WmAnatfCcso5ehl392,2022-04-19 23:59:41
4FlNhu3AtlaKmjk6wqlbRqBoLqX2,2022-04-11 23:23:58
4G42K0dNHFSmx5Dpc4FpIuseeW22,2022-06-26 23:42:25
4GQZYR8xcWPNN7GYC2uTnf9XIBB3,2022-03-21 16:22:52
4GV7GeF9H4g98cUltbk8p5Ogqo73,2021-11-19 03:50:45
4H0tsohPasNwBffvpgLrwEVKnmp1,2022-05-11 19:19:43
4HXJN2WJs7N6E4sLVaZn9AUrQ4m1,2022-04-24 07:15:35
4HcKwUV6QCYTyGSbFozaOKeBPh73,2022-05-01 00:42:39
4HdHiENGH3RqzErCmP2DtvhaKVs1,2021-12-23 12:09:41
4I44qTHHZfXHuOatYVBmR4qGuh42,2021-10-15 14:47:36
4I5KG3SgsqWVZ3kylWB2gXCgCLC2,2022-04-26 18:58:07
4JEzPPBqJBhsoJGwys2ALLCvhYt1,2022-01-21 16:20:48
4JZXr7dtfhQ7ELmCTfZLjyNjCSd2,2022-01-24 16:03:23
4JmTnx0obuONvvtRvFy1T5bgZ272,2021-10-31 04:53:50
4K16m1omhhh3pnvOylL9VYsqZwj2,2021-10-09 08:45:03
4K1xvrulVCdyTygsDqTjXurMrNu2,2022-01-23 08:21:34
4KMPAdpBcWbL4oK4CSr3eYmE1aE3,2021-10-30 09:58:37
4LamrddnVceuc9DJYQe0TYmFTB42,2022-05-25 00:53:35
4Lclp2j7WSTIftKlBO5rbpJVolX2,2022-05-16 13:01:45
4LsmDFaQDePOZjRQcie9621ph253,2022-03-26 08:38:18
4LwJrDf0t2XoqNmyyEmGaLqVktF3,2022-07-01 06:55:48
4M62LxhnWFPW3eCCs0hS1zfuY7F2,2022-07-16 13:30:56
4MoRnmvYcNRxAm27m1lfc3EEKZs2,2021-11-27 15:36:59
4MuLnW45z4V4yML80kXgKR6YjJr2,2022-03-31 22:05:28
4NA1ZuLo20S1arVBxz1vpEfQFHU2,2022-01-15 23:51:07
4NHM2xom52VgoaJE4shRlr99lKn2,2022-03-27 10:27:54
4NJ7w5ALDYTBmESvm05eFtWetqI2,2022-05-15 15:03:50
4Nfd91w7OSg8GM6MGRSFos4HT1p1,2022-06-10 22:27:32
4NjFvRh1EsbrLai3d0EUoq0cW2G2,2021-11-19 12:30:56
4NnSdGd9tIZIz6WgwugfbzY8RxU2,2022-04-04 15:10:09
4OEY8itQaGZe8GRGNq0hbS8yJsg1,2022-02-13 04:06:21
4OHFk0J9ydQwnDZHxMjzYpyNfJu2,2022-06-16 14:35:02
4OJv10WU3RScBvMCVFiHtD0ocfC3,2021-12-27 23:14:40
4OY66CKszafgsAELqlhtSYxxd5s2,2021-12-26 21:49:42
4OZrySlngjWRf4QsUKg9J7qjMbg2,2022-03-18 14:06:34
4OsT7LnLW0giXGFdh8FIt2UhOfu2,2022-06-29 19:07:57
4OvoRmtGFMRtfzzHhEXyvRtxW2X2,2022-02-01 02:10:39
4Q0U3BRv54PXPB3Ou4cndvNvDL83,2022-06-13 12:32:03
4Q6l4PlgurPhEYRWTlumht9nA8U2,2021-10-09 14:47:49
4QByeyT4OHXtRwwZET7DnTp5AVB2,2022-05-14 09:59:56
4QR0lwVP9jW8KGLeLuDYU1srPNd2,2022-03-31 12:19:51
4QntRzUuaZTVJEgNxj1W3Y1CWYW2,2022-03-28 17:16:29
4RB9CA8DPCOuQodRU2FMubCOSHD2,2021-11-26 12:27:24
4RWo1uHQ6hhmEDomB6loXqBLQk33,2022-02-20 14:31:44
4RsnQaVkn1dBJJrs3hiWTjHF5gp2,2022-02-25 08:04:59
4RtkfzHIPCZlLUbdGR4MdgAJWhL2,2022-05-29 04:39:14
4S6hKcBd3AfqVam4ZhT3arR2uUA3,2022-06-01 00:02:49
4S7pKq2K7QcchPG1Je1kkzCp2T33,2022-05-19 17:30:14
4SaYKdeWtWPw4njG2Zk6LLFugqr1,2022-01-17 23:11:49
4SslAUoITnZqCTjgQKrw2CuRiuC2,2022-07-17 12:13:52
4TPFVTutgIVtD595cO1Qbf7NrKJ3,2022-05-27 12:18:04
4TrXvh2L9SMFkvCdu6BYswzzmij2,2021-12-23 17:52:48
4UKBKXFnP1MCMIz2kPTlWatnPc02,2022-01-29 19:57:18
4UYlr3KiXdaGmjGwGs7cL9JA3SW2,2022-04-30 08:28:57
4UmZNLyeCbRycrfpU2XAW26xowW2,2021-10-22 13:24:20
4UthwmODVrb84gLwJNfDvL58u4b2,2022-04-22 23:09:07
4UyNGTp5hJTBUPOa97ja54o6A9R2,2022-04-21 19:59:35
4V2nskSpWQXSkzMIH4L0pw6X4Ll1,2022-03-07 12:32:26
4VMbnUWTF4PwkLSLDVWKTC2T02K3,2022-05-28 14:06:27
4VjI4vKmYON7oBJ9Mq2YvMZ25a23,2021-11-06 19:46:43
4W9k5YCL5iTkKT3kQPxGobkNiJx2,2021-10-16 19:36:04
4WJxaVLYkue9dS2YfN0hbIq8lao1,2022-01-11 02:51:45
4WVPM4R6ZqhIiQque7o6PJy3dfX2,2022-01-31 08:43:17
4WVvHQ9ANfdgEf4agA6PwPzfVaO2,2022-05-15 01:16:48
4WY9iAv5VphF7rhgEAmYJbOLcXx1,2022-03-13 05:04:05
4XC1fjZWJbeoTqio1BZHYYj8hFI3,2021-12-01 08:50:15
4XEJKal0l6dTELCEMaOfllNXyg42,2022-03-05 03:57:11
4XNgGYCq8oRGyaujakDLGcXEyK22,2022-05-03 05:08:03
4Xv2zF0MvjaGwlQVFeoAyuzoavH2,2022-03-03 16:01:53
4Y8DKhRZRgNxSqt81dwchmcT0Zl1,2021-11-01 14:42:41
4YrTBztrLVPP9S1ewgYtbfraYMl1,2021-10-17 22:13:56
4ZPC40Q1xRNAwpvgZIowdBVguJI2,2022-03-13 06:19:21
4ZV30t2JuDOPGwemi8YI18zV4nM2,2021-12-26 04:40:22
4Zt2DOHQF1dUFjMCXhV6xDyy4Q52,2021-11-30 15:44:50
4aibYaKCiSfQuHytoVes4SvKiyx2,2021-11-01 17:15:23
4akqFB9eEufqncx264xucfS2nve2,2021-12-24 13:59:58
4al7WGeqRCMeNCEDE1UDYnopYkN2,2021-10-07 23:19:53
4avfimAacMRYmhWlR3wM5P2mjRY2,2022-04-15 19:00:16
4bEFdh91thSiF63HvhqsEqIpznj1,2022-06-04 12:05:53
4bWd5CXFytfvy8wOxd0a1zK4aHG3,2022-03-07 14:06:08
4bssgAHCPDOVUjNIJ912dLE8ofZ2,2022-02-16 17:02:37
4bxDmntUc3ZbLWRYHWqxRFJZ1e93,2022-05-07 16:30:29
4c4822MaxrTu2GTbh52GSfbIjf63,2022-05-28 12:07:10
4cAYJmoVskfQE4PL6Vps73Yq9NE3,2022-06-01 09:11:04
4cWmQKw0piTXDziG3BPvqPnjSft1,2021-11-21 16:09:59
4cWmjZ5eGUbQmlNS5q2sAHBByRs1,2021-11-29 12:37:25
4cXZ8jTwo7YxYahbA2uBGiArZTf1,2022-02-06 12:13:15
4cYadhUy9lQ9VWNENmgIN1WWnxM2,2021-11-05 08:52:58
4cs4Blh4Zwab8WecNP93XMigL5D2,2022-01-30 05:05:32
4d5tvMBcxCaqk73vYYFweJgejwv1,2021-10-23 03:07:44
4dV5ku2N5WYezUW6wVWUpLSNVmA2,2021-11-16 16:34:12
4daGRqKLkpaFpzCzh2XJORS6Z2Z2,2022-05-30 00:13:23
4dgWFUtac7RFVeDopboMkve8R2b2,2022-04-07 23:01:22
4dkZ4F9OgzNx2reKJpjTuvp0wn52,2022-04-30 17:36:49
4dnoYDSdWagkZis5evqK8rPi3uJ2,2021-12-23 17:40:50
4eDXmQ9z7GWsDF6I4ztI1uPsroH2,2022-07-20 13:43:55
4eQoz99UOZXtS8FoXSQFLDsJdlp1,2022-01-31 06:12:38
4ecOmvX6sHWMotE82PbKZJMyXO62,2022-06-20 13:44:12
4ehbUVR06hUhbeEXQ27IrUGV6nv1,2022-05-12 20:39:13
4f1IZtuHdBUdExux0SRZOFdf9aq1,2021-11-06 16:12:16
4f5YLJyjdScaa9eN91spU0OxdP62,2022-05-29 04:25:32
4fHeUWfBlNMsF01wGBZqrvc5mhn1,2021-11-30 16:03:43
4fNfcl03bnY29UOdbqhuzQnRYWm1,2022-06-02 12:19:03
4fRcda0Awzdv44EJ8h8We0e8Vi72,2022-05-15 03:51:02
4fgU2q8Ov8gexKV8l1ExvtVkzz43,2022-03-30 18:49:57
4fpFzpdOy0fvkVBoXIrjQ3R4foz1,2022-04-10 15:54:25
4g3Dx3acuUgNEmmPxLEjlsoda242,2022-01-25 20:11:29
4gBDcs1qsDdV5thdcgX740Xp03D3,2022-07-30 00:56:49
4gVZAczclpcxuXE4KqWbQP5sPF63,2021-11-06 18:28:18
4gg7bUXVMEYHK2kymZQ4FXhf2Y62,2021-10-21 20:36:51
4ghHexvl6CeTVcJfBGAdGRckaAn2,2021-12-30 15:35:13
4hPT2zdeWOQsZIcAen0KPrGyhEO2,2022-04-27 17:01:15
4hUdCn1oZXOC0VxeDUBR3jmgnKn2,2022-01-23 19:23:11
4haTJ61cVXMQtmqSslKUJJuvAnF2,2022-06-03 17:39:29
4iQdxmeFpGaHVmiuj06CJh6V84N2,2021-11-23 13:39:12
4iQgbEjvulUTt7GvXG6lC6i9hm72,2021-11-26 15:28:19
4iWUCLGZ9ZUd9sSiGQn6qIKZ1bG2,2021-10-17 20:51:41
4iZafMLg17OvJ9TeN24Whfb8xSi1,2022-03-22 13:30:24
4jDci9JHK0ayLBlBx5BuQzJ06VB3,2022-05-29 04:31:05
4jjLZhW8UUVyPDci8EzJneW2RRE2,2021-11-02 15:30:29
4js7LGTzI5ORe50YDMOi3jvGQPv2,2022-01-12 11:10:43
4juchkhFq6b7oM0OaGzybHsQpuO2,2022-05-27 08:41:21
4jytoHxOQ5gDFuVeTUXsGJ5tXZI2,2022-05-09 19:11:57
4kuJDAaJi5af12o9uWgmOfrxgQ03,2021-12-22 23:32:45
4lGwPMUiiQdKxmTws52xJkY41Xz1,2022-06-12 16:34:58
4lZjn5reVPPYDbbgWUeCaYKLOfh1,2022-07-03 10:33:23
4lc1FhZKygRj2DoK83iWzUJZ5DU2,2022-02-18 23:17:46
4leC9T202RX9WIAR1M0BAIT4Zph1,2022-07-25 07:34:32
4lv16vqHJPQOsOcrjWsZhzmpxcJ3,2022-04-13 19:06:06
4mDMrDDPaKg6bz2BppJwmoPPnn73,2021-11-29 12:20:12
4mPZa1VvnsW0URABW4MuwUim3XI3,2022-03-14 12:02:55
4mPlh6Ogt5UArkvhbVGSL9FpXPf1,2022-04-22 19:00:19
4mUlHXC8QxOHG9JJ0fcPhHFMWrQ2,2021-11-07 17:51:58
4mgbRNtMtbfZBT9gfVhfcyNIFPp2,2022-05-30 10:24:31
4mtCnKXdXyMbmYtbs1VMzLW9OKR2,2022-07-03 11:59:28
4n70h54adEUOarW6p2lP20JF1213,2022-04-19 03:26:58
4nTZukKjHReFed9Sll98MUPOfpn2,2021-10-27 15:25:54
4nmZQXjf3lOKhdSEDTEY8lDQirC2,2022-04-24 19:41:16
4nopau5tQwML2u8Z78hDdEsycO23,2021-12-26 13:16:37
4nvUJjlnkogbX5Qv3ek041OQ40L2,2022-07-23 03:41:07
4o51rFpj3RZYwil8WSlPPwSJ3WI3,2022-04-07 03:41:10
4o5B6WOzmQcQBGkDgjenGblUNgz1,2021-11-24 14:18:30
4oJn4e5tegZGSX7Uc6sRwsp8uoA3,2022-03-07 13:52:17
4pLHiUfzAjTtjtD0bRTvumqbvuq1,2022-03-26 18:08:34
4pVWwCBNh2c7Z5ZrF7w8xkuLVa03,2022-03-08 08:15:42
4pg5VT8FJ3T5dzQrVObKXxGC4is1,2022-04-13 13:13:17
4pl9Upe18gOe4IXFCl6UPLvY7Iu1,2022-07-07 21:48:13
4ps4HYzsMTSFkDvH00xvd80zGiz1,2022-03-03 07:47:57
4q2fiJ7cBfOiiPX0YR9Oy3EzxrE2,2022-02-03 13:34:03
4qE3Ss4hFNgX1YrRHfYzQhVXJEE3,2022-01-21 16:28:04
4qU53F8CN9bXhe2qk0pT21NBiBq1,2022-01-09 13:30:42
4qXAAjOWuNNTq9JpldgroiMhNHp1,2022-04-09 02:53:39
4quaAC6xcBZJm6ng3zlJjzFcmld2,2022-02-13 10:36:05
4qzZnVZyknP6h1vUf6MIsfr6Y933,2022-02-01 10:52:29
4rHLHjRO1nhPyQ8l9wUifqN2nRT2,2022-05-29 10:25:03
4rPNBZD6oLaYVFsA7XbVA0TmQVG3,2022-03-17 14:27:46
4rPVuyVLy7gFMua7icJnhTaK0F52,2022-06-04 00:12:41
4rkwq80GeoOKC13gyhfdInKjiez1,2021-11-25 21:22:22
4rzf63KEmfhEraZim9lFsHS1zrC3,2021-11-16 18:53:32
4sK7wobGmyYgyH7CGr1Nwxkec732,2021-11-25 16:52:36
4scMSt03ZfQsTSBBI6ZHjVSASMM2,2022-05-01 15:54:28
4sx8fFdJnnOWQ06RvPAxpEHIftl1,2021-11-19 10:08:51
4tCE09l6OUSQLnRlXqhyU8jf15n1,2021-11-24 07:12:02
4tCU07S48khNMbBpLNhyk8MFrcq1,2021-12-13 10:03:58
4tSELcgY0aUgFLfLc1ql7j9S7Hi1,2022-07-10 21:56:02
4tkaQZViBWQYiF9UPMtLeq1nxzJ2,2022-02-22 04:47:11
4tlq1zwQgNM98OKKdofGROW96fh1,2022-06-21 19:18:56
4u0rjBJt9bOVdqz3AMHmirAaSzw2,2021-12-24 23:42:23
4u9EdmN9gXV2mjGPKTzwRukl7P42,2022-04-28 08:21:53
4uBV2YKLXIZDzx1sw6WaHxAg0Fn1,2021-11-17 01:17:25
4uPZEYdSusP6uBi2DMOMjGgHsSV2,2022-06-30 14:33:35
4uXe3c9uluc60Tywj7BkQ6EfCCC3,2022-01-11 16:11:37
4ujsrQ5qwgR4QcCfOf9McKWamll1,2022-05-03 23:40:39
4uxReWIk3fO77wBcquF4SAdow3S2,2022-04-25 04:02:21
4v0stj29IyT5dW7PMIihOKVaHhH3,2022-07-01 02:48:10
4vF1RPOemBgbsMS5VlkdAkrPZ7u1,2022-05-20 09:03:24
4vWmu9LFROfAeTvS1mgdUZI9usY2,2022-04-17 07:36:13
4vbxjYSDSMXNRXBhIqHClXuo5sN2,2021-12-26 10:45:27
4veB7Lh71HRkQ8VBVWbFMy938cC3,2022-04-02 04:40:12
4veYjqmwcFbPp8c1sBQ4HgCgPSF2,2022-04-23 05:53:47
4vjCvLsy9wRYy6UQe4M6H1u0EGc2,2022-07-01 13:07:23
4vjIUlFmBsRMLjBqHgwQLE67Puc2,2022-07-27 09:06:17
4w3jGpDyKtPOMeMZNBIMbyWQsX92,2022-01-10 13:36:32
4wAxrSyAlwXFUdMMdtJCQ9r3pnk1,2022-05-24 18:07:32
4wNEll0cE3RPD4Bckk9EctqQGOm1,2022-07-11 09:30:05
4wUltJuDmVRHsnfu2Q5P7CvlNLI3,2021-10-28 10:47:36
4wdaJsGNAvbNOmURhhExpBQYTHI3,2022-02-19 23:38:08
4wfrOdRN3XOi03s8E5DxCFBe50G2,2022-05-05 01:07:14
4wls5g8rJfSPk6Ok6S8hHhe1yeE2,2022-06-05 23:19:55
4wq5TSAAMShzqnfj7jxQeGePS8a2,2022-02-22 07:38:36
4wwFjsc3BCVqlwiLZ09TNmMpWw33,2022-06-06 08:17:26
4x3G9BxMbPb5iZL0CxMILAXhuXs1,2022-07-10 10:28:45
4xObMcSR52epm5zhCpm8nIwSleO2,2022-05-16 12:56:02
4xPIhQfuGkdFmprhDpivhSG6YL53,2022-07-21 05:56:51
4xlx4PkDnKbMu7TPic9flEs4tlg2,2022-04-10 03:33:35
4xpXfbtyIuUIhY9W5dvdZ67Hkvp2,2022-07-19 12:15:28
4xsJjvAYoddSUtPKOdH9ptHuEzy1,2022-03-24 20:12:36
4xuq0kkRcNcfKUwtiLXk2I7JNHq1,2021-11-19 10:01:31
4xvqUldDJAVcnUboIBRyth3NJHg1,2022-06-26 17:45:39
4y3G5YiZ7xPDgctXYqnUQFQill93,2022-05-01 11:21:31
4y7k3ywTluPvQcGbipE7yzoCPkA2,2021-11-21 19:41:41
4y9FMrx1WJNDqwTSddlER5RU6go1,2022-05-25 03:03:10
4yqQbL2HuiZDdRKcFifcCtm80jb2,2021-12-04 12:43:43
4z0GkhV0ZsSeOXXhWkB0wVhysxa2,2022-07-30 04:13:36
4zASOqEiITMC2dDQXvZyE0QuoSn1,2022-06-08 18:36:02
4zP0pAcXPpR6qiW6Ztrf8wTY3rv1,2021-11-09 01:21:28
4zTGm8pEJLfUVMQp1uATdbvlRWh2,2022-02-20 17:44:47
4zY4Ma91V2QHv5bKUjPKlA6dKSJ3,2022-06-01 01:22:19
4zem7GdnMigEaoYZpOXGVDblMYD2,2021-12-14 07:00:03
4zrU1gbr9nZyN5RE08jQf09azKk1,2022-05-24 01:12:34
4ztsDWH3ljdNViQBlmP7RtX3mh22,2022-07-09 14:24:49
50SEJqOSPAO5Q87dZUh0aJW3kb32,2022-06-21 17:58:58
50ScCy2dI9h3j4vu5gkdSZoFPS12,2022-04-07 00:13:18
50Y6QXKzS6WQu068rkICB9z2Vdp1,2022-03-10 10:42:31
50braMPU3Ado9e8YINPLunBpw5z1,2022-04-26 16:07:11
50pRje6ZbnZfP6rkfQOlQNL2jUH2,2021-12-22 06:32:32
51Jbp4UPaKPOP8urkoCaWFgoDcp2,2022-07-12 04:42:42
51MjPQTs73X7cBSuICIPsDf3aAv1,2022-03-12 22:46:25
51Rq5gNCT9V6kvtMmYLWOjkizGZ2,2021-12-31 04:04:07
51gTj1Nk2MYgrpTStKQat2iwKFX2,2022-06-01 07:48:42
524H9JFSYrRyD4vWZ2LPxICIwyS2,2021-11-10 04:11:49
52HbEPEqSudWhRDpTAPue27jEVh2,2022-05-03 00:42:53
52RS5F5ER1bzZ9aTgQyzYRdObtb2,2021-10-26 06:46:18
52SMIoWIfnObAgnDfTQQ3Gtu1wh2,2022-04-29 11:59:16
53NkS9TQCHgiR3KleT5RNUEMaAt2,2022-04-04 07:45:04
53dljYOMnPPAiifHoiokBX1xS3z1,2021-10-18 20:43:07
53fe2PO4uKRADaMpHI4qC11Kx643,2022-02-01 04:19:29
53vlPg1QVbdxMbUVQlpffq8CjsH3,2022-01-15 02:06:41
53yPHfQXWMZdzNEIJSsEQCqSzNE2,2022-03-19 17:37:18
5450ru1HqNfcm7HEjMRdeYJXa0r1,2021-10-22 14:21:19
54CQbzIKM5YBABDE0aHwkVOHYd23,2022-05-08 11:26:39
54VQsnrK5ebq2J27CKZqLUwlXD83,2022-04-30 16:22:56
54Xoogpk5sWfMZF00Yn7fyGL6Sk1,2022-06-04 11:36:32
54gCwh4SNkNhukp73SQGidSgmat1,2022-04-15 16:56:55
54vVp2BkY8c15kdjpLaHXyGvYx32,2022-02-25 09:08:37
550xh8goSlP2LOuaueLigkEIxEt2,2022-01-05 03:34:22
55KUg9TFy8MSh2x3f675Qpu9cnK2,2022-07-19 07:21:57
55MpLT7rlHSD2o4tjdH1FW4OaJA2,2021-11-10 11:38:08
564Csidt9ah48h5rkntejn8gqj22,2022-05-13 00:39:38
56QXlG6JulW6XBKMgOArHHyuyhd2,2022-05-23 12:51:38
56buknY0l5SjG8svqpLwgML4dr63,2022-06-17 08:20:14
56ec2qev6nhSizQm7JgQ6Unh2XG2,2022-02-11 20:35:52
57A3UsG7iZUyHJAgV5vQB1ixmeb2,2022-05-04 12:31:15
57HaPT92x6e2cqRHNKL4xhAQiW13,2021-12-15 10:48:27
57QHjy1LXpTEwEhwGWe95aQoGj03,2021-11-21 13:52:55
57U7eTOf6UZRpBf8WNTu40cwjKt2,2021-11-19 07:20:03
57UJZHA0WyMLbmcONwn2XdX6shD3,2021-11-25 13:06:09
57cnYLgY0WdVXiwpiN6CoMtOAOP2,2022-01-31 15:58:48
57vgsx52Rfc9pQitIB6Pl0vl9pn2,2022-01-18 07:10:53
57yezBz3MKWpGd38H1D2rBC7BDC2,2021-11-19 09:22:12
58GJucl2aIPyAENgMPgpdrpxq4E2,2021-10-31 02:04:58
58zXdMuignMqTYDQsAgH5n8M1IU2,2022-05-30 15:43:30
59Y0yyEGmGYjNSHHus3FBELtT2b2,2022-04-16 19:47:06
59zw8aJi4se2wuBOBBY9B8kpwn53,2022-04-24 21:56:11
5AQY0qRXNccXFGKldnbhI5fLVpv2,2022-06-28 09:28:25
5AbTJPAkYEgfE9qJ5xaOLPwetS83,2022-04-14 05:56:10
5AxRk1fjtVYz30fzhNlKL5P0CQz1,2022-04-11 12:48:35
5B5AfjSR7rS22puvqQ8ZzWVgFxF3,2022-04-22 07:02:53
5BNxD6m7fCg4evF6yZZCLHBh7PF2,2022-07-02 10:29:25
5BPZDqiZOrhOujwDLk5K22MsuEy2,2022-01-28 20:45:37
5C70lZe30vaGvfkHdYvviqK2eEl1,2021-10-27 13:03:38
5C7aXLoHxUUYF7RfytCU5ESvmVq1,2022-03-09 22:53:52
5Clj8keYPyTKkqYb2Sb84R5AmxH2,2022-01-02 06:00:27
5Cml0RIjEzPg2GnOJcEoquj8OB03,2022-05-09 23:50:18
5D7Txjw8FJRkAcmJHZ5oVeK5nJW2,2022-05-18 13:13:11
5DHz9JSbS1ekDMl1yNCaJAglmtk1,2021-11-11 20:23:22
5DOLJaRjG1PKeNHrby9vRVxSz493,2022-05-31 01:42:29
5Df0oIZlNfTT4S3gKxcUXVRO7yL2,2022-05-27 09:50:18
5E8VVFzvPRfBQD1oDyKLzgwwGq82,2022-01-23 22:33:13
5EEVsEGR8rajnlSkMolwcHbTqe73,2022-04-22 14:23:06
5EIRXqJO7MS9eZ3UamXyElm7aKg2,2022-06-12 06:02:18
5EZ0wA5sJQPlMjBHHhjhe6P3Iuq2,2021-11-09 12:38:18
5Esuy2Ep8MMCjcTOJv0bxacasSi2,2021-11-03 08:52:04
5F0hSna0xuQOuMb4rDnYXTXihGj2,2022-01-16 12:53:21
5F3hWU6anDgvb97NxoS2S12HoAf1,2022-02-12 19:54:35
5FCiZzzRGIXIv5zeL2xtc0A2aCy1,2022-06-29 12:28:43
5FH6yrwNw3b3RyXUvM6h1Km8aau2,2022-06-29 03:51:23
5FJXPUFKXAPwW37fEf0Yc9QXMVl2,2022-05-05 23:08:55
5FNrp02lFyT1eBXTZ1QeSyDxqx43,2022-07-08 16:16:35
5FW0wdXJdQZMxpU3GfBzZPVeX3S2,2022-05-03 18:52:26
5FgAbI2TmdOKAw3kzg0kQI7c95r1,2022-07-09 18:55:30
5FgnnKOx4JYGKhECBSI5jk42VXl2,2021-11-30 15:05:37
5GBrSVzySNVKjm6yaY9bNmGw2z92,2022-05-22 15:03:54
5HEOHT2M1gQMAu5gUJ53RoEQTY32,2022-02-02 07:28:30
5HIUW1hmogfmfjF8Dc5Cv9Oed0n2,2022-05-27 10:32:20
5HQCFdgs3BTkJU9qLPTNRKenwCZ2,2022-07-18 10:36:28
5HvxeaWsDeNVmT1Q06YTCR8603F2,2022-06-18 15:07:47
5HzbgJZtT3POjG8HPDaV7PiQtR22,2022-07-16 11:00:17
5IcTfKYIZKOmilVkswuW8TSlBkF2,2022-07-24 23:27:51
5IgVzFNG33a7veHoLD7oYioifE63,2021-10-31 03:32:50
5IxyJAbAO9eFrWdGq7CMqP0J2MI2,2022-07-03 05:32:23
5J9hYv1FHEaDqkvuxIqQzhNO2G03,2021-10-23 20:45:24
5JFpsguvWyNZUsmKqRdwns1xHmq1,2022-07-05 07:04:19
5KDRxYMdkWMZQInYdeevtZbkH3i1,2021-11-10 06:30:36
5KSG8NYO8tMor1cKCFvCDKA5G143,2022-07-22 10:41:05
5KSdMoFvqCTaBwSpfnKS27Yfkrs1,2022-04-29 21:37:16
5KZ3YnrPKgSrvpqAONEw7nx7FrE2,2021-11-04 11:25:11
5Ki8byl6tKPEa1BN0vNgW2WqYSA3,2022-03-10 04:11:08
5L0Cj0d43EP4mslwJ5TfC64vxE33,2022-04-20 09:29:55
5LF5qUTjuJUnXX6U58AeqJP8SY82,2021-12-19 19:55:30
5LJLxvT0HAY7fT0LFDm9qHDAqJA2,2022-01-10 03:41:20
5LZcqXYTdhQB7DH7JbIMtyh6xnv1,2022-04-17 13:25:43
5MNB26IMTwWnE1fXIevl5cory623,2022-04-13 07:34:36
5MYYYQFbqDgxFTJBpneRsz3tj2Q2,2022-03-04 11:24:23
5MwefC5gF0RTelk88BawyvUUuBe2,2022-04-13 03:32:10
5NlzE4UvCLV9ylFor217ifI434C2,2022-04-07 08:30:58
5OTuHn8u11UO2gpV6vTacTpaiht1,2022-03-20 13:57:44
5OvTELJctoUAdkfUKx5b5cI7IDD2,2022-06-29 08:46:24
5PRnvmTwoLWXoLvYxLid1SkJHRp2,2021-11-13 08:56:41
5PVSirT805UfxrcGxhoTI5gT8PO2,2022-05-24 01:05:53
5PZ2Y4ZR4bVCVolPCczq0VSCP3L2,2022-04-08 12:52:24
5PppIz4YYcM3jOybmbjvAed5YrD2,2022-06-14 00:06:19
5PskYyL2ZMSNsgGEULPv0yW1ceD2,2022-03-23 18:22:14
5QOhcbi8idgVBQrg5QGlLVkHvOH2,2021-11-13 08:58:47
5QSva0g2SrdFPwM0czuCMneWzJw2,2022-05-22 23:18:52
5Qog8MpLqxdCoP4Qg0VjWTELAn33,2022-05-08 12:19:26
5QpJHNEeEFahZm3d5zA0XJdjwPu2,2022-05-04 17:32:34
5R3GZZdHSDPESQgirns5lvdMNY52,2021-12-03 02:38:31
5R49XSZImrXkEfPPBN21zNFRvFc2,2021-11-23 11:00:02
5REauL4E0JblGA9IHoJKnSoaD0t1,2022-02-11 08:08:39
5RTJ4uBmsWX9cB53pmmwDl4RefB2,2022-05-12 06:45:28
5RXVdgF0GqRSrigUruYk7Wk0BXm1,2021-12-28 15:19:02
5RYC7bXollMC2dMF1shmDIftD4C2,2022-01-03 21:01:40
5RkpG7JuYWNk0Tfijdl2l07kPOl1,2022-05-14 17:18:23
5S8DTqzC2qgJL3KKqBxmb7Ksv6j2,2022-06-10 08:57:33
5SC3YiRBwQhSHuYvaPCvSpnsm6V2,2022-02-05 12:15:47
5SFsoAsAcePXhBQ8l1J0ZdHgzby1,2021-11-15 11:20:11
5Sw2siTX26UIkdpfQPbKPVeqrOh2,2022-01-06 23:28:02
5T71d0Du4LWVZEWUIfQbZBj0WLk1,2021-12-31 02:40:44
5TB5Q8sJIsddFpcDqviSP8FBYUk2,2022-07-13 09:09:47
5TRJ0tJsVOXXbPlZyvwMymJlUXp2,2022-04-17 01:01:50
5TijqGD3gMUwipftubiAnbdDR5q2,2022-08-01 14:00:51
5TwVvBSbzMgyAkPqR6egqUCR5DN2,2022-04-21 00:36:12
5TxZmBYsgWULHxpFnXnMwj4zdqE3,2021-10-29 15:31:10
5U5LsHi54kXm9wbGK2YDIibhEyn2,2021-11-26 15:54:23
5U5e4DkXENQx9J9plfudpznfEhj1,2022-04-30 04:19:24
5UADNqOaEOMQcLkhMK9Z52e2HCl1,2021-11-03 09:59:56
5UhweHhF2DO3zk2eBpR3yvizONy2,2022-05-31 16:06:35
5UtHUenHPTMAtMyUSEWP9iItyHd2,2022-04-05 07:45:13
5V3R1dF8rpQQAWM1M9hXryqps8t1,2022-07-20 07:16:08
5VBisELsUBVBcjvGgQYArd9IRhM2,2021-10-13 04:34:08
5VEJUNJpRIPsqFgB93wAo5YtJk43,2022-04-23 18:00:52
5VHD3Fq1I8Ydjtoj65Yw7jsnaf33,2022-07-01 10:59:42
5VN8FHU1DkTfu4zKGPADyWidXqJ2,2022-07-25 03:28:34
5VQ19ydESSXFifenqo0DmPXZtxa2,2022-04-12 02:14:18
5VVRRe55jBfzGesGY2FFlnyOklF3,2022-05-07 14:04:39
5Vc1OiClfiSbdAfGUNX2xRN61y53,2021-11-08 15:59:13
5VcIAiKsVXRaU5nI8KIgKbJHLvJ3,2022-03-20 22:23:51
5W0Mpz4S09bB6yhyGjVHrgvBmBs2,2021-10-09 19:22:36
5W9zOjSCKMXn5Cn1DQ0K2X00GFF2,2022-01-21 06:05:01
5WIRdMjfEVMasrJX19u5Fg3M0Y73,2021-10-02 14:01:16
5WhT4nBktWUvFyM8AuHASMZARuM2,2022-04-29 04:11:40
5WzSQyWJJUTwApxdz6RiPr8dbIU2,2021-11-24 09:24:04
5XdiwZ76qycsoGjcBBwcZ6MsVUJ2,2022-05-07 08:20:00
5Xm54PuI7CV4u1oz8sZNM3J2G282,2022-04-23 17:16:48
5Y3z7p3xwlMwjGkkspFp4xLpoLi1,2021-12-25 17:42:41
5Y4a0RvrfLN9S4gEHHTFKjnIJyz2,2022-04-16 05:27:18
5Y7MC04AHpgcBgjcbfOWiLtIz533,2021-12-31 20:40:37
5YGpyVxgi1RRECfTTr7Sh9WisEf2,2022-01-09 11:21:22
5YrFD9tT12VqItZCB3ITYkmOolz1,2022-03-11 07:35:44
5Z7R7fIgk7TyYa8cYcRI5ZAIwww1,2022-04-21 11:21:52
5ZEL46lQSUSJJNDkDBsOR81l09x1,2022-04-28 13:16:59
5ZFjwBMXc1TRy3I5B23j0IVoJI12,2022-03-04 13:54:25
5ZaZEIEbLkTdqQfAlrxUeVj7hCZ2,2021-11-11 07:04:47
5Zm6CM0hUEYdyLcNgqjnTyLQASu2,2022-05-30 17:51:09
5Zzj13xg7ySX3vyQ4Lofm2DIWKa2,2022-06-29 23:36:32
5aEW6Y2GvpRwOaK3R0BgRs9hfHo1,2022-03-16 14:54:17
5aLnU0iq0VW6m6Qc6gS8SkUAtdr2,2022-07-30 11:07:40
5b1XD9zsuSb9rbhsTIEpBfZI5wo2,2022-06-22 15:07:02
5bV4n98bWVTHwEEWMipuTWGQRDT2,2022-05-25 06:05:58
5bZF5NR4n3bM0a22xLLmApNp6T63,2021-11-26 10:03:30
5bwMO0q05igKgzZysCaTMyuNZwh1,2022-02-21 21:52:48
5cXGERjamLOmS9RAKF7QOgQ8lao2,2021-10-09 20:11:07
5clp93YDQsfJ3NYzptG3z8F72ki1,2022-05-27 04:49:37
5dMNiQtQRfZ9dG5LSPVbDTJZumR2,2021-11-06 07:40:24
5dPNZzS40YR85E7HJPqZMa1IVYE3,2022-03-22 09:34:31
5dh0fwt67IWpSdJblQ44yqFMSeJ2,2022-07-29 19:15:43
5e6FBYZwEkYp8Z6ZTvA1Z9lb6O33,2022-07-28 15:53:36
5eHc01pxvse45zJXOaSR08lMieq1,2022-02-10 10:15:48
5eRRZLE9K7QMxjeRVz4jePjdhFm1,2022-07-31 10:07:24
5ebveYVmfeWDXEXfCvoRX21fo5i1,2021-11-23 05:15:42
5f22czKtOHOyZDnrdu9QzObgwmd2,2022-05-05 18:49:15
5f4HPPT2UGMk0OFMlGJtJZaFaII2,2022-07-20 12:56:35
5f9tRC3rQAauvjI6KpzZiSIDeSB3,2022-02-05 12:10:09
5fBlc4134FZ1ZSIywR8On9UsBVx2,2021-11-10 03:26:30
5fBmGfXAFnOWZXyy8R0V2xc8aVr1,2021-10-23 16:51:48
5fGKXqY7tPfeBJ8MOGIYmvFXW732,2021-10-21 13:43:39
5fOQIhVbmVW9x9KGFXkvG473akH3,2022-03-03 23:08:19
5fgCejTbDfZZeRHvgtzsh7QQIEH2,2022-02-16 00:31:06
5gAK7XJWz6fPCeegZflK0oumiof2,2021-10-18 15:25:02
5gDEGSUPKUMTI0KX0iznGOwtk5u2,2022-04-26 18:30:48
5gLNngpTL2V5U3cYuikJFC6NG033,2022-03-27 15:01:35
5gYLk1keeUN6tpLrzmFS82YKvGq2,2022-04-09 11:48:41
5gwXxF9AQdNjVieISfOCMc8sFBy1,2022-07-06 13:35:35
5h4QDeZkNaVtJHz3X3IyGKFFRGj1,2021-11-30 03:40:39
5h6r62MjheWRt3jVFg9vfjkjm5b2,2022-06-02 22:50:47
5hKybKRuM9VH89zLuPnbvsoKHWH3,2021-12-27 12:52:36
5hPY4bAlPmXiwSmFygRtxcZ3pUP2,2022-06-17 05:31:23
5hd1iAC5kzPOzpT3M5zLFu4Z9Ml1,2022-04-20 14:12:13
5hz2V2WsJ0gUha35TMXRO0xGT572,2022-04-19 18:29:46
5i10AmeYhUOridbupvLCoMkugMm1,2022-01-16 20:54:49
5iHheLufnGScSTAE7MIcRbGDObS2,2021-11-12 18:32:36
5iXtPg9BsERZNdrqEqDuYUfaWeK2,2022-03-10 04:20:16
5iuscvmEoIXNuJBtHpqTpSgeGWA2,2022-06-29 16:49:52
5j1seOach2bB39rK28Wb6vpxqTJ2,2022-01-28 19:12:28
5j63XPECAncA44azL0XbqzzAgm62,2022-07-30 10:31:46
5jk20RuHvFgeika1TJawaNCP9ed2,2022-04-04 06:36:31
5k9SiFqRjybrqwWelYyeuPsxSC12,2022-05-14 19:42:27
5kVZzYOTWaRTH0WTaS1znjNQfup2,2021-10-22 02:18:58
5kWn9q3Q9DSLZKZaT6OFsv3KlmT2,2021-10-23 17:09:05
5kf78BBnfEgqU9uwIwuxzK32gW83,2022-02-03 00:17:59
5kux7LXd8cQQEoYydIoH6iyGU2P2,2022-06-07 11:25:01
5lFAw6FQEbVwuSthw41FVwchM4F2,2022-06-10 03:23:14
5lFL3mibtjSh9xPu3arJLM9Mzi03,2022-04-29 21:31:35
5lK5eOvvlmaQNj3VtkXoSJm4YDe2,2021-11-08 22:48:49
5m5LjuFK5qVLD3Rv8qZaVOkDmi12,2022-08-01 12:11:43
5mAfPhOr0gXjY1QM7tmuRMMCw413,2021-12-04 01:34:54
5mWQ9tHsctaEnXis5uzYo7k4Kmj1,2021-11-25 13:02:07
5miUEkmcmvXwkUluzEcjiYeJL1q2,2022-01-31 03:42:01
5mtF1uXoYhPcmpNxxKvVeOhHcbl2,2022-01-12 05:01:22
5n94XqzTArXHIYFr0pT0ePjM4F63,2021-11-16 13:40:48
5nJkgHdZs2RS6klEIItTQbCfPfr2,2022-04-18 01:06:43
5nKUKuH2lNVm5rr8cG60RWzxXQE2,2021-11-19 12:39:48
5nWmUOE9RzVCQIKxSARsl16Aien2,2021-12-22 22:24:51
5nYHTLyEEHThbtKDIys4B81jTCS2,2022-04-14 01:03:34
5neHdkH6zjS8F8QMNtT9Q61XOz33,2022-04-04 23:09:30
5noE5KnVdfM3ek8tlIpHk1Md2VQ2,2021-10-31 02:05:28
5oBKfZGJ7FOiwjZ2y10oQHIbazk2,2021-12-23 02:59:20
5oUasbuRK1MRbfga1XhU440Dqb53,2022-04-19 04:46:11
5oVTHfOh8xd6tdeqxNUITpxMAW53,2022-05-29 04:20:24
5oVgjVHlJfMacP3NK7DsY2IefNU2,2022-05-22 12:15:40
5oY8JX4moPNS0kp2mmREyYutwS53,2021-11-19 10:23:33
5pA6kjxCvtSZ2ANJjRMEI80YZeb2,2021-12-22 05:13:33
5pKskyiZYneqjAwsdOVmM51Lxzw1,2022-03-15 11:05:30
5pT15SYcv6fBQT9ctdzD7uDispe2,2021-11-12 20:02:56
5pa5dNiGPPeNbah8IxSzr5qeEv03,2022-07-11 16:51:25
5pbwBq5O65W6yaZPxvaT3vOeEv42,2022-03-09 06:03:07
5plVsbGsJDeOPPlQYldG0Q2Vurq2,2022-05-08 23:57:18
5ptSadzbhnT0oQzpPPjgKEjALWD3,2022-05-02 11:15:01
5pwbhv6c6vUVeaZbt2B9yij3ocb2,2022-05-17 08:35:20
5pyvx9GKkYeWIgiROR6qAEBNVKT2,2021-10-18 14:41:20
5q2wVFM0FcfNddhjBhrnCQazIPq2,2022-03-13 04:20:43
5qD4gb25bGfbDTj0VoPxmaHajPD2,2022-01-12 20:25:02
5qG9OmSphLVSl9DoQo3lIRsS2wm1,2022-06-13 16:18:09
5qYBagGKL1UQGUV1f7soUhl5pGx1,2022-03-15 05:08:53
5qeS8rrcgCNFRcqFlD4iF4ZWgOD3,2022-04-19 08:09:13
5qoqB1kYNzLluRMVRkfJ8R3Ldxx2,2022-02-18 09:50:18
5qqMUfK0kIZg7hqBY5d0qV9bRTX2,2021-12-23 09:28:34
5quZ6GFuirO5v5eUIsDHJAbX4H73,2022-06-05 01:22:33
5rOQUy3DWeNVTLdERyK4QO89JVw1,2022-03-22 13:25:03
5rTgqGLeFhfpioBww0RfnoJwpqh1,2022-05-07 07:03:08
5rYKiyT08LUCBKfEAhqkDYQG5LO2,2022-05-30 07:48:42
5rZ1otoSrWcCcPBcVTzGi7ySWUf2,2022-03-18 13:29:44
5rbJL6mLAQfFqUQsyH92PDQWYmm1,2022-05-28 17:09:32
5rlsjRhBcsX4Cf8QCtrw5tGlbc82,2022-02-03 10:25:21
5rrqcBkVYDTpMGGbQl10szc9gFI2,2022-05-29 12:48:48
5rx2t5mpIvOCBwUnb9RDstfF5Or2,2022-03-18 06:16:26
5smEE6MlltO2gkApRJp1A0cJ4d82,2021-11-05 16:08:58
5spRj0o2CDdjeo5CTgBNqNcyJN02,2021-11-11 21:40:25
5swDcAeF3WYoPUz4wDLq9dmarxv1,2021-11-06 17:17:58
5t0e7jiHpTNIDG5VEUDnrW8zahA2,2022-05-24 23:42:57
5t4Kdi25ETVttTHdPBuzja5HuFA2,2022-04-05 13:11:47
5tSr8lF4iwMYoz6DWJveYaGcSSR2,2022-04-08 07:21:19
5tTe7Cuq9WYJbUM7YEhSpriMkvi2,2022-05-16 10:25:09
5u8exySfDqaGZnHAznZNx79lCSe2,2021-12-03 07:09:25
5uBAeL2LtBPlToum7w8eSOQlJfo2,2022-05-08 12:27:30
5uDzpboc87ZoULyGg671APzJi6n2,2022-05-17 02:46:27
5uabXfl6yCceBtSgM4PUhDoxVym1,2022-06-12 07:29:49
5ubJNepieJQ29YW6giTjn35tWiH3,2022-01-04 05:10:31
5uiSPsNzpHbijBtPMX1KQwxRjmr1,2022-04-12 14:28:05
5v0HqvHd6XgaA6ygzZ3VePRlYoR2,2022-04-05 13:54:57
5v66Pv57Gzd1iFPN6akUtllQ2J42,2021-11-04 12:19:54
5vW33ONX0hb1RnrMDItRCZXJKvI2,2022-02-28 14:42:19
5vt6I8lGYFVgyTJi56XXExujzYy1,2022-04-07 03:36:50
5wMoldFOLMZd6MKqg6jvmoFISfy2,2021-10-18 06:00:46
5wdVgXOu2jgmmKTWXI8A4tPzzYv1,2022-07-22 15:13:50
5wyqqGbsXnPIs5iMaWshugb1tTy2,2021-10-11 04:40:47
5xTCSfgVwGe7rpfn5MU6Hh3KsF52,2022-04-11 22:15:08
5xblfB5vfoMxwDQDOQbMMzHvrYL2,2022-01-14 12:39:21
5xbxAzUCyZSoQ7XV4VnA6ah4sf43,2022-04-22 06:55:23
5xh1PuTfIOP3UwUXdtL4WO4ZU252,2021-10-24 04:42:31
5yKRUjcraxPBVmjxyJPfhYrAOHe2,2021-11-17 01:42:30
5yyaz73C8wUM4tBen6UBeWbSSC63,2022-06-28 23:01:44
5zN0HoCV1BfkhCRVpZF5HXW6BOx2,2022-01-25 21:02:13
5zRqLKE84hRZKFlqvVzI1tUXCXv1,2022-04-16 10:51:06
5zUVuFAUHxXZNZy5SOJWEjdhYOw1,2022-04-26 22:01:45
5zXeMCBNCNOlen5LZrwzDYtmS9n1,2021-12-22 12:47:46
5zceGWdmLFeAo68QBTZtIyKj0lA2,2022-03-15 00:06:13
5zv1pClUKeQf9utlJ4LO9ATXgK43,2022-04-03 06:51:51
5zvBKIkkDxcRbBYpJUpq7rw2JN23,2022-04-17 09:19:15
5zyKgU4PRZMPr9muOXA76RT7ubf2,2021-12-31 18:58:24
602lu9UsM6eurcc6win4XfBPYCP2,2022-08-01 13:23:27
609DfkHD7bVK1CQaHwBlRpqngjG3,2022-04-24 22:44:56
60GGokoXevcmcpeJ1hFTNWbTyRE2,2022-04-28 07:54:25
60SDSdQFePNcuHOW4gbFtRWv3D13,2022-04-02 13:08:32
60vpERytCmSjKpLLzoUpwbwI1uv2,2021-11-30 20:39:56
6166X45t1oT06ULlRxcPntNN7953,2022-01-19 04:44:22
61BvrxNYcvd7jNr3GUwEs3CXkGU2,2022-01-01 15:09:06
61J3OVyG64XfcfOYOCOQnOb7oIC2,2022-03-12 16:36:58
61S37oK9haY5cuKoryY2kgGQKzu1,2022-01-11 07:55:08
61hbYmqXsfO9AA69BKy9KipyZcp2,2022-05-01 15:52:52
61qCXutPxcNkgKaKxpQl8ytqU3x2,2021-12-11 19:07:45
620OwQHDRdWw9A4H1CBHEpf40rC3,2022-04-20 23:58:23
62Zpiee6mCWXIYsNWPFexHKhJeG3,2022-05-05 16:19:32
62dQflHcX4QPvYhjjqkAdde5zYg2,2022-03-03 15:48:21
62dnY70xZLeRCIVdK1bYNv7tYfm1,2022-03-15 13:14:17
62tJYNaNr9QhajP1hYFCyWxeTIs2,2022-03-13 14:11:32
62yRXoOaN4XXbdCGsmOog6jd3522,2021-11-02 05:15:30
636qlVu6V9YRGUjl4FwjVXv4hcN2,2021-12-13 07:39:00
638o8Mrb1sMp7qTUeT5lqI2RzYY2,2022-06-03 13:22:45
63X16vWbauVUuRhHjyvhLqNEahG2,2021-12-15 05:20:21
64IfEOsTWIhfwOWU5K5V5uluOK42,2022-05-16 16:32:44
64XcRfkvmmYAybrCAdPhCUK4Ks43,2022-06-28 02:58:37
64i8W2w2TGZmQvQ6KOsZc3MUrML2,2021-10-23 15:02:02
650LfuDNG9RV4SUNwMAUcEptAP22,2022-07-21 21:41:24
6526HxTBnGerhGHvOhDCoq8NoTA3,2021-12-08 07:58:31
65XCnb6lOXZnaCqXzB4eSh6s3xr2,2022-05-21 19:08:31
667GklZQ7aZCReLIwpxrc7qJbiu2,2022-06-01 03:24:24
66iaLEpnGSa2cvKpnBlf6L2vgOh2,2022-07-16 02:40:56
67L6aXfQ4vNFwZTTrk8QtpECYRl1,2021-10-12 04:58:39
67fmiIqFuRhGnOS0ZO9ULNEg4CA2,2022-04-30 14:41:11
67mQ337gvCURJ79gPDp6Czwq1fU2,2022-07-24 00:05:48
67wiIEzBsqNjFvFTIDVgksb7nsB3,2022-05-02 15:32:25
685VxvMj5ZbabtwVRFTxkBWLLt62,2022-01-19 13:09:55
68BOUxMFWNgahF3oJdQImMvl9xC2,2022-05-29 11:11:38
68h6hfZF9EWx3tJpOdJfYxZuR2D2,2022-04-19 19:34:06
68je036neFd2kSDPX7dxb1S2Fb83,2022-04-16 13:00:17
68zk7h3fKWclbhiKRXi53JHHxZ93,2022-07-24 06:41:06
69UI7x9IkmgixlcoeJsiPwOZbzC2,2022-07-26 09:44:07
69cLkF1TWIOsDq6zxAWsXlIUT0t2,2022-07-27 15:39:03
69fAs77x0wRW0ZcTbd9z3XN7Wdz1,2021-11-21 13:59:47
69h5VaDNBIS98UvCvgzuzJh3kqf2,2022-05-17 08:02:18
69yFGTMgsuOC64y9mP2BoByldBx1,2022-04-20 11:35:45
6A0jZFD91tR4FYyVP0qrDJLd0mE3,2022-05-19 13:25:15
6A55CvNLg0a041w7G5SOH7yidN03,2022-02-11 00:52:47
6ADJosNgPbZ5OGHrGmf50w0jl7o2,2021-11-16 09:37:21
6AETHkNe1eTnC85AErWOScdQImh2,2022-03-07 05:06:11
6AJGtPZ2oygST1OAl8bHj6kgHYY2,2022-06-27 05:48:44
6Ai36PtQBDbwXXYnr2n3Sj1mfco2,2022-03-07 00:22:18
6AlpVAEWhqSZTckmYZKlrqt0SYK2,2021-12-14 16:22:58
6AxZkE5H9bf6usLm7psDH4eYXAj1,2021-12-24 08:51:54
6AzQydiF5EgxdxxkduDCShmJ1Q53,2022-07-06 03:08:08
6BETsmwDQbVS7yKuKEdxy5Bhct82,2022-04-02 05:51:18
6BSvCPzMfObefhiLPUVXvgoYqso2,2022-04-05 09:26:07
6Bk1uKIW2FNVWdflatY50oaXTeC3,2022-03-31 01:07:20
6BmjJdYmkzPAj8lUVaLMWuCPb992,2021-11-03 16:15:18
6BsMWHNpNcbS2y4NuSRshqZdMl93,2022-02-11 17:23:21
6BvSxNDutuQVZydJk0a6zrXCGCJ2,2022-01-02 05:00:01
6CxzdKiErONUo0i7KijGHm8YJNJ3,2022-02-20 13:06:20
6D7rtvtMcXQhJQvyzaaWtQVLXqp1,2022-03-18 14:11:57
6DHF69HLHShP7XmZUmLdYRczoL63,2022-05-06 02:35:15
6DOrURL4iRffSDP9mwnDNklY8p32,2022-06-17 14:46:03
6DgIMqujUMbYpy7R6sB4TdloQ6E2,2022-04-23 21:19:26
6DjbXxmOCHSdk1lydPBXbYI61Uj2,2021-12-10 10:50:56
6Dw44o8XR2P0khDgQgRFCXi168E3,2022-04-28 23:39:47
6EPzTCsnivPlA3wC4WFFYelR79Q2,2022-07-18 14:11:24
6EQRJ0EXNJOUPpZyXfbn7314w473,2021-11-08 15:30:39
6EbYWmjlOxRFs7AeTkki4BD8rDD2,2022-01-23 05:26:47
6EpOSEYb3cYiGszpjds8GxVgTsH2,2022-03-30 14:50:11
6EsnzUEeM6bGd1oakDxnIGXktxm1,2021-12-11 09:08:36
6F8hFxqDkbXSZygmGghaOwHQshB2,2021-11-19 13:58:50
6FB7yW7vnmfOtTjMA68Bv3Z6O4j2,2022-08-01 06:07:02
6FIs72ifoQYD9zna1Xd8tninBCp1,2022-04-10 08:30:55
6FtnTX5cYVUsJSwjdY3z5GW5U6D2,2021-10-27 05:47:44
6Fu3AqOhH7duzZiGmgocwlLWIva2,2022-04-03 02:48:17
6GJmaJOqgqXHah48S2hCJ8ewnQL2,2022-03-16 05:59:49
6GYaWKuE6SXwErl8yQPROJ1JxWY2,2022-05-15 08:49:18
6GeAH128hHPVMghpiaqFrHD5c543,2022-02-18 03:55:30
6GgOALxs5nOkOEXgmoj14nTmCzj1,2022-07-28 18:11:43
6GjIwMHnfVTiTcaxZXQXGMBK14v1,2022-04-07 03:58:37
6GtTAJxQAwUqJJKYlH5CsEttMAQ2,2022-05-15 18:44:09
6HErg0Mv96XGA1SJP1HHBD8Gi6v1,2021-12-07 12:07:18
6HXX0BY241XVCnI3R1h3ZkqGgkI2,2022-06-19 00:13:02
6HwXZrzpgCdeawkV9krFHq1huQ82,2021-12-20 09:37:39
6HwxPOq4LIZKjzZVXrVjSxWDjXU2,2022-05-11 23:43:00
6INbfyCh5eORq7ueCAXPl6fvvL43,2022-05-20 19:22:25
6IhMlKSp4bXTraD7jUi1v68Y5J23,2022-07-17 13:59:20
6IwTmRnvSZWaZFJoYy4OMA6Iifk1,2022-05-28 10:14:03
6JAGzTi718fpFIyJ8FtEWxJcFS43,2022-04-28 14:15:31
6JEXP8bJCIMlVX5sUjUdYhewb773,2022-02-24 10:57:01
6K00RSU8gccZANxKDt2pAIOuZFl2,2021-10-08 05:15:33
6Ku0DthyVBeZX4YZi0XHLemrjBk1,2022-01-24 12:26:13
6KxwlQErErQwoqHDcm1AAqsxERZ2,2022-06-14 02:31:16
6L0oSLN8omZMHepnpqUGUkDo04J3,2022-05-25 05:30:43
6LWB3ukafFQTJamA1j2LsjeUJHp2,2022-05-08 19:15:42
6LX6jCQhw9c5KE7oUqoYa2AZHPu2,2022-03-09 03:12:18
6LZcHzqQTkU2DWLTzfyRFp40mW43,2022-07-31 02:59:27
6Lkavc3bfVO8NDd9JP0GV8pgtTz2,2022-02-26 07:42:31
6LtRHDCe0CZ5T68BwqMCYSMoync2,2021-12-13 22:39:43
6LxIxBHlIQMc102z7BDXf9YXPBD3,2021-11-06 19:05:43
6MAULiKI55gk61G4viGXLAc046j2,2022-05-23 13:00:49
6MSkCIPFvsd043XiVQLRLabqmqv2,2022-07-08 14:52:34
6MbYH4cYQAXGcYAxxyF0F6uvlxj2,2022-05-28 01:03:33
6MtJ6hD8WCX5S90fB63mTBDQF9t1,2022-05-22 16:20:33
6N0jRgrgq9U78yqWYwFXj5y8xk53,2021-10-11 16:25:38
6NCinfSYqDZvyBNQL6PST8vudmb2,2021-11-28 09:40:03
6O7vMr9veUPMVqhggDlXj417jo43,2022-01-23 13:08:48
6OBszd4dUESPbGPjGGYRjTNWxi92,2022-03-13 02:12:14
6OR1WEgiosWYoZkuXRfTSLItjjB2,2022-01-04 15:39:44
6OV7UhTXz4WktCAJuu5tQF91Rlh2,2022-06-14 12:42:22
6OsCoO0aWAbczyUYzem6Kys8dlJ2,2021-11-02 00:08:15
6PJENjNpz7XvLDZdTMoTF7w1e7o2,2022-03-10 06:02:20
6PtJCQPT44VvsNUsU0MZWvJPnQ23,2021-12-06 02:58:56
6Pz3ulfdJZWPxeUFkzDys4vAvbj1,2022-07-11 06:49:39
6QL3TtiZoYenn8XUqsvc9336Qmv1,2022-07-12 20:47:18
6QaVma8rz7TNZDNv9LCB9nOSsZr2,2021-10-25 21:59:11
6QulkYX5TfUxuyucZUlZZB9rI0K2,2022-04-16 01:22:09
6Qyao2wU2EdyuHIHAG6vPqd6RQ43,2021-12-26 08:30:57
6R2LLuZjbVVzoPA52gOwjSdnlck2,2022-06-10 00:42:41
6RAwS8yiiEewu5MLhK0nUQfuI403,2022-04-20 12:16:11
6RDmTTPXAbYuudyGoRE6KQzh6Po2,2021-12-13 05:06:25
6RIJOMsqXBaczOJY9apr7lm3Ut33,2021-12-04 11:00:18
6RMjFXJuXcYwxF4AE34y5kM5uK63,2021-11-24 03:05:29
6RNpmzjYasQnqxVY2y1DxqG7iCv1,2022-05-02 08:38:04
6RZ7wmRQwwVjm70fMO183l1b1id2,2022-07-13 15:12:54
6S51cBbef6O0gkWL8TAbf9uzGtY2,2022-02-14 09:31:30
6STUkEFEwlMOaAjs0j6ND3iRo032,2022-02-04 10:02:30
6SYxXRxRojgZL5loq4K3tWnWqru2,2022-06-22 14:51:07
6Sg2Dkad5IOFbN6IjeeAwP05iEI3,2021-12-18 12:39:56
6T4tyIM4TKaEZ0INQObX9oWEIz63,2021-11-08 17:16:12
6TVDcFXUNIdkh5Javrl7NQUX36X2,2022-06-16 18:35:47
6TbcTTRCNZSzSr0LcSllEJ1uU6D2,2022-07-19 18:47:22
6TsRLsNSsPXXC7yYejwMUdRn2az2,2021-10-04 19:20:51
6UKTouVA9sat0VgzTlkr0ierEka2,2022-07-23 22:40:44
6UKhObxXIsal4ivMCXeTOGwvmfz1,2022-05-30 13:16:45
6UZA5uu8FeeV8Zb2Yk8MVdGgzVW2,2022-06-22 14:34:11
6UrhMg6xplgQFiCukAnkpNT0fzf2,2022-05-26 11:44:05
6UrkiGWvCdPHnCj9ODZPZPDMPDq1,2022-02-21 16:38:58
6VPDvVbPtLMLBmCNe2T3ob2nkyq1,2021-11-12 16:51:36
6VX9QDEIyVbjsT6bQHvZHSs4c6d2,2022-05-14 03:10:14
6VeUD6LUPZhiKtspwxwkZEA0Cvr2,2021-12-25 06:09:47
6Vwx833tiRgupQHXKSEQ2Mwnd153,2021-10-29 21:21:46
6WOAjp4jxsWOVxcSFp6wjOii0vc2,2021-11-27 14:29:25
6WPHu9DoSRcKkuVVYOz7MjllyX82,2022-01-25 20:38:09
6Wg7PAkdT7gBTOKbszS9l9hl7wf2,2021-11-29 12:29:14
6WkdiQlZ1tV999jESo3uPfvqPyV2,2022-02-23 10:04:13
6X6kX7sEOTUpE0JWMIDbd9sAujG2,2022-03-06 21:06:30
6XJfGogqx3XHuBVewuuzo3p8HHv2,2022-05-29 12:14:06
6XdHNIFAaxYWx6r6LS5Kq67Elwc2,2022-05-27 21:10:47
6Y24ypCX4bRp2x9Tldv4KRLkaQF3,2022-02-01 06:01:40
6YIqJcpShpTjQK9eoCfq2XmqVyT2,2022-04-16 09:50:43
6YjId1WfaXSV5TZKEN0AiDgX6B52,2022-01-04 06:04:13
6YuSUGJlZcNp0q9O14Ghknx9g9F3,2021-10-30 12:15:26
6Z18QFhe9DX3FM5Ksqdga5fmD953,2022-06-04 12:35:07
6ZVJ4kkP8gY3l52ZrzTo526rFIm1,2022-03-22 15:36:44
6ZecDf2tokgCZTe5tWbR0LgIKHy1,2022-08-01 05:45:39
6Zfv3JWIUbQYKC5t8lZrHqdzwco1,2022-02-14 01:51:30
6ZkuPA8bxSd1aH9KE5BisEGpA1t1,2022-04-02 19:58:23
6a1ZqF3NPpOu9iGKqbIMVUPhhY63,2022-07-09 16:56:14
6aAsq0ipMWhjRrUrkIe783SitlD2,2021-11-19 05:53:57
6aPP1pDzGLf1V2pBAGmsZhe1Spa2,2022-04-03 13:27:23
6ab6zrKcZqbWNwRYpaGwdJGZL9E2,2022-05-08 10:31:16
6aqypjRmMSRywoD3KQbcszD2DMf1,2022-01-14 01:29:09
6bTy9CG7zngDyScN8mKMB6b99ph1,2022-03-27 12:00:56
6bVgYRRoDhOnOqaxsOI4YRapHY42,2021-10-24 07:30:08
6cNMM375xJPxo0zsUPp5UiJe7Ox2,2021-11-11 15:06:29
6d5VAw5clLcZrDaMhIfmpemfjAd2,2021-12-11 07:16:55
6dWoejKssVYnCXjVthda55o3EJh1,2021-12-26 05:35:41
6dfvDfNTlYOPHXsf2zlqiqx85ZE3,2022-06-22 19:12:54
6e7f76BUGUf8I3FuyxOUWIRu4Ik1,2022-03-02 21:19:48
6eZsGXchzbRVMT0Qx3Tq3f5sp7D2,2021-11-12 11:41:55
6fR7Y1sNDkVKBoOP1uGzN3c7PJG2,2022-04-13 13:43:44
6fdawAk2RGhuGlBxP8R9EyQeY7w2,2022-04-05 07:06:48
6feQDSTdSTYNslXRthqhggPE85z2,2022-02-11 05:36:28
6fgdVo7GEqZFb3UIsrsPXqImSIp1,2022-02-10 20:08:16
6fhGGF4P4adP57t4oxWGNORLf882,2022-05-22 08:13:56
6fiD5SOYOxOcpYx9W5tUYRDzUV03,2022-03-25 14:23:22
6fqoh7RmSshiczvD7V7uMOuH4Qe2,2022-03-10 04:07:21
6g6HIYPko6MtvwDLJqae0Sf6OqX2,2022-03-26 18:37:18
6gbuRAt478dvYona8b3fFEVcYpV2,2022-06-07 11:58:36
6gnLZdo7QXg8ZbNNqmNEygKy0Hl1,2021-12-11 05:25:21
6gs3h4KUsvbJhK88IiUdXcXBA6i2,2022-01-05 15:19:29
6gwnyFF5SkSgsd7pDZSeV3hZJTs1,2021-10-11 00:56:37
6hM712IFd0NdhQMZSIegMwUQtfH2,2022-01-08 12:53:34
6hgAZ6g8VLaW9yuQPGH0vSETHFb2,2022-04-29 08:47:11
6i0H1uAl5dadrJ1EVSDlmNZG0md2,2022-02-15 07:24:55
6i4jpQXTrPVpyAWi5ED2qovRB503,2022-03-09 14:52:46
6iHyHzr0kgPcRbDlxBasG6ikKE23,2022-03-29 14:19:11
6iQatfRKCadHbvzLKIzODWIJiFq2,2022-05-06 21:06:58
6iRpjw9lZzdxn0Eidp8kg78pH3I3,2021-11-27 17:15:43
6ijpN2KLukZXx58Ztvywllso4Mh2,2022-01-17 10:29:00
6inkED9bS0cvWbxCIOE7qUaSVwQ2,2021-11-14 23:11:42
6jKau2Dt8YgNfPzNup9tgQDAGGw2,2022-06-14 12:31:17
6jtcQOKVuvPHCKwDs95VPrTUslf1,2022-03-20 16:46:51
6kaxidaMmweZmIEmnjM2Yv0QBtM2,2021-12-25 12:48:48
6kfHYlnsGjOU33Y3IXCYGyHMC6I2,2021-10-03 18:58:57
6kzM3iYen0bbiWApd0UyPYk5Klo2,2022-03-07 15:15:23
6lAs5JO3Redb4zrmxNJOHWpAIbC2,2021-11-29 06:39:21
6lcxvoX14yN9rW2ay5m7xQVyFpr1,2022-07-07 13:41:21
6lqMFdwejJcku2mnwpPWU9XDlNn1,2021-11-02 14:17:50
6mQnq8zi3AYJzxen8tgn7X9oYkK2,2021-10-24 15:10:16
6mcaEhNRJYaabSwsrzPkLujZZgU2,2022-04-15 18:23:50
6n0as9L071hXXW2QrShvYdYM8Rg2,2022-04-18 09:56:37
6n55SLwMgtPFB8HoYzH4iiX38p52,2022-05-09 00:17:53
6nB0bI171KTdnbxQ4vdyowHvYa92,2022-04-01 16:48:00
6nDaIawOFiOLN8UomgT4Um6VLRX2,2022-02-06 02:30:31
6nEYHuCYGEhwitmMkpKureVxQp22,2022-03-28 12:09:28
6nJgJw3fIUT8dYtnzUWR4H7J9Xn1,2022-06-21 08:58:57
6nOLwNbtP0Xleqw09XObIcnKcmV2,2021-12-11 03:46:01
6nhEkNf9FjQIvF9Uw5HEbn0FM662,2022-03-31 01:29:11
6nl2REM8AIMKCUiLQ5SP3IBV3jd2,2022-05-28 21:30:35
6nlsw1KX2LMJqg2UnPVGEbvatRA2,2022-04-17 05:37:31
6o0LEqeYYFVFugmxsa4Nlcr235x2,2021-12-12 21:43:32
6oEZKCMtr3RT9FF3a65NatqyXI03,2022-01-31 14:08:34
6oMEp6RvojYIiTzDUHGm4uPOCjc2,2021-12-23 15:47:56
6odA3xqdIrZWJ2rzdJtXiwUN6HC2,2022-04-07 23:57:55
6omwzYe5f6V8dXn4O7G68UUu1Ll1,2022-06-22 17:22:38
6pAKlpaufPTtO19uozySXqNZGKj1,2022-05-31 02:50:51
6pQTKOENvOcpYJCVJwHeFmMitGG3,2022-06-29 11:18:13
6pZmZxRqfsTtfxM7u67bptLMCUn2,2022-04-01 09:13:33
6q5szCfeKVPWBVnhP6TQFtA3cpz2,2021-12-26 16:22:29
6qVIXQSrmvXAfUrDQkdKrvlKH8q1,2022-06-05 10:17:14
6qZ5NIwDDhXLT8Gs50DH1PuDOuJ2,2022-07-03 15:41:26
6qkorHapigZLitA0hDvlv3QAHTQ2,2022-05-24 04:33:45
6rLILmfSuZNaOCf6WfEgzOQprN12,2022-04-29 04:48:54
6rh7sP6Uo2YeH0LqM0NUO4cI9Q92,2022-07-23 18:01:24
6s2RzeJT0oPw4GEzfVspyHIzFl23,2021-11-23 02:09:40
6sBh7PfJjzbFFuUlJD4kcIF8q253,2022-05-06 06:57:48
6sHMazMbJ0fTc6cdDmIM0vQAxVe2,2022-05-05 09:43:20
6sKCBVP1OeTf67fC5shdgtrCQ603,2022-04-05 00:50:51
6sPCnoaYT6ZzHcS410cM3UHEN7u2,2021-11-01 05:10:13
6sPTG9mmuRNRML3LjitIiObscBM2,2022-04-16 08:34:11
6skf2Rezg4Zqn1ml1Yt0X8BHjEk1,2021-10-26 20:40:37
6t9xmOShaPftmx3opwxRBoxk8Do2,2022-05-23 11:27:07
6tLacdHkbfc0667PWuTPPZlRgW83,2022-05-07 05:27:15
6trPdxxBuCSWlbA9jK3M7j24Zpm1,2022-01-05 23:19:46
6u4CuwJwIDSmBjGE8rGGM3o6ccL2,2022-05-13 09:15:24
6u5ISry8xigdx5tIRrbO0evMvLu2,2022-05-01 03:33:56
6uWLP8takJMtgLJPLw4vIiyM6Jf1,2022-03-18 17:53:00
6ujHEDuPntVmDgNwPfaKb8OQBCq2,2022-01-09 02:29:49
6uxFo4YE7bSQ4n3FRKSIBX16Awl1,2022-07-27 16:48:29
6vCD92FKfFPf2VAX6iiJmIcyu4I2,2021-10-03 22:59:24
6vYLHGnpHDTe5Gj4Askz1pUp3Ul2,2022-04-13 10:00:22
6vb4kGNZPEWVSc1u18rPCVIH2FI3,2022-04-12 07:27:39
6vp4mkt4FsUuEPbWipHPAXd0k0B3,2022-01-21 18:52:26
6wRkbAYgybTf3pgFwNUPniMUBGg1,2021-10-30 03:41:58
6wsaC93uQOPRmlvKYOsbReBM9Oc2,2022-04-08 17:15:13
6xK2lIU5k9QyYQn7FrOUQOyqHJx2,2022-01-10 02:00:52
6xKxlgRZSHSuEQ7aSVskGFo5vqQ2,2022-07-12 12:57:06
6xRXefu8rpMvr7cW5fFVKo9vNr62,2022-07-31 10:15:24
6xUkQ4NvVwUrJPczUeUDvRjQeCf2,2021-12-12 16:50:06
6xZaErgCDubz2veKVZx9cvt9OEh1,2022-05-21 14:27:02
6xaeflrKUXXkER8MasLFNr2A6853,2021-10-04 01:41:00
6xb6PHRGztR9gWpNfAT6K74t7YO2,2021-11-27 16:42:47
6xbNlvAvugYb3tbK6zUhE2Sei7D2,2022-07-20 15:52:39
6y6F5noKZANqH3p5KMe9Gra76ur2,2022-07-31 10:04:22
6y9ayYDwtsRrC5dEOybBPREmgEA3,2022-05-30 03:23:48
6yOvKNsvfUhDuYyejAoqJ2yS3Pu1,2021-10-14 03:45:44
6yg5HpnQrWhdshkmpldRJuNcduV2,2022-01-31 14:14:55
6yhk7bsTUrYZu4gORftDELH6XtX2,2022-04-04 06:34:04
6ylkvJpXxCS9gzy5w6Ic8fcVhz82,2021-10-14 23:44:09
6yo8Sh6VE1Y9pxYqlC2rxBFtF1E3,2022-06-16 15:42:56
6zADpGvgWOSQwFzTQhIPQscz4e92,2022-03-14 10:23:43
6zepNEuQy2PDTH4nZvJq12i99Lw1,2022-04-11 05:11:54
6zkkjWTNIZcPks289retdh6rSZa2,2021-11-17 18:40:50
70KPKLFyTkOhwYDPxu6iyfnbaz72,2022-04-23 05:38:58
70PEys5jW2Y9NQsLx1H65d4eGPx2,2022-05-04 08:45:17
70R8jRRK3qOY8N99sFTERkzJsvv1,2022-01-21 15:45:44
70SdtCuBtMQENTy75Jr7EXELbO62,2022-04-23 14:31:06
70aBq0z8qbdRPkq42pExfkJtMcF3,2022-05-29 15:44:49
718NvRvW34bfWSCKYxfKMHGUpv13,2021-11-25 23:44:43
71Hleke9PGf2FKLx8aDV1iEUMXR2,2022-03-28 04:48:39
723COxt7GtbZ3UqMfpNiS1Rlae33,2022-06-26 14:04:52
72FReoEBY5OrtOewesI6CSkn7Ag2,2022-07-07 22:26:53
72tv75TKVdQur9tMXJ3BqP5d8W13,2022-06-27 07:42:17
737Rud43nlYJYXY25fvCH2jXJUv1,2021-12-23 03:28:24
73a1nK6MCzfTb83TOFeAuWQtCuW2,2022-03-26 17:18:40
73fVkC8NMeSX9rs6sLapbgrAEQx1,2022-07-28 15:26:32
73iCZZiVPEfNQlyHRqw6GeFzAIE2,2022-03-20 01:20:38
73pkxnOjoFUMFY1Db4Q30WUvNMb2,2022-07-08 07:12:04
73xZda6ErRhbX6tN4EhXEkF2ykL2,2022-03-24 02:11:33
7485vsXfOxdutrLjGzxQMLKVBd72,2022-06-20 16:23:11
74NedZrReYgceqJZmGxZCXrFe1M2,2022-04-17 14:47:19
74QHcxSNWJhAcOsB51DDVTB8wgJ3,2022-03-26 21:38:55
74rulUAxDmZJsenOfgIslnZdX1o2,2022-04-29 13:23:14
74t3TBsbxyPuZPseYI37azap4wk1,2021-10-08 03:45:02
74ujnUUHLiZuGNfuVAXevw13ptV2,2021-10-08 16:53:01
75Az5qliRuddR5d3kN0qq736MAd2,2022-01-01 16:10:34
75kyDr2kDjczIxwi3d0ngJ15y2v1,2022-02-01 09:29:03
768AIIzgDFRJgkfX5SuSJ5OXNEs2,2022-02-11 12:06:39
76YgCvnlK0Yfd97ppNoPDtb6Jgp2,2022-04-25 01:47:57
76a8kLUVxLdRl4wvdPbk0ENcyav1,2022-02-24 01:38:48
7716dNSJVzWCP9UWHrrvPu0SQKW2,2022-04-16 14:27:32
77XHGc41A3NDkpYMiI8OvVNHfNY2,2022-05-26 14:08:32
77eyp4aovxgSo9MojkRRNudHbKm1,2022-06-07 06:51:09
78EhisDVVKdxLxJU7fLhFpEDzKA3,2022-07-12 00:04:58
78LwuY2H3bdzKpPtrSRHjZyJuhG2,2021-11-08 11:23:00
78dLr3yqY5Y3sqkdUQHyvFoJpED3,2022-07-27 17:18:55
79Ghv4nc01QeHYo9LRdm6hY8gL83,2022-07-13 10:51:12
79J3hE2s2HY4XPfW37X2bradVG22,2022-05-28 03:59:26
79R2SAuL2uMTCZyGcrqoJdjFVhH3,2022-03-09 09:22:58
79c1a47JwKffgdMpJiA4MPvOil72,2021-11-05 06:46:03
79duFpMuj0OSRmtlYruTx0S4yl53,2021-11-07 08:55:51
79mTkuxHymZ1fjnInV7oylMu0Ua2,2021-12-31 04:28:57
79ndWdJfgRTMzCMn6BNPsIZ9gdp1,2022-04-13 10:22:53
79r3fgMfW2XHyK56qzOzD0zX8bj2,2022-05-07 13:44:45
79veE0jzxGf8iIdRH2lB2Srv6hI3,2022-06-10 14:41:05
7A2IoJbMG7PYb8qz77T7KxL6EMW2,2022-07-28 08:57:48
7AGlDQCV0lWO2mUUeTLZ9huF4si1,2022-06-04 06:44:55
7AKOYXJ2k3Z8luF9rj5uJafq1FX2,2022-07-24 00:50:00
7AjPQAwq8gNzQxG911vhzSx0Zjg1,2021-11-22 04:23:21
7BG2BA3OfEeQoqy0c3RdGeHZe1W2,2022-04-30 14:17:37
7BeHD7CF5wMPSPzntGjeTXSQ0gm2,2021-11-09 15:42:31
7BfFPoYuXYPhiVQ8IBvC9o8TwEk1,2021-10-13 07:34:46
7Bm2S67JqXfktAXdzGqeJJtvUhB3,2022-03-18 10:44:02
7BonGqzg1yf5pPJwtM3F1YjyavL2,2022-05-07 10:08:29
7CAa4lpuVwd3obuaIlIcS5aCvS23,2022-06-02 21:31:50
7CNpVjHivyLVuvvh2pXUVaYhCgp1,2022-02-22 15:00:39
7CdjykWL1gXXWeei4RxlHu0xqj62,2021-10-15 13:13:00
7Cv3ewCwzzPMe67zW6yF3jZqnHZ2,2021-11-22 18:27:27
7DC3mZS7XnZzBAftIQqsHMI5qbn2,2022-01-24 10:04:47
7DCQn14eorgh14Fw8p9FzVipWAj1,2021-10-30 15:53:03
7DE9CN98bJXw5XOU14cYFdW9b9v2,2022-04-21 02:22:38
7DJC9j9U2KWpUN6wW3FlKWbAt843,2022-01-24 02:58:00
7Dsq3V04C2OJ9mRnn0vqm2uTmtV2,2022-06-21 03:44:43
7Dv5JOUhs9T8KwxVFWstRik2fE53,2022-07-18 05:47:34
7E6htQkT8qMxaFtU8NMIc22f6Ag2,2021-10-23 14:17:00
7EGTz5aflRWmKaytiOVXfFyPud72,2021-10-19 02:51:05
7Eq34Mn2GTgjoDfGOYnTz2z1AUv2,2021-11-16 10:15:46
7FHagRGxl7X2qZAWXVU4lYYESrB3,2022-03-03 17:46:58
7FJefQqemye17rfZF667dzzixGz2,2022-05-20 15:54:14
7FKwhIepo6hhXJ1nyieHGDMCyOE3,2022-01-03 21:58:03
7FzR9kNLdRXdCjDcbFb6cVHTbgY2,2022-05-17 17:16:35
7GjnBX4D1nc8P0SvviEGvQ14azh2,2021-12-18 01:28:04
7GmarBHU7oPVsO0XtvHvNeYTsZs1,2021-12-29 00:43:38
7HBSFoqaDRMlqN1ZwHSrtTahJN22,2022-04-07 16:39:57
7HURxedJYtPKuAedtlv3qFI3FHN2,2022-02-25 04:41:15
7HuqMA7SMfbMVxaXSgvuE0asWfT2,2022-06-26 05:58:56
7IRHgF0nHTdMam7ChvU3NupXYsB3,2022-02-06 20:58:39
7IhI55LaxCMNwk1OWAY3QeDUOLh1,2022-05-17 23:15:25
7Iy14fbReKRATZDEjaGkGff0nEf1,2022-03-07 10:48:38
7IziGGwDFQQnu4a56cGozlPHqpn2,2022-07-27 03:31:20
7JAWKMuEIjNxxS6Ao25KYIUeVaw2,2022-07-24 17:03:25
7JCcgh5eyFXXMHfRiAB7LaY0R4y2,2021-10-30 02:38:02
7JDm89OjPWSOaz7grMYMmZAjC092,2022-03-12 22:32:25
7JhXXY99xphViY6j1lBE0sr1ghQ2,2022-07-18 06:13:19
7JjIj3KQ5GWeXHsvxV0i3MeII0N2,2022-06-05 11:59:17
7K5EOc1ns7a0M3mzkJP5cRAyKBw2,2022-05-02 12:30:49
7KCywGyv1bbvmoAlkCwwREeYbGq1,2022-03-15 23:14:10
7KGsAblSIEaV6oUvjIoMICAeXuF2,2022-01-23 15:46:14
7KKRYgnUwET49TJdmsIP9YZOB902,2021-11-26 00:42:23
7KvBlfR6YOdJtu1pzjHokOxEccS2,2022-07-25 08:29:19
7L1uU7L7MifdaMjARmyW6ZJ2k7o1,2022-03-06 03:09:04
7LFOGFNP3iftxfrScMAzfwaGz762,2022-07-31 22:07:33
7LHjIllDQRUBKjDnKtqgLsbiYMA3,2022-03-19 14:16:39
7LIRbibQQScyAPNK5l7rNFdPc8H3,2022-04-06 16:43:41
7LS3O5br4qT6aZScHD74cUM6cDP2,2022-03-23 12:43:33
7Lbp0RsbKsWg1c2IJMOIrGkKBif1,2022-06-26 03:17:42
7LkShtN55tdmB7ba77ytdHewgmC3,2022-01-25 05:37:30
7LoVuWO8VlakRELfZSMETLZM4bC2,2021-10-23 03:46:38
7LrszXJc9FREuZMzKAgdzuywa7j1,2021-11-24 06:14:45
7M01dhBbcvUrOp5ju4cYHhLZFQx2,2021-10-23 06:59:01
7M4rNqPzzDPAx6bCdHNam9aZlpv2,2022-01-12 15:36:42
7MFnVCcHl9aCulzFVCY0je10l4D2,2022-02-15 17:17:12
7MLcLv9LdlMIrew1TH2S9dNE9em2,2022-02-12 14:23:46
7MU0hcA8xJPrUvNovKFIUzeeEYA2,2022-07-13 16:41:11
7MfBtpyTEpdTXZAufZUpEyFzXaD2,2022-05-31 21:13:36
7MzwM1wwSENJPr9Vtx3YhkxJgZ92,2022-02-08 18:12:07
7N5RfldGlCfzEnUIzlRKQThc97b2,2021-10-21 08:58:46
7NBJY9jJmFaEeCES9LSXgQAYy4d2,2021-12-24 05:59:10
7NDAYByoR3cy2HKC8x5CZjpjhZ92,2022-05-30 09:28:55
7NLHiEh3OPQXob9PDwUkGsvSAtP2,2021-10-06 19:55:19
7NxQMOyLlQQC1leiteAYAL9iaHA3,2022-01-29 16:01:45
7O2tF4g3tuMyHWWEHNDwCgguE4Z2,2022-04-04 08:20:34
7OGtDJ0IrxPWVVNkgS8Stmu4TgN2,2021-10-05 02:09:19
7OXhErbVRXdNpGdEDLHV5ljhV3T2,2022-07-30 11:35:26
7OXweZdXXMeYzKPpSrQSPBqiwHr1,2022-03-30 15:24:41
7Omgfq0ok7RhYUosc7fKWhFSz7D2,2022-04-13 18:09:07
7PNzaigN62gG8dmEMbRiN93fWJ03,2022-05-03 10:11:49
7PXw4dX9R5PqmIScIuCYee1C95Z2,2022-04-24 08:17:33
7PtL8bhM2VMUhfRtiACY7cI9sGg1,2022-04-28 20:48:53
7QEeO0PHLoTwLs6WkyyCO9JPDlB3,2022-03-03 14:23:20
7QJU5kFxFegxF2TG3ivhs1GKxni1,2021-10-20 10:42:37
7QN29tevVGOZg2PN005W9UUTjtu2,2021-11-29 23:59:12
7QTQ7uvJnWTwHUor0EBaPslJK3f2,2022-06-18 02:24:40
7QUDJApCUmd9O1utiQrfSyuQaZr1,2021-10-10 22:17:36
7QWvHoVeknP3ot2unJNsJvPuXFm1,2021-11-29 15:46:56
7QhLSpruSNdQJLwjxYFA3xz1ZIA2,2022-06-12 11:52:46
7QotVpEMTaQofCnBlBKSsi5vP0D3,2022-05-17 00:35:00
7Qotofy5VfU7e5dMm6PvmAMIhsK2,2022-07-20 12:01:08
7Qtzp027FXN5sQtt5MkaTzbxXND2,2022-07-23 15:05:22
7R1KtrvjauhZC313aBKRQeB9OhJ3,2022-04-29 04:21:08
7R4WpeM3cngJvo0bMBQkKz17XSh2,2022-03-06 07:06:29
7RH2FrE7wHVWzYDHW84dE6hWbpW2,2022-05-07 15:23:24
7RzOWM5PSoTHmQjfAI8fxJLURah1,2022-04-01 08:02:58
7SQxJ7Nwe4dSRC66v52ic1Mj7h53,2022-03-01 18:31:26
7SV3m9OuOaSg0MgC96wkoihjAhU2,2021-12-10 14:11:54
7SeqC9jInLRBosMo8hzuCCtMMG92,2022-01-17 09:43:13
7SxTloChW6ep7ikHuga1pt7UkIc2,2022-07-22 07:45:26
7Tg4hbRJR8Y8j6AZ7juGbmZGqux1,2022-03-21 20:47:24
7ToiZqeB0hT4EHAU6QJ1QoOkC613,2021-10-11 14:57:40
7TsKTtBwHrU0SZHkZaGM8iJkmYi1,2022-04-30 14:09:40
7UCOxDCxnzdQL7lY62amJKCSaau1,2022-07-21 17:13:58
7UbAfDE56ZYuddWY8fvci8idAdW2,2022-05-29 00:59:09
7VA8ZpB4JaeLIlOdFSUcP1ELhnH2,2022-05-24 01:30:19
7VHrzDKV2kaaCwzzS36ljg5NV3n1,2022-04-13 07:46:15
7VtYW99IdeT4l0uwGw2GiGfPWdX2,2022-07-25 14:55:13
7VvQJYV0tsaPSdhJzMOqII5UFqT2,2022-03-25 12:58:40
7W6MKj2vDye5kac9KdXZF7ItJW63,2022-05-29 13:38:17
7WMABrymQtcaq6isaGrkkhObvCl2,2022-07-09 15:38:22
7WRBCkcn0pS8MXk5NzW1hTRBVX32,2021-11-12 17:13:23
7WXUzDTbymWra7TKdZHlOA9ixx82,2022-05-23 08:51:17
7WcaosmRUbgUnRsT1WEWJjEGMGl1,2022-05-24 10:07:42
7XLlAvEYIEd0QRpoBqSDKTVlXR92,2022-04-02 09:14:43
7XWNp8YS9UZhtDa328Pdr1OOUle2,2022-06-02 11:53:00
7Xznzei31SgTwGf2B8D5Sh1tWTF3,2022-07-24 21:38:56
7Y4HBOQDkFb1evRIJ5CpcP8AXRh1,2022-01-31 13:31:22
7Y4kcs4Vajd6gOFcUVGINU0kVMk1,2022-03-24 07:57:29
7YDkfPWrXPSLPZlrEWM47aFkO903,2022-04-30 04:15:07
7YGBRQ5LeGe6xxiffcsSpe7JNIx2,2021-10-23 07:49:38
7YYFjZaBJtZJaxe6w7s1IiVHIra2,2021-10-30 09:43:28
7YyVOtPHnxQtHBRCpIopqjEyLf22,2021-10-15 23:50:07
7ZCXOfp4RHWMSth1bmqA2R0pf9O2,2021-11-28 13:40:55
7ZFVlfpE7LboHJHPCb3V4G1YfSE3,2022-07-30 18:51:05
7ZSWIzgf6JfW646SzPatJLeHO4d2,2021-10-11 17:07:02
7ZT2Ki1qs0WOlkmAM1JamJ350Xv1,2022-06-18 09:19:26
7ZgjVFM7JGh4eto0Y73IpbD6d4z1,2022-02-20 12:49:22
7aASUYCPZ2QupP6K4KOzN8Ey14h2,2022-02-08 12:14:50
7aK6vC2MdBXufr1Ox8gQyVcJyvi2,2021-10-13 14:36:28
7acB7eLE3BO6PiQ3D2wpDhWdsKt1,2022-04-27 08:00:39
7ahxIhJXGHh96otNNyyb42ufnXR2,2021-10-11 01:47:17
7b26mZKqRJdfxsznvSNB86Y1YvI2,2021-11-30 06:48:37
7b5BJ94yuVQZcA8h9wmi3qntYUx2,2022-07-23 14:48:58
7b5OVej85lRxhd9MVitl72FFqGw2,2021-11-08 07:51:43
7bhRWjxMWSTcTy9ISgaJ2x83zCt1,2022-04-17 01:31:23
7bjpA2nPHVaRundYkUTvy6BxJaq2,2022-04-08 18:21:31
7bl5bcR9sPNWR9PUarP0W4bxtOz2,2022-02-23 13:23:04
7c2twfd9a4ROvq2Qqxemnsp8OJr1,2022-04-16 06:02:14
7cAdCRtGkVPYnfU3QQKqxdZVrMD3,2022-07-21 13:54:24
7cb4wtyt18RtxlNqOAFa10SgHDf1,2022-03-06 07:23:47
7dFX4YnscJZmyKudHnFLDWKHcwD3,2022-07-12 00:27:58
7dVWa05JZabAPMQyPhpN4Ahk0eF2,2022-07-29 03:45:50
7dafQu0gYnV8hG788xXzLRJaQgt2,2022-02-28 19:57:59
7dbELalmMvOjCwLSQfvrCXrG5Xj2,2022-05-20 06:26:24
7dcf9BvbeSSf41yPTTlDYaFCUY73,2022-05-27 23:27:14
7dt08MXYPTdCK99GCvDHOpTpCSs2,2022-02-14 16:56:24
7duJ5l9RndTm6ge3BuGyoYkKrfD2,2021-11-07 03:18:25
7e2eCKlng6gTGdMMJipc5KcP92r1,2022-05-18 20:46:58
7eCsushvPCVX6Qzj5WCUrfRWC0B2,2022-04-28 09:55:15
7eVTBP9S5KblEjpJ1iafOuuFlWr1,2021-10-28 09:46:38
7eXNa8juvoMtKEPlrwSjguyKexp2,2022-05-09 01:39:46
7ejADvS1HVhnqGYm1VXd1J6KOMf1,2022-06-16 02:11:37
7eu4ej5OjOW98sqDJ7eB9TjOvqj1,2022-03-10 22:06:02
7euqQi4f9nh8Ii6kYUBlvOil2Sz1,2022-05-16 13:19:27
7fJjkezJQhWXAu6MbQuqtqSr40O2,2022-04-23 14:37:44
7fM6Ra9G9vXrg85F1BNXBvuoXUF3,2022-01-25 17:47:28
7fcpnV8XByS5s9TyEeNUzPhXXBb2,2022-04-17 03:53:00
7fmrtk9E2KbwKn8RYzuxKN3TCRx2,2022-04-09 12:59:59
7fq8nG1zoLRa6R1ulNTIKFvxBi43,2022-06-25 20:22:03
7fzj627I6dezl8TQ2lf5U1S5mKJ3,2022-07-04 23:54:32
7gLk1moWbqOeXeMjPPOhNRitFLB3,2022-04-16 06:39:49
7gV7IcNPXwcMJVWGoebgBKlJyo12,2021-10-31 17:41:34
7gdJa1H25cZ9dRxAA0msHtSiBeG2,2022-07-23 23:14:32
7gkwbSMdcIV4nuI0jXZ4FiwpOAw1,2022-04-16 12:19:50
7h6imM29xdMdhwTQ3tFGrhFpWl72,2022-06-27 20:48:11
7hKy2gnNw8UYrVQFG8C8mtKH1xH3,2022-02-28 23:42:56
7hLaqL8ds7NsuHXtEXaIhKdpU2U2,2021-12-22 09:20:11
7hWuOthStIYN2wl2CtP2O1Hs1Ht2,2022-01-16 15:24:04
7hcC0pqs8ARZyzk6ckPI4x25I1b2,2021-11-04 13:04:33
7hdjQS4glnh4ZBaQ2RCIauVvcUT2,2022-04-26 10:38:21
7hhmhSOqHKcW5mTFhWvHXQH64PV2,2021-11-17 10:40:23
7htmxJsBeMNcaBFzWDxYLLMjKOX2,2022-04-29 20:24:51
7huGk62ws1aJaM1qbZ3JT8eBqmo2,2022-04-05 15:56:58
7iIPxXj7O5NdAm4wQXu2aNB2IEc2,2022-02-24 20:21:26
7icZ0WMw53N4mcYPGlBN0fMipyu1,2021-12-06 15:36:12
7jSvVObUCRUU0KUI4qBfwczyTGq2,2022-04-04 21:50:11
7jUj2W1PrVPP6sZrj4ohYTby42x2,2021-12-14 07:17:39
7jVtBfy2aqSbBO1ChJlC7EBKgn22,2021-10-02 15:58:55
7jWFsyHU9GTc6dKyB1qBSbNItr52,2022-03-28 02:46:12
7jYGAlMe3aWgxARvaXQmR1pg96r2,2022-06-07 14:03:53
7ja0eXmiL6b3SYHz7YSogiEPTfz2,2022-04-20 21:48:25
7jmna0MeMmQVCMVcdSr9ZiquqbI3,2022-06-03 04:31:16
7jnepNwsvZh2AKFcItW9f2bwZ7L2,2021-11-07 18:38:47
7k791kA8hiQdlvJO7e2msepxxpn2,2022-05-10 07:51:27
7kC9pzzajlayN8ahGWYq5dALPf82,2022-06-04 11:33:51
7kFnSZa9hrNOTXng55F1S4DF5b72,2021-10-08 17:30:37
7kM6YI4IINYg3t0uxdQ2SoCC5eV2,2022-04-01 20:53:08
7kOeLcYIglYKTG3bzKF6CriGrah2,2022-07-22 13:58:17
7kmeF9BNTaWN6GvKupOZAgRq44f2,2022-04-17 17:03:43
7ktqwDd4GBXE0bP8J7tCsS7vCmT2,2022-07-20 01:46:22
7kzJw4DsjfYp9LTZXq817AD0QoH2,2021-11-14 07:26:06
7l6okhRk4pQEPgWe3x9nRjGpfnO2,2022-05-19 06:51:45
7lLueCzJ8wdFpavvQC4oBMF1Oz62,2022-07-24 03:07:25
7leR1mmS1BV8N5gpN4dm1a3nAeN2,2021-12-23 23:55:39
7lqAOUIqR1bjEloB9vDZ31JSQBQ2,2022-02-15 16:36:28
7mBYydGedGPidwPKhd5tVWxVuql1,2022-07-28 04:14:01
7mJF4A4FhbZY5wx9UyMrdHmj0jb2,2022-04-27 13:46:09
7mUMdUOQi8MZrWJfPwLmUQwQ4a63,2022-04-13 09:25:40
7mls3KEPFWOBGhA3w4jQsAum4RA3,2022-03-25 15:38:17
7muRGDdqhsMDjtR0D1lGoumApLQ2,2022-04-26 09:51:34
7n7o5bfohXZmKWf5lRxCb0XAFj53,2021-10-11 17:25:15
7nCST1jG2sb2msRowg8Lid5NgcM2,2022-06-26 06:38:32
7nYDwzGzwCZRlHjfeenYcKKg33L2,2022-03-01 01:56:58
7ntKFCArqcQssiWx6vwLVHSrvyR2,2022-06-11 12:55:26
7oQi5xuf0ZSn27u9xQJK69HwF1i1,2022-06-07 16:16:54
7p5DqaaZr1aWSH8hruMW6iUMFo83,2021-11-06 21:24:40
7pE7dAWCYySE1tKcPDKG2wV0SMS2,2021-11-15 09:43:35
7pLh90vQCtg3vMzFxut3BlgtDEz2,2022-04-08 08:16:50
7pNIjOY0Ljb1VdXL3fnXYNgjPBo1,2021-12-28 06:34:31
7pOun3fzEWRD7LF1Dd1VrQjUD7y2,2022-03-06 13:40:46
7pej7jr7zfe2K7h0dHPQ475jzkq1,2021-10-12 13:23:59
7qE9PaHMXAVbeGiEstI9DjkqfYr2,2022-04-26 06:18:52
7qzYyXZoiPgDSQwyeLXVbNbxPpt1,2022-05-15 16:03:18
7r4iNFgtNNbUGmzboSUvBVMvOSo2,2021-11-06 23:13:46
7rAm9mXt7YMoX1SHTvfLvKOhpjg1,2022-07-04 16:41:39
7rDvZ6d1SLNQPH2hlR0OwWqwmhD2,2022-04-23 12:22:51
7rE6i1qQ9ibi9YKwmavurX2EvYN2,2022-05-29 00:23:52
7rWGP7tRBLQQKYfAAdKUJEBuRWC3,2021-11-15 03:24:39
7rxldJTdUSfubPc26Eb1KHwVeSZ2,2022-04-19 04:23:59
7sIG9PHzePd3I3HtCwiiXUiprs42,2022-01-21 11:35:01
7sgAKEfNXLVwRl0OH14h504lod73,2021-11-21 04:49:25
7sjYVM5eCFaer1tpotfoK0HAH9P2,2022-04-30 17:25:27
7tBpfKkLlEdyuILsj1OZEeqmet62,2021-12-09 00:09:46
7tGlM4rv8TSZIIw2k5hv5QNo4S83,2021-11-16 03:38:47
7tRGC2L62HWAsTG2muk87YtSqf02,2021-12-04 05:19:45
7tclEVhN1MXGEZDFVQYlsbutnIS2,2022-06-04 04:57:45
7trJgCZ4jchkF7E2hefVA0qmzdH2,2021-11-18 19:30:08
7tt6KU232jg8jLNbMvyp4IHlb6A3,2022-04-10 21:13:37
7txAuL7dznXMuYHkdTfex0hFDZ73,2022-03-25 18:20:24
7uDm0p27SgMOS0IYdlNFqUfcmiF3,2022-03-20 17:29:21
7ucFM2VMoShMzK77ZplULWKvfAJ3,2022-03-26 07:00:00
7uiUS6uafETbU9N1sE1sca3JwlD2,2022-07-13 22:24:54
7uxDbAeqttZYHoSW7onZ5jtNiWm2,2022-03-31 10:11:06
7v5jXioxLEZ1wJdIIKemqrwd6dk1,2022-05-08 23:00:45
7vOz2PzhVoQpOFhnTpgYXiUNGNm2,2022-06-19 04:19:54
7vPk8QVgsbToeL8RTCz6a4nIGzb2,2021-12-01 19:43:32
7vUq2GlilURZYEz7p6osNjGmll23,2022-01-03 22:02:31
7vpwcM4gsacWybHRHpbo7bnlMp63,2021-12-25 06:40:02
7vzcVDZ4LrYXhU0fSIvmpv5pqJk1,2022-04-07 18:58:48
7w66wgEaINOloPUm18VqtmUv0ke2,2021-12-12 02:39:12
7w8FTbzJzLc9cv3eysAm5hs0Swz2,2021-11-09 09:47:48
7wIJA1fdn2XZQczS9mDUWQlC1ID3,2022-04-25 10:05:18
7wMooG8paDaWLRLZ9hFoEWeQ8Dm2,2021-12-07 09:50:24
7wOc0ZlFvIcLhP8VLhaxaXI17Jr1,2022-06-16 00:36:08
7wWJzW9fjoZ3SBbdF9hsVRexbz03,2022-03-08 01:14:58
7wdBBun06Nfx32ahtTDy1Rg0tsr1,2022-05-10 21:07:59
7wjCFhXhdVT262PegSu43ntby8i1,2022-04-09 19:36:45
7xDFw4NPoubZBgVXsoAzrj36inX2,2022-05-04 01:54:42
7xEVi0b720dhPD5nVJZLeKpxA9p2,2021-11-14 16:17:42
7xQBHTkp5YPxG8jiftDTQKhXI2F3,2022-05-01 13:58:19
7xnfikgAcHUWZtYQxHvS4WpGtKy1,2022-03-17 13:13:26
7xq67sl7UbS07sbqNzCd2WJpvRC3,2022-03-05 09:40:03
7xt59VTDJTOx6DjvHyUPyAvpDQ92,2022-03-28 08:08:14
7xuYcSmRbrT6lNsT7u5z6I8cQX63,2022-05-15 13:16:00
7yJsMqKxA5YkkXztOGJO8i6dca43,2022-07-29 03:12:17
7yPvkQyMGLU2dfG6jfYdEGU4mlo1,2021-11-19 16:03:54
7z1Mc2r3pnWGObkANShAM2k7Wcg1,2022-01-14 00:41:40
7z8Tp3xbrFWiO4PeLKkGH8qwbtP2,2021-10-21 11:07:29
7zeA0FtT99elpmlldKYqE0S3uZP2,2022-06-16 15:07:45
7zw9HkvGPzXXE85U8cMCIICs6pr2,2021-12-14 18:41:46
803NPHpaqIXCqw1rV20eWJVUsGH3,2022-03-14 09:48:11
80JOj7BY9deZYbc1S1SjmSRyThr1,2022-03-19 20:47:11
80NzBYKUfVb1Emtv3qRApBLes182,2022-01-28 10:48:38
80OLQvTDkJME9LgrvfmOvvGtmcr2,2022-07-24 22:36:52
80QgoDcj8BhpuPw80AKgn83SVz52,2022-01-26 18:24:07
80S7xTuWlkZu54rDklcImaVE6623,2022-05-29 10:19:32
80aBKnaB7Sa1IPotIT3Mm3LhF562,2022-05-29 19:15:46
80uSoeDQsyfvcTRGNNyNU4UmSpt2,2022-04-30 21:38:19
81305evFq6VO9ep0upToOJCwMyH3,2022-05-27 22:03:09
815CCCqozfMatjJTFHLqXiHhPCj1,2022-02-10 07:32:50
81CQchWFQtRLITwzFpnKgmuLQSu2,2022-07-21 23:42:45
81ItvcSitiTMXvK7nTzEsXRXOZg1,2021-11-29 18:44:33
81hsmhD8q3SPjt2moEoPRm91ipF2,2022-04-19 05:16:46
823ohNk1ydXhHxcRXfK9hIcjWhn2,2022-04-23 13:05:57
82B3WpwDkJhJLi8btzu9evPXnzI2,2022-06-08 16:48:38
82G6fJFtXdf7JTYsSku84ix90fv2,2022-03-18 09:11:48
82IretxyveeD3jO1kMiizvroCsW2,2022-07-24 23:58:09
82j6Dv1aQ7UK1x7ryEXzwXSszY72,2022-04-05 13:10:43
83G7OOzk8iYTQqC11QPmxoVPMrK2,2022-05-28 10:21:28
83IWGCK53TTFAkbfrE4CGm2GT973,2021-12-05 02:00:35
844XM3x0e7TioI2SlgUS87VsCo53,2021-10-06 12:24:17
846OeLHlTCc3S3hxq0xyCWda7YG3,2022-01-28 00:15:54
848gyr1qqNe3SXSzvk2aDyjiHQy1,2021-10-31 17:33:37
84DReCJdvgSQAMRAzfsfIC4olGv1,2022-05-05 10:08:59
84MMMk430FPNlUCtIxBcvJGFl9J2,2022-04-11 17:35:28
85BS0LO5wqRwLPyH0Ro2Ij6qdf22,2022-03-22 11:49:47
85TMbB2pofWrmDSFpiWYqAyBf8z1,2022-04-24 05:37:08
85iW2oyuKafYqcmfaGRacyxEee63,2022-01-06 18:44:05
85tPbPDkxyaMkQ9O76LBSQz2cti1,2022-04-29 15:43:38
865r0debAadIplFreprkJS5LGQm1,2021-10-02 17:07:17
867TvutaV7db9k3Dh3cITEdYqHZ2,2022-03-23 17:10:12
868GJav2fCYBFlgQyq5sc8CWX2s2,2022-04-10 03:27:13
86DAXok181eyKoxMAyypUHskisr2,2022-05-29 16:16:43
86StLKCYxfhXzgvtHItkGZmkzgg1,2022-07-20 22:34:29
86r5nozkT4ZaEkwXReKMzaeKL0l2,2022-03-28 08:40:29
86v0gdwwQoVLB39ctuSddDyIHB53,2022-01-26 06:10:53
872H5TW3f5O8sdr6DPgjHPVIMJ63,2021-11-16 18:44:30
87IOnjyt0GdyC0mJuiYZ2jKuUiP2,2021-10-31 00:48:06
87JeZTMWHVSIe1tC3HFkY2rzBkJ2,2022-05-26 00:53:24
87RDAQDJCXbjU4bcpHwbDBaFPOw2,2022-01-20 06:48:40
88760vGHlGbBRHcqVpsGeUZrtLv2,2022-04-03 16:21:29
888hMQWv8xdGBDFet59TO3EYv3t1,2022-05-29 13:46:52
88YF5H3vZGchzrn9pNVhdQfmKwj1,2022-04-16 08:14:17
88c7PgBwfIOaEPXLjtmtYrocqZB3,2021-11-24 16:24:41
88gYVffQNUdj6weFhygwiMvepp52,2021-10-16 01:18:44
88hmvBXSekNjR1zKG1GPxSxzx4y2,2022-05-28 05:12:07
894sucS4FrXkM5wkfALRgZ6fDdd2,2022-07-18 20:49:40
8957IiBMGih3J2j7mSFofyaAeng2,2022-02-18 16:55:03
89VWTJzSaCZWm4ciy39o1aJnpmr2,2022-01-07 15:58:27
89pWpWjoS4gAbViH3Pa43qVGmvV2,2021-12-27 20:30:25
89uKIWwCg4RBna1GufPdtPsKEvS2,2022-05-06 16:24:05
8A1ASq4bkqepjFi05pVWCOQzqzz2,2022-06-18 09:17:56
8AFDM3a7l1aFNQifdVuNiHsdhFy1,2022-07-11 10:19:12
8AICMIOzMRR9LGgB36J7WN3roTj2,2022-03-10 09:33:38
8ALqxX1aoBWWfzBJBlAalzVXQdq2,2022-01-15 14:29:30
8ARctb7kN7eE6vhdFADpatV89eQ2,2021-11-04 01:09:43
8AlKUBk5sBPMYn8vnfHeX1OKx3k1,2022-06-06 00:43:36
8Ao4WtgHpsXbcL6kFEbOxlIkMmU2,2022-01-28 12:14:01
8Ao9zo3MyEYSwLC5emAn4cOIe382,2022-07-07 01:25:05
8AurHG4EwrZxAYfyEBNV0BIOAKj1,2021-11-01 15:30:11
8BIdP7LXV0QJQ6uGwH356blbr0o2,2022-05-19 05:38:14
8BcAR8QxHRfuWuZgenPh9u1YCrm1,2021-11-28 18:23:01
8BcNVj6jPwMD9JU6BIwvejWgYln2,2021-12-11 15:34:58
8BeqiydvYzXYy35KTMKYdWRnw983,2022-06-09 16:41:41
8BlWBfivoBOKGoaMCX0CEf8AIjC2,2022-05-24 13:07:52
8BpaG8KaZXXtxofWI3ewholVHTy1,2022-04-17 03:20:03
8C612X7JUrXJfOPd3cBcX81w6Lg2,2022-03-27 13:16:01
8CEkrb2tPGOM83QSYFVHBgDOTPB2,2022-01-10 16:06:50
8CNcCZUeBdXTboWbxo6YQtrVa4s2,2022-07-29 05:28:14
8CRHbi4Z4nT6whwrbayavWZ29m62,2022-03-04 19:49:27
8CrEZUiN3YgWcCB7n7a9UK5dL9m2,2022-03-27 22:43:04
8CrtnbnhXCMCWwWOHxflsbqG91C3,2021-12-14 03:07:14
8DQNEgwOoYMSjdFHWuRXo7XYceB2,2022-05-21 17:44:45
8DSv6puX4Za60PtOrj5m4WWdUyo2,2021-12-20 18:47:47
8E8z17rIVXRiY0KwW55vZyzmZg82,2021-12-21 14:39:50
8EHAr7Z9JjcyS12L65na5oW0E8T2,2022-03-21 15:56:46
8EKn1zEhaDQVXK6S5CCZ1ga6Jv92,2022-03-03 23:27:35
8ESezlY6ZCaflgiLsN2maZY9pzz1,2021-10-04 05:33:37
8EYBlrnJBSarBikUI7xvSEl5RgG3,2022-04-02 16:07:36
8EvI43VuGcVdZM3tgKkCXYyGMhp1,2021-12-29 23:14:48
8FQtoduh5ze2TVC3SMXVuykxjPf2,2022-01-24 02:02:58
8G4oizBMrSN721vf5McRNYgGVDG2,2021-12-01 23:58:01
8GXZb3V3bWZ7xKytPPioqb91Ypf1,2022-05-27 15:21:27
8Ga64IXPIZWUNmcMmoNwBq1YV9S2,2022-06-06 05:08:57
8GaHCYsppjSy48JuTBAdF8GuDs33,2022-04-18 06:08:18
8Gjpv91ts9WQIE6ZGzCfuF1b1052,2022-03-23 12:50:59
8H3MutGoJAeXzdpKmje7bVeXvyC2,2021-10-04 18:57:47
8HoaSHJEKRflFFkfJHU8RWVPc1j2,2022-03-09 13:10:19
8Hwb90GscJbE0rNX9tyaOzVRQHF2,2022-05-29 00:39:32
8IOuWhxTIUh82QEV8hFYE5yD8Sz1,2022-03-20 01:16:15
8IXvkKnenia6ALBt4umZV5CNq442,2021-11-03 13:15:38
8IrRjoyv1LQma5oM7N1kojZrBCN2,2022-05-15 10:38:23
8J3bYlzjUiPPtnUPSFyzQXX9yrf2,2022-04-11 09:03:04
8J4jCnO0J9eOaXS6mFNq9zsHDF22,2022-03-17 07:29:25
8JHO3PrD9DagAzXP3Ptfj1npGZy2,2022-07-25 04:33:50
8JHxYFj0IhddvW56bMIVjo7DhH62,2022-03-30 10:56:52
8JRw6x2uAVRZg3PY1aAlwcv2rLp2,2021-10-24 20:21:18
8JcgkXJsDZXqybmCkeD0mxb6ELg2,2022-03-20 02:54:12
8JoY8nMwb5PVTpSKipiHHiDStVk1,2022-06-08 11:46:23
8JpK1WFjEbgAacZ6161BOdqKld33,2022-04-23 15:48:29
8KVlHFlHJ0O373SK6RqXtWWRqDF2,2022-04-30 16:19:15
8KbAUolXZUWy6OzJfIvUu33nsk33,2022-06-08 18:19:14
8KjIFB477LaxK3V4QxV4oX3ULEk2,2022-05-29 15:54:42
8L5NXHlOaeY62LYSn1KOtGja0Oy2,2022-04-27 04:02:40
8LMag77C9rSu8GN8bLmhOf13fgp1,2022-07-19 11:11:09
8LQ7wVcmtPQshyIURl1GnZ9bgu12,2022-04-07 22:09:53
8MEeyPpPCrgKkSyRg0JPGSixHcy2,2022-02-13 13:21:27
8MLJTUYWSzg7I6d3xbRlGx36ikI3,2022-06-14 00:34:39
8MQCIuKstGfgLPWOfYFSgZjUOlf1,2021-10-24 08:24:25
8MbZYHNzV0hCi740aiDUq87Py0f2,2022-06-26 15:56:28
8MgpV7vTIBcMb7uwYcne9H6mI412,2022-04-30 15:28:51
8MqRiSJXHLU1f6QXt62uPWENZFj1,2022-04-17 18:27:11
8MygYhpBrGUOTYssaTAiroWpyBn2,2022-06-29 06:46:41
8NeBNVw0ThbMXXcOsvvSARB7MMl2,2021-10-18 12:35:06
8NrW6XOgPDN0YRrKFDdsZwcJ2Sd2,2022-03-09 07:45:50
8O7GnWNiKOS5TtXGE7VtugRl1FG3,2022-06-26 13:09:17
8OHTkSh6EzYkO60OApMziED3WdE3,2022-01-24 02:47:56
8OjiKSHO1JNfwhAtchsR4uGD3902,2021-10-10 13:20:54
8PUMFLdqBDenyKt4OParxCGmIZo1,2022-03-15 11:11:15
8PgpSsLMHbeWIMSS3eMprk9cS883,2022-05-11 00:11:52
8PhBheoCjHXg8LQoSGAqv91EWD63,2022-03-26 11:36:21
8Q5pZYZxJUfWwKIsoSNlW9SI9Lk1,2022-07-07 00:34:40
8QW7RdiH2NOH7geDaecZ9TFxDMB3,2021-12-24 14:53:13
8Qc3oJR0uMfNzLscP0XppdJIgct2,2022-01-10 22:28:44
8QmUFbB8CGSpZhHs7SJbenXcxWp1,2022-04-30 19:05:33
8RReFwi5mReLPb17FWTeZWSSdWI2,2022-04-17 20:56:06
8RVGNLn0okPMD5q4dkkZmGzhtmy2,2022-01-02 12:17:17
8RbmMFCyT8ad4yxui1Pf5AHOH583,2022-03-03 15:09:12
8RmpPRUt5BfOGCbJFlo3BYXLCrh1,2021-11-14 09:13:22
8SM3AGghSuhlekI2jRI5VIx8mMt1,2021-12-15 13:49:14
8SgxTFgQ5WXKlvxqRhleQMIr0Zk1,2022-05-28 14:40:06
8SnyxsPoTOOAf5LoTOSLTxI34iz1,2022-04-27 14:30:22
8SuUBDfQl8T5sDpUYeFTgnuewcu1,2022-03-12 16:29:06
8TPjtVFundVNcxCh0XAn0ceEvkC2,2022-02-17 05:25:05
8TSAiQYQlWWU6Plvnd1uVaswyn73,2022-02-05 03:58:51
8TTH3NpzFvR7ihW2ABQO6e8z7bi2,2022-05-07 23:07:31
8U6Dog46y4fAx0zWvRl0fjIVlDl2,2022-07-23 13:27:59
8UBYAjEL1JNq30P6TRGZY5uOxh82,2021-11-13 23:30:34
8UBm7HN3WOfhqkOtCOlrti6EeeH3,2022-05-10 01:42:45
8ULayfDdPbR9eZqs0A2sstyvxli1,2022-07-27 17:17:34
8UMw8Y3XF6VpkUYL1Fla5jblWVr1,2021-11-16 11:58:25
8UkIZTUq7RPVsf1FHKeh7KmPZGM2,2021-12-11 02:28:10
8UlxcXcHs4d26BdXtIboFkvG7uT2,2021-12-29 12:32:07
8Um9pVKZXGZVinwfxhe30RAukhz1,2021-11-30 09:34:32
8Usqj7j1qEg6lrMm6A1R8e9jiOg2,2022-02-05 01:58:56
8V0gNMgkLHeqgnAbh97G1MsCztB3,2021-10-20 01:55:22
8VOTLmrIZVNNAl45Ae2Pg42iPdp2,2022-05-23 23:57:49
8VQFQo2mStUEoJeouETbMVioij53,2022-07-10 12:40:11
8Vq35RPFvyTnO8tygPZRqNGhSD63,2021-10-24 08:36:27
8VycE6o6bRM1AcV16LIw2l2qug32,2022-04-17 07:27:34
8W6Xz0MUs0OAk1WFC7ouXv8uz0w1,2021-11-24 12:03:54
8WJnTuXRmJhINUA4UsJs1D6LcIi2,2021-11-21 03:35:04
8WUyG0FwrzcIXVtkP2RJ8gqfLbE2,2022-05-29 21:08:51
8X12m1cqi4P62L4E0nrO8gzwdxN2,2022-07-29 03:54:14
8X9R0DihqCecvLqA7SehsAmyKaZ2,2022-02-23 10:20:14
8XT5VBcc3LOJIQSM0RqEgLQ2nfJ3,2022-05-23 04:22:29
8Xlwvssq3cSzHyrPr2eNaa03HoI3,2022-06-08 10:25:09
8XmbkLd4fFg5hfddOF6uyflDji63,2022-03-18 17:12:34
8YUGn9YdydfpWsPYVrVDtu2iZCY2,2022-05-25 05:26:06
8YbQUeNtWddCNnYNdjwZl174VwY2,2022-07-10 02:03:55
8YmubGiaXWRFg96OyWlM1pWJk3R2,2022-07-07 16:13:32
8YxOg9M2aXO1zb429pi5YEowcW73,2022-03-25 22:07:39
8ZPibGSZulYjkG3QyYxF3kv2CvF2,2022-06-19 19:57:17
8aQcNW25DcW9PswSvSPAF8ESNLL2,2022-01-21 15:47:06
8abaXmyZSmVsU4C2WjmqvjDPB1h2,2021-10-31 12:51:36
8am2G9J2JBNywfO67Ef8hIsJeJ32,2021-11-18 05:20:25
8bgzT8wWt4XmTojNw09KuyeOvi72,2022-05-24 04:37:08
8bovkoZGBJS8kTZbXeg8RpN8Aet2,2022-05-29 03:47:31
8bsVImteqCRShkyFvLyVxUcEF0t2,2022-05-01 14:05:28
8c3on5f5t3doaf5BeaoVyOAvXHX2,2022-05-08 00:59:47
8c98G7EjmAYxX5EVriNXorRCov82,2022-06-11 00:28:23
8cH5dJaPCybrWSAMWIf7IBP1hCr1,2022-04-09 21:21:34
8cdPljeog8MJrlxLqZpjWrUYyVn1,2021-11-15 15:29:10
8ceWmxlnX2WMXifFI3elPIbWaUc2,2022-03-16 06:49:26
8ctrP9TUOfhywPUe75BxvA7qJ3t2,2022-02-02 19:11:10
8d189J5Y0XWR5qbHu6NKpewiVmd2,2022-07-19 19:26:33
8d5FAOelthhTk2lBcJv62O2rMuJ2,2022-05-04 09:28:23
8dLHJK8qPahGTuERBbXyFbyTOBH3,2022-05-24 23:24:54
8ddhMl7NwafdsLnFzzsA4S7t32o2,2022-01-22 13:07:52
8dun2k2EQSeOxuWGgf3hfZYE0372,2022-04-26 03:05:25
8eLroYil9XWVsklh1lDcTJTUMA73,2021-12-22 01:15:36
8ex72G1QXLVwWyfus14xMtx0SX22,2022-04-29 09:44:20
8f5DMZUakUa0PriNMJUuuFjAwPk1,2021-12-16 15:58:03
8f90zuCKH5NAkJcz2Ozw86Mr0092,2021-11-17 21:06:00
8gOUlzS5bdRDdZOW1Ewu1cmJfrF2,2021-10-07 05:51:13
8gbA8bqR4nhhnrRneABLvkfFSjX2,2022-07-14 13:46:59
8geAlX4f89dCUn2WOzBqvzZrmwI2,2022-03-30 13:21:01
8gscIcMYK3NKyrkoYv5rm9CEW4j2,2021-11-19 07:44:47
8hG9qUSwDJRcpINnpyFkQn9G1Cl1,2022-07-24 07:05:49
8hOAwDK98lev0ibXoC4Hfif1aIC2,2022-05-31 12:02:10
8hP5AWvhaweFT1QS7DR2agog5vB2,2022-06-03 19:48:12
8hhV5FYtZpVrcT4lSun3garJLYp1,2022-04-30 16:05:49
8hlqPNnkKpRoEV7B1tNvCD0b6fE2,2022-06-28 08:30:55
8hrodG5BOzLkbgm39BKdWcvPTor1,2022-05-29 14:35:14
8hxMBGlzDzUMGnvXs4W7MmHOZI63,2022-03-29 02:36:37
8hzplT3HiTdkGYaxea1LJvHTl803,2021-10-30 03:26:53
8iBmoYPncWONYPV0LMkH5oAANDb2,2022-05-29 08:27:40
8iDDtziMxrTOfw7yCuoC5mHeDse2,2021-11-28 06:44:24
8iEmLv6nADRuxLN7xhhiu8urlpD3,2022-04-09 20:49:10
8iQOO5Y89lWOnQ0WFiJrnAZXx5o2,2022-03-01 00:22:08
8ikUyq0uaEMwZjpsBZDDrht4qcB3,2022-04-20 01:44:03
8jG7P86lI0Tuqftojf7M8FiikNJ3,2021-11-15 07:11:49
8jPKtStnGZMwnVWnGSPRaCDvznO2,2022-05-30 13:41:39
8jUI9Et35YZmNvbiXqllgvV6Sr82,2022-06-17 13:39:56
8jZtY3YarsT2ouXbwq4zqu2axEH2,2022-02-19 23:28:52
8jsXW64e46UGsc9jVWbEebUW9wq2,2022-02-18 08:20:02
8jyefzkDkTaJnInkfiS27cWgkaO2,2021-11-24 06:48:58
8k50Go2X8xT4bXmNXp264InjMfg1,2022-03-08 16:59:44
8k7LsRbeSIbba7JQBc47E6irE1K3,2022-02-27 15:53:02
8kBuS9qApdOGtt3HFGDHVqWmxMb2,2022-04-13 21:08:21
8kUYrosFxahsXhxg7FrpTe4m52K2,2022-04-02 05:25:13
8kfKpWzaY9XhboPhYx7sQdPx28v1,2022-07-31 06:53:06
8kjYDHSNIuM678qApA2h0s8lUSK2,2022-02-06 23:23:11
8kkIRsXbwtbJF02kPnh8ApjD3Z03,2022-07-11 12:31:58
8kwrMV3rkxbvgJblDbquXB8SfQG3,2022-03-16 04:54:04
8kxpoLVWtbcFgu0peeBUFrdIRzH3,2022-05-20 20:15:02
8l820wuSH5VYQMxnqXeb5ILRJIh2,2022-05-04 18:43:19
8lkVPb7eFebwvtX3XpjPDC8lP1s1,2022-01-07 18:10:20
8lmHwDPsqVT51YooJGfGWSZ3pdG3,2022-03-27 18:31:53
8lo9J9Lu80MRqBWVmGHZXjMtRCo1,2021-12-20 22:03:08
8mKPdlNymoNXRdT2eETpDWlbPOo2,2022-05-22 23:09:12
8mUC5TllmFPFJBV4XkN9FAuGiaC2,2021-10-25 03:00:03
8mbpG1PVXAXHNjZGCS3VGrNXBCC2,2022-07-07 23:23:26
8mkNsGyuLVObUm8asw80f8TiSIf2,2022-05-01 12:57:35
8n4jDkCJr8WLy3tcJEY0HaPQit53,2022-02-06 03:04:56
8oPH8awUC4OMraUXGTEvmMHHg7N2,2022-03-19 14:34:28
8oUz5eEhGQUJrx5iBpEiwLiqgee2,2022-03-17 07:23:50
8oZLV9bTMbUP4t7Ops4xjqVzGpl2,2021-10-29 15:07:03
8p25qHrYPpWqiZLrKTPzxGTprIj2,2022-07-04 07:39:01
8p8UliMs9wd35JQNGPMKTfsAfe62,2022-06-20 19:57:36
8pTWf7lRqWNhtX2R75SbYZzHv6E3,2022-07-30 11:28:28
8pwu3NNxKEPKsmfM3dWhbNEZMDA3,2021-10-31 22:25:48
8pzUb6MO7yXbejVqUO666fS2mRk2,2022-03-15 13:25:33
8qW6Xh0wE2ZPwOGeERheIyNB9sI3,2022-01-06 20:37:34
8qaPJ9UnsKaPFQHYmBwUPY7vbFE3,2022-02-24 02:10:59
8qb1FfyFqccsQMpvaxhHTFYo6Gu1,2021-12-23 00:22:06
8rSvj1YtHsSoTyuNFSl3taILN7i2,2022-06-07 06:14:55
8rVM6mNQvcTyFXPWg0O8yB9O3Vp1,2022-03-22 15:23:23
8rmQPx4oCLb1run8HELIx6EIfmn1,2021-11-03 07:14:18
8rt0ozNjRvOl9q3pQaJtBUR0auW2,2021-10-30 11:36:53
8sB9xJzeiUhztrbticqXsur1ePo1,2022-04-29 14:41:37
8svn4HtkYWRwppDwn5t8QeS5TBr1,2022-07-25 02:57:47
8t9GehWPYFYWjci1B6D9E2SEali1,2021-10-29 12:06:30
8tC1kcV87DTL7RUvpWS049Ya5sY2,2021-11-24 07:49:04
8tDA5a4OGgNR07Cg7kr2BVUXvJD2,2021-11-27 05:26:14
8tUqJLtse2UxkjiCSzEbVbarPp33,2022-03-14 17:48:39
8tanTSivatPC9UQ8TgGd4GwGD6l1,2021-10-18 08:12:42
8tfGpL7HTEap7vTy6nXIyTLtKpw2,2021-12-05 10:29:09
8thO6OTjEyU2L18vkRVTgtO1uOh1,2021-11-19 09:27:48
8tj6tngx6GYwoQ6uxrGOlAlG8to1,2021-12-17 14:17:45
8tkBHpGfvShc4HKvVP3Gix5ssL72,2022-07-30 05:19:04
8tlkCQDXBoT70qv5i7k1vJV2YKc2,2022-04-11 13:00:00
8ttg509GgeZ2qFuXt8JiXsf31VQ2,2022-05-16 14:35:36
8tty8dkjclQQf5QgAEBypO4Vs5E3,2022-03-21 12:55:24
8tvbA6frylhrMOFsFsfnzgWCllw1,2022-02-01 02:20:33
8u378Okm45SEobSwaOE2mK4fvo43,2022-04-16 04:33:20
8u6CNpJ2PrYrqch2As5B2izuikW2,2022-01-11 05:47:24
8uBCEeaKDLYryv22s4mq3F26o8E3,2022-07-01 05:33:52
8uWFvz31TEdOZv8ZkDkfrkSbHX53,2021-12-28 13:35:21
8uekL6ri5uaSWwmgS4In8odIEKi1,2021-12-18 07:23:16
8ulSpPHmsnNYWAFTnNZLeyyRXah2,2021-12-20 12:51:57
8un4QUNrg6MvqUHe8dcPAef8tK32,2022-06-22 03:26:44
8v5CYUkTd9ddqLVEDPJ4yGmsm782,2022-01-07 10:53:47
8vDYS6BSjRPhSv2ps07lxt92c8u1,2022-01-18 05:16:32
8vEo9BknZDZlAFWkwvJnUDJAB9u1,2022-04-19 11:41:17
8vR1pZgMm9VLgegNIzq4tKQnNDb2,2022-07-08 09:02:25
8vm0fx7skYdk843bEgKnSx572ot2,2021-11-14 16:58:07
8wHdgDvTDYRT4PaehO6vgDigKe92,2022-06-02 11:32:08
8wWzWcf3APXXJPnWqpmqwxSCi3B3,2022-07-31 08:45:39
8wzHPUJKtMbKDa1nGKGIwnrQaxF2,2022-05-02 14:55:17
8x0uCldT98gCgl7fIVGSDZhnBJ93,2022-03-12 09:08:46
8x7HhXW2BphojZIEwoju597JI4o1,2022-07-23 14:56:48
8x7Vv9vLQKebNvx6Scfo2SCBXYG3,2022-04-22 09:35:13
8xWDJvrAIAP1ZgyVKB8SzfnmlHi1,2022-03-28 10:32:49
8xYuKJTPymd4ZqjOR5Yqp8tUr8j2,2022-02-15 01:00:55
8xdymdOf9mYBHxqC0aKnpQQyWqm2,2022-04-03 13:06:54
8y4OaLWu6XYzAxMC6IvuAeu1GXC2,2021-12-19 12:57:03
8ypB3D8roLX4oC6aSOHjGbI5nlA3,2022-01-09 00:56:36
8z6xPYWjx4gwEg7xs6XiEWKx1IB3,2021-11-25 12:06:01
8zBRjLFat3eU9NMNQ1mH9GetOXy2,2022-03-18 12:28:14
8zXRGAaVIJR0T7awzwFBKCr1Tch2,2022-04-24 12:20:32
8zepP19TL7YXvhdrqHFiwNZp4l53,2021-11-09 02:23:57
8zsoAbrFVbaMw9JngBMgVlohdbE3,2021-12-23 05:14:19
8zvesHnRRAcSUu93xANYqEoYKSu2,2021-10-12 09:20:20
8zwrijqWXYP58wvU3q9ztS8idC43,2022-03-30 19:55:31
90bLHLNU1KON6lcZTfqLAQXQlSp2,2021-12-07 21:32:47
90cVUjLNhCQBHNcS1DDYVuE3EBt2,2022-06-20 10:51:55
90mxrKyVmzN6yfVoVCli4Nkwn4n1,2022-04-30 12:40:55
90xi2wOdE2OS1vYGSNiVjeaFQh22,2021-10-13 16:26:58
912cuW30R4df1MdkizLo2LNIxIm2,2022-02-28 07:45:32
91M8fQT69xUbUGKHWNKsZzLKsZ13,2022-07-26 01:09:00
91UiNnu3ozVVczmtaHCY5xKcHPn2,2021-12-22 12:42:16
91bmYSjgy8PfZWWpaK3gkLkN1X33,2022-01-22 19:28:55
91r9GBRPjJXHdXGMVZejRq2MoJB3,2022-05-07 05:27:14
926jjBSeKLdaNRJ4Pfuv4roHsag2,2022-03-29 06:45:06
92B1AadCL3OmxtIoqz4KEVxQvay1,2021-12-16 22:27:05
92OEEbjWAlcbleTv37gbBbF7lcm1,2021-10-25 13:58:58
92dHh2kRUEffhEYG8DOtL5ysMI02,2021-10-17 02:59:31
93M8NWRRCfQgUzGYsJnrj8dBdbj1,2022-04-08 00:42:18
93Yyb2zQzhaJAHSSWa8JhFg5aJD2,2022-04-15 09:13:12
93cvrEkvuKZuTUokgpjSq7bjlbw1,2022-06-01 15:51:07
93fG68De3wMDAnV3ripPk0NMkC92,2022-04-24 13:21:59
93kmejTeFDWAD9B2VSo7GHnwk9Q2,2022-05-23 01:16:45
947oklLStccJYkbo5hUnYO0mBOe2,2021-12-05 20:34:16
94Ek9IH3ZbTMUEcXJeqRgrqxdjh1,2022-03-15 03:36:25
94HKrEBsJQR8iaHw0U9RamslDqD2,2021-12-24 18:38:52
94IPstqwknPjwa6xhgaHrBorx8O2,2021-11-27 13:53:20
94J3zXx0n5QkAU6VvVipJ3TW2SB3,2022-02-01 21:11:13
94ePYPQsShhuyfVgZzUtgtNqRpz2,2022-04-13 23:34:46
95ACKaS3xzgwiG6feZjY1d1ZmGe2,2022-05-14 20:51:12
95ifH5NBsuYhAVqVBbf3y6P8vmb2,2022-01-25 11:43:18
9637sK6ID5duJ2ZqESPaLyUCFCz1,2021-11-22 00:41:25
96ds3kB4xkS86Hmnl0TdJ5yTRAM2,2022-02-05 08:18:32
96f8a9UGKpQobv4OAEj411W1ekX2,2022-03-03 10:45:17
96gGOV1rQHWBj6hcmelfQhPclCx2,2021-10-05 21:42:00
96i5ZrK47ydVsMQD4yKLbshjvxS2,2022-04-19 20:28:53
96vZUJfO6yV1vt3fvQDWb7mKOIQ2,2022-07-24 06:13:38
96zPrEBN4odaUwvOyXAsO8yMGBJ2,2022-01-16 11:13:01
979VR3TzvAUskX78pfAPjgaFzCv2,2022-06-28 18:08:29
97sQdbJBocPtKD5kzUhOzrjKgD12,2021-10-18 15:19:07
97z3tHHQ9KQ88ocWl1xH75H6OKs2,2021-10-11 08:40:53
98ArYIgFWVPmpAhZcOiF0L7bxqi2,2022-06-19 19:19:06
98GWI25tIHMH5wbQQSSzjixTDPt1,2022-05-08 06:23:34
99E5YBiPeAOgjlZGb8d3WlW1ZdS2,2022-02-12 00:29:37
99FPlq9JklVObK9Zo1VL88FGWtZ2,2022-03-08 11:29:07
9ARXE8i9IPgcPmDK5dqewHwZVTI3,2022-05-09 05:49:13
9ASOylvxzQM0dqALfLX7h9r9KT63,2021-11-08 12:41:47
9AXREb0dFXfboj0Rnb8cqxlL6kH3,2022-01-09 11:56:50
9AelnJqqB3UENmKPFwTI5Q1L4PP2,2022-05-07 11:03:05
9AokbFBFZRdYEolgoZQ7GEr7wtq2,2022-03-28 13:18:03
9Az3TgPSOkOCUk3HoKT0vLeNdl13,2022-03-18 02:27:03
9BPhjhQtaqf7iTR3nQpYm1cUb6N2,2022-05-14 16:06:15
9Bx6249628dFZb345p66z3739Ay2,2022-04-11 15:08:36
9CBIgydJaggsJN4IcdfkOAmq1mN2,2022-07-25 01:26:34
9CIlhHxnAvbFjf99EGcIvHrHUss1,2022-06-06 03:56:50
9CYdFwi3pheM4udDFKY5LReRN7G3,2022-03-05 05:45:26
9CZF7JjhXmZHc6U1qIAFrBXrfPC3,2022-05-16 02:21:34
9CZGqcXpgTa3Xctx28k0vrUc0Te2,2021-10-17 02:08:31
9DtrNv91LUWRYtPDKxbDILs6Txl1,2022-04-06 23:35:55
9E11wzAXZcOFpqWtJgiv5zAY4ja2,2021-10-29 06:45:18
9E9BHWmhxkR5k0xW3Fj0ghupxVK2,2022-03-02 16:01:02
9EGkpyQfCXUQPV1uHYpt26yM2x42,2022-07-30 04:43:02
9EGtVsKe1NTnmzi5Wt258miRbfD3,2022-04-22 18:52:21
9EV8JVhK8pZMm8hnSVC6RcUinrD2,2021-10-12 23:10:08
9EbLrkvVQOTQCjN2LrKTzIeIc6D2,2021-10-16 15:33:32
9Eelen21y3eUr7PlV3mm9AtrMYb2,2022-02-03 03:06:45
9EgQKgqWiDhbmW6nOGKq78tKWhJ3,2022-07-20 15:05:27
9FOC6w2po8aQQTxpWEtXLDR1yIr1,2022-02-15 22:20:30
9FQdWIYqA9hhVh4XtqYHQTYlmyV2,2022-01-18 09:31:45
9FsKH4gJuyZ5ExwbTBmeopTn47C3,2022-03-19 07:12:20
9FwZ617CZbWIjiiWHHXcqBd3AmT2,2022-05-29 01:08:47
9GCjTgbt6DPZIrqz3nBeNXjiwkl1,2021-12-02 19:12:59
9GTDKgjOSTOqxgubJAUGoMF6POz2,2022-04-27 13:05:56
9Gc7odg5TZhIWkFTUe2lQZ31gU12,2021-10-13 02:44:22
9GeG3LDvA7M325obTrb6Yvg4hCB3,2022-04-18 10:35:20
9GgMmbW5TCho5fCKKCvc4bJ3sFI3,2022-06-18 07:34:36
9Gm5ibxuPZXzkq6VgK52yzJPMi02,2022-05-05 06:17:26
9H0MbRuIsQgRto71ccHbsCux1rj2,2022-04-27 23:10:31
9H5qPj7TpxWrYJqUHaDPYMHbv9b2,2022-04-29 04:22:04
9HZOwFwxc3OqMkZfMD6LAnFuQ9i2,2022-05-05 15:17:13
9ID4t4LddKdzztiB8OCHuibx4hw2,2022-04-17 09:43:28
9IT6lnWP7sY0T7IR8Sm2iO7yySI2,2022-02-28 00:33:14
9IV77UHSboYv8q4ApqO1ab3KKjA3,2022-07-16 11:45:22
9IfhLOPkdnVGeiHFt7yE0uVXNTo1,2021-10-28 20:54:40
9J46FCrq85ehOkmJZjDnLdIM62Y2,2021-10-30 02:29:59
9JPyUVTgcAYnTNvxYR9VLO1ZgKq1,2022-03-16 08:32:20
9Jra3TcSeUMUH8tHwoO5KH5jeIm1,2022-04-23 21:30:49
9JuoAr6cVNUdk4gae850fRzer0x2,2022-01-16 16:59:59
9K2GUmqZZZVewTthhWOwtf6UBTo2,2022-05-31 04:36:48
9KAVQJ7gxndDiCc7n6DLJDPtTZ92,2022-02-12 04:12:31
9L19ffvjqcTBiKjzb4ZXQXMuAdp2,2022-02-13 02:52:28
9LDkYQDdtAPFGSMTIvyCagMHMUW2,2022-05-08 15:36:59
9LILg9jO3lVgqfUolX5GOD2BVmv1,2022-05-06 06:57:26
9LO481U5AxMWdicbcMVYj21y1Sh2,2021-10-02 19:18:16
9LeE9J1CQ6dnC5R0daUXWTPPiHA2,2021-12-27 17:01:48
9LyDxBbH6MdNOav4xy8RboJHy5B3,2022-05-27 22:15:42
9NIZbPatavTIuTsk2eJIAjcKh8S2,2021-12-23 04:48:58
9NJJOiSFiGh1JFWfGyZdC9ezhny1,2022-04-08 05:13:32
9NUOdli1nfcToX8NWhp6SxHuBdy1,2021-11-10 04:12:25
9Nk5OD6FO1OIl4wsqZQyvQqiUk73,2021-12-14 00:32:22
9OJSIjleZWXxFOeMMmF5PirQSXq2,2022-07-23 04:08:11
9Odw0Lj1TFQAvVQehYcJ4498YSI2,2021-11-08 09:55:43
9OkRC6wZTMZWi3nkxHj4cZqkB1z2,2022-03-28 13:47:47
9Oq7lRGZS1dVXXnkANMcRbzRr3s1,2021-10-03 15:00:21
9PBYD9KqfLYUO74cO7WmkhUbZhv2,2022-04-14 15:33:51
9PdceKJWHgThkX4GaPiAjTGN1432,2022-06-16 13:42:40
9PmHFZnexxaxiJpQv1gbl5JoEob2,2021-10-28 01:40:12
9PmapkBDdGQKZtrP1FKAiuQDVQf2,2021-11-19 22:22:53
9PnJXLghc3NeVS8oe9yFZNPFAyH3,2021-12-25 01:11:46
9PnkzBgBSEaj7ndovXOnBfQOcOk2,2022-04-19 13:38:54
9Pq1xosclWU9wURzsUN3X3E6Yt42,2022-03-06 02:57:22
9QRqdPWST6YXEyVvEFt9UdLu7eu2,2022-02-22 13:06:57
9Qglik1uzSWsmmQQT2GlDQqOlK12,2021-11-30 09:41:06
9QmYj0rixIQc2wBGp89LlHoA5Mj1,2022-05-24 13:13:17
9QqQEnc2wifgT2oFTHzTIDoichA2,2022-06-19 21:49:20
9QxmcF8BsGaS0JvctTws8KbWter1,2022-04-24 14:20:03
9QyyQG7S8AemByTyJpY3xVMk67O2,2022-01-30 03:16:16
9RH1XFVd2BVeVGxpVUUkFXZtfWx1,2022-03-21 05:12:00
9SSbSs907VfGVyzHmdxBdCTb45A2,2022-02-06 09:02:30
9Sc7qDOZKKPNIAxBvHy0V369LuK2,2022-03-28 20:38:24
9TG0wCFS98MAWRFLF9irhh90MQm2,2022-04-04 18:42:22
9TdP4gA2S2ecivoQUJk0HZaZPbJ2,2022-04-17 07:21:22
9U11cLrp90W2WvYlBPQ1Z89PDmk2,2022-07-16 00:17:25
9U4uxL2ttcdgdvSQ5l6J75V2XWZ2,2022-04-02 01:46:42
9U8X9rdZzuhPJTBanhoTD5NHiqW2,2021-12-22 23:03:01
9UFaSKq2ZLhcmOr2PJYV0GrdR0h2,2021-12-27 07:56:51
9UpgcmET1NbEu6lbO3Y9sN4m1EL2,2022-05-20 05:32:01
9UpnAORpQhRjzylWCRdVBe3WiVn1,2022-03-20 05:07:26
9V10Hb07Xof4sCpedyOqTyBuSUv2,2022-03-18 08:52:54
9VFiydtgpcOIyK0N0aMfzczkNS42,2022-05-11 09:19:25
9VQuU9idM9hBHqJka8WELTXJxdr1,2021-12-13 09:05:30
9VqgAmTLxKcgV0qQ41MHMAdrd5H3,2022-06-02 01:20:22
9VuMUveuElZ9UvB3nBAQ8fRx95n2,2022-03-30 19:11:10
9VwCJsutyyVy3p9MzvZKD5vVFxr1,2022-03-22 14:57:50
9WMKyEzr3aVKkxDUbvTFHmQq67l2,2021-10-17 07:42:26
9WRAc19f84UeMX4W7JoNclIqFde2,2021-11-29 03:59:52
9WmVlCRukRPsr3Mh5FXo2NBD9uw1,2022-05-28 07:52:38
9WnLgVyCCKXsadMN0S36DBw6B0h1,2022-01-04 15:51:35
9X2TFyLYYNO2L3vFpFJUkjCiM8h1,2022-04-25 14:18:48
9XIJTpeH3uTY8wQ6Td5pg37BD3P2,2022-03-29 05:15:31
9XOHcmkiRwOcHpJOrK8VJGxNI6A3,2021-10-27 03:49:54
9XWUt3yCvqMStwIwxcTlQb78keD2,2021-12-24 01:25:02
9Xb9XRhmdQhniWE4LKyRrsKTDh32,2022-04-17 09:24:45
9XdjoAMBZyaF8j2SrRAaFAm0JHZ2,2022-01-17 16:32:01
9XuHJXZrwZh7JAUtD2s6SXj99SL2,2022-05-28 09:12:41
9XxJMpcgD4SL2uJ2ywx19fL8OaJ2,2021-10-12 15:25:07
9XyF18LofgWLWiHh50nYND0xdzw2,2022-02-08 06:00:19
9XykOsXpm3Ysac2JA7wlY7Nfjx72,2021-11-26 00:25:05
9Y2vufolbuVWqI2XjrUEKDsuL1C2,2022-02-01 07:49:13
9YEVBZXPVWPEAobZC8uqX4zzj7L2,2022-02-26 13:19:07
9Ycb9ukLMUacsXvfNIP5WMlxN2x2,2022-04-23 08:07:28
9YeFjmfuAvOjdf7mVqoWqIpRvzg2,2022-04-05 19:05:58
9YqxXZ4iFmT82eZNdAHEm7utv1U2,2022-03-30 23:53:36
9Yu3LrE5TkbJdP2Jwn2RitcNhW23,2022-03-24 22:35:46
9Zb8xs3qfMYetMCXSMjpYn6XCxs2,2022-04-08 06:01:26
9ZitYw6VkTXGcyfTmYWQ6GfF9Ro2,2022-04-20 02:35:22
9a0tPo8hakNRJst98OOlqRc3mZ02,2022-06-12 14:30:14
9a8rL3KSFBPlzWHAuVdQlOTMAND3,2022-03-19 11:28:50
9aLLOqBy8QP1LJa7PqhBXdBjDkz2,2022-06-16 06:50:19
9ad0v7ajHbMescXvpMpuaOUIRg42,2022-04-14 11:19:11
9afKVbPvX0auwIDsgI6uVKdN3w62,2022-02-11 12:53:14
9azlfJy1wzSJ3d2nMF89wqCWrAw1,2022-04-06 08:37:56
9b1nRbmfBHPScLMNVNBVZh5WwF83,2022-04-28 20:55:10
9bHr6OvhxlbMUEtr4I27an9UFdP2,2022-01-22 22:17:36
9bJknKlofyZ39oe6GIRnrDX1KoJ2,2022-04-30 21:54:45
9bP9Wkn9aSe9FEaW8O1QEHxe8lA2,2022-04-01 16:22:52
9bfAy8AXGlaIW9IxfIDbLAew2Do1,2022-06-06 05:05:51
9bh3knl71fQ48F2lUfkMk1mOPiz2,2022-04-14 16:23:10
9bsOntDOhcQjsw7BS085TDebPFn2,2022-01-14 14:54:42
9cWAZ356PkT2bBosTPAJvCPTwue2,2022-02-03 21:05:09
9dIfH7d5BKPt5KhD8xH3JG34UJZ2,2022-06-08 07:04:22
9dVSY6XpV7ffNrPa7aNISGIJMJr1,2022-04-01 04:16:54
9dpRejIo3lMAROZilF1783rgrV63,2022-06-09 11:11:27
9eQ9FLWF0aYUFcJ5wNNtrd07JFy1,2022-07-21 14:31:54
9eRFKNacRZSSI2mFVU39flExNXm2,2022-06-06 11:56:04
9evym9vX6kZZx0gPusqniveHELe2,2021-12-01 06:43:52
9fEvWbdzUOR6799rGpJu4V9YQnH3,2022-04-17 01:34:57
9fNE3gyUdShBuiEppLesBqCvISz2,2021-10-08 12:45:04
9fTyBrRr0fShTShtSFOi3rggUWG2,2022-04-03 11:32:47
9fgXlEDeagUxswngHqnhMaZNdn52,2021-10-17 15:48:27
9fkycnMW4dS6w6zBnGkO5YtmIBY2,2022-04-13 21:38:40
9fwvOIph3pdAkngseR4z4jYvAI13,2021-10-20 10:28:20
9fyL1hIryoVPYUuc7tTkPsUulFm2,2022-03-06 20:33:06
9g9FrMV2g8WFGpXACK05Mx0kllc2,2021-10-21 06:09:43
9gAiUJoHpfUUrIwFOESPVA4WFN83,2022-04-16 09:43:50
9gC58jDfY1Zk9F9fteao9JLog3F2,2022-06-10 19:36:27
9gSYSWvz71dZacvC4vHyLkUgvnq2,2022-07-25 12:00:09
9gV18qWhTpg6vpPOXZ499Ce3YIs2,2022-03-05 22:58:39
9gd5FODP7jbR1fUEXkpvleBgR9E3,2022-07-28 15:04:56
9gtWEKMlM8N5ZYAus5VDX2ZT3lz1,2022-06-25 20:00:42
9h1UrdEcy3YPDJn3rtZfh5Y2MuB3,2021-12-26 16:41:17
9h6owkLpy2e4s2nqlu63bsvZoP12,2022-02-22 02:33:37
9hDk4ttJfFNvvfNjKl65RZmyY832,2022-03-08 15:25:00
9hK0FWXtR7RVCEPvu0p7UqiMULA2,2022-05-04 15:10:37
9i6OS8HLXth5PrQsytm8oMTHfHk1,2022-03-05 07:33:25
9iFFksFCh8SJplJnueiLueqO4Mg2,2022-04-18 01:28:46
9iiPXdx0QydMbumohjfHLrAJbFq1,2021-11-09 17:13:17
9iuTHAqypBN5XRcKfixFsILRnVu1,2022-05-01 13:17:26
9j0PkhAVG6WYVoQCRHQscSkCHlW2,2021-11-28 13:17:32
9jIfYurmLGWF31YTBTsQwYVAAr33,2021-10-14 16:31:15
9jVdkz4UYWQ1dTMHurnFxtgrmth2,2022-04-19 05:05:43
9jXci7MSn1XgT6GvozKmt2Yd6WF2,2022-04-18 12:58:06
9jfpDYuezqhLP97zOstlh5lQcEr1,2022-06-26 11:57:54
9juRFdkderRXjWR5y28dKVFun673,2022-02-16 13:41:41
9kJrXbUZCzLMQGvzWLjGsQfYJ4P2,2022-04-05 08:33:09
9kS9WoRvDedwKJmdgBhK3LhYN8f1,2022-04-20 19:17:59
9kWvniW6qUNlTNFBEZOvqonjm3T2,2021-10-22 14:00:28
9knQjzbUUfaNIk3TIiPzLrEv05z1,2022-02-09 14:28:29
9kusf9H0cHMydW4TIr1X1rjevFJ2,2022-05-23 03:20:56
9l5DM6XtWFeDDuSeMzphTjgohwq1,2022-05-15 06:11:27
9lIKh3EbYibpeUzIJ9g2tgl1nrk2,2022-04-24 07:36:14
9mAlkSHxz8OVnxYhVyvlDHHYpQ13,2022-03-24 04:44:50
9mIdOPf4XlWH5SlPLWc2LVmURTf2,2022-07-28 18:02:08
9mJC7ZJiOXVb7eJLrD54bu6b1dS2,2022-04-17 02:58:21
9mZ47BramPdw7oDiGfQ8rNacPx82,2022-07-20 04:52:59
9mdg1tU3QxeIG46uIKHfyIdkngu1,2022-07-18 14:28:37
9msJM8YPr1fbYBzP2f2bzZan1Rx2,2022-06-10 19:05:45
9nNjxfITleSy31QAFMK2q00LIyi1,2022-07-10 09:27:17
9ncZIwZhJrRKpkYn1Wgr54LUiWG2,2022-03-17 11:47:48
9noLXUaMZaOQ3LnUYR2yhfWqbpe2,2022-07-22 14:03:11
9nvkYEZQelewX8iSUr8g2ly8Pzc2,2022-05-05 18:19:43
9oDvTISQYFPNDuqyUftI6EOMgZ52,2022-01-15 18:46:48
9oGmY7kYA9NyO4ts7k27HJC7rkJ3,2021-11-01 06:42:20
9oJ4PVHgcyNWlZGCkM59gtleCdI2,2021-11-03 02:35:37
9oJYCwMnFvXyj8nPK44b1s29Jss1,2021-11-22 08:06:21
9oNKy0NGYpd63TjiOEYkVVTfrSp1,2022-06-18 12:51:12
9oZV5440C5dm8hIKpmbwIQ2WMu52,2022-04-17 11:35:37
9p4tn9GAGyf0GKesvSS7lco4FTD3,2022-07-22 11:16:09
9pK7OgEof4eAily4sVfTWSO9tVF2,2022-05-28 12:14:09
9phnwxPmpzLNyY2JCjGE5so3jV72,2021-10-18 18:21:21
9piE1SJMP3gFaWS5uyaFFp1cRTJ3,2021-12-01 01:03:20
9pre2j9jrveOhk2aWlj7eZXXQ4f1,2022-03-22 13:45:02
9pxLy0bjAMYM4jO5KSkoeHp0LLy2,2021-11-25 11:33:01
9q0snI6acpfJCNhxQvHRKpuIiGq1,2022-03-25 13:27:33
9q3NQHCoaGaOds2Y7TuTnPBtNcZ2,2021-11-30 09:42:40
9q4ADZhgDpXsbNILR8gwcxZVDNq2,2022-06-29 01:27:57
9qeZE0KoDXWcKpwDUVmwrlq1xLA2,2022-07-04 11:29:21
9qwfm1m0zgdn8PJaIaTtthzKUtu1,2022-05-15 17:57:52
9rFfv5r3rNQwWjbCIoFq1lD57GB3,2022-03-27 18:11:27
9rfdNFuWNtPL1gUZ0A814rtnihr2,2022-06-05 17:17:36
9rilo2biJnScJmMmdqFUz5uwuVL2,2022-03-26 16:40:59
9roptSV6dIXMvWgvtXnh7kzgAI42,2022-07-05 03:14:39
9rzaWWadolNK4tHmDIeecyahYjs2,2022-07-03 15:14:30
9s1Xy9P3K8XHCBlELLwTQuc0xWq2,2022-05-31 21:45:31
9s7j4J1nFDhGxrhiybyv9E7yL013,2021-11-04 14:07:36
9sRx55ec6wV7OQMnMKLDfAzpWQq2,2022-04-16 08:44:22
9stDO1LTLkgYowNjlFOuJIOpjJE2,2022-01-15 01:37:49
9t3GGVDmo3e0Of3uODwmrk2BVi72,2022-03-07 17:44:57
9tBPOEVqZHWkofN2y05aGAQiKP23,2021-12-07 14:55:03
9tP13az0RLV94nM8xixCXL3okF32,2021-11-26 09:08:59
9tU5mw3xPBOOLJWvF9wpretsaWW2,2022-02-22 09:10:22
9tekBzJyfJXHHduKXmyQ2QaOIJf1,2021-11-02 11:50:40
9udqE5aWX4TzFmoJOZhty7QGeHB2,2022-05-19 23:37:14
9v3JVzv4PbV6Xjim7R3JolRnLcB2,2022-02-13 11:20:27
9v3apiu0vRb4fRKJ1Kw1mDf3Lfv2,2021-12-07 19:21:26
9w4gdo2gzuSrQ8LnXkTiYjGad983,2021-11-19 16:54:48
9wCJtsngr1YaPf6VbSDUkwZ5rRk1,2022-01-11 22:55:56
9wNpZVCBU7ToATBSAIu1JiQBkDn1,2021-11-25 22:19:43
9whn0acPaXbvPd2AN8KxdfLgz8f1,2022-06-03 23:59:34
9woetdQIe8VAjPCUiUVKeIASN0u2,2022-05-08 12:36:56
9x97yMZUa3f6u1d1J1vRRrGa62N2,2021-11-24 17:52:43
9xCgma4ZoTRAqHiSNKHfBn9cQwC3,2022-04-29 10:48:49
9xeWVTf2bhOfdyMZblB7nRo7Any1,2021-10-26 22:01:31
9xiYcLRIsaWm0HnEHZkIsSPvU8h1,2022-06-02 12:43:21
9xlWvW6oczTqLLbXZbAELqI9pmG2,2022-04-14 05:53:45
9xpDA22YZ3hN5jvsFDGTXgChSit2,2022-03-11 00:23:31
9xuzBAO10LZnAQu1XA1eMdD6uEs2,2022-07-21 05:28:20
9yGmJvvR41MhHaFKx91KP3eZsv62,2021-11-12 18:03:06
9ycX4fPKpufj21ErguyLgdAGYBR2,2022-05-20 03:04:17
9ymYCZm9xkcJV7LvoOQYUTq7sdL2,2021-10-22 13:27:51
9z0udEuSIvhRLN8nYW8YoDLS9KE3,2022-07-07 17:23:33
9z3CiUH4FyYL8yRyLneIYZ5rcJQ2,2022-02-22 06:23:55
9zLpsFYm4qXI6WHMgxUrmml5xOB2,2021-12-28 00:33:47
9zuQOEVRmoXp6o93BUXWHzfTuhy1,2022-05-14 11:09:15
A0422F9ZzldqayVP89Gqwp4z7Up2,2022-01-14 07:21:51
A0Hg8hUDm2ba3du7mACwne7VqwV2,2021-11-25 21:40:39
A0Njw0FOyPPUkO0dDCKDo3zlvL12,2022-04-14 06:29:39
A111RLjsE1XzI6B7cKr7eHH5zX63,2022-07-31 02:31:44
A1CIDoiILUNdyjGlkeQBQp6gBv72,2022-04-16 08:06:04
A1DPbLTFcZP7RlD8MW6Oq4GuCDR2,2021-11-09 14:26:03
A1DjRJBMpnSGI6UxsRRWA9MofBv2,2022-01-07 19:05:33
A1HmrN0Jw6gcvFyeFszjyxXb37x1,2022-03-07 18:25:26
A1IBpdWXjPX2oZnDHfjx6mS3JdH2,2022-07-31 02:14:07
A1tgmOsTbrcgkqBFDo0RhYrOZbj2,2022-01-15 17:00:43
A28K5D0xkubnrxNbYXR8b1TVZ6D2,2022-05-02 07:01:22
A2YmpwLmfKYGRCQIwi3KGR33ewx2,2022-04-30 06:36:05
A2iIC2zP2rT7qoog55RzXyRmBfi1,2022-05-13 14:09:00
A2iqqSASSUWmsFZWzihp62Pqmdw1,2022-07-31 00:39:20
A2jjPhyNfidnJ3gYw5WD3n9daDf1,2022-04-26 13:49:24
A2u0fy9XX0ODMS5eWixugY8HSay1,2022-05-29 08:20:34
A3jy3qnSG1SIKMEjPwbG0jaq8s42,2021-12-24 06:55:02
A4IAxu4vV2YEu7Zz4lXqaQY7eW83,2021-10-19 06:49:17
A4N0zCRn4nfhaVurOF0j8TYhQ363,2022-04-19 04:18:03
A4bh5B7gujetwuqKS1DKcqPNw8b2,2022-04-13 07:56:30
A4l8OD84zkWmxdapiKMdYSclS6C3,2022-03-02 07:14:50
A4lmpejPClaOoCJ8kmlCj7huoJD2,2022-03-24 05:07:47
A4rwXKhhUCV48MmsfvA6XCZE1K33,2022-07-06 02:21:42
A4t83bDiHMRHXq4X6rj8ZMtxyI32,2021-11-28 06:58:13
A4xDbIx74XgQOoeE59xFurYHntV2,2021-11-18 16:10:10
A58dbqisbwQTPxYkauMKulFUSvj2,2022-05-25 10:16:53
A5Z0kTOvEMhNMbgG2UDGiawu5cj1,2021-10-07 01:30:51
A5tWXgX6b3P6myRh6iNyGrP1x4p1,2022-07-29 06:07:55
A658McwTq2QouRVUpEJSc9hm7kY2,2022-04-19 13:57:10
A6dKsgGzzFQZXNqBfRekljk1nzo1,2022-06-09 03:00:28
A74CoOd9sKRNyyBpZTH2EM3LOmR2,2022-02-12 10:17:52
A7OjfqSFKqdc5DYGQgWBXBLFnZi2,2022-02-01 18:09:38
A7XTf3yelYOfqQ0iC6dWHZg9zFp2,2021-11-24 16:38:32
A7YjdPz6Y7aoboVWcJGDFgWA5cp2,2022-03-27 13:19:24
A7Zqghbw8jXVOcnH8zeiltpbiJI2,2021-10-10 18:27:47
A7risn4MXYT4eR9u52MAMhkPUO13,2022-06-19 13:31:15
A8N4ekWFsNTlGvRolrN51YKo9473,2021-12-02 05:43:33
A8i7n0fiKEZBSibsGlodb11YCka2,2022-05-30 12:50:40
A94SJzoBzPabCC2NMVQpZMeoTik2,2022-04-01 12:38:55
A9WgMWQeFDhaUenSrX9X6GIvi5v1,2022-04-03 15:22:43
A9Z2Q2seyuYTyTZkgjGVTq4kYx82,2022-03-27 08:05:53
A9eVTFggb4WDeryDhdEFgruokr73,2022-03-04 22:40:29
A9lhjrbGVeRMoRYMEe746gVRWCR2,2022-07-17 21:54:10
AAd407rLzfU1prghR7muDAUfiW72,2022-03-21 06:54:09
AAgHWnyhJSP3xLw7x52gK7vqkaX2,2022-03-17 23:55:17
AArdzbK7V5OjPCNuVPJvrfBWL1u2,2022-04-18 03:21:12
AAu9OLcpF6YIAysg9jbcyS0eHf13,2022-03-01 08:56:22
AAzzb9AaNfX9LQR6jNKujBzZd1m1,2022-04-07 04:38:02
ABA2fkIddjNGFoABP33yAaC4CPG2,2021-11-24 10:58:05
ABEKYRvfTlhSVLHYeBv50XxvSpp1,2021-12-24 05:50:06
ABf98YxAqaPsRXkanId9MSZmSCJ2,2022-06-22 21:31:55
ABoLuFKo2pNlth41uIlH2o1lidg1,2022-07-06 21:38:04
ABq9RKiBfGZ5pJuRsT9qFsyokq82,2022-04-30 16:06:43
AC2LDIN5dWfZ8xYv8zZrgQCIgoe2,2021-12-06 14:02:46
ACVxB2FD61Y9EJS2dyMWGqmXMu12,2021-11-07 17:53:11
ACdW9aEyVdXb0yGqWtVtGvtxiTJ3,2022-03-17 00:30:10
ACemDU9Z7BTyGrUktcemfhNw7oh1,2021-10-06 15:33:40
AD2LOzah9ON1prlZoNYVLidrap12,2022-05-31 10:00:10
AD38SbsYIWVBFgT2pe0G4xIwDcy1,2022-05-15 12:16:13
ADH5HMKhubUlxnHEWDLU6IesjUk2,2022-01-26 13:46:42
ADUsLDxaa0cXHh0b5NB5JmIrVqu2,2021-12-24 11:50:46
ADbNRpAxXpgzKPgApRlu7tuE4v93,2022-06-17 21:57:29
ADjpozRMg5XJDjM7wgN52F1T7Pk1,2022-02-21 17:31:15
ADqMMQBc7zT7q4z4HkQjc74cPdu2,2022-04-18 08:20:06
ADsMFvFTDoepxDMiNyAfKUjBjl22,2022-03-01 23:00:12
AE1T7kfIQRMUyRhZe3hcSQs8gm93,2022-05-05 12:03:50
AEJSQhfhATNELZe268Iy2QQ250e2,2022-01-18 21:42:51
AEaGNa63wgTwEWeR1DMHPvyJoBA3,2021-12-26 01:56:31
AEfp2di6Xldm1gF5UBAqeTFIy4p2,2022-04-30 22:57:07
AFEawX7bFDXlJtbBn4kQ5kqga5A2,2022-04-30 00:19:44
AFPObDub3CVOStIq8HsthU36qPs1,2022-03-16 07:45:51
AFeVrYkt7ket6vkZ8mbUaAcTE7g1,2022-01-04 19:35:21
AFp2EKoMUUTXem2xProgQzriwzF2,2022-06-05 09:34:55
AGDK2QDn0ZOuvyvx6EMkAxvVdI62,2021-10-23 15:56:06
AGFps2nwkeMOVjvC6D1jvpwAKkn1,2022-02-08 17:30:03
AGt3dus6poeEdt7XoreZrmhM4ep2,2022-04-21 06:40:59
AHJUShRz3UahMZ04v2bZ1MDVX6j1,2022-06-27 18:57:40
AHJYwTTzI6aPvayAwTJTyGtjnU13,2022-01-31 03:05:19
AId79BLQsROPZ4MIpaUayUVBAsk2,2022-04-18 02:11:07
AJFZj5F6wQVRB2cmwZk8X2PHSbl2,2022-04-29 08:43:21
AJHKQmXJHZR9CBGxzjxC5nDDXRT2,2022-03-21 02:39:48
AJK17Wt0vgarnvjU9HiPSxqKkrJ3,2022-07-20 11:07:55
AJVu1aOaOPNpgU5Tuthcy66K7Qg2,2022-05-08 06:51:07
AJfgJGidRhTCo7P7nQirhLehIaZ2,2022-02-11 08:58:33
AKAgtfTmPMYCADF5egYEruLoztj2,2022-05-29 21:28:22
AKKYAMyHG9VZjRuKyqpqARYwUTC3,2022-04-24 01:39:38
AKXnmh9B0mh1jUsL8ZatyBlXpoz1,2022-07-05 18:30:29
AKfJlW3XAld5YkGHRmY1X6Yeje53,2022-07-24 10:48:36
AKgGqxwXOpPq9bIs3OYBkemJC582,2022-07-22 17:59:48
AKovffVbIwOH31VtEO8Gpa9aewt1,2021-10-23 19:21:33
AKrNVyfZDzdLxaJiYjDVm0AuWDz2,2022-02-15 17:47:56
AKytnczhaXYY0W1sxMUhtOwRCD72,2022-05-01 09:11:51
ALC9h4kJuARFjHn4S4FhzGqRZDL2,2022-04-10 08:12:38
ALTIFcu0GGRMd2Azcm89sWF7wk13,2022-02-22 17:23:38
ALbKEO9pYFdbgfuSaINGh8tVOxY2,2022-04-14 10:50:59
ALoBXb66qkfXJa3ctJHPs5Xwmeu1,2021-10-11 14:37:59
ALwNy6GuPQSViamKBgEumgb02ka2,2022-04-02 11:42:55
AMdKnAiGLAXwRCn4o6Hq4PzcWS92,2022-04-11 11:29:29
AMi7gTYdoNYtmzARhwNmCgpciGq1,2022-03-17 19:50:42
ANCof1us8eU40I6Hl4wC2yFo0413,2022-05-18 11:36:47
ANcLtoIw1PfecaRL8G1SQQRrjbD2,2022-04-07 13:45:39
ANcOpYOxSHNKmqitdkxszdkojj33,2022-05-15 06:49:00
AO07J0P3UaNa10D4RPEuuXETGSt1,2022-01-26 12:00:22
APD7xNKkWcPuRyEoxUYwpSpSKOW2,2022-03-22 17:36:53
AQBAbT4HKWfQ3JZoVq0GMIEAOQT2,2022-04-17 08:00:20
AQGUZatLWoVwr7S4R2PetWU3njh2,2022-02-02 06:33:59
AQom1BIOv1a4ycFeoXa0hxAP0X72,2022-04-20 12:48:29
AQrTNqmOYpfRkxzsoRCYMEsII6m2,2022-03-08 16:57:48
AREHYCVnBxeUHmf8yGMldytaMwT2,2022-02-12 15:24:01
ARnyPosrNzdVisvl5JMFjUN9AGk1,2022-04-13 17:31:45
ARs8oEfmhnQYKd0vrZtMe4e2Zlu1,2022-04-03 05:51:48
ASFTh6VOvUfJFLvxOP7oSbdy4lJ2,2021-12-23 22:01:13
ASVvziak5DZVHnCWFC9N34a44iq1,2022-07-10 23:44:00
ATCh1cy8kefUcBNO5tDv8P30ixw1,2022-04-17 22:48:17
ATdqLj9pDpeT50CStk8Vo8DniWJ3,2021-11-24 07:14:34
ATwt41E0MEXzrTI43XJRSbcpJkY2,2022-02-09 14:16:24
AUHkbX1wlaYhdy0K6gG9eXL6tt03,2022-05-29 06:55:25
AUJjIWLbjUMimhBU65piIZx5d142,2022-03-22 21:17:58
AULhL0Tp52dSQYz5egYM17DX4Zi1,2021-10-23 20:56:11
AUnvFg1SPOMaFeFyky8K6KHlEu43,2021-10-12 12:57:19
AV64h2jb9mTlz7FfFbwoLD9hoP32,2022-01-03 04:04:17
AVBRxBxWG5NoVvGuhryE7XVxtWA3,2022-06-21 08:20:38
AVPkygP02xgxpEAncnB8bY8zMWH2,2022-03-27 06:57:20
AVRDO3gy4rhyGUgen1BuH9CIlzL2,2022-06-05 16:32:37
AVek2hNdPLdgJVOdzYWKcnagqpY2,2022-03-13 15:41:42
AW8UARPKDVc7WO31j86wmvLQAHZ2,2021-11-20 22:11:39
AWMLFWIkyXPLdsCwX4Hq2IVhnHp2,2022-02-26 03:22:35
AX69ifzxjVYCamf9dTbE2yJc47H2,2021-10-18 23:45:43
AX9dvidIV5gcPF4PXthIdRdiO6k1,2022-01-05 18:17:22
AXEx337erHg50cy0DqxbEbqrScB2,2021-11-06 23:09:42
AXi4PqfiNjVX7lqUr8sbPYLueNG3,2021-11-27 08:02:14
AXpplms8RYfgsSFXqpkxDsoqhKJ2,2022-06-13 02:35:56
AXzYeQ9bxJZtQZaYS1mzmToHkWo1,2022-01-02 12:59:20
AZTIsdoEPZYX1YzRC3Eb9cDrx993,2022-04-21 06:00:17
AZTQmfPGQ1YjeXYwHtvrXutWJzJ2,2022-06-03 01:07:18
AZWLJDwy3pVqIYeLlbnY0V299Y33,2022-05-08 12:32:40
AZw6kpHPtPekHOX9sEZ8xDJQ9zf1,2022-01-21 10:59:05
AZyPuYZDISalx4VamO5QMttGxJu2,2022-05-29 05:17:51
AaKFhI32ZBZQ240ufWbGEhL2rm43,2021-10-25 18:43:59
AagPMmjSRNXxlQAPbpV0C87uGiA3,2022-04-19 13:23:18
AannoowwaFMWND9cnRwuobfJpXu2,2022-04-22 09:43:05
AascFEcwfHdDK5vz6F6aB4ae3Xq2,2022-01-19 13:53:40
Ab3Cz9xZaCekB8GJQqIvWrQoTMB2,2022-01-09 14:38:17
AbFWJAEypIhiBUZ4TgD6n9Fm9j33,2021-11-23 17:54:05
AbLk4TbcR6MO4SjNbbx43IC7BIq2,2021-11-25 06:48:25
Ac6BgjW3TIfXnqAvA9gQn1kIzY93,2022-07-13 23:19:49
AcMOr9IBAEOxtRVn9eJmU9nNQYg2,2022-06-29 20:46:23
AcNp0RwM5Iaaa1y3kM4quRUYbdw1,2022-04-09 05:29:44
AcXTjeMfltfjw3oWjo9BMkP4sDm2,2022-06-29 03:09:14
AcYO4aF2JHa8LIOR92AVLSfZFNA2,2022-07-21 07:49:14
Acgqu7V0jCPcwVQox4mVjUNaLUG2,2022-03-07 15:29:10
Ad4KLExGR9YnqAOFzXNlZgb6Zlh1,2021-12-09 21:28:14
Ad6jHfEYBQUnOwk8pPY4lEhBcWD2,2021-12-16 19:35:24
AdBLtGh6LVUVFEVdtJf67ggvOHp2,2022-07-05 05:30:59
AdR9Sct9nvW1owHjtCs34s9vfWD2,2022-06-01 20:15:25
AdWvHJSu7ANhzn4lN4UHHgqCodn2,2022-06-24 21:08:06
Adw1LV9tSwX8Mn8XGkJ2k2PEEGe2,2022-03-11 22:11:50
AeJeNXAuwVX5pnSTZ3OqUXK15OP2,2021-11-02 11:46:08
AeNNPnttHZbnPqoZSi1nktZg74C3,2022-04-17 12:30:28
AeSJMjIsMhfh0bcynj3o01AYbhb2,2022-04-21 16:30:09
AeSvDTIhPwZUSHLaTUpA6ucodI42,2022-03-02 17:07:23
AemOmQUS4MbldRXaYPAcWpZoUz62,2021-10-28 11:57:38
AetQcuaWzlMstfuPPlzbd1AHFAC2,2022-04-13 20:03:54
AfEeuiWiYMherXHHCxStdM0j4OC2,2022-05-23 06:52:50
AfKI4sqLLpZyTOqkkiVqY4Nj0Ym2,2022-04-01 06:29:33
AfaCnfh7oIVX8HB3O9AxO4oV4b13,2022-03-13 05:06:56
Ag3nxvV54XdHqJbh7wOxRdcIfDq2,2022-03-16 08:26:12
AgOkBUBs35afYkydDWtRWBcw7952,2022-06-17 17:20:50
AgmxFxQW3vaPiMBRyNBNwP3TB9k1,2022-03-02 14:54:40
AgtNRD3IpbXfnp6bZoa6FSr8RJx1,2022-07-13 12:54:26
AhIaqlXuVaMxzXGZhgfA2pgf3Dw1,2021-12-12 15:19:55
AhTUILRv5iPQ8UDXSOz9tzvyfJ42,2022-06-25 16:14:58
AhUBtfReA7aGdA0EZezqx9VkR2C2,2022-03-14 03:48:19
AhshSsBlylUAGSCdLMmTuwuawvi1,2022-04-05 15:40:51
Ai7XsKdQ8jc8nsVLFPBQz9EdAe32,2021-12-24 04:24:37
AiO1vyFXd7UurUctEi6asKYiId63,2021-12-07 05:24:34
AiRRJQGAkpVke7jpz3KF2A1o3RA2,2021-11-01 15:32:58
AiVERHrFN9RP92a5bxrXczH9yN33,2021-10-10 08:10:42
Aivi7McWmfOGZJGyESfuHeQ87eA3,2021-10-25 18:40:37
Aivq1FvIfAh1On60ke2hoqxAPfn2,2022-04-22 14:49:00
AiysoiuVOIgpGOddAt6zEjZsBZW2,2021-11-11 14:07:04
AjQEyy1OFMhKInZ8mjOhrg84UtK2,2022-06-29 01:31:37
AjXd5oayaPapdZmJAWEnFUGqJTm2,2022-03-31 06:04:09
AjeKB8BTQZghwVL8H90lu3MqqgG2,2021-11-12 07:36:12
AkECwknH9Ph5fdnqqOLtoptvClA3,2022-03-13 09:38:23
AkKbY6FNSWOLyujQmBRz9IWc17M2,2022-04-30 17:04:17
AkMAUXYuwgWeuxtyo1CD33k3V6G2,2022-04-03 14:07:59
AkTw6O5ooVZ9ftH9SXidWuJvfUN2,2022-07-03 03:55:12
AkzSoVqHQGYlhPVfV6J6pSTl1Vk1,2022-05-02 10:30:50
AlVPFDVPHOdINeZASV2Kmwg4nkZ2,2022-03-30 15:43:24
Alf6DaEIL8NtZgGK8f354pT4F4g1,2022-07-08 21:31:18
Alzjd9IG6yVluDA1gCFea5VkYWl2,2021-11-11 18:33:26
AmOVw8FSPCQPFz0X8fDcdQmvKoh2,2021-12-06 23:05:01
AmcAwYnMHyOBswWRA4YsGsMDhZP2,2022-07-17 01:44:01
AmiXtmsXNONN4r3jKQxQSUbZJca2,2022-07-21 14:06:35
AnphRUPEY6SusKvfCL51TJ7X8073,2021-11-27 02:47:16
AoAfW1rwbUU8OvJnBxmcmAlfdS93,2022-07-02 10:01:46
AoOEJlxYjNWAS6VX5Q7mRD1nDA43,2022-03-13 12:18:37
AolG05kFGxUUdr03x8Z0DVNO5Ss2,2021-12-23 10:59:36
ApBYTmtGKAXE9hE0BrhUiq4xopl1,2022-05-16 04:28:12
ApJ1klO9r6bgB2NknljUL3apVIy2,2022-07-24 10:31:13
ApJKor4waQdyYoN6VHGyBIkP1Y33,2022-04-23 03:01:36
ApPQ4Fs9L2WDx347TceH3pW1gOi2,2022-02-04 11:34:22
ApSD9LkrmrPNE641pabO1CcBzzN2,2021-10-09 11:12:54
ApX0bLGCbTg3jurVwLQzPpuEjJI2,2022-03-13 16:28:40
AqQIrp0rjfflTOe90lL7HJBP4fh1,2022-04-29 15:04:50
Ar2RHtZ4AdXFsM9QWmtUWMMyeU02,2021-10-12 18:07:34
ArFAuwU1nhPHHToe2uO8u3CPmJv1,2022-06-23 10:26:18
ArO7FM34M3cUK8eKhbXWjdGxsGD3,2021-10-18 09:55:39
As0urUp2q1cG24X7dNmLtnxIfEf2,2021-10-23 13:11:06
AseTr5Wv4iMQygKuQMb6FXrfIZC3,2022-08-01 04:26:08
AsqDgb8EDrMNdmeeq1kT2i9JlmU2,2022-04-17 06:07:23
At4bY2CyhyVsgg9wY4WcrMSKBaG2,2021-11-26 17:23:28
At8iwe9AqBdY7794Ml2WNS68FXZ2,2022-05-26 13:05:09
At9HwxnjxbOxvmCd8mQXHHkYnXz2,2022-08-01 14:47:40
AtEFUfXrZ7ek1esmlyVDHkYq9xm1,2021-11-16 21:18:26
AtN8cYYwVcTMqPiBN6ORFK22XR72,2022-05-18 03:14:38
AtmNOasTPyeYK0dXugOIwbk5oW93,2022-05-14 11:14:44
AtoTyewH2mghLnIGnp2s2GB9sD23,2021-10-06 14:46:05
AuD8XXb83rc08XyXUBwxmwv2qEw1,2022-07-02 00:37:03
AuUOPOlNekcT3rC2hUmzUMYs8cz1,2022-03-10 08:36:01
Aud1fxFdHtNQkffpqLXFXZE0zUm2,2021-11-09 15:07:14
AuoIhKorulXhiyx795z7EoAJJxa2,2022-05-17 03:47:31
AurK4BXVVMNJWg08pgsEAlKLB7e2,2022-04-07 07:27:41
Aus1UmiqyzVEYDxkgTAVY5J8Z923,2022-04-11 08:46:41
AuvIWVFhMxeVApfWkvYMDns8wi63,2021-12-27 11:02:24
Av68KxRqHHPO5IdQ8Q6bVhLNHss2,2022-06-11 02:56:02
Avw3NdjwO0NG4uI7tEQteSB25EA3,2021-10-23 03:51:40
AwGgpa61lTV8L892woGJwHM1Pit2,2022-03-24 14:26:04
AwIl7vwiJDb67odQj6zDfJKTZWw1,2021-12-24 03:42:38
AwMb8J4BfpRuXHamnqJ2Epav1K43,2022-02-16 08:50:21
AwT8VKSAMOYQKNPNMBFmQEsg5Qj1,2021-12-20 20:37:12
AwdKhwgA37Y6RcqMzNfdTm0QORU2,2022-04-01 05:06:26
Awkqi1Tckegu3cVzurlxcNbnCkv2,2022-06-30 15:49:24
Awt8c6H3G5ZeZfEBx8AcUBCqApQ2,2022-06-13 04:13:07
Ax64cOHKrjWv113IHMWCtHmkf0b2,2022-07-20 12:26:41
AxPfxXWcI9MTiymCxa6ZdS9AcRo1,2022-05-12 06:23:17
AyAPIfFpCSVx5VtFkxOgyqc0YO03,2022-05-18 18:54:33
AyFGWSFBL1UIvOm4hXvF10O1ZVA3,2021-12-26 22:53:59
AyW5p1xPgIXt9U6qcso3S4qDUOW2,2022-06-30 22:16:15
AyaW7gm7E2NNgdSwMv50gMJWRdQ2,2022-06-16 03:38:45
AzLXCyfEh7bpCIWU3BhjYh1rFKc2,2022-06-29 14:11:32
AzPRR3TcFSTagI6trs1QnMG9YDi2,2022-05-15 12:54:20
AzPiuLF5ochRidG0lJfDQadCfa32,2022-02-26 03:31:46
Azn1i6291GVGVrIifDhv0T5vXHW2,2021-10-20 17:56:47
B0BTSFWGmRcbJpld9QMDDhLobqs2,2022-04-21 09:35:45
B0fK6U7GdNScTq4r9AMg6gh7bz73,2022-07-17 16:13:43
B0npwHHjH9YhDXdYQLsp5esZYBr2,2021-10-10 03:50:56
B16I5J1Gx0bFJEeMw8hSwSdcI383,2022-01-04 19:12:22
B17h0gVgmicg87FvCWpjeaud4SE2,2022-03-09 04:26:26
B1M5Mm8YPkdc2x5FrswSyBJkYqj1,2022-04-30 16:57:53
B1R0cBgauMNbN2E5JWcu7Ok63oz1,2022-05-06 13:57:49
B1Tnk9u63yYXhxgDBKnO6mq0Xq52,2022-05-29 07:31:18
B1vY3xJVatYRm0FpLlSELA964ml1,2022-03-06 05:52:18
B2Ca7v00ZWWrz80tWgYsqbyxprW2,2022-07-07 08:51:53
B2ENF7e09xgsF2owkFsjZVum9fS2,2021-12-25 15:28:26
B2MLFXwAp2aJ60Cbc2WyNw8lemo1,2022-05-31 18:06:50
B2XlCsKpowWG5G1Ym4cH4tLfkgj2,2022-06-23 06:22:47
B2g6nEsYHwMCaRkzYVcbPnVJqqz1,2022-04-03 15:48:39
B2pH4kGjo8gbMt8Jk6bV98SKtSl2,2022-08-01 08:59:42
B3CJMkwEytSUGFLrylNtxurEvY03,2022-02-26 18:33:41
B3XBnSwHjSMqVkkC9wGWAxXz70G3,2022-04-28 00:27:54
B3aUUuu4Z1fjeqfsodn3yfIQehp1,2022-01-11 06:17:00
B3s7FlJWdgfm7JSm3dURDMmsJKy2,2022-01-21 17:46:46
B43vftVBIuXTuNrRiBP6Bf64Q8O2,2021-12-27 01:07:17
B4AYmtOGBpZNv4VB43GDZEUqStA2,2022-04-13 16:46:22
B4OMDXsDorbQzSHeYD6gi1x26AK2,2022-04-15 21:23:30
B4U31VhlD0Ooa35EYBjfRxJtoct1,2021-12-11 10:29:30
B4WCqmsCkJUVwxtArHa41yAsd7t1,2022-01-02 21:37:14
B4dG5P3gfuSOYJ1TssVgwQb7WZb2,2021-12-08 14:11:05
B4lenkRAcZaaQoYHS6ycyNjwSdl2,2022-06-19 22:52:26
B4yyYAYpZCgVFW0GYe2df4nqTfd2,2021-11-07 02:34:54
B5F0MVmO0oeoSlDuYt96gvIxvJw2,2022-05-26 06:24:52
B5NivxpYiDbKaGyokNhWxhTUd4j1,2022-03-17 17:52:24
B5cdudlhJIV9kcdbDmKN02mYIpA2,2021-12-02 10:50:42
B5yt5NGwoaUa07caH2hf3GfIlyl2,2021-10-19 09:15:51
B64dHprGzzWDKuCINVLZJqpR0q82,2022-05-30 07:14:29
B6JgLGgvYSVffQisfojiw0x1P332,2022-07-05 15:01:12
B6ONceUyMmMKdVuiTeRk1x1Lcuu1,2022-06-08 07:49:38
B6PwDPjA2FOp8FJIYjgucVFmkqA3,2022-05-06 17:50:03
B6T0ZDMyuDScPIE730rwPTdHZ4H2,2022-04-11 08:10:18
B6bRspI7YoQiMu3VQMXg8c8K1xF3,2021-10-21 05:08:09
B6cabw39JQZNZMOU82mWLNpXKds1,2021-10-27 04:16:31
B7Wl0JAmBvPalp6mP1Ex45cgzA53,2022-07-18 14:23:27
B7jg7H6ieXbtgIGRSkynbjkoItu1,2022-04-16 23:35:43
B7pyKIPkfnNrkhBNLShDQAQT0hq2,2021-12-22 08:13:55
B8GJsjB6LQXZB7siWBxvppnvI9m2,2022-06-12 15:11:07
B8bM2fA6X8YOzZZwBJKqmMr24Nu2,2021-10-08 14:55:29
B8gO5ktjm1RYGLkYyLZOvFMsGw03,2021-11-14 14:26:08
B8kZozZ6DHNV5WtxWWvRckrUnTj1,2022-05-30 05:00:02
B8uuHCY0m9SJHZZeSF46j0cOg3z1,2022-06-23 13:36:31
B8vGgkMdxLS1rhvjrckHvCcFfVm1,2022-03-25 18:23:44
B8xZtELcLzTLfuMGolbsGtrxR6g2,2022-03-20 21:49:11
B9I53eeFnybTjuYKwHmdamDMxSe2,2022-03-20 03:54:26
B9gYfE7KYEg8iU9TasAiBNhsEMI3,2021-10-03 04:48:29
B9t791XwrPVAalSnJR4Gbpqrwk93,2022-06-25 07:12:07
B9yQ2JGqbebHsCxkZltTDEXeSyt2,2022-03-21 15:15:00
BADvD4u534MUT3l5KIIIxtaZXLI2,2022-06-05 10:07:23
BAfST9vwYcYvQrXbheSlfM6wYAP2,2022-03-20 19:02:03
BAlkCDqTA8PwYIXye8fMeyq0dxz2,2022-02-06 20:06:23
BB3CBEp99fgJfUuKjJuSeL7LgpN2,2022-02-16 04:27:31
BBACvHw1aze1DBaOBn2cPdkWQ1N2,2021-11-04 14:22:06
BBSVGWZhM1O4OJizqzN7Sh2dtRC2,2022-03-28 12:33:47
BC2w4IN6XZQZhwSWTeGSAZ9sz8m2,2022-03-09 06:07:09
BCCQ6SlPmkXq13UZegBGJMJ7zMu1,2022-03-06 13:17:50
BCm4iDds50fYMTSAHelyKh9r5wi2,2022-04-20 05:27:00
BCr7HYNWuwdb6MAcBst8xomUmUC2,2022-06-30 00:29:22
BDAWcshTiSXwZ48QV4SNAY6Gwi93,2021-12-27 07:26:52
BDSdxrgGGHOG5N3OKaEQzqLaMqP2,2021-10-22 13:36:32
BDcO4zGZxlem9IRriAr0y6IJQSJ3,2022-05-01 12:52:14
BDtfz18zrYUkQOsEAlBxGrgKcZT2,2021-10-07 06:51:00
BE0ld3EyxNOABd0MfvhyOBlFbf42,2021-10-15 08:02:11
BE61MW55KqTdYABsgUceDatX7JI3,2021-10-03 15:08:11
BF1F0dQ1QZNxi8WC2oQZZlAALJu2,2021-10-18 17:05:40
BFJ63UsIsLNJhuCEKIYMzYH4ov23,2022-06-16 08:06:12
BFM1mYYSMHW7uelPtz5z7upKhCr1,2022-03-20 15:11:19
BFNfhwvCTJcVlNuuAco3W8oajkH2,2022-01-28 08:10:10
BFPw95XnQWgO0m8UQpnhtx05jsi1,2022-05-19 10:34:56
BFVhT7JTgpRXuPGAUBcbCG1CH8t2,2022-07-11 07:38:52
BFZpr2z0zUOD2lqwIB2b8n5STJH3,2022-01-23 14:17:45
BG8oXhRGlib0qY3fromyqPWWXIr1,2022-04-22 07:40:20
BGJjMujb6fbm66GxrUfFSVecYdo2,2022-03-21 04:12:34
BGmwZEJ9jUMGplPWv5iRFCpJQ2z2,2022-03-26 16:18:44
BHgFn2KyCDagTlfWb1jp9LjVCED3,2022-05-05 01:23:14
BHsmSeRK4IVjCZ3UySUVUCR8vdk1,2022-03-12 07:52:08
BHsy0CiAXLcsSZXZX1gWCFwneKA3,2022-05-03 22:28:12
BHuTuAbfQdafHRGS2VxPolYpp6H3,2022-03-26 09:25:03
BIB9rV1zOMOjWrzdxyv6EbuxJeE3,2022-07-12 17:05:58
BIN4RmtSTtbXbQjcKHITurGvz0k2,2022-01-11 13:56:04
BIRGfQDANtUsEi5GAlu4cOimPJX2,2022-06-11 06:41:20
BISe4kI7YuWrlIH3SIzbg7TuoGf1,2022-04-03 08:47:12
BIbnEKh0mRRvOgWSmuU75v53JIv2,2022-04-29 14:04:51
BIcipvedKBOmA2BSvsDuoXIzu653,2021-10-15 15:16:48
BIio1HBTarbr4uxXNhADwb4g47J2,2021-10-22 15:10:39
BIt64My0DSVKTXVOgMzTZu1Jk6h2,2022-07-20 10:40:49
BIyzSIxM9uN6vWDBUoaDY4gsJLA3,2022-07-27 10:57:03
BJ2h1r2WIhVHBmXajqwSH4CvcmI3,2021-11-19 16:20:23
BJG5njYxqyWzKSUdoazAKLcxQWF3,2022-05-17 10:51:20
BKS4a8foR2YJuLgkRqVX8WAKauP2,2022-03-26 17:00:19
BKSYJMNgnHa84QSQqzfonvrsrt43,2022-01-16 09:40:42
BKrEM8UVZKZeLKbHpNfN1BLzp1G2,2022-04-28 10:31:34
BKraNK4wRpc7VLOlNnqO5G18oBm1,2022-03-08 01:49:21
BLMXWsPehGRwsNlzMMtG6N6rDAi1,2022-02-13 01:10:52
BLzBBLhwFTWk8xYgJ8GbNsHrA0i2,2022-04-16 23:09:45
BMCu5CWEOWgSElTiXDxMvjSZBTH3,2022-06-25 21:47:55
BMjsrA5LU4eKRGjlCoPB40O60bX2,2021-11-24 04:02:49
BMySvI7icrPAJJSEWh1EUnkK9qm2,2021-12-08 10:43:11
BNNH9UfK7zNLG4UGs0fimlYcUdm1,2022-03-05 09:19:32
BNWcR88qxRgeJODy8QDL2ckeoeN2,2022-02-02 20:52:07
BNoNlWBnCpUvIbDr0mC4p833TXT2,2022-07-28 04:51:56
BO4xfIkNHhMDOxay1498e1TGtek2,2022-04-30 14:04:46
BON7f1J07ZRn6RB55PRG10DK2sT2,2022-02-27 10:00:55
BOOKysQovjXLqSVvhTQAWFsL9mz2,2022-05-25 22:28:35
BOzIsVKJ7NM5YMNw8JHn7zkRixJ2,2022-01-30 14:36:44
BPASASW96rYX9CsP4ZrkOd47Fvi1,2021-12-30 13:33:27
BPDuzhau1laGAKlhCywgMvMly9m2,2021-10-05 12:57:05
BPECKRauDUhvNwb1qY6VkB0viiX2,2022-07-21 16:18:21
BPK2TYos9aWLmqt8JlQDaN9Lr342,2022-03-02 13:18:14
BPZ8blxqkjhvOA6kpeFW3ekIzck1,2021-11-24 21:43:24
BPlGy2RvQxVBsuLYLqTih7j6H6J3,2021-12-07 20:41:51
BQ7q3EKpo9T9wDjvtC4jqyx3U9Z2,2021-11-01 00:00:40
BQFLVk9uDqWAMYsS4n4WsxGMrle2,2022-03-14 07:15:50
BQIoXtcWg7b9TcbHqzb8t957cyb2,2022-01-30 18:09:25
BQRKtiQB3wSxIbig2iIIt5uYxBi1,2021-12-06 19:33:36
BQcdNKDmf8UQOVb85JUkWcJa5Mq2,2022-03-23 13:02:17
BQf6ZFEyEZOtt4HYYyrOQQJMgpz1,2022-03-29 15:05:45
BQpNS9uTXKPSGvVSdGUfVNPrQji2,2021-12-27 12:05:05
BQpQ37fWYmb3uKxXRqCCu1LIlIj2,2022-05-13 22:31:27
BQunckSSdacbbiUJkJIUvURCvc03,2021-12-01 18:24:24
BR8YnVYCGlWB3V3JwfUpPvnZM5g2,2021-10-10 03:12:06
BRE9cJL8kygH9q1ibDi5bkX9JrT2,2022-04-18 15:23:10
BRJVKyIKwFOoOCbDLkGiyCFWEKq1,2022-04-13 07:01:45
BRKNXC8YyLRjwq6Iy5bnnk2eoyg2,2022-01-08 08:19:39
BRZLAb06YBZSkky6HvmR19dTCVT2,2022-03-20 10:15:07
BRePMzUFbyfndsOAz6btOQNJ2ek2,2021-10-28 19:32:34
BRkOY0j4U7TU3ALO5MTZsmhjFfP2,2022-05-27 18:46:03
BS43R3HnFndFUfeML2OlpwoI6Ut2,2021-10-12 12:26:42
BS4Eu4rOHBUA8UXmmDHptRCtJ8v1,2022-04-18 11:32:51
BSChtZ1FReheYLuM8YHWHlJM7VK2,2021-12-20 12:49:18
BSTushtDoefoJBk2h25FZXTZzOh1,2022-07-24 03:34:03
BTEW85eI6OU3ksN9x4TwEuF1K5h1,2022-05-05 12:35:38
BTRZue5vn1XrREpdsqZPvueXsJz1,2022-03-08 14:43:11
BThTwrJfRrRCtzxAaoc041QAsRt2,2022-06-01 01:51:56
BTp15b0DKodGYoV7vJJaEftfWWf2,2022-03-03 12:26:34
BTv635oCAsa65tW3hK3Wh525Dc03,2022-05-20 05:43:35
BTzz579SHvO8nN7FoI2vd33e1zm2,2022-06-03 17:37:26
BU1nCRv4EERdU78LrgpI8QBXdln1,2021-10-22 18:36:24
BUbscdVXUnU1FwXgepd5HEBwl6t2,2021-11-10 17:15:31
BUxcbzkMNeMGrwVY1Ph6NKaHQ5f2,2022-05-05 05:25:44
BV8WbwRCpOQ4BiyoWI1vMOTvVaI2,2021-10-26 11:42:43
BVBBly1rNue7XQixL89nFAtZDoz2,2022-04-09 16:40:21
BVGDp8ZdRgTH7VHZ3pQQQeyRrtu2,2021-12-30 14:59:20
BVL3s4euaoVIS8nYnFn13dFyv8E3,2022-06-16 06:16:59
BVMQxWQe1YO5eWWJhlj5WEIB3cN2,2022-03-30 23:46:22
BWDGUpEibHT6Gku2AqS18Bg3rID3,2022-02-12 02:58:18
BWZMFNZWxLha7MT306saGkVyrlf2,2022-02-24 20:54:19
BWxfcYFX91M3SB7lSbm2Qi2sx173,2021-11-04 08:21:02
BX0ve8yIVSgXDCuyMRFzyfr1GUn1,2021-10-05 10:11:30
BX5BirrMyjal4QPe4dm7JxU6pPh2,2022-07-28 13:07:59
BX9AX3QlVigDf3dwuFbArR1AexZ2,2022-03-01 07:16:00
BXBRkn5rl3gzPsZEtnvYRA19K5s2,2022-04-30 04:58:48
BXGm1yzjKAZtbssDAU8YdsMoZl32,2022-07-20 03:03:28
BXRRWuX8XYVZu3eLvBdLRltskXu2,2022-03-26 00:14:13
BXYNHBj6Pjb6StVTc8YqXzzPnDw1,2021-10-19 04:26:12
BXZ9UtZokhcjz3U6jcmEjPG5oZ13,2022-04-13 23:34:12
BXj5QfnfjuZXB2Onw4AUp46IsSs2,2022-01-07 07:09:41
BYDjj2cb7yNdq8KiVXtFxAdIUCE2,2021-12-01 01:33:54
BYXL1i5QcSbgCc5Cp4G7aCkMlTo2,2022-06-08 18:45:45
BYsLQVzykcg0PFoSaJc2Tys4C0q1,2022-04-11 11:32:45
BZ0Z1z3aqlOxBXFvT5MvwImkjnJ2,2021-12-24 15:35:07
BZJnGjucppcmEEGg1M5jIpUiVX32,2022-05-26 07:42:11
BZlofAP1rnRvYK7Ml8AdKhWWaA23,2022-04-21 06:16:22
BZwFAaYP5NMZp9jNyC2jRqgMYIY2,2022-02-05 03:20:05
Ba58CtMxQBhap4XeTyVhGNRLKcH3,2021-12-22 07:22:50
BaRiN6zzG2SWQhT4lNwPq22Etcj2,2022-03-21 04:55:38
BaZOgvYkZdTfd5Sz7fOZQ2B59pT2,2022-01-27 10:05:40
BabTR7pI77a1IMj8QUKhppJWzNE3,2021-11-29 14:50:32
BambFWzkbDZ6kEXkXZ0675gpjnO2,2022-07-02 01:07:18
BbYmgs5w1BQof5MPlBp1qDOvUeY2,2022-05-26 20:02:06
BbbY11ffNrbvVoM2QQexwf0gamo2,2022-02-13 11:59:53
BbdTNxfSrhgfzZuKdndnGt5c4Sn2,2022-01-21 08:24:53
BbqOmA5wvsXXDNLp6tlcLAgBGLs2,2021-11-13 10:18:21
BbvpyFaZkGY8aLth7EwRDsUH20r2,2022-05-06 14:32:40
BbxURUvynjTcd84W0A6dVMD3YR52,2022-03-04 10:15:17
Bc00SyMHRxe5hluW6NLIvNoXcHT2,2022-05-01 01:48:40
BcL9iNslEsSuZW3Tgvvo7ahoamJ2,2022-05-29 04:27:57
BcMuK1OVWSgT5cbqKBLBn6sZib93,2021-10-24 23:43:53
Bcf8buMVIAQ3j69BJN7nCkzialk2,2022-06-18 13:34:42
Bcw0ubPEqqYA15COVtEXXO3166k1,2021-11-28 14:24:00
Bd9exUymssXommUtaCBEL6gSaSV2,2022-04-25 06:52:33
BdZd03eaNnhhrkGn9bBZgq4gneJ2,2021-12-21 01:05:07
Bda9xGj31DZKNPC71urF4osTRcg2,2022-03-07 04:02:20
BdjoYeOmmfPfWR4Stlg5I3vBSq63,2021-11-25 09:38:39
Bdk1hwHrqqRydTjP4i59TlAoRGr2,2022-02-11 09:23:53
Be6uWd76PwT19Vez8PRDSuXZ0ki1,2021-10-17 06:04:31
Bey1cUbNqwYcXVKhH7oq2wnt4RR2,2022-02-04 11:27:45
BfCITmiKiiTCIhMuFnAtQtb5pV33,2022-07-01 15:33:06
BfGYpMyMQOVO6HOw6CKqr3NRLLy1,2021-11-26 13:13:54
BfmCUdyGIOYjyZ10noYHEes6Ve62,2022-01-01 01:03:07
Bg3gy8FX1GTliyqTGIIT9gpRf8u2,2021-11-09 13:29:56
BgAg11yHWbMevUJQhpe1HGn52TA3,2022-05-11 23:49:55
BgCbsM2U3OSiN9mRnGDC4JAxh5l2,2021-11-29 13:55:29
BgWmnrICflQyYtP0LJAYaSo9Pcg1,2022-05-05 19:00:01
BgX9y3oBpyanFbT6ZYjkCTWK1KD3,2022-06-26 17:57:47
BgiEyWMHVMWdVT4QItXqopF5TXJ3,2022-04-08 13:55:15
BgnhylDePhc0XFfinlka87TVAfx2,2022-03-27 06:53:01
BgoknXEeBues6HPuPnVUy7Irdtn1,2021-11-22 16:08:49
Bh7mVGGFqiNohAgt8hQRG5Zkzzk2,2022-03-07 13:20:47
BhhkWvXohXekfENfpmdTLEcOwLv1,2021-11-18 22:43:54
Bhjnj2tV2dVDy8ZVGUlRoAKT9bE3,2022-03-28 02:13:13
Bi60quaxNEOoo31sUh8wjQGQ4883,2021-12-28 06:34:00
BiGegpLi9SbtFyAIn9n2HDr3zH43,2022-02-04 10:05:18
BifsFz3sKJe0x0N4ZsbxPlnrENw2,2022-07-24 03:37:16
Bir5yITlu2UVczZ34ikB5ABLrVa2,2021-12-22 07:28:22
BiwL4bB5MnM3YHPC7nvOOJ2hDx62,2022-04-22 04:27:27
Bj7SiHl27tWq6pcLzqplNaGJFVf2,2022-01-06 21:50:27
Bja9UG4hq9a2RBJSrshztqqt0ac2,2022-07-31 00:28:16
BjaVBLxu3fYc5TMsc2DnS6ZnNdp2,2021-11-25 09:01:02
BjcLjZRZWha5MojVgW29ydt58JZ2,2021-10-30 11:46:41
BjficCXxTeRUlnk5KoiwXanSbnq2,2022-01-03 23:34:39
BjmzrnstfeUGb46aLFbnc4aiOXj2,2022-02-14 04:31:13
Bk2tOZhaGuX9eXEjzWs3o0sckvx2,2021-11-07 08:23:18
Bk8DLcSzItRX5Tz8f0sRpmCJi7F3,2022-05-16 13:35:02
Bk8FOGNng3WLkg3grsiy0J2C5793,2022-07-03 00:59:36
BkDxOl783pQiVepJUD3Anm23dD83,2021-12-29 08:24:10
BkU1l6pywVfBk0zdE1GwZ9vXHsD3,2021-12-14 10:04:38
BkU6PIPaplcHZvA4nX7zugO41tJ3,2022-04-18 14:11:26
BklD83HnfZYSIJVSqwfkFmDNXHo1,2022-06-24 07:10:43
BlH1XcT9PFgPJfzajf4xugjzQbI2,2022-04-18 23:52:39
BlUwqsubXcavIr8HdVm8LDpW5DJ2,2022-03-20 18:33:11
BlcCoG8RWjMWjtagceIJ5lKXKke2,2022-07-21 11:50:40
BloNKUrXMQh7XcvWaNtk36WRfoh1,2022-04-27 14:48:00
BlqPW2i2UFQ7afMwRttfu6GOxtg1,2022-02-01 11:07:52
BlvdWHfeCBOWO5XNicz8LnTnd6b2,2022-07-28 07:29:35
BnI8mlBgZuhT52EKwU2Z8Ue55Hv1,2022-03-18 13:29:11
BndAZvs1YjYSxSXx8WMqrWyOIat2,2022-04-14 16:34:33
Bnjv9M7dvwSs0zEQZLOQmDiV4ET2,2022-06-11 09:33:13
BnnEWU5Ffrh3y0RclL6bt2BLksi2,2022-07-18 14:05:39
Bno8UQnCbzY99paVrhkW0N21gE53,2022-04-18 09:14:18
Bo07xqOo87c35IwsucEKGlY5UME2,2022-05-16 05:29:01
BoVsqnNRWCcoZ1erX0BImffQhqe2,2022-08-01 12:47:47
Bou2iBrQJcaVQ59MuyDSxUjTUYp1,2022-03-14 02:52:58
BpTatCeyafTnwUQQYIx5VclnaAE2,2022-01-04 10:30:21
BpVbGLoYhQW2mqaUdnQzHhqJIoZ2,2022-07-07 14:15:48
BpnkQyLFkUakLjpqFTIRQROap3s1,2022-05-01 12:23:14
Bq4drc7o5cZt8oebyXqFTMO26pL2,2022-04-20 16:57:44
Bq4zzlCxRuTQhMhkAjQlAz8KNW82,2022-06-26 05:06:09
BqGBd2pedTbowifx9pXrO8riHJv1,2022-07-29 02:46:35
BqK83wZiHbfcGcIDYlGYmmkgaq33,2022-03-28 08:56:09
BqYqfvSHAfScd2ZhNP5YCVIE4Em2,2022-04-20 01:50:07
Bqv2X7q8SFhw9mZwZagGZM9AHkc2,2022-07-30 04:28:08
BrcN1ms2DqYxRcMoIalOKkYaw6w2,2021-11-26 06:54:13
Bs4czaGDlWPzWppGPBHCmSFQrPQ2,2022-04-24 01:22:10
BsHXYBcmIZVfFRTQCa7fPj3qxGz2,2022-05-27 13:40:04
BsJht8CwzbgzEc2u9Q1NmEQDA3H2,2022-04-28 14:09:19
BsuaZkcDdIcucT6CAcRw84NwprE2,2022-04-03 14:17:29
Bt2bWEuxoWVfQ7Uc15nI0L8jk4X2,2022-04-15 17:45:06
Bt2ofUu7QGfcvhJvwqi4i8u4Cz23,2022-03-14 04:37:19
Bt6cdkadeoTqtqKv69bqAkcZExl1,2021-12-07 01:32:47
BtL5mLsFcVZbvxCbWDIsGQkEw7a2,2022-02-05 13:54:09
BthJ2up7pLbdpINOtCujKXhI8vd2,2022-01-03 03:50:06
BtvuYdpUkpZluOmbg0HZI0GcNdT2,2022-03-26 12:43:30
Bu0mmJe4zlhJwBOnWB4iIHsEIBC2,2022-01-04 07:20:25
BuSH7KBYbhVxmMvwlmjLrfPOJn53,2022-04-18 22:10:13
BukTQ3VxkThGJ0MXUPpcJWaiJxd2,2022-04-01 03:26:47
Bun8OJxh0mhn50pTORiR1AiMlQY2,2022-05-27 13:29:36
Bv2FPTLG6nbwHhexNyhCa3ELr6B3,2022-05-12 08:09:58
Bv78tYTgBAhiFlt9Ug0lldBy8co1,2022-07-19 17:04:52
BvR1QSZxwGc3lqpvEguH0vFhbap2,2021-12-04 05:38:11
BvgR0u8svKcxUJNhC0tS87ThLeE3,2022-07-04 11:44:01
BvqgJsLfPcXgXh0cQn6sNn8MHjT2,2022-03-05 17:16:32
BvrnTe0Zt2Plcr6SxHRk4UdGyCE3,2022-06-02 01:05:37
Bw1nKdn7czNZjaiZxoCSC3QRqiK2,2022-05-03 03:02:28
BwZLIJjVUAgY9kwUm4jZBhQbC4N2,2022-02-13 16:42:22
BwlzvDHDTGTiQkAMGFXM7Ylyruj1,2022-07-04 06:30:42
BwsfrB1RolTaYwV5M2iubLqHmGu2,2022-04-10 13:58:08
BwwiXWt2BabRlVrpkWovzgG59Vv2,2022-04-08 05:35:32
Bx2JJgJLIQdC5wFBNjL4yxxBafZ2,2022-02-10 11:56:09
Bx83PVO0pVfZrw8RMpRHH0XM61F3,2022-04-04 19:36:57
BxKhcjgUkvMt91NKJpu6ImADAO92,2022-05-24 09:03:21
BxYLic6kIETxlDXI5lr9WZB2MYf2,2022-05-01 12:34:37
Bxuc1v8XDDVT9fRGe3kG5DkzznK2,2022-05-13 03:58:59
ByTrHyOmecbKn37e8nDRLVd0zkl2,2022-05-29 19:03:31
ByfGlYPzuPM4Vg9FjI5m1UEqPr92,2022-07-04 04:39:32
BzM7B48HNdfHURRhxaRH1tp3T2E3,2022-04-23 10:37:58
BzTLtZwpZMWjZ2PgNUF5X3yHvG42,2022-03-31 07:56:00
BzXgSQmnXiOxAnU7AEpAqCcAQbx2,2021-10-16 20:03:28
BzbnCGnKVFR0ZDHUyX6B2G1tx643,2022-03-12 21:42:15
BztiTtp1WVaqTEjfhSr0FOKhgFB3,2022-05-29 11:48:45
C0BG77QmxWWmSPgvzjw0LazS83f2,2022-01-02 07:51:53
C0uHsZHNJNfMCE1y9oQlBA6OECp1,2022-03-21 06:38:43
C19ywt7qX8ZSh9C0m0iwrpherc72,2022-03-14 05:36:16
C1YQoLl3fzfeKlHCMg9j7T8R4ll1,2022-05-11 19:27:40
C1pye9fsbkfdDMW13HlXkp57tuW2,2022-04-09 09:05:55
C1zQ1SZfU1Zp8b6W3zJO1agP2jq1,2022-06-05 07:55:05
C1zY9B29S1a6vY1GzfsZXYegnT93,2022-05-27 23:39:41
C2Q0hj6u6MMjv1c3GZwrzi3Spdb2,2022-01-14 18:17:19
C2dx9k4ek3VlUkew5Xft4TxNZ6v1,2022-06-20 10:27:07
C2gyihgXMUTjk9f7jFKPm7FIH2r2,2022-03-08 17:13:16
C2qi6bdHVfSGlczEjpONUbQl6oe2,2022-04-26 07:19:02
C33FUXm2kieZbkfBwg4Ad3uanJe2,2022-01-02 13:38:44
C3O5mr4OKmTB9dmxa8433D7AtEw1,2022-01-22 02:25:23
C3Xxbe9dFlVIix5NGIpzzlEMojt1,2022-02-02 04:14:30
C3aFwP7scqa6mIf9KT5SEzlu9hm2,2022-02-09 15:03:31
C3hNEGasOBeIXcaUN2SJ7FeJrkt1,2022-04-04 12:53:59
C3hSQqwWWEe09s1bX1PgLzk1P1J3,2022-03-19 00:55:46
C49E2hHAmcNN0WtVdTi3wDs7Do72,2022-05-27 13:35:39
C4dhAMKEokXBJlpKnS8gCXsNcmA3,2021-10-22 09:26:42
C4vO8XdOznWmY84G9d2RW4cB0GI2,2022-07-16 12:24:51
C4x5wJQK7FgmR0vtusf4H6nTM2y2,2022-04-02 09:46:58
C5SuXC1gC8hthEETbVs057owdAg1,2022-03-13 04:24:41
C628AKJAouN2XCTgLrJKdMu3rOq1,2022-04-17 01:18:27
C636PqXWuIR502ybXzs6cTbvjew1,2022-04-27 03:39:22
C687TGQUQKf23MdFC06209YNnNw2,2022-02-15 18:17:27
C6B83pQiJ0fC03jquM3U7MsXmUf2,2022-05-10 16:59:31
C6L5frKwoaTPm0ZRsHg1N5Mf07l1,2022-04-18 03:01:11
C6cR2b2g2IQN9ItqCAUpiT5GdQy1,2022-02-08 13:25:01
C6gu45WxfPhZqReyn0PduF2t8n43,2022-04-02 13:34:14
C6k9oZvi1INcHmwst93nj3axIqy2,2022-04-27 19:38:09
C76vD0QbzzXtrcDfMsIiMHRgDKl1,2021-11-08 01:51:17
C78rbLKY3BewygeGcGdYKzNsARi1,2021-12-03 14:49:46
C79ABzjmPwWCcu3wgDLqGu5KW4r1,2022-04-30 14:12:48
C7WzI52YajTw0KsPIEGAOl7NZlc2,2022-06-04 19:40:03
C7wB9T7rXFcghtJAO0Aanj3fWnm2,2022-04-16 16:09:38
C8GD7vTY9Kg8nZbrfZVCm7cwcTp1,2022-06-29 12:32:08
C8HKPsnOJEVOfiD2PxkOviB0J7z1,2021-10-05 18:44:26
C8KLztqOqUX9pEgCKf8LBS28xQC2,2021-12-17 10:34:00
C8ZuBgh2nLWkJng5ESt10qpjGJ33,2022-01-12 11:14:30
C8aRKbErXoQaMzkeQzXgWBQJKh23,2022-05-01 07:44:39
C8cTjHPcJTUVd7bpBDGF7lI2O8G2,2021-11-10 02:58:15
C8iH0WOSXwOj8YaIwuNqWTdVl8X2,2022-06-08 19:15:20
C9h4uM0qWtgruqJvmnRgA7HLu8h1,2021-11-23 20:09:18
C9rJCL4VzPOcAwxcmcexZ2Z5jU43,2021-12-02 23:17:11
C9xeINwGrBPXHjRZDWh77nOvUMD2,2021-12-16 07:57:25
CA5xxnam0wQVgOEAS8ZFXoTrYz42,2022-05-31 07:23:56
CAAG1WOrqFPSukEsoCf3scS82gE3,2022-05-15 17:25:47
CAImOTgSn9d7bpETwrLaQr2UZlV2,2022-01-09 12:10:47
CAYTc7Pe6teOFoI7W0UzmR1z43w2,2022-07-24 15:35:09
CAaP8ikZIbOm4OOKvxBgoGVruA33,2022-04-28 17:11:29
CB4LEveZEKXIWBmBi3tA2S3UDWH3,2022-03-20 01:27:09
CB6fj7j3GeQkQDzdfxbX7MDlBjH2,2022-02-22 11:52:31
CB7lS93h4pTeAVcmQ472J9yJISW2,2022-07-17 18:53:30
CBwA42zVLLaFFy9cXAypbmtZh0v2,2022-03-29 23:19:59
CBwY30EfopRDcjpdhZWhfCYJlW13,2022-05-11 19:01:06
CC8Vdya6luSZHsHql7ijcxKD5FZ2,2022-07-01 00:36:09
CCGAVI10HsNtunsjPegVkkCc3gQ2,2021-12-08 09:24:40
CCPuEnDSMLOzAdw48NK1Su9XCB92,2021-11-10 22:39:42
CCQa5TRGVebP2Raih7XN59SHUc83,2022-07-03 17:30:18
CCbtuTUkyGVn7AVXM7pd8SDyb1m2,2022-07-04 15:38:32
CCkLO0RO1jUBvDHFZb5XGwA7PxF3,2022-06-07 15:15:02
CCxksJ8hAkd9zOhEncQGGRLS0Pf2,2021-12-27 10:25:43
CD7y8cVRiDf0W3gevUMjSvZL4Wh2,2022-02-11 18:17:25
CDMOKG8bcSgCd7rSRmU1TT7KVwn2,2022-05-27 16:57:43
CDTT0N1JdsVWS8gAtOJL7eK0YUV2,2022-06-07 03:12:36
CDUmzUsibOSpkup8xdN9kQzo1su1,2021-10-23 06:11:01
CDerDLfJGBcOpWJGCp9ah5acXIF3,2022-04-09 21:44:14
CDlZDm6qO3RQYtePaCXeTJSg0s62,2021-12-26 06:02:52
CE53BubudnetlkVN0VTscEbLOTr2,2022-01-25 06:39:11
CE7IaArPqdM6LChI7wbjbPUmODF2,2022-07-28 15:40:48
CEImADSnWiT9bzNdzZrnJ1DZrdO2,2022-02-03 14:02:38
CExLsExN9iSglpG2WAsqmLYZ5Lv2,2022-04-15 17:53:05
CEyaSruZrkfIE0DErVYJUo9R9Wz1,2022-03-08 14:37:26
CF5xEJBwewU4GW6VqWGeJkYu42e2,2021-11-16 01:50:30
CFG7DvyG17Ppqnga5m4L6htTDYJ2,2021-12-02 12:12:44
CFpojTDWh7N98qfMnmU26cYOnbB2,2021-10-22 13:25:23
CFswByuL7pWYigu7CSD22tMAlIF2,2022-03-26 10:18:39
CFwQ2GlIX4bSyJJCZkF5okek3Vj1,2022-04-20 09:46:56
CGK0Rt6FrwMuRnnZFO6BcGWyUOs1,2022-03-21 03:59:24
CGOpsFIAElcNpnoIliNjB84Vm7p2,2022-03-30 02:11:32
CGUXQXaZVFPmTpYwtwky1mRGoXG2,2022-07-24 21:43:23
CGjcYhyUBggYc2JrTqPDjFaF4Vy1,2022-03-21 22:08:34
CH8kGEwHYhchr97gLdGyh4kf6II3,2022-04-14 10:20:50
CHHNMaGkKMNtqvp7AKTNUkOysct1,2022-06-14 04:43:15
CHPfj10l4LbKJy5PD2o7fj3uNLl2,2022-04-19 14:27:37
CHdLOqRGZVeIVlleCxujNNjHKts2,2022-01-15 19:19:22
CIIvPf21rtN9fIQNOjiS2vYQ2nR2,2021-11-12 10:07:16
CIaOQSH7VNM4yFclPc4wQXwaLxl2,2022-02-26 04:14:12
CJB0JSiz4GY9KHeePQ65gExvRPk2,2021-10-12 14:28:20
CJBvdXZCgtf7w9kWXtndLU0NTQZ2,2022-05-06 10:04:40
CJWap69ZXqW2Ah2nCp9vGe1KjfZ2,2022-01-20 09:53:15
CJhKRCtt7lNGeiqf7bMRRSVBld23,2022-03-06 03:08:26
CK1q4nuaYGYGyeC89avNdLtDd8a2,2022-05-11 09:13:19
CKEOcKlQCbQBLojfEWBgQtBNV8m1,2022-04-30 15:41:29
CKM34u0fqhgtMQ7haodbPNBCt8q2,2022-06-02 14:59:02
CKjKY9xvsZQ5BwE7xr8zmhdqzwE2,2022-02-08 19:54:26
CLUR80mPmAbIMUjZ0kNmuDevQDg1,2021-10-24 07:35:38
CLm6xNOKDBd5bc0XatIkh1MT8KH3,2022-05-21 15:06:36
CM3l13RonCSvp5RgDXV9BrnsGu03,2022-04-15 15:13:53
CMCbg8AESPP4BsM3T97I8DVO4Vj2,2022-03-21 07:29:13
CMR7Kd2NR1OYzX48V6SGcYYqN8A3,2022-01-25 13:34:44
CMjn3nvbCbfHXNe49AyOhReK1lh2,2022-07-03 19:13:54
CNHfph2dQ7WxBimhhyXzves3Pyq1,2022-07-07 18:44:48
CNMcOBClVrX1Tz5tt9CHY8ID3jY2,2021-10-29 19:00:26
CNOOFd77aKRDfgP3j9mI8XbfPD93,2022-04-11 23:15:57
CNrWCkjWMzOI80A8FPGtMP7Bxzs2,2022-05-05 13:06:05
CODDqdZg2cXdd4ZzeIlHCP8Dzxq1,2021-11-20 03:41:27
COPwPoBGclOaA3ILkINzlOcPBoa2,2021-10-23 12:32:35
COVGvFZJM9T4D7b8Xu4J8VyYIRi2,2022-03-29 07:24:49
COXxiMbcn1SeSLZeGeODFyEnxE53,2022-07-25 16:06:23
COjMcV7ehGWTMWDrWzeitH18P5S2,2022-06-22 23:35:47
COtrgvWWjDemfRmpCyn9ItBtrJC2,2022-02-01 13:39:36
CPSrrshjrZUOGX13s3oAXcJjh3s1,2022-07-13 11:56:07
CPTseqNSMebxmpaf4AzYyO17V3w1,2022-03-21 21:54:58
CPXM62TLEoWJR0rG4hTxAuvwaEJ2,2022-03-30 03:56:15
CPiTdZ8VmSYuvMIjYZzR8OGPxGj2,2022-03-15 12:36:14
CPkPZfOIvDV5HdWhVroBbVh821B3,2022-07-01 22:16:16
CPzl2awTDRfVdkGTOIOilqRrvrA3,2022-03-21 15:03:40
CQ7vNfWR7SY3CuAzYrxdBQH1Y673,2022-07-01 15:17:39
CQLZqJQatrQhVkoIXh0XgFyl7LH3,2022-01-23 08:08:17
CQPJidrmrWYw0V5zfUw2ooTVqCN2,2021-11-03 02:54:48
CQS5aqa9PEPkLQUBoPip4EXAGrg1,2022-05-29 15:12:43
CQXi8h5z5aToLZFqaq5TMEvOoXO2,2021-11-13 12:30:55
CQaDKG69GPcN5tMRcdUhX9Ev5TS2,2022-04-24 13:05:48
CQkdJjohwWSVy8X4Wylbh41AbYn2,2021-12-06 04:06:42
CQx3TQxVdDSdx62i4OrwT1h45ql2,2022-05-27 22:59:33
CQzMgNQSxRNtvrEPWbqUJpN7kn93,2022-05-01 04:52:01
CRUqUo4pRXVgLCPyoFzHaWAcQPD3,2021-10-26 15:56:54
CRVKONcOenXiDjeVV7Rjq1VGxF63,2022-06-30 13:40:14
CRez957IxoNFqc7aKrhQxjIhPif1,2022-03-25 11:16:10
CRpO6vJzSQcrWEZPihdjsxEbkQk2,2022-06-14 09:17:12
CRrMjOHUL8UvNWBrYxQ39hL3Qkv1,2022-05-19 15:18:42
CRwWSXuB6NfUKBJnQ2c10cPoFkN2,2022-06-16 22:07:37
CS94IyBmUNQMcMU57DWPyjzcfxF2,2022-04-29 20:43:23
CSIWT7OqEvZXXbPefmfkZGZr45f1,2022-06-13 13:53:48
CSNQd4nqR1Xhs4jmlQA3dI3sVgg2,2022-04-23 15:11:45
CSTnJp20IfbUvPG2W1ZeJmwglSb2,2022-04-19 07:18:05
CSmIwwEfZtfyXTYDa1GhFqzYZO32,2021-11-01 14:17:37
CSoQCy2UDgQYR9yzaTLOeSNzwpB2,2022-04-01 10:43:44
CSrHeEmDu8bVgsdL3OqotJ0lWo52,2022-05-18 17:02:20
CStMqf4rQCVfTOijJ7oZDD8jaBf2,2022-02-12 23:46:02
CT1EN2Ujvjf2BI0SlhwaTzVVDaB2,2021-10-27 07:02:57
CT535HKaMrWH8gQBgoCgzf3FVap1,2021-11-25 13:28:57
CTs2w88De0NDHE8i5GmkJjKb4wC3,2022-03-21 12:08:50
CTyUdK38iDTY8I5h0K7mNzITnLE3,2022-03-14 18:38:14
CU8J3CRv5xP7sXoslnbnHo4ouwY2,2021-12-30 16:56:30
CUE1NqiN0eb3802EWErBOAhfUBB3,2022-04-30 16:04:36
CUTfT63uB4MKl1BKE6XzUWdteGh1,2022-03-20 22:12:35
CUWsbCjBO0dHcKT2ZzY8sLDoPo72,2022-07-09 11:04:58
CUq3e24cpXcoFUxgSka0lM2Nd882,2022-03-24 13:29:59
CV75zRlbfHR4bcKwCUnkHR2GetB2,2022-07-03 10:43:22
CVHBaSGWvag4nUT0X6ipFXT8P8o1,2021-10-12 15:14:54
CVaBowfNx1a4X484ehw2omEyw8f1,2022-06-27 11:39:35
CVe9kmDH7bQ4buulq9QoADgZYQ13,2022-05-24 16:27:47
CWU2kKP8erMGz3qLqCJphLJlLyD2,2022-04-17 07:17:51
CWUXtmNRe3g4bsMHBfT6neiZdbp1,2022-05-28 07:34:28
CWazUgIKlYXc6rZIGWkC6s8024c2,2022-03-22 07:43:50
CWg7H8rNcYWh6urtqqlvgiqMtbW2,2022-01-14 14:41:25
CWzo470GfqTKe0MYzhk5QKWFjq52,2022-04-04 13:21:44
CXNwv9BqQaShxJDD1BluIIGcEo32,2021-11-30 00:00:31
CXZj0cRo0wfg1No9YznqpGjTBEV2,2022-08-01 11:48:05
CXeU44iBXARLCthm264RKIwojRH3,2022-04-18 23:01:31
CXj0or9iWdZaWtptPQ822vvY4Gg1,2021-12-13 01:34:36
CXj85N88gqSJEpVz9gXULUdtBVi2,2022-03-18 15:19:35
CXjO4WvL5dhgP0rGaD6lHMgezSH2,2022-07-02 02:14:54
CXr6GLa696OK8f2Am1xuHk2F7YV2,2021-11-01 15:41:17
CY8R8It6TbVFvtq36aQnF08ZjoQ2,2021-11-03 17:10:01
CYM6HliERBdlJepM74EPjkMgjAJ3,2022-01-04 04:57:42
CYRxFX8x9geN8WAi4Y0AhbmIzBJ3,2022-02-18 00:44:03
CYbSutkvJKR1VOUUW5NTYnKxGdA2,2022-03-02 04:40:33
CYu5YeieNMaGfPd4jKwX6sBqhfG2,2022-07-03 05:07:21
CZDlf86z5LZFW3MKv1jDv8O72qs1,2022-02-21 21:04:41
CZProyTEAKff1v02lotueQLNEpk2,2022-05-17 22:21:01
CZmf91lwwebFS8JQDvesPsNRuTy1,2022-05-17 05:46:22
CZoowQGN2xV1LHPzfUMnLzL6Sko1,2022-04-21 14:53:41
CZq4AUsaucOwmKebeL7qjNmo88K2,2022-05-17 08:51:39
CZteeaPIWjQKb1yxvrtHZS26dG12,2022-02-16 04:58:06
Ca0eFbDTWmTpkEJ4zL8extfsz332,2022-02-24 10:47:44
Ca8hZbhR5IhggFAqFuDe3d4kHoi2,2021-10-24 03:45:00
CaHz67tplPVcgKsnbpcxmoz99qr1,2022-05-13 19:16:46
CaUqRmzvKIOWwkGw1imNizOuECE3,2022-07-12 04:40:58
CajxkQjAKxdyl5nr0NjidSSRqKX2,2021-10-29 07:06:35
CanvWJKn6bPzEXJ6TBlPSDYvBLq1,2022-07-23 22:13:32
Cat2AYEbNJVXquCK8YybXhLJeQb2,2022-06-11 11:57:05
Cb5ooExTLMbzC53MrOWV9SQvCVx1,2022-06-04 01:23:28
CbBh4eIaAlS3xmkdzFWdGe2hF302,2022-01-15 02:37:48
CbPhksGmcuZy4fDngd3eNkBot7g2,2022-03-10 08:12:39
CbtGc0UkUxVZcxSiY7m1hbj3rbJ2,2022-03-09 15:25:45
CcKLyZwPiCdMm6EQtm6p4MlAexm2,2022-05-27 02:40:47
CcXvbsOvD1Ut1hKoN0aMuFegdAC3,2021-11-05 13:02:22
CcZHRimbp7YEtRlW4XfAjsaA6983,2021-11-04 04:13:21
CcsYZrY7T8Vn6TELf4eQETeLyt13,2022-03-08 13:10:06
CdBZKTS6UTVZJwqoDzx18YCDPEs1,2022-04-12 07:43:07
CdGG5vQ2s4bx57dPQIGG2xjgheA2,2021-10-26 23:13:22
CdZYUAoNvoYTzHP4NjI6uJx2N4l2,2021-11-06 18:41:25
CdaC8i6QtSdWbUTXdHeiYY2wVNw1,2022-06-05 23:24:26
CdrjqOO8hnTL0NAsxLkefeSYBIA2,2022-02-05 03:15:06
CeIHUVmWxmblWvGWPYqxape7cdS2,2021-11-26 13:20:20
CeJvIBTFWgTYGoSJyN3Zd1pbY1x1,2022-07-09 15:21:57
Cef1n4QOfDg0326DXnEKOsgngKD3,2022-05-02 03:13:12
Ceh6lZK6prdZB5HMw2gcX1UbFYs2,2022-04-22 21:34:23
CfWdvjmiP2Sf7pkGLUGFXWs2RF23,2022-07-29 11:15:38
Cfg2CuZkrcT5twkajCuPO5MN5b72,2022-02-10 14:36:43
Cfpwh2ijkJU02pnXNRJg9iKuKl93,2022-01-01 03:39:43
CgK8aKkWTrS6chg2t19UYK0YL513,2022-05-08 02:34:32
Cgb9r8dtzMZ4iyZFHkDlqkveHRt2,2021-11-10 03:00:15
CglU6Vyu22VbpNaIEFLdUDDAYuf2,2022-04-16 23:02:43
Cgrt7tifMgW8hQRh3DpUCfCvtLH2,2022-05-25 09:38:48
ChfD2GcWxIaPGfVSudXbZdbk9Xh2,2022-04-24 17:54:10
Chr2balWAgWT7tITbSD3dFOuI4J3,2021-10-27 11:43:57
ChsSUCCGCddoOWhSaDwBrUDpaas1,2022-07-18 05:28:47
Ci0vSjqiXhSrSso5I7JeNA6n8sQ2,2022-04-24 20:50:34
Ci5QngUCk3O38VfhDOnq4NRkxKv1,2022-07-21 15:04:28
Ci6Oxt9Mkne7d7G4jAKkwiyWLGm1,2022-06-06 11:06:48
CiGWJYqBQ3aEsbdXC7tlyKkCWcj2,2021-12-16 10:23:33
CiLoCeWLapWESNlz8ZfKDcNnzAh2,2022-07-02 16:40:07
CiVHgEg0ewYBtF8ebKkPVnhz3WA3,2022-02-13 12:56:32
CiiGJTZBWGUTfFuB5aMwJFCanX32,2021-11-10 10:13:50
CioQHjxXOBgUId2srpuT4D7jtoS2,2022-02-26 05:07:14
CiqHryfsD3TBPqKOH8TkNE53w0i1,2022-02-21 18:10:37
CjauGq1231NApVairYyzDzanfgr2,2021-11-09 06:29:20
CjbfzwTw1eR9z62cUGA0jFS6pay2,2022-03-05 14:50:29
Cjn283fLAfPmv5XMo2IAzlUP9Hw1,2021-10-10 19:47:05
CjxB7cUyJqTs0zPaoftLvlmhXFD3,2021-10-30 09:03:36
CkIhzodppLP3K0BdKWViJxlqBKC3,2022-07-22 23:59:43
CkIwcDAby1heD6Im13KFKlYMjTd2,2022-04-19 11:53:00
CkZqxH7PV6buarQ1kd1ku3ic6fX2,2022-04-29 14:57:55
Ckq6PMWQvmb3Fy0XTy7ZFraIbrz1,2022-03-10 02:49:59
Cl1XdPL3sONiirp8jAXRWPAKVFf2,2022-03-06 07:22:37
Cl2e6pOjC7OhHAy0lsxqMgB5zZf2,2022-04-21 11:02:57
Cl46NUl4pOUevgv37uK77YLAPeF3,2021-12-20 14:50:44
ClAUAdoJRbR5KpDv8pxTZw52i263,2021-11-29 05:24:34
ClBVrcHuM3UTrxktHA4zr4jVK8D2,2022-05-13 15:02:52
ClTd0sGMYwX7ihsnty2tODurDyA2,2022-05-17 14:50:48
ClVhEV7djOZfw9fd5Irls6N5iDS2,2022-06-29 03:45:20
CldIX95x4XhwgE3JKNEWgpSFyUc2,2022-01-23 14:31:45
Clh7YEtRNmWLMCbQnj2BJ1JSnGF2,2022-03-05 07:56:08
CltLkP8UIpYFHfhhCL19QaeXhGh2,2021-10-09 11:42:57
Cm2zdkdGwxf6NjH6vezZvGvN2sj1,2022-06-26 22:55:50
CmBijFKO6sQgH8NOlqS6CIZj8XB3,2022-05-07 19:00:14
CmdhEEgZchVFB40d580IwZsBcHi2,2022-05-10 03:11:48
Cn07VDcUlvdbYVw5ykplgedGvCn2,2021-11-24 12:30:49
CnNeE2pMb4UdZBsUcwRLduRemre2,2021-12-17 21:24:13
CneHSkKF4xVyp63cXV63ke6YRqg1,2022-05-22 04:38:25
Cny5Rjkgcabl7mLbKxtgH4ArRBs1,2022-05-13 01:22:06
Cnz5UU1KeqdXqIUUo4eQbVRNBaH2,2022-06-26 05:36:57
CoFvMgxVaYWZvBJimxaH5zk7o0I3,2021-10-03 18:26:13
CoJHElfpYuX6P3fwFp6jNAouVrP2,2022-07-14 21:56:15
CoPQTEMZ0JdqGzVEft3IyUxx7nG2,2022-05-23 01:39:36
CoWoLGxiahY5LSrsA0l4RyWx0Ks2,2021-10-25 18:39:18
CoYULFuPnLhINcK0gBFdkOJQrez2,2022-02-20 01:10:39
CoixWsSGFyaa5BEd2ap3ZRLapsC2,2022-07-13 23:42:49
ConwLehtNwQT2mk8GtX7mhSg7B72,2022-04-25 00:55:13
Cot4TNCeAUOa1EDj3LRYtXhX0bX2,2021-10-30 14:31:55
CovTaxOStcb9Huqas5bJMLIcBTx1,2022-02-10 14:45:46
CpOWBite8jMNlSBCU6ShUzu8wrd2,2022-01-31 05:42:50
CpfAzXk71EZo4eEtbjdPIhUat8n1,2022-01-07 16:56:00
Cpl2e6sIviSEfCgtDvwtgNWzHpq1,2021-12-15 02:36:55
CqCaHsTrNDdEr6r9D0cAuJtKqDJ2,2022-06-25 20:09:51
CqJOWrHb1fXfgvZvyPhig2yd7mT2,2022-07-14 05:36:22
CqSdPM9CKhZSbs8YKGUYmFhW7ai2,2022-04-23 02:43:38
Cql0WnGHcvZhRe1X4Y1arznNs283,2022-07-17 09:44:23
CqwfwDhCUMgYSHt4Thj4LnsVLBl2,2022-04-13 08:02:25
CrDPYw3q7pTc8dVRjomuJLkzE9G2,2022-05-03 05:18:27
Cs9fJtEA00apovN100YaoSP5GYE2,2022-05-21 11:28:51
CsADGGcxx5VtQ6Mkg9yJYSyGb2O2,2022-05-24 11:24:19
CsEB90emcRZOC7FFymrDunNEBjO2,2022-07-29 19:03:55
CsYo6BhEZsT3RR5hJRIid8OWWV52,2022-05-29 12:19:07
CscegqfD4ugDV1pUsfHUO1hX7D03,2021-10-28 04:53:39
Csp0ip11uURqzzpXbgTGMzRLckp2,2022-05-07 05:39:32
CtDgMquDp6O6FQnqPSKoF4Yzhin1,2022-05-28 11:28:41
CtWBlcQd6vQdUte2DNxD7bZV8pr1,2022-03-09 11:14:36
CtbHtGSYPnSn8gGX8YCJ8nxRcgw1,2022-03-09 02:42:02
CtzRMARwKJRMFmlfG2S4u9ssbqq2,2022-04-24 18:06:56
Cuf7CwDY5dUiHQgIam90PXmYUGN2,2021-11-04 08:55:01
Cv0BdA73T0Z86q7z1bIdN8zrJtP2,2022-04-07 08:55:24
Cv0pPQqkNkYHm2z5sKP3umjEqtw1,2022-01-25 15:16:34
CvM9wApRzYTUufGN62IWlpvSvF13,2021-12-01 16:17:13
CvkoBUhlxsPYGDAJ38tvaFV3gbW2,2022-04-30 05:49:47
CvxYU8tjspPrFbCE0SHP68et9Fn2,2022-04-26 01:20:10
Cw6FVGrtYYSXJstd33IFjC83fgl1,2022-04-25 02:02:41
Cw80pk11AFRHhzw03DGsN0aQ24L2,2021-10-19 21:43:12
Cwt9m6Mr2YZNiRSbCTMWdqAz35s1,2021-11-13 14:36:35
CwyqJRnQ9HeW0B95FAHprnqofmf1,2022-01-16 00:38:55
Cx9BrlrIRPMlJsDMODro2vfANnq1,2021-12-25 23:28:54
CxB4e8FjlCObCz2WNAfSvWGJvfL2,2022-03-24 13:39:52
CxYP2CaKqVT5WMevCJmNUzIgbk12,2022-02-03 07:58:03
Cy7nXxSzuIMC4ZANQ76xspbj1ro2,2022-05-08 04:45:55
CyLgN02zYDUtlahz6eWppZ04PBs2,2022-06-10 12:43:18
CyOMapwgiFfvG4PpCBjfBpjR52q1,2021-11-15 23:51:28
CyQ6qeaI5TbN9Pu2UNOLwh6cCSp1,2022-03-09 04:45:53
CyZtaaDrP4NTohrwkpiZUU4Z54O2,2022-04-06 11:47:18
Cyk7fTVGysOMAUqsAnZ300HzHNJ3,2021-11-06 20:39:30
CzJs4iP82JW6tBjFG16Db8NsX7T2,2022-05-22 11:57:57
CzMSCR4AUtTx6XVDNX5JekLj0lg2,2022-02-24 00:18:30
D06AVXEvTvbG4U3TmtIL9OEb6tC3,2022-04-18 03:47:28
D08dDgtUhmchiTJVsqHnU8swUsa2,2022-07-10 22:43:03
D0HKlsOVMBNhKuvoTfmPvFrCgrD3,2021-11-30 09:17:45
D0LTBvAhRFMbfgEH4Ql3Mot98f63,2021-12-07 17:11:13
D0Pyu5keYQW0XWFxDXts1QndpEw1,2022-01-31 02:09:04
D0caS35K9sPNSgcPMvAHHRndOyV2,2022-02-27 08:19:28
D1N8ecnKe4dPkRk8FNMzp64VLbS2,2022-04-03 21:15:03
D1T8zOQf2uU4VOBB7gjyIeidsTJ2,2022-04-18 02:10:58
D203UXuptbSi4fCivTnX9AVomTA3,2021-10-12 12:38:17
D2JZWABR0ONNvggMYeruIpA15zb2,2022-04-22 02:46:11
D2TGsZYsZWQNKCTH5TbfFiK81ro1,2022-07-15 11:30:26
D2yfHNpTh7SGTbttJl2JRZXXGvi1,2022-05-01 12:08:51
D3CGJbfPuqdI9suogtVUpXg1vP02,2022-03-27 09:58:16
D3GfccXSyqT6R3axsxB5ndMUejg2,2021-10-26 11:28:25
D3ZbV1xTXyQoKnCFpL8fCJEgVmR2,2021-10-12 02:11:37
D3akLyN3quQnAX5VxLAAABU4EIA2,2022-04-29 23:47:18
D4EOzOYBHDSlGSZ0aEkfIHO4K212,2022-04-05 04:21:04
D4OngcRRHIVRB9uDKeqdZ3nsXsC2,2022-05-17 02:16:37
D4X2EZuigAhHFiFVqmeNtqyKqGy2,2022-04-05 19:22:21
D4ewCNv0ElhtVG5qGpKNQlDkVTh1,2022-01-15 02:48:18
D4w6p3J1TFY4VUa1Vo6Ap0irygV2,2022-03-19 05:02:03
D5A69JJlmfW0diPUdB0kx6I4Xtx2,2022-07-10 20:35:38
D5PjatgCXSVjhtchC3gWKVhlSrj2,2022-02-25 03:06:07
D5WEUXHbWQazJPH9bjizsopCPnG2,2022-02-15 21:00:30
D6DcL0Kf2qM9tVdNRCLyPKu0pds1,2022-04-16 02:53:55
D6NdlFGfiaWfKlrH1ODrtiDvH7l2,2022-04-15 16:34:06
D6PQivkEhJMGbaRMxCRjGODAWfr1,2022-06-07 06:32:27
D6dm7Mr5HreaCK0cQnlb7SBFVeJ2,2022-06-10 04:58:17
D6jxuOxWayORnCpYnDhcCIKvlKF3,2022-06-30 15:18:52
D7Dmwp6l9ZbuE06bOkUoIj1yHC22,2022-02-14 02:44:22
D7WKPjn4Cld0JGF4pg9SFpLV6y73,2021-12-25 00:05:09
D7p64MBqJYWlsybond6U3ZHnDkX2,2021-11-26 14:38:17
D88Owlr3j1UsW97c89rWm1PaRH33,2021-11-20 22:47:26
D8HXYevp3kMUUr2ihvxeOsfWevH2,2022-06-03 00:09:07
D95PEpOPcWgPIbf1XYqIzPVWmXD2,2021-12-25 07:39:22
D9TUgo8feMYD7gZvl5XkZf0LPZ33,2021-10-26 16:56:56
D9iiaYVEYqQNClpycK4Vwgu96eK2,2022-05-06 04:56:45
D9pXbwdTatZ3LlhkveYXuV3rJ7C3,2022-04-07 09:18:03
D9sdj4guSAX8NQqD3kkiXwByRaN2,2022-05-15 21:24:16
D9zvJSDoQoN8qUNr1u3VIMk3W353,2022-03-09 03:34:26
DAIXR6hu6FdjUHxofhsesDsFKiq1,2022-07-21 02:46:23
DAWgPYynjdYEGKiTIaFF5buIsea2,2022-04-21 13:51:24
DAduqgMp6lS6oEMBWUaSzMPqBSh2,2022-05-25 09:18:22
DBCL9rpFRQfVu1ooG1h2rNC9i262,2022-05-14 06:25:00
DBjXqWXROUTtVYQcPrCBbjJ9Ndq2,2022-01-17 11:05:07
DBmulrxzVKZRwBisVkDrNsOyS8T2,2022-06-12 10:33:23
DBoAHiEi6lQbsv9vywlTQVyEs0u1,2021-12-12 09:50:47
DBpj7EsaIaPSFPq2bKd59p80pzl2,2022-04-05 11:46:37
DBwmqCQOS6MwvyUCPWxAOU7QR163,2022-05-30 13:59:33
DC5HdsrwTya0g2ThA3UGLZoPFk12,2022-07-23 04:50:54
DCNU2MCBEpV2XGMBlQgUibBBMzG3,2022-04-09 13:10:11
DCXrO6DrlQTfnJBSvb4GDwmCHU93,2021-11-25 03:45:59
DCnqHiBZ8XNDluV3oIs3BlGVIWJ3,2022-02-19 18:48:36
DCsO2B76wAbHb0OdgBOMVuyCvVw1,2022-02-09 15:51:33
DD4FbJcjoIewn6NILzFY4URUO863,2022-04-15 15:51:52
DDQOIZtWXRdPDLlghk2yvR4D64Y2,2021-12-13 20:52:17
DDQhc4Y82fa24QytogQiZgnEpmc2,2022-03-09 21:12:09
DDwbsOAv4XakUxdbwVZLuovVgA42,2021-10-29 20:10:26
DECZORYDs0NUTltdm0RZCdvjGqM2,2022-03-13 22:38:15
DEG7qysf8OURPFHuQhKAUC3V4ZJ3,2022-06-23 13:11:44
DEHhZxneQtNRj08RVbLdu7SxEO52,2021-11-05 06:49:27
DEctzA9PXPd6e9DDhMFq40Rrz5g2,2021-12-17 01:22:48
DFMi4Uli2AgFd6O4MRUqGi82RDD2,2022-05-25 20:46:12
DFOvxvuSk9at7Uk7vujWaYthsIL2,2022-01-27 13:11:03
DGC1CRixdSYzWr8Z1wIeRq3jZup1,2022-04-18 02:51:29
DGJWipVPiAWJXpVuH26iblJuzjX2,2022-07-07 08:24:11
DGJw7W1st6WdeirvgBDv6Vtm8wt2,2022-05-10 06:00:57
DGTKNqfoWvZEMqj9ZGaPmgNYz1q2,2021-10-29 07:33:46
DGoO1N0Kk1Ot18BRFtsHDRCPt3V2,2022-01-02 18:29:09
DGog87II5IX1Q0aRiVYbGcYrqL12,2022-07-28 13:32:45
DH8Ydk1hPuOkCKGViCowSa0aKMr1,2022-05-05 01:25:11
DHDHqh4dNCU3dBh5r1fk9Yd2Tjw1,2022-06-21 12:50:34
DHiizKGiU9UtpkVOfh3UEq3hi8p2,2022-03-03 15:39:49
DHq2JLVRcrSDAkIochIzpT2Ingn1,2022-05-14 17:09:13
DIDzrUWrDwewD6dEk1POtM63faB3,2022-01-05 04:14:21
DIk86ecPn3h8ppIkQyqAY5oDtFg2,2022-02-11 04:18:15
DIlpMTiY8OY2opl69A5oovU7gix2,2021-10-12 22:02:44
DInR3Cnf5gRF6grRcj0JGyxjQhT2,2022-02-13 05:36:53
DJ4c4s5qQfU5ZhYFbvdEi1I6qt82,2022-05-05 13:32:05
DJEPf9Y6hbTEZbTwbfaDUGfY20v2,2022-05-14 01:41:32
DJV6D0BqrGb4wGy2QNxhOZgieoE3,2022-06-03 17:21:24
DJVoAU4uONRyL6xZ8iaHUVJ5MF53,2022-02-05 16:18:27
DJlkkN5llVO6zv0B3myrM67oM8K2,2022-06-22 20:56:28
DJqfP0SILBNRfhlLbkt7eoipMAr2,2022-07-25 19:26:27
DK8GZIoktLU4crrWXLNkBwLRszw1,2022-04-03 02:46:16
DKaWcKrZHoYOs9s1q8Zq6IBvZ4W2,2022-04-23 17:34:01
DKcuwhXT4qUok5hMZoFUUpUTGN72,2022-05-10 04:19:47
DKfcu1nGaZdNvufPWzKtSxZLsmq1,2021-10-23 22:36:15
DKrEmGEFJpWIwtBV8RveJlj2IAf1,2022-04-07 08:33:28
DL9c7hTdezW7tEApdtsIF8R8w6P2,2022-02-27 04:10:12
DLAff0GsyNRYN2hOXMAmbBJKtK52,2022-03-05 11:44:39
DLJMSsIISZcasrv5kJlKJBObpWB3,2022-01-16 11:26:23
DLJOu7ripsXxMahQ1Gift5lcnmP2,2022-03-07 07:14:42
DLOchuc4s1dZsQLSotkouhASzmg2,2022-01-17 05:44:54
DLfm6yrpcgSB9IJ0BmNpmEFor7F3,2022-06-01 15:22:22
DLfs9e5EtHdy98tCIimFDHmHJ282,2022-07-02 15:04:23
DLntpLCHvyLHoW7XBcNASf9Ydk92,2022-06-05 18:15:25
DM64DtGCsWQ7Nk7mFeBfufOsSLN2,2022-07-13 23:38:10
DM7b4DDlAHgQ7yZEJzGQRwTAmbF3,2022-01-30 15:35:51
DMBSeYaVDzSv4Fe3g89ZU1XsyXN2,2022-01-11 00:00:20
DMPPTjJ4JmPwMViRCJM7CUBDM0G2,2021-12-23 17:38:38
DMRcalMKNQcCnP5zdvUvujU7W6j1,2022-02-19 15:50:31
DMS1Uy2Ab1eoyeHH9U3ZxIlWmpi2,2022-01-17 14:18:26
DMyQVlnya5QOSRAMpjabhgObelc2,2022-02-18 05:54:30
DN3G3EBykMYIaBLZQ5YQZnKZ3nF2,2022-03-28 06:58:39
DNFPfm12TNMEhtEcJjAu6QOYoMw2,2022-04-02 03:24:27
DNLaijxmo2YKV82fEeQkv5gBGuK2,2022-03-04 08:47:56
DNTvVfaU7MYHEnZ8UJYl0WkKh7k2,2022-06-17 07:25:00
DNdcJA0ipANWD76oXS0J473Ar8s2,2021-10-24 22:32:12
DNe5bYHbwPWvp3OHUAszkAJyZWg1,2021-10-13 14:06:29
DNeAUH6Z4vUxfVGHqWzvmXWEF1O2,2021-11-25 01:25:24
DO3yIqWCNKcgQmU2DTzX881QSyC2,2022-05-25 04:28:01
DO7RckV7HsZQrZEhSqWBFUhQgFE2,2021-10-25 22:50:07
DOM4TG9OCESecOn1tn07bgN7V7L2,2022-04-21 18:50:35
DORY2UARtKMYN3csofMWkfLzrWE2,2022-03-09 03:43:54
DP1f54sFhtPPoqeEyCl9dMZuQdw2,2022-04-02 09:28:06
DP2loHapmlWx9XsQUmCMQUTVzJt1,2021-11-04 18:07:45
DPAjSxNy76PZu4SYFRh6BmX5P403,2021-10-03 14:28:46
DPDFOKr14Bg3kWzDwwpRGQ5CymG3,2022-06-21 01:12:45
DPKFGgom2SNmmZMDEE4CcU5sLYW2,2021-12-26 11:51:56
DPOX9EhbwCVUBMZcbk8f6mtbZ273,2021-10-24 19:19:19
DPoMZVU3hBU1TpaxF5u9kASg7Rp1,2022-04-08 15:28:04
DQEtCJvvppc8xEwTU9GkVn6s0CV2,2022-03-06 13:57:34
DQQ7VjJrAgVXdBwA2HBrGPTMCtA2,2022-06-18 10:56:09
DQYvXBUPY6X0I7vFq1CuVm4o4XQ2,2022-05-10 10:12:10
DQo7UjuFQHTbWDNZ86AYUJnhC7j2,2021-10-16 11:51:47
DRTM6p1d4RSBaXtCXmNr1AU6ZJ52,2022-03-04 01:17:01
DRsUlIarnnaJ8wiRJt6ogRPOjif1,2022-03-07 14:17:33
DS39uafAG2ZX8SCsaguENlty0Kd2,2022-03-20 14:32:19
DSHcXeL4OJUcm79WlgAGsph0oWG2,2022-06-02 11:09:37
DSnFAZmOqHRkG29ziBempvZbBCi2,2021-10-04 04:34:54
DSqK89DUIWax5IDt2LqIirc10fu1,2022-06-16 03:33:44
DTaZhFNgTWRyI8FXZqFPlMSB4R03,2022-05-02 07:10:26
DTfyKuE75Idjs28VTjYEMc6ILRf1,2021-10-20 13:01:16
DU6ChnibAgOkDxgCFqs5VjKA4Z13,2022-06-05 11:07:13
DUHD4omO3yakKqHwx4E6kx1VvGJ2,2022-03-06 15:30:33
DUhirCqmtYUNc2EYps4qEjBm7QF2,2022-04-16 14:07:19
DUttvsVjOCZSsQWZn6s8WsVFM5i1,2021-11-08 07:48:26
DUzgE3pJfDahT5kQBvlmdv3VyYX2,2022-03-07 07:31:29
DV53toPUkcYPFKb1VRrvcZE7Mc62,2022-06-14 14:00:45
DVDESm2uHke1NGwceTw4K9D0GyM2,2021-10-09 13:55:06
DVL8BMIxxHTsETxWXpliAKeqFg42,2022-04-30 15:21:35
DVNXpalTcUbjVi2JRTLY3xhkSnN2,2022-04-05 13:49:52
DVQ92xXh2dXnxwKCwPf36EbQC4w2,2022-02-26 14:36:50
DVUA4xzKh9h023AdLZiXHVWJPJN2,2022-04-02 09:12:42
DVfkicELlWgBfwPUXcePom8OiUv1,2022-03-10 16:22:46
DVoTVCcl3mf2h3PSzyafqqSbnSs1,2022-02-22 10:10:53
DVqK6uqL59XqsNRI4nxXFtbUa8T2,2021-11-18 07:07:20
DVqMgLTiwwN5uRJXjVzLrdBGNJa2,2022-06-01 06:38:39
DVrfVxuBBccmMwGsbfIGoy3IFtK2,2022-06-04 20:02:31
DW1VU14c80MJiKR8Yecs5kv0kuK2,2021-10-13 23:18:51
DW4MmsppZEMuoN55j9XW49gY0Al1,2022-07-10 05:03:54
DW5QhtIr1rOfIHXqEFlXYwX8SjV2,2022-04-23 22:45:23
DW7OQt1b1Dhg6q4a19GROFMv62v2,2022-04-23 07:11:28
DWJMds1fn7TGGUs5rmPFR8Sir9x1,2022-02-12 21:46:06
DWSkeDOb0gV7kP4ftAygLCDGn0L2,2022-06-02 14:03:22
DWYZwI4cwLVKxXffsUMvGWrGPu23,2022-06-06 17:59:17
DWdTpOpetbOFBBVsOQSrkNbAs8P2,2022-04-21 08:08:03
DWr0bNrqx1QHCqNrcYcq8TAHfD42,2022-01-03 12:24:16
DWwnOMIgGHdB77YFA3Vn9VQKido2,2021-10-16 15:50:48
DXL0fC1x2EUINKVll75Y6Aw6E1l1,2022-07-18 12:48:00
DXa6ZPSZ2KZ12fDIqZ7t6Ppps7L2,2022-03-12 13:23:10
DYNgm4k99MdwZWCRRGmtKOrKEtx1,2021-12-22 13:46:05
DYQKDVIOXMUQWVF5RORYysUUMUz2,2022-05-05 05:01:05
DYQrCNp4kjYOm3e4zRzINC8rwpT2,2022-03-19 06:18:19
DYX9ysoUfCaqhBrZ6j1ucjvrIpv1,2022-03-05 03:45:29
DYkE0VlsGrVWo9uXEdfJCdEL3uR2,2021-12-11 09:18:33
DZDBiRbmvAY2afHtX7T87GTJUIy1,2022-03-08 09:48:54
DZHRMaDmABULhaNTgnOwegjnSUi2,2022-01-22 20:39:47
DZZA3GK7YZZxEcHsFZsqTq0ckeu1,2022-01-21 10:08:36
DZlqhQXxZQduAyJgeo4IvJoyXsi1,2021-11-18 06:08:43
DZqseau62HfQ9M5iFzfNovC9rAv1,2022-03-06 01:19:12
DaE9zkAQw1RTnbtziUxWYTnmqHc2,2022-04-21 08:32:47
DaQJiSmYx6XRt2sMe7nHmRN6xYi1,2022-01-31 16:16:05
DaSQhCs84abYKN38U5AaL0uxSoG3,2021-12-19 14:47:46
DaaeVW4NTlQTlXqJq5PrOQdSm582,2022-01-04 16:41:37
DbbfNp7rYjdfRGrpL1IF7OcJE8Q2,2021-10-26 03:36:48
DbjDhATJb2OfIryJx0K9EvOBM6P2,2022-05-17 14:02:32
DbrSrBXg7YMU89cvR1Qk98omFqZ2,2022-04-29 15:57:52
Dc4mGyeYsMStT1Vy0cFdIHMuAL73,2022-03-25 12:19:59
DcGUfK4BGNdQQI9AgQl67jj5NcV2,2022-04-23 20:52:13
DcHy27EQJOQZzFZ7jbNHB5eIwpp2,2022-07-22 22:41:25
DcVD6cBlagSlBxIQJPqClL0pl8T2,2022-04-06 09:37:09
DcjJ8z6Z8GZXiyL4mypKAoe8WZR2,2022-04-03 14:14:04
DcyzW37XROQoGJ0WUUSTsVu52eT2,2021-11-27 00:13:39
Dd9Fc8aaUwUsPmNqaQb1DrRh9B52,2022-03-25 13:42:08
DdJuwR4NUbYpXJdRK5HtM6Ct1Dc2,2022-02-16 07:01:48
DdODHMkF51dyHn7nQgfuKqh3Qml2,2022-05-17 14:47:29
DeXvmzgo3BdQ59WNyH2qdr326Qv1,2022-07-05 18:03:32
DexhFExj7HgM5iPzMPCg2AQeUYl1,2022-01-21 14:54:18
DfzK4j3Rk0e0mRGg4w3uBZFT3kf2,2022-01-04 13:47:47
Dg0Q3nkUSTXckHDNbi7JOeAnaWW2,2022-05-02 05:46:54
Dg517o8bzeWIiGzfZhFh4QEXAou2,2022-02-18 08:31:58
Dg5w3RP8kQdg5Cw35MMuMxwdRsh2,2022-05-25 09:57:21
DgRBAyHSkZSuXhomEN8xXadzFgM2,2022-03-29 23:47:19
DgXix4ojTKgwztL3ZiGeAPube1K2,2021-10-05 03:27:28
DgYhi6hZB3e5hWMglpsvcTLyh7w2,2022-06-19 10:51:27
DgihRUPaQhQzHusYgVIWoMQLaQj1,2022-06-01 11:42:03
DgqsIaVeebOgXPI2dq5S6ywsJZi1,2022-05-26 08:59:47
DgzdtOzpPxWJnMvP1WbXlfQbAqP2,2021-10-27 11:36:08
DhGhKeJOhhbh4J6XSWZLtr1YgRB2,2022-03-14 10:44:20
DhX3wpjNFhMS89vjapmGML5a9s32,2021-11-30 00:36:52
DhwQTnBNSGQ9H3O4wzGs6fMDlox2,2022-05-28 08:53:47
Di3vIvbxubeQegNHNXad1fW9aKj1,2022-05-26 15:42:55
Di4Fnw4yO3fmZxx7mZ8EdYFNL122,2021-10-02 13:08:39
DiDOJSxxO5QuYtH8qGPMhCS4EBe2,2022-05-29 13:10:51
DiHZLylVfYSYAuEpdxzDQhXL5dP2,2022-02-20 09:48:24
DiYXHVJsHLXlBIaVAjyCvPKFgut1,2022-02-19 03:04:25
DiecU7snc7RQwRZf7QTedyZI1ku2,2022-01-15 22:38:55
DieoUboivpXufOjChqSu8lIKXqi1,2022-04-19 01:01:09
DjJn2hrKr7U1d0wEKNpL45ad08j1,2022-03-13 14:41:15
DjngumUKDjbwGDiL37QV2yvQvDi2,2022-03-04 01:29:16
DkDX8fjTj3VWmsSSyErrmpvZBRg1,2022-04-06 17:00:29
DkaV2ihgNVTUrqXe2QJjYpYjx622,2022-03-31 09:41:46
DkeFmcQ6bVStg1aGPrEAO0KRX9S2,2022-01-21 10:17:04
DktIemHa4la0jJdD3m5yRhhsosq1,2022-06-25 03:57:53
Dl4kDEfh3TNp4GmfYxQDZnntkD93,2021-10-28 14:40:42
Dl6XEyHDVSUcjH3HdAJSQ7Bp1Oz2,2022-03-02 07:33:10
Dl7Nfh1vakSLbdESiQAEIlXm2602,2021-10-14 03:10:35
DlDp1iWGzPUHJdoBqRX9lA8fsXw1,2021-10-17 11:07:10
DlRevT7eOORan7fx0R3dcSDQs8P2,2022-01-23 00:06:49
DlpgwjvJxJZvHwJ2Mk6QvccS2mq1,2022-07-05 21:21:42
Dlyo4uxhIGR7wf6zkkmcTcRrVh13,2022-06-17 16:43:22
DlyxqHw4VEhV796S6SkCz2rOpOZ2,2022-04-30 17:31:36
Dm0ln5X6Yobg5bg4QBB4ffNZO8C3,2022-06-01 00:39:05
Dm1qrhBnbxTcCAeSesVXSiXzXt02,2022-06-05 23:34:34
DmVIXiK6cqgYfIerzWBozwAoxOt1,2022-04-25 16:27:52
DmVR2kVS41f1W3J0tBf5AWuE4Rt2,2022-02-10 03:24:34
Dmeg5goPZ7MFKdxLuDDuY0wQKxb2,2022-01-20 23:01:16
DmemVCCVqEeYkomzLCgIdXNyEj82,2022-06-25 03:58:36
Dmi4NQ6IYmfwkEsJG0XJcT0cKoy1,2022-03-20 16:45:38
Dn0bqKRHF8ZTxLRqDRuCv6d86243,2022-06-02 00:32:43
Dn1AwIKeVzWsw9atiRJAFWV3aux1,2022-04-16 03:27:48
Dn7SzRXUyBgbBcHcDoqfdV3xfs73,2021-10-25 12:33:31
DnR3754cvCU6eWvPR4AZdEDNxH33,2022-02-07 16:56:47
DnU6IHThBIbqwQci8leqRDkpUT42,2022-04-08 16:22:23
Dnd5gNvuOFcLbtX9immLFicVpgy2,2021-10-23 00:10:42
DntF6J1aK7hsRYa0aI3Mb8dj0Zq1,2021-12-22 08:36:47
DnxJ28VCaaRp1Y89Myac4c3wt3F3,2022-06-14 16:20:57
DoUpLJgxgEezqEgsjAxmQ13AlMH3,2022-04-30 13:44:59
DodbV2TmZbgBnMC4OMQurawANxK2,2022-04-01 10:26:52
Doja7TnCOxfDvSAlQDGYzAyWDgQ2,2022-03-28 08:30:04
DowyuWBGDsYQFK8wvhVuDoNOkUh1,2022-05-27 04:13:56
Dp647zkSxPObO9oD18yzHudI8rk1,2022-04-24 05:08:11
Dp82QuTHcHgR2KM8sTZRQKxIB1A3,2021-11-01 16:35:45
DpAOhGx5s3NdWIakJLXEvMUMSWN2,2022-07-04 08:52:21
DpPCWWIgibdFGximTVLp3PHmhOg2,2022-07-27 06:00:07
DpTvjpwzwVQ2SMUBKUHxCYRab8j1,2022-06-08 15:33:37
DpcWAPBzAEbXeEtM9E2xDXZR4Vy1,2021-11-19 03:49:53
Dq5NT9Hw7ddSqfZiQWNescstIvF3,2022-04-27 11:56:50
DqIe8ayW8rdCVaZWwlojLmtC3333,2021-10-23 06:09:55
DrL7hW03kuVIyFAjHHt9lBREBgM2,2022-06-19 00:13:40
DrTXiQahVcTRgKvA7NhtOk5Pxzm2,2022-03-10 06:39:02
DrUNlMKOFeUqMWMDINeKBqDNXjq2,2022-04-22 11:26:15
DrruZnYpW7THZqaDORpTcFWnA1u2,2022-03-04 15:58:17
Drz0Dl2Nf9MEHC4oH6mvtKvMyqJ3,2022-06-08 01:27:54
DsYApukFnhTmx4wY2ZS3BeEJc4f1,2022-01-22 07:53:48
DsbVcszfUvXa0NvJWvvbuZUoPdo2,2022-02-28 16:43:42
DtDl0DN8u9cANZars81olUgEWuz2,2022-02-28 18:15:35
DtI5X4BjwYfqDBDawjsonXcftHB2,2022-06-22 23:28:12
DtnpJoYtzoQEAPR9baRmCejLaxU2,2021-11-19 16:41:54
DtxVvSnJ4lRl5TjuXAoCTKazPAE2,2022-01-05 11:56:25
DuK1hKBSOcNydITUwp1MT4Jvdd72,2022-07-29 14:18:42
Duih2DshA3NLdDCMGS6Nqp7xmo03,2022-05-29 12:34:41
Duq7IBeT1TT0ZdeyhjNPwstHjPd2,2022-04-21 09:25:43
Dv93d60B4saBPbyZd4sUieUB11t1,2022-04-17 11:34:46
DvFrhXCKg8hCuwzeUszp0TI72jn2,2021-10-17 22:21:15
DvSmKiNnhqfk6TBIe2FietvpvTP2,2022-05-11 14:56:10
DvaAk37dr0g1vVxlP5kNvv9HpWw2,2022-03-31 17:14:23
Dve7TV4OvOczAWweiShqTNTa4j23,2022-01-10 21:53:14
DvkuWgUsG2gMUYAkyZ5N9GViWxN2,2022-04-03 12:18:33
DwIN0zSpeyP0LkdFeNQwUwtN4eC3,2022-06-14 01:57:38
DwjfwZQOhvdoPOxEuBvkBSKSxYz1,2022-04-19 08:53:25
Dwolg6gRlVRUiYLdVk2w7i6ddBl2,2021-10-06 22:56:06
Dws8McxdmTS5XxdO7gDOxF9Zv3I3,2022-05-24 09:26:13
Dwv91XpGHcRGkc8kKj2HdZ1sjQD2,2022-01-01 10:10:05
Dwx0hdauB1QVoBpLErCKTG9vmar1,2021-11-26 13:53:11
DwyBaLa5URQrbkz4iTA5OIOAJ2v2,2022-05-31 01:38:43
DwzWwN6A2XP7koWwBe2WVASHhGW2,2022-01-26 12:40:02
DxJLRFWfqTZ4nTqt7a5RY5xqRTm2,2022-05-28 03:16:27
DxRPdb5ofdYG7gzjMqpnBdvvUHC2,2021-12-16 17:25:23
DxWT5V8UvRf55PSYjlE6mJgly0o1,2022-04-30 14:35:36
DxY2Mz6yJoOPd29VT1cRYjyNgFM2,2022-04-15 05:45:46
DxpIneXAFkWL5CluoZD4ymZjBDr1,2022-02-15 21:25:37
Dy7gP14RF2NcLu3iSMtqaiIoPod2,2022-07-26 12:36:57
Dy82YNe2pBUg108eQW6IHXDedll2,2022-01-28 21:25:24
DyNRp3mbseflbVIZlQDA6Y0ZGwE2,2022-04-23 08:41:04
DyorQrTfk8NZWUr4lYOanPjZI5r2,2021-12-22 18:24:40
DyqAAjU8d0VQZfVHVDXqfLJ5ZjG2,2021-10-23 19:24:10
DyxYdTJnidQ5L7FM2MmJnKQk8cA3,2022-06-30 00:13:21
DyymQUVo5RMZJEvgPak4OAkEmMp2,2021-12-22 12:24:51
Dz2CXNwhKhgWfFTtidLaWm0yhT43,2022-02-08 12:50:38
Dz2IkAih6aa6kS5j9AlorVBl77T2,2022-04-02 15:01:32
DzEiCikBtyeO4H3O65fEXa9GPUb2,2022-02-27 23:41:25
DzJrbu6mnffYGgxIauvQzljxulH3,2022-03-10 23:45:48
DzaIBLOnz3Qo7qFeGmzGzK91xdY2,2022-04-16 09:55:02
DzkZLRkgCNWwrB6pTKNOeWIzYWi1,2022-07-21 09:55:23
E0TY7XNOXyQk4BrTXoUmT0fpxy03,2022-01-16 14:28:33
E0fXxTvXrDWQXuL9TdZcn5LxMMh2,2022-03-12 16:12:25
E0nwzGfTiRaqN6rPFlB5bE3CiXk2,2022-03-08 19:02:01
E0pFNZBd8jXoktJYVZDXT6GdaoD3,2022-07-28 04:28:56
E0tJgEq06TbgF2jg3ueLIJ3zWR32,2022-02-24 02:19:42
E0uW7NXIquhyTsLzSt5WhdYTuGx2,2022-04-01 19:23:31
E1IqWpOw11Ra1UW3T3MiWi3IJXG2,2021-11-12 17:08:02
E1KiChShA4WxdE3oTO3phvpYWfJ3,2022-06-13 07:29:03
E1XFnHUWQENIpgakJksT2APoMsG2,2022-05-01 10:45:23
E1ddzUosxjPT8UxdCUrr0BZT7UA3,2022-04-24 05:30:15
E1hktjD82zZGu6AEPzKFG3Yed8s2,2022-01-08 10:49:26
E1juS1TqiMSFMCBQL2rYCRQX2mz1,2022-03-19 11:05:12
E1nqcjAndlMEdw4O45SMOCSWtT72,2022-04-01 19:50:32
E1ouQZRzOmPlP65hbv6J0rpezHv1,2022-03-23 03:06:14
E1rHYgwXxqff4Pavtv5MrTASrdp2,2021-11-27 13:53:36
E2OVbYZ0RLcs4vMZdYpK3LSxKoO2,2021-11-13 15:07:01
E2Tb1UxfsUQEO393oAuEsXECMhV2,2022-05-30 11:22:49
E2XFb69gARcBt4bZRTLz7DB75Zr1,2022-04-14 13:54:59
E2ZKrIQ9yYNZiJIEq0Bsw6OyyY83,2022-03-04 08:33:12
E2xyQJG1HTaEvw8BwytXPF27q633,2021-12-10 20:24:47
E325VDYNgmWg3Mzun3UYRK0GrHh1,2022-04-06 07:17:00
E35RcVS8Kfdjh2jDB03boRSJh3m1,2022-02-04 12:44:51
E3D2vSYQFfSiZCTpqlqzqGOdIDw1,2022-07-24 23:24:24
E3FslpzmekbIIwfugSffAXOHy733,2022-03-16 09:40:47
E4MDJ7NJcOdWnTtSwqCZaFuHi7D3,2022-04-30 15:17:30
E4PN9d1uPtP5hpisNXqYqcKpmPJ2,2022-02-18 11:42:40
E4gLXy6aXbNmz1HoC6eMHwwpDF23,2022-04-26 03:14:09
E59NYVHftYcxLjbMXahbZFIHGlk2,2022-06-21 14:01:59
E5EBLZMfTGVtkn02DmObuLT5YgZ2,2021-10-24 03:06:12
E5VF4wshDnXdTaGEQGAJA1gX0kL2,2021-10-28 14:32:19
E5j2NQnJPvbtom9IJcrOsMWuZmK2,2021-10-23 03:04:16
E649tqQ0oCNdyqMON7byU7RczWj1,2022-05-06 14:35:40
E6CQbbMuSbhfTSU19yAzff4VSHw1,2022-07-15 00:15:17
E6DE334gMubMPZLAz8FDr955ka22,2022-05-01 11:15:32
E6RZjeJ7VqOSzBOD21m69VQ6A0t1,2022-06-15 22:52:56
E6Wxj7qykBd0mstB04mmn6wrwug2,2021-10-20 15:54:29
E6fqaAOoTfVV3yNzxGc6ShkSfhn2,2022-02-08 22:39:38
E7JSFu9dyhV0nVigq9HGCQ5zoAu2,2022-06-04 05:50:41
E7TFSkgtuHNNT3P6wf67ky2EEBy2,2022-07-21 08:00:00
E7jfKWV5YHOEbc9btvLg2P1m7c53,2022-07-03 20:01:29
E7zioWYKwBQpKJMjc3gftPDnR8s1,2022-07-17 01:42:04
E854yorEGFYs4yRHRIdFb6UMyuJ2,2022-03-16 14:33:00
E8r8gAQ4FTU8F6RrB5QDo6z7HOu2,2022-01-26 17:11:27
E9K0JvRh9fe0zigJVXVA98YFPpY2,2022-04-03 14:05:20
E9R8IDVua0eVKpERkApBdnJ157s2,2022-06-27 22:33:48
E9TaZUXr9gQAryTbHwmqw8SZcjV2,2022-07-29 18:42:15
E9Tn5wZeScXHctyiYIJ3g3hwui03,2022-04-29 10:11:42
E9U5BOVerQb39Q2OpmNWBFgRMHj1,2022-04-30 14:44:16
EA4hNJjouDhbhcEQJleqMrnqigE2,2022-05-11 15:45:39
EA7Ykmqxfycqu5dj27IrvkDpYxD3,2022-05-08 12:44:13
EACgZ190ifMS8eOQR6y2NxCyqdq2,2022-01-14 04:33:23
EAVVhjVZBfU0XBIczCvR0ZutdXx1,2022-03-01 14:42:20
EAmHJ5ap1OR6t1xJBEoPYYZfWKW2,2022-02-03 23:04:20
EAsTebLfWCQ3sO5U6JrntfKgoMm2,2022-01-28 06:30:35
EAuKAF7lRaNa0qkM5P770plIDdr1,2022-03-07 22:41:16
EAyfhQZB9Rf7kORwSreG2uAkskX2,2022-07-20 14:00:55
EB2wNcTLHwhcyKeiDz1g6Mve5602,2022-06-14 12:14:21
EBZ60uHZgsUAgLy0rruyRCBqcUJ2,2021-10-30 14:58:19
EBsM5DKBpESbna0CAAEWpktjMRy2,2021-11-27 07:34:51
EBzS8ZLn1GXHiVV36PYSBhCjTAo1,2022-03-02 15:52:08
EC9qmj9DzGX6KeFlhygTZkI8ew62,2022-04-29 18:25:56
EC9wzhVdKqhNOajd66dHJJW64TR2,2022-06-19 08:43:05
ECAieAexBnQxFLiZO193oXuB8Xc2,2022-05-13 12:36:20
ECFSDPewk6NGmulCl1guTzQyNQr1,2022-05-03 03:01:59
ECKTof1Sm7gKMDVmEwKMhdKWE6W2,2022-04-27 05:53:31
ECWZkX2AUlUGJacL8p4oufSMK072,2022-01-30 05:57:37
ECXvss86oYNpxlFSXxnyw4ybota2,2022-03-15 12:12:05
ECZqMutMmvMKTTOzvVNPZONxCzz2,2021-12-21 21:43:33
ECalmUwk8lhbl9Zddo8uNpIGjvM2,2022-07-14 06:21:51
EDogv1oIAGTCD31ehUet0x1MfTD2,2021-12-22 08:30:34
EEIiSkan36PAZCLABrLmdkc7Vx13,2022-03-16 08:03:59
EEYIVKKuw6YpO09tAu8uNBpc50F3,2022-02-14 11:35:28
EEnSLLoGADUEJV5lrHG2IFPMUWj1,2022-05-28 19:54:19
EFaq4yNYd9fmn94FbWzYUW5L4Qd2,2021-11-30 19:55:17
EGdSKbgUVFW1mAcme2UIYAuJGTw2,2022-02-26 09:03:06
EH6khKCNc8OR6C2pCxUcvK5KNLh2,2021-10-10 16:26:43
EHPgEufqlaOawPDxAActnLY5vnn1,2021-10-27 04:17:15
EHVtY0tybxMs3IlRppCCk31LUhq1,2022-07-02 08:12:58
EHzfAsorgNUfwf5EUEd7T8zDwO02,2022-05-04 16:28:05
EI8IYNGyuRaKFMZnHpte99r2Fzr1,2022-06-11 19:03:22
EILlWQIl35bthCMOI9JWhfAPwcJ2,2022-06-02 06:33:56
EIsGByOPP8YOCHo04XJppsaC0rk2,2022-04-17 10:47:55
EJ6V4BhGTbdv088xtRWjM2Zk1uz1,2021-12-31 11:27:05
EJ7ro4t7KkbuqJkgnnV6u3Unat72,2022-06-11 12:51:16
EJB9AZgGoHWmn0yFPsO8dF9Ljxi2,2022-04-28 10:43:44
EJL0hhW12sUHTQL67GbNZaYWZo23,2022-02-12 19:26:09
EJV7yAdJIuXgpQbt0Tydr0xAURH3,2022-02-26 06:33:39
EJl0JUBzEffj1rUeRqEcr2pJYrQ2,2022-05-11 08:01:59
EJp62Gu1ksWnKL65qWMhhpyJ2Ll1,2021-11-02 14:01:43
EJpSvlOVu8dsZzitPa4DdPv8gA53,2021-11-05 10:47:36
EKCWEq9MLtSiKBQiQXmoOzdFrVX2,2022-07-07 13:25:24
EKKLU5nZZVhXMJq48mueQEWW4OJ3,2021-12-26 05:56:38
EKXlWm4cxLeQoRQOOwQ5TKyFtPv1,2022-04-11 13:33:16
EKfRoT6OfeUkU5g0q8yOpY19FAI2,2022-01-08 08:27:02
EKsrvs1Z4DVTp8a6tQc4PaHPvk72,2022-03-14 06:19:04
EL3ttlfSWMRWT1M7nPA2NLMW8yq1,2022-07-25 17:02:25
ELEUjZ2AYcheiW6IC4X7Obg6p4i1,2021-10-12 20:50:25
ELIqtDGn2vUS3E4Ib0dMUA1OhTx1,2021-11-07 09:26:30
ELT0ErQVONYZYiE7epucVGd3yxY2,2022-05-09 15:09:35
ELgRiH3l5NhauAJUwjVUxN2YXNB3,2021-10-12 08:45:45
ELn99jFGsjR21B3LpEGfJCtV03h2,2022-02-05 13:08:58
ELrM2KSJtISO18aSmEoA5VFTZeG3,2022-02-17 17:47:47
ELvdegfoIbbgiMQFUKIc1cBqwPc2,2022-04-17 03:00:32
ELwwVRgLoch4x1oeOXabc6TNS8d2,2021-11-21 04:25:58
EM0Bdpq6faMuTC5GPWwv69MOdvq1,2022-05-06 19:13:38
EMYSDBmuf0RU7EjdAijQf56e3Et1,2022-07-25 18:55:53
EMh0MghxSHadjqR7BhicgZKTb1v1,2021-10-22 14:55:44
ENjkhrgi0rSrra4xXA5JqMiqalF3,2022-01-13 03:12:01
EOYyKdXx2AUjJn4vOxGGVyPa6kx2,2022-04-04 05:43:41
EOmjJKHa1LaZ7YsMrg2iXQF5u5X2,2022-06-23 20:10:07
EOrgyF8SQSgYNSHjeqLADjW1ewD2,2021-11-09 00:38:08
EPMkeF3p6tTYSkbHrL6RkZ8Dlxi2,2022-03-21 19:00:32
EPWQHiMh70hXxjTU8nL00a3ZN2I2,2021-12-22 08:26:00
EPosv2I8h5YftOCb4ifx2JG28jf1,2022-05-29 03:02:17
EQjz4TiR11QVYafUaP3zB4Z7GTq1,2021-12-11 07:05:34
ER2SFijb2dhc85lqxZtKphizo1B3,2021-12-18 22:50:58
ERK21MKYXndkQHypsCTR2st6gZz1,2022-06-17 23:44:36
ERVjJYFDcGYWWbL0LloeN318B4z2,2021-10-11 14:39:57
ERaO8XQoR2dF30iwtQKysASIJDi1,2022-05-23 15:09:17
ERjjiGVblPYYIYtryrp4vJEreMp1,2022-02-27 00:01:41
ERzjbMX1nVbO9OwxQpsv6GAgY5b2,2022-03-12 07:54:13
ERzqlG1xGZd6KfYmZisLmyswRPA2,2022-04-06 07:04:03
ES6uj6Twl4YqzL76F34EULBa60r1,2021-10-28 12:26:52
ESPPuQy8K9Y79kjwueuJMVGtw4f2,2022-05-05 18:01:48
ESj8RipJTfRYrndoQcU8eqcqdmD3,2022-01-01 00:57:35
ESzRaepAtJSsJZEv1BT61BLR1Jg1,2021-12-07 17:39:04
ETKVMdg92FYC3fzEthJKxNuaxwD2,2022-06-06 16:08:48
ETR6pKxHtKax9hpQfg1r8eQoAFm2,2022-07-25 11:13:51
ETfomdgWzhTulXxEnTERXiUqapQ2,2021-10-30 16:28:23
ETwjPqgS8pQgbFPKQ6VM4NpgMYm2,2022-07-11 13:52:13
EUHYYat7yFUqrkQp6DYOBbvRdH62,2022-07-23 04:04:56
EUQYmmeUB7Uavo7gLegOjKz28Cr2,2022-03-18 05:00:35
EUVkQ712fBQCXcLD1yG2G4uZ5Is2,2022-07-03 12:36:07
EUmg7uTsPjd5J1V6vDp3h7JnhdB2,2022-07-13 16:25:37
EVKZKO8UEWhstQLpyYmYEF3Yx0d2,2022-01-10 11:52:25
EVUIVcLtnpfpHkbej72dcTEJPnS2,2022-07-11 20:50:33
EVr6QsXKzTTYCTlvsX17lUBWoZw2,2022-03-20 18:38:42
EWArOHVGuygkQTE1vIKLJtNn6f63,2022-04-12 11:38:32
EWKyaWlFHtX4OlbOwkMvGd2ITol1,2022-07-08 01:18:11
EWwhyLgFisOyeLJtMzW2nYoLSrz2,2022-04-07 04:50:24
EX7z7z3osTUur8EQznQbcDHqQze2,2021-12-26 11:42:24
EXMxwVzT5lTlMyHbqwbV5vtpPO92,2022-02-23 15:54:56
EXaNmzL6gPbqTOLldXAFX7KGAFr1,2022-06-21 12:46:20
EXnocd6NzeVHhOJth12OGC4FlRs1,2022-05-29 06:48:33
EXwzZL2YsaPvoX2kio3lPvjDKnl1,2022-04-22 19:05:41
EY1mVauIFzSOQw4sUJoGeFzOMh22,2021-10-26 21:55:57
EYASvSySQ1PSa1k0mVdvZrh5qTt1,2022-04-03 08:53:08
EYLdxfIkiAf8YbmtQBHgwhRwI6A3,2022-02-20 16:30:48
EZ46APAgD0gp55dHfo59sclU81Q2,2022-07-22 16:15:34
EZDWaaTbD3VQSzg5eHUf8Latc1v2,2021-12-16 21:24:56
EZHFRSAsIvUpVI425ipWfFEWZQK2,2021-12-01 01:01:00
EZHkzhaQOaNSV2oq6O6ih8j4g5G2,2022-02-28 13:01:52
EZb6d88X0RNSkWMcvRyAlNJuCZW2,2022-04-19 03:24:54
Ea2Od7fWnzTE3DsvlvrVKGzTMRO2,2022-01-29 10:57:04
EaCp803hP7arZP88hsJhnPgmtBA2,2022-05-18 13:46:20
EaUL1Km4UDeOR9wJevbKXRpTe2M2,2022-03-10 16:58:50
Easgl5h1gCU0mkch1oeXK7IK9LD3,2022-07-04 15:45:30
EcIEezx2RBQ3NXBfc14igjmCVId2,2022-03-10 10:25:33
Ed0cqePQDOeONemnVozVz8Dqie72,2022-04-29 13:43:09
EdJuYh8M1RNbtwAZBPeUyo2nbxp2,2022-05-05 11:24:19
EdPzi6IY0JUE4I4DmNw4qgI8F9e2,2022-02-05 08:22:50
Edae0SGGNOT4GVGUVXJCWlrL1Sx2,2022-07-26 13:03:40
EdoROhKcbyaPWmKLXztlnGT5XSh1,2022-03-21 02:02:53
EdxeYAClP5guyNE2h8JU5XqbFgu1,2022-05-27 09:17:03
EeLlIFbGbtTiyPFmZvxBqwOAbLp2,2022-02-04 22:47:56
EefuNPRNlHNW6Yjb0NL92X8Xehd2,2021-10-18 02:20:50
EeiE2cGzbggCrLWwaV9CHp6ZXgc2,2022-07-31 01:42:13
Eepmnm2KEEbakuTqWLYOWauv4L82,2022-04-18 05:19:19
Ef54FdzlilRTVV84KbhH0aPiQry2,2021-10-24 15:26:09
Ef699UfMQrOqeI0hJt2gCN342Lb2,2022-04-17 10:02:43
EfVQCT26Y8bztAYlRHBWsTzMOCu1,2021-10-05 14:09:08
EfnOyVCCuBYLx0lv4WDvmKU0s1H2,2021-11-21 13:28:36
EfoYtawyvSajAGWpE3VC8Qzh8ix1,2022-01-29 16:35:02
EfqS02apoVPDqRWKl5XFKPXOtl42,2022-07-29 04:21:17
EgTZaqIxOsf8TFCptANfhKIPmHJ2,2022-04-01 05:20:38
EgZ3C8sqqUMotGbWeoogFBayUSF3,2022-05-13 22:09:08
EgcH8ezCeUQ3thsMOZu19Y1Dedw2,2022-05-24 10:08:06
EghO1pCGwxfZoGcp8Qitd13otop1,2022-04-29 05:37:54
EhAefwqamQXzMjGcoziltEiHnim1,2022-06-18 16:54:01
Ehdb2aUXXSXVuPLc4m67Ap6qTnX2,2022-03-24 12:00:06
Ehf5WMVA3oaqSpOw5Qu5XEwYiKE2,2022-04-21 12:21:20
EhwxGXDlZigoXuQqGmuqvF2rgt72,2022-01-02 09:50:12
Ei4sx7EtnrPCH9IaXGY3AJcKgZK2,2021-11-14 20:43:41
EipGgbWNqoQpbbwvxJm3jon5al72,2022-04-14 04:09:06
EiztZkEKvDOQr6KOcFeOFTS1Hkz2,2022-03-12 03:27:37
EjLCh1eRbAcNo8EEA4HMAhqk2Uz1,2022-04-13 10:55:39
EjOXndgWkvdq3V9xgdptgBjRQba2,2022-04-15 21:50:16
Ek874PumoNNIeKLnKiNcG4kLsp13,2022-06-16 22:35:28
Ek9nQ8tq8PbEwIg4wLSITqzBtQW2,2022-05-20 09:29:38
EkCPr2Mf6RNBxO3yOfTtkPWDny33,2021-10-22 13:28:53
EkKje0gH7oX6cSMQfeoYwV2YGeL2,2022-06-28 15:48:14
EkNBHSsZp0cK6DlbCFb0OZnljOY2,2022-07-01 18:18:47
EkPYDZXkQ6WCRCwamySudwE9jSu2,2021-10-28 23:52:47
Eknx0VGRsGbhQdYdCzMdWLLAYnd2,2022-04-10 15:49:53
El3porHSzhe02ypznxyQI1Ps9Pl2,2022-04-16 12:51:58
Elt4nV4MXUUkxJZkVWyjBVLI6hL2,2021-11-03 01:42:06
Em1pIGUsrbMpsFW1a59GrZ8gowh2,2022-02-26 21:09:36
EmDuErlGgLZZfUcd4pHbTgW6VTD3,2022-01-15 11:16:52
EmbIehPCxBOkpYwfywCa7F5Rl3V2,2021-11-06 13:09:41
Emp0xouFPdOZ9uJFhC0jQuOyN2e2,2022-06-15 08:35:08
EmrT4dt1OhVlRQ1RiXSVCfQW1Ui2,2022-03-24 08:27:36
Emsaem4fEUcKpGZp9mg5Wpsfruv2,2022-02-01 06:56:48
EmxlRqw61LN0trKvNnhzBP686cN2,2022-05-17 23:46:57
Enbe06cIeuhuO0YbdDtYwCYrYe62,2022-03-30 08:55:22
EnhnoSvzRTOPTJDgJHrFCH2eO0b2,2021-12-05 09:40:01
EoFyWPGOTyXl9XOwDN5gpwHIYyq2,2022-07-09 03:41:17
EoO10ORaQTTd2pLexTFLDrZm8OP2,2022-03-21 13:16:55
EoPevuqz03M5RBe1aBJf05wawwB2,2022-04-09 09:59:55
EoZSX3zV5cNwCKVO0trbhAa8AD42,2022-07-25 01:17:05
Eofgs47wwpT0PSwqrBpMyUUMDiE3,2021-10-27 18:47:27
EogH4vPGQ8QZzXkaGEc8pTN3kCt1,2021-11-01 04:30:16
Ep2cnJU034aOGBSe406vMRzHLaR2,2022-04-25 14:49:41
EpQAnFeeJBcqyZnQpkPgniOrzqw1,2021-12-19 09:57:59
Epa55z3zMDZAkNGE4md5hn3orHH3,2022-07-03 16:54:16
EpicbXJhahM2gRdWZnGI31IbM2Z2,2022-03-19 20:25:36
EpzPWqnWfZVPMUn66MBKwcjUC1m1,2021-10-14 02:24:01
EqSUjeLwuWftGS5u7Sb4p7hIgMw2,2022-07-02 05:51:28
Er8SqWje3kdbXqeLw0mSlBNLq6W2,2022-04-03 16:09:40
EsQwDUQiZuYUBoxhyzONdK66qbd2,2022-05-01 10:54:42
EsqFUSjdrrc1oiphuX6YQKM8kn83,2021-11-28 02:43:43
EswRJJN0LsVC1FmCcIPqOvNfd0B2,2021-12-21 14:41:35
EtHuE6BBwtdc1sGRdfJOhDUFdwZ2,2022-05-03 09:27:41
EtViyRDjsBXOmzHX4L9NLp6lwx03,2022-05-14 10:48:55
Eth6ynhULgM0vNgeuAqRRcVTjcP2,2021-12-27 11:08:13
EtzQ21X2N7afQuYQXkkCAPSxmd53,2022-06-02 03:26:55
EuIKBpvUtkMTEDfbQvK572qW8dp1,2022-03-24 21:30:13
EuQoCOkQ0baxX77svnGPzEyZLYe2,2021-12-24 15:27:51
EuhjsojxVFg6t8UekNAI5f9ZsKf2,2022-03-18 11:40:29
Eulxy0LMgccprZ6d0Q8PvaDAOMQ2,2022-04-16 00:12:31
EuqMRU2RswaamfhogixsgaDuVSw1,2021-11-15 13:35:02
EvPGYm0GxbhqNWoRlb3YR5ztg5E2,2022-06-09 15:58:29
Ew7knisZCzRYlZDe2SLoNdEm0kh1,2021-12-23 14:10:47
EwDLJ3RfWzRNdgUCBQjGkIT8UuG2,2022-02-22 04:35:24
EwNoENRT4UYvE3joJMd7xQRGaV03,2022-03-12 22:37:31
EwU1qtSYQfQwtXa6JbgFLqC4Hch2,2022-02-22 11:06:55
EwgdT2FSB9NY04QSSK2VBQ8eOBh2,2022-04-27 01:12:34
EwiGyeXaIoVFKQTzANdfkRFsGNv1,2022-05-29 13:01:57
EwlEZYfGcLSM0GiF2bF39sQDC6q2,2022-04-10 13:12:48
EwlEacnk6ZM5eVCeYDjRvr19BBI3,2022-01-05 06:34:26
EwpKb59Kh5ev2MQnM74sT7iMT4D3,2022-03-30 05:26:34
ExuOl9Vzn0QwavVYFe3TwEiAXRq2,2021-10-31 04:58:35
Ey4ZoA0WorRMf6El5V2usyyJyNR2,2022-04-25 13:42:20
EyT6P1JRqDW5yDmUh7PxEjhWcjR2,2022-04-03 12:40:37
EycoMBxsdMR4PsBEMk2jfvnIvNG2,2022-03-07 08:56:59
Eyg04vq2mOWoiWXkeTEe0Gz3pmz2,2021-10-18 01:03:14
EywHPgoneVhELQCCsx9D11rPotk2,2021-12-22 08:58:48
EyxhybUrW1P8xmZkAycKsUGuhve2,2022-04-20 13:59:32
EzBwHW2UlgdZ5681qWKzsrohrr32,2022-01-31 08:30:54
EzRa73ER1TPmiV3bAUifqtVOPHs2,2022-02-11 14:23:18
EzqJNOEcbWhlSmRSh4PdxdmXBJC3,2022-06-30 14:05:58
EzrTxEiPrLdI2jyvEcqZGU6V8Ns2,2022-05-15 00:03:19
F033TfU8gLWOI8TJKBITpRKxxP43,2021-12-15 13:47:17
F084R4FoBqS50GndToEzhwlBDi83,2022-04-16 06:42:11
F0G0B7ennDXyuiYfmgWcA6NJIA53,2021-12-24 05:36:37
F0fkSNYfWZfrzB42c6Rpp3tPtng1,2021-12-30 16:05:38
F0lPnqqFzfSgRgmVrfDrBNyPNH42,2022-04-07 11:16:59
F17NcpmrTZUk5UhGT0dR2kDBIbA3,2021-10-27 00:55:54
F1Z6lFjYO2M26tfd1h6YgMC8W913,2021-12-10 07:59:14
F1n2QNacwXUyB2pTwvN9JwQfhtY2,2021-11-22 18:19:07
F1tXMCr0UybcinupcmwnEIB3CoC2,2021-11-24 13:55:43
F2DUvZb28GPdS0oB8mtPZBc7jGJ3,2022-05-27 15:28:58
F2h1DgfCFmOiAkvqt3ww47YDCoz1,2022-01-31 02:28:45
F2lSENT8iwNUHzq8zqjqMa6e0D23,2022-05-24 10:30:51
F30oUBUk1eWWq44lsgZcPxvc1bm1,2021-10-23 02:21:29
F3ew8hkuxJYwzTijiqCnFCHMsJF3,2022-05-02 09:27:24
F3mzSrp29CfsuaTCjgKAR2XOIQY2,2021-12-31 16:20:09
F41JtW8sPKV1p4D83pfaZsNSL4D2,2022-07-25 02:06:14
F4PPiSyQrzaX7BH905pDVGiA1Un2,2022-05-31 12:40:40
F4UPvAish5VgnLqxZsm4UNdxyaE2,2022-03-27 16:05:03
F4XERY1qvGfCkZlh2s962tcHfd83,2021-11-27 21:32:08
F4vzsPjFWKV8Y9iWomaOm1CBbAr1,2021-11-18 13:29:29
F5HRGv9ssaVHbEoq0xVR0VVUHiZ2,2022-01-07 23:21:50
F5OlVHoSsDZTqh0Z7XvErM4xcFA3,2022-02-04 03:26:58
F5wD85pYZmdyT6THlKnCchDrQBF3,2022-07-28 15:41:11
F62O8C3Y8yYapMjVCzN0aCPuuVh2,2022-07-17 05:36:12
F6GK1oNDbXe2pRE202r9NvBUvjM2,2022-06-28 02:09:51
F6GQo5b2F0UysR0dxoXcN9X44mI3,2022-07-31 18:07:38
F6QT2a25VQcEUbEsS4o9MADf3iF3,2022-02-11 22:55:19
F6TugdVCvyfabgqzqDNoqm2bWrm1,2021-11-22 15:04:26
F6dzDQDSrIW5cONd5xM7r0VVAFp1,2022-06-20 18:45:56
F70y0x4B1qXvEbg7VyMbzmVsQ7p1,2022-05-02 04:44:31
F8BEpSgAhYWkhQyjm2oduJOrPGf2,2022-01-03 16:28:32
F8E4HrzLRsZJleGaSmguyHURPH32,2022-06-02 15:39:49
F8VDWByw1QQK7gYNXEFOoYxOuwC2,2022-03-29 01:23:17
F8XCQ6Mn3iTSg3eF9TOlpJa10FY2,2022-03-21 07:36:13
F8oFnjHes5h0qhfODbC2b9UfjD93,2022-04-25 01:17:54
F90p3oRRvaTffV1GnRQAAl0WIXA3,2022-04-28 02:02:47
F923CGXBrQbG4yvOL1nhfQaiCKu2,2021-11-24 03:48:15
F9F76iDiLihxmnx4MAt79JbKHfg1,2022-05-25 17:44:46
F9jwrGXNyOZrpN2evD006RLsZv62,2022-04-30 00:32:34
F9oMZKbOGWbKC4k2uaTwoWHiIfx2,2022-07-18 23:36:20
F9y0O0VuUzR75EGptS1R7AO0fPv2,2022-03-16 10:22:56
FAHcKroOJrPeWJNly8jbXNasJds2,2022-05-29 21:53:39
FAOU6kIzWHa6OYX9XIgDwNSLcAv2,2022-06-14 21:47:09
FAiCkfyu4GQh9D4ALdbiz1QbDjn1,2022-01-16 16:35:14
FAmfm13U9cMAxbIypUcJzhhvoOf1,2022-02-27 16:17:24
FAnS3SEgaXRsSLPaf4u6ftAJdQI2,2022-02-18 13:01:43
FAu0AktEyGPQhzqkS1Lv5TB0PLC3,2022-03-01 10:35:57
FAyTipz60LRqV11RAencLAr5ZPC3,2022-03-05 19:36:55
FB6qbiiDBFRTGSUyHtRAZQdPUB52,2022-04-30 14:03:33
FB9kI9pja6bHHW5Mnjhj3rVSeA52,2022-05-24 13:31:55
FBHZpbx76EgrPonJahLHRvHFZbz2,2022-07-26 08:51:40
FBLYJLBn5KVbscKMfHRaxv4sLA73,2022-06-14 10:24:53
FBQFtoZk2gZBl4CPwfHO7PlDEsJ2,2022-03-07 06:00:09
FBTGMYSH3hdFA7a7acJDI87UIA02,2022-07-02 15:21:42
FBZS1PcljXRhSLZite5v4HXYdlj2,2022-04-19 01:30:52
FBnSbqBan1YrDiq2W6ZKw60oJa73,2022-01-10 16:14:07
FButqj0y0eVBMK7iSqTc09IyVaV2,2021-12-27 11:07:02
FCJiolAaTjeBaJiO4A31B7bHkqx2,2021-10-09 14:49:09
FCPMJID8jsPBte19evyMgCAROBn2,2022-02-09 10:47:31
FCSQWmHyykWEh40ddMJiztaLSBk1,2021-12-25 00:40:23
FDlFfKDR9RhA8Vq9GBd6Wmj8Vxy1,2021-11-24 03:48:03
FE7CEuNyTIcrfJElRAJgJuLmFya2,2022-01-21 12:59:01
FEJCGKBRrdOAeoUfZ6BG1QuYftt1,2022-03-06 07:46:05
FEmQutVP1mQb3xHAwr0sErw3E7J2,2022-05-01 13:20:07
FEmpmInxLZd7mc267Bp2mBcA5153,2022-03-14 02:46:55
FF9fDP7YJLaXLqRr3wvfdtQNbEU2,2022-06-14 11:24:49
FFD6j7OVp3Oh6vGhEADQvh8O9Vi2,2021-10-14 02:21:04
FFQRvKXtH7dSSv7Temq6ixSJ1Kq2,2022-07-28 18:30:52
FFYNEZvjwSau47ZCUh2ktwoUgrw1,2022-05-12 07:13:42
FG8YSKwBvERzmTG8oTVfJ7USSLA3,2022-04-22 14:27:41
FGFsZeHZJlNXPDeXprTXPFLN3l73,2022-05-23 20:10:57
FGK6wZ0c8bZlsr8IW73Nn3HdMH32,2022-04-13 10:16:07
FGS9N4GMVhZ9RfE30kgP7CPlg9g2,2022-07-08 13:43:18
FGai9bHd8FPOGsjqZMoAzKFFudm2,2022-03-19 17:16:54
FGqbQ5njMeT0tQh3JmB6dGwY6du1,2022-05-06 15:27:14
FGtnBNg4ArhIIyFwsJJmFNcbDQs1,2022-04-01 05:57:26
FHJXu2HyvsRl9zY86lUYrNXrd5v2,2022-05-04 06:47:26
FHVwBYuMEXOVQqdwCj7vmnreagy2,2022-03-04 14:00:21
FHYzL4oluLavAe1BypEcYFisrKR2,2021-10-19 03:57:59
FHZv0LKs3OOomWnga1JTKlOzS6a2,2022-07-28 17:30:07
FIEwST4I49MdmirbyULwCtbtkIr1,2022-07-03 13:19:10
FIF8HwNkFJeT0uh1q10IyS4Gjkq2,2022-04-16 22:24:34
FIKEmhGci5dxnH1kVeL1wU3jMOO2,2021-11-07 15:17:26
FIKNKLgWyqNL36m3UsHfdWS3TyX2,2022-07-15 23:18:41
FIPdjrr5pTVSzA9nqX3o7t02pNI3,2021-11-11 02:38:21
FIYXp8OwtPXB83cgJvEqXgAHOv62,2022-05-03 23:49:39
FId3juEy8fYCCMZ4x6HjHYj4p1y1,2022-03-25 05:20:06
FIeuICaxvVMkIfP4k4nfqYayu3O2,2022-06-24 00:55:08
FIh1L5ixN2eVt1kqSbWThjHwrtc2,2022-03-08 02:31:35
FIzJIKlnhnY1QjfD7s38VoxIId63,2022-06-24 08:48:09
FK0131OsTPXq4czrxiisBexH6up1,2021-12-25 18:15:44
FK41WAHOgCfHJru6U0VLC9FjR2u1,2021-10-23 06:49:45
FKGO2Yrk1te1PaIN6Z1maH6AteX2,2022-03-05 15:45:23
FKl1tLo1H7SLAv4af7t2qgzq3Dt1,2022-04-25 04:14:35
FKpZ0fFAyugD1BoQo8zvABoFEAo2,2022-07-25 12:05:58
FL35z2bkwLbDo1GsuibR8GydQkd2,2021-10-20 16:35:43
FLRLhoDVCra97UZKglzHOYoGiuD3,2022-02-16 16:44:24
FLfGYseUv4PmwOUunsAg4ytUY2C2,2021-12-08 02:45:40
FLtAR46umGR1OzSrPA6CgkmUF0A3,2022-07-21 04:07:56
FM3lVyjgMJf7ONwZQ13oLaWKRzN2,2021-12-27 16:42:40
FMBjm4xPJAYclx89ER81tfbihHQ2,2022-03-19 13:22:35
FMMVkmXpKHdthieODWO9dnGjhP62,2022-03-23 18:29:23
FN2TIVQvH4SSQFVqNDAXqtBdZk62,2022-05-03 02:10:05
FN9kPSrAbOWQF1VwfHwp3kSXBQZ2,2022-03-15 08:27:11
FNBRyUOAL7RZjt7sv9PDgLS8uT12,2021-10-22 21:10:55
FNTOJURqu1TjxeIOzAcXzwpzqk53,2021-10-19 08:00:32
FNXc7QYIlHa7VsIpm7isF9ITQmx2,2021-10-29 13:18:55
FNpXvUin8LT2uzdDEnjMpQTCDAZ2,2022-04-23 14:59:23
FNyVhD08bCNoOmeLzSQ2naMKPs63,2022-05-22 13:25:48
FP96FG5YwBXN8XnEV9KdDtizjw63,2022-03-29 00:58:26
FP96phPgVIOB3LnUwKzrUCLyEha2,2022-04-15 04:26:53
FPAtU39n0oZQtJWAc8cNQ4gvVHp1,2022-04-22 20:40:45
FPPewD0j3XNc95YyeI3aIqc8jvs1,2021-10-16 04:03:07
FPTwWY8z9RgYonnmCAfDM7cTcsp1,2021-10-21 15:27:07
FQ3kEoVrHRRd0UG2clUHCOiK6tI2,2021-11-29 08:00:07
FQHM63yEQphMMY4bm3nXaokt2jG3,2022-03-29 18:39:35
FQKOWcWOaIZZRYBoD2pYZmEs2LA3,2022-02-26 14:09:04
FRIIsWY9yYT2LwPE4empubaP1gV2,2022-02-06 16:46:16
FRIzfy8XIPXZ0otQmtZaGk8QZmC2,2022-03-25 15:40:58
FRK90zw1r0PrN4ZzglgL6Xo6IFd2,2022-01-09 12:27:49
FRKXr7VYVGMfDxnhmy8vwLqbXef1,2022-04-17 02:04:48
FRORo9trSTRIbzwQZIGIau7fxFf2,2022-04-10 23:43:18
FRZIOh51Waae8VOQlWbbZ5lN8x72,2022-07-29 01:24:12
FRjCu2mcfEQkbx6KEU1Dzm4b7aV2,2022-01-26 13:00:04
FS2BIj0VhBfvJOmbMyXGDaIPEUm1,2022-06-01 04:00:27
FS5M8tMm5vMIK6wdxxvbqyqllSE2,2022-06-09 16:45:48
FSMsNoGj9sRXHzaXhpl8u1SQfsj1,2022-05-11 05:22:36
FSXZp2qEdAQ8heQ4OCefzJoj7jE2,2022-03-29 01:04:42
FSsN24LPdAW5utQm8a8TNHy2aD22,2022-03-22 11:03:41
FSty1Wza78WaC4ywtExXGhNp06H3,2022-04-30 14:01:59
FTb2JyPSzMOzLL4kBucNTX2yLN53,2022-04-05 14:24:38
FTjSvfUdH5Wnn7JQark5ZYtYi2k2,2022-01-13 13:50:23
FTjjD5PsrOZVhA1aXqIrCXsbZ1Q2,2022-04-30 16:49:56
FTr2h71VW3abTP34kiArTHo5SCk1,2022-01-03 22:50:25
FU2Ut3WuLcOnlBzmcuVYjevrcFp1,2022-07-19 23:15:02
FUBSkkXHwqMdTesaA4So3yz4jxt1,2022-03-18 18:02:36
FUUzpC7cF8gjcFe9ULCtFVMqbII2,2022-07-25 18:55:34
FUjkdP1IG2NTTY2HJm4mYZKgtow1,2021-10-26 06:17:57
FUwXhTygo8ek3IUtoww2LwlGYs82,2022-06-08 09:27:55
FUxjwFXpOJbiJODURHO45z39cvu2,2022-04-18 15:05:45
FUz2VIWlW3X6rst7aZe3VvfbGdb2,2022-06-27 04:25:11
FVWhJwiO77ekYjjVIfAOsP8taeD2,2022-05-21 04:04:20
FVcgZK3ScQcjG6n9GJVjdOT44LQ2,2022-01-05 23:11:24
FVlVRU0QcKOX6rIv6LLHSE7OJjV2,2022-05-20 09:42:33
FVxg9E5DtAgqP2WGpxrjAZJe9lc2,2022-03-07 21:43:13
FWIP7xG43AWOzBCtQ55jRvgAi7y2,2022-04-15 12:44:44
FWTsM4tVIRRlS5qcPO906Tp4lPn1,2022-07-26 14:03:40
FWcs0lZuTSW0Cp992Heo5GLounC2,2022-04-20 08:26:59
FWlp9ylXVrZZapMBAL3XPftShOK2,2022-05-11 23:19:10
FWmKYhZagCcVl0hunOF7vEJJgAw1,2022-04-05 21:24:33
FXphvk89mmN2GUPuDapm4gn8oKZ2,2022-05-25 07:04:03
FYK5ZBxl7pMCQMOUqhjHvHOuZpv2,2022-07-22 05:21:18
FYNF5SHHDjSIykCSiYAvjc0F7wt2,2022-03-25 07:17:35
FYNillA88KQcHyiFm9IcFm3XKbp2,2022-07-22 17:41:22
FYVwSCERqzO1JdQ3MioYRXsK6ow1,2021-12-30 05:28:57
FYrMhhJpAsfTcNPLGdevosngu273,2022-06-13 15:15:14
FYuYAuRFKMhbDPcKZzOVdvLqT7J3,2022-01-31 14:50:30
FYze5EffdYaauqElr3aiAE79OrB3,2021-11-29 05:37:05
FZ1KLVSLvWSPV7YKEIWeQfxsZcM2,2022-02-08 00:55:16
FZ3dzIQFMUS8YFI9wgrbPmurSbv1,2021-10-29 08:22:25
FZ4LeCzoSiabHpkqtMCjSbucc9V2,2022-06-01 10:13:49
FZOZsJpxlAZSuP3989JJp6Lxwm22,2022-04-01 11:55:43
FZUGnnN8h3UWfNum8NQBB4nt4bh2,2022-04-27 11:19:38
FZalsxfCPvOZNVWUlLNqcIKE5Fu1,2022-05-15 22:00:55
FaEU2XM9n6OzZLifbQOeIttdZom1,2022-07-21 16:11:43
FaWIAZmw1KZkT0S05fhq0zsvs153,2021-12-29 04:38:16
FadPe4qHysZCMNiikfzOV0lh4SE3,2022-03-29 05:03:57
FaniZoFNfKdl4DWpcptODZgxESi2,2022-03-21 01:05:21
Fb2qYjYqQphhsjwE8aVy31CQKok2,2021-12-23 20:28:22
FbEqS2b1NoRDhbD3ycslOVTKXgF3,2021-10-10 03:06:43
FbMnnrZUsScl14xYrPo59x3eOsx1,2022-04-24 03:26:42
FbVU9nmkMgUXkwgtm2JNJHqKcBm1,2022-02-02 07:36:44
FbaF3kyM5Pf3yjPs0NGS8AeXzfz1,2022-05-13 17:29:14
Fbcjir5L94e0xCHNZbdOhklpGgl2,2022-03-05 05:43:52
FbtpBOp8weZ5p0XnP9kymmt4yKI2,2021-11-25 23:26:54
FcAincPhlFc4Iegwt7jIihLcows1,2022-03-28 12:06:55
FcEcRw2MkaYx3jdFJDqxMyPrdUG3,2021-10-22 14:16:15
FcRkRrgiphby76ImMBzzN1mTYFA3,2021-11-19 00:34:50
FcaNr5doCQYENlm9zInhB3BlIoQ2,2021-10-10 06:37:27
Fd14dXSxSCPHrPnyBjUXtcZr6l22,2021-12-26 21:23:18
FdBnkKRNvARt80dQiGRphPjj4Yy1,2022-03-03 07:16:35
FdJx7PRCAqeHlxJ6reLILmndhnH3,2022-02-21 18:00:22
FdlRd4sdgAarwUcG6VFEhNq0feG3,2022-05-02 12:46:08
Fe5ZgwPPE5cb0WvfAKBhIjHFS982,2022-04-23 09:37:19
FeBY6WwblvNSaIj4evPsFjOrFy03,2022-07-28 17:27:17
FeTYL6s5mXTfIGyIpvTIV1CMnkN2,2022-04-09 16:16:14
FehTopVPxKYqlfBrk78eaOhJ7qF2,2022-06-16 21:57:33
FenpJ0mZsUPeGLVgTAIkEcjlwaC3,2022-06-10 06:58:51
FfB2vMYovfhDAbspmbOIYYk5dsC3,2021-12-21 05:12:30
FfLUHKrAUvVPWFfgdWe9R9XAhHE3,2022-07-05 07:34:30
FfMIRDwzZiViPIuaYYfXo8EKXEO2,2021-12-29 11:04:02
FfYA20wYPWem5ppFdzePLuO0mr93,2022-06-09 11:10:35
FfhwcAxKGCNzxX5EX6M4JrWqhmV2,2021-12-02 06:09:21
FfwOeVfMZvUgeZ67FT0nVhemxEH2,2021-12-13 11:48:23
Fg2ivWrTNmTyZz6ZuaBjq0r2z792,2022-07-10 14:44:53
Fg8jsDU8CsSM39gHT9iAuNbvCr22,2021-12-07 20:40:13
FgLLW439C4P2wR39kvDfGtPzo453,2022-04-02 02:06:51
FhSgHAb4B4ZmlVLnaXojGK702tl2,2022-01-22 17:51:13
FhUoOAtr6kULYw02RA5jyKyOpjp1,2021-10-22 14:53:31
FiGn1GK1glM0PuhaMEtAcvKRFUh2,2022-07-30 13:27:43
FiJwJh1Ef5ObRTpxIZvUprC1GNm1,2021-12-02 19:34:44
FiQf70FanCQhbItTK6lU9Gjp06w2,2021-10-15 12:46:59
FigddfXPIVQGQew6dHmFkpNVvpG2,2021-11-23 02:15:02
Firjk52mD8U0YfMnpGseb3WJAbA3,2021-11-13 14:49:52
FisIjmCpf1etM8wDRWhuei4gufH2,2022-05-16 13:50:08
Fj5yq9ntGdOv06wKY3XabU4Bonz1,2022-06-28 10:34:45
Fj7jSxamy5VBOYRYCLaGotIURaZ2,2021-10-06 11:50:50
FjAUpgYUwtOuJ3gq1LiEtKOOH2l2,2022-05-06 16:22:13
FjMKOOrPjwOILIj3hzQPu2jYHv72,2022-05-12 16:23:13
FjMRSKeuZZZjuyOA8hwnenv2DtC2,2022-05-08 12:29:20
FjQ70pNiU6RQgXKsF2i1RGWOI1K3,2021-10-31 18:24:15
Fjg02mI5qDOwQiXMMEhL00WX3af1,2021-10-02 00:01:55
Fjk9P5dGVKW6GqwynFv19PZUhqY2,2022-07-08 20:15:27
FjrL8olUH3Z8Vzwjipy4vlbFkSf2,2022-07-15 12:30:31
Fk9HZ97IkdVW7JDJS9wHTOpEj7i1,2022-04-30 20:13:33
Fk9ZnSQrkDPTXSM8RH0VByBT2ev1,2022-07-29 19:36:17
FkKhHZNXY2ZgjifXs9ttF3SFIgo1,2022-03-17 06:31:33
FkVBEhY4twgumK6IoBF6bNiIPrr1,2021-12-05 01:20:29
FkXVR0ZHwGRVRHyqvhFGOLNtfoA3,2022-04-26 03:36:20
FkYNb58pygcfgy1YE1CmQvwoo733,2022-06-22 02:44:31
FkoLPm2XE8TsxEVBHfwweQBwzTw1,2022-02-26 16:30:14
Fl0Cl9stt3apijrZHT4C4s7qAKn2,2022-03-18 07:25:19
FljTVi0yeYMqAqKQzMQ8j4lfuAj1,2022-04-06 20:42:43
FlxMr89v5PeCWPKtJQ1URHpK1th1,2022-07-25 07:40:17
FmI60nXBj6dN8ZKVOfDmbqDXlim2,2022-07-17 00:17:35
Fnn8WYcjBoTo3TfK2WKcZNspFxg2,2021-12-19 09:25:49
Fns4nh3r9pOvDZxT1GAhCgAZiI93,2022-05-27 04:30:50
FoFxHIAoMAPExKf2KCtTuKH1HeO2,2022-01-11 15:36:43
FoN2Fbswy2MzdrgOcbmGdybTW8E2,2022-06-18 02:35:46
FoWqkovW3PRRJQPmeVM7c1ThcjH2,2022-04-04 06:47:04
FodPJUeSQVb7AZZEbz6QvElPxdE3,2022-07-23 09:10:21
Foygn8lkfkbl0bjrUp37Gywd5Po1,2021-12-11 07:47:19
FpRj3bicYCWQfDrsmd8kiZbkUmv1,2022-04-18 08:46:04
FpXjnRxhbGMjiWCSOH4cC1ZPibx1,2022-04-18 11:42:40
FpabcgAMvzaygO2QMHm9ZEyWzGS2,2021-12-16 23:55:22
Fphap7ffr5ZkzVFcZg8nCXVny4g1,2022-02-01 16:20:48
Fplp8iMp8yN4Vn3Qa7mjUhuoqj53,2022-01-22 14:18:11
Fq4eu9jfpnMlEIt8CNRgF3mNcs62,2021-11-30 10:32:07
FqEwB8vl69hgOldmDsYrKZ4yY9F3,2022-04-15 02:41:55
FqGLmrBJvpUIeNoKEGpGnUNfJbH2,2022-06-04 12:36:41
FqOambHApgS65sVZZMnWQrSEuH82,2022-06-20 15:01:33
FrMokjizwtZ0oDbikQFPe2yR3vd2,2022-06-07 14:14:50
Fs0MqfXUqIRWR3UZsS9jBPNnPNu1,2022-06-23 11:30:35
FsFcetNdJoY3eHrX1XB08RjrBz43,2021-12-19 16:03:36
FsMBLL8pzIMJMATCjQjVkuqocz52,2022-04-28 07:08:30
FsUpkyfLjqSK6pMXEIeCx8CNY3k1,2022-02-26 23:33:10
FskRo3w8TGQyJ5AKOC7LN6HoNJc2,2022-04-09 05:20:37
FssZ4fNRMOPDHPSywk8vkozYU253,2022-07-28 17:57:41
FuBlTpK9ZTclQjfqXPHq6Mq06X93,2022-01-29 14:42:51
FuDyxwNjLjeZneicmhUrd10COOg2,2022-07-08 16:04:04
FuMJF9rj0EX61h7xZfnhhQVvWK82,2022-05-27 12:04:29
FuTAUB1uYsaMFIZR2H6Vc8uJYcw1,2022-07-14 05:26:41
Fv3nBHb0NdeDAKGpghoovbPlC7K2,2022-04-03 09:15:55
Fv6Y0YZKvbPBNxOf7FLVntb0SfG3,2022-04-24 05:49:20
FvWQlE7ck7MDbUOC3jgoZ3Oz3RO2,2021-10-19 17:06:22
Fvq3ujzrPeVIFU75mgSwEdA8ZRA2,2021-10-03 19:53:03
FwCPwtm0FGacNb9CLVqGg3wTssu2,2022-06-17 23:37:36
FwFKYlpHhbQTuALMUCrH9eDRoPo2,2022-03-07 16:24:46
FwtAy9BF1VMYkeFjpzJq7q8t2vg2,2022-02-17 05:09:21
FwxDg3E8teVDi1GaslHEcexzDpQ2,2022-05-30 01:52:56
Fx0GQGnKUkRslXvcEbW4n8R0qAg2,2022-04-06 15:50:03
FxTCNWNLhYMYQcFE8xdvy84jpLx2,2022-03-28 08:32:14
FxrQk1NgUgOWzCJFQK9tjoj7TPR2,2022-07-27 07:42:00
FxzdeTAoiiMUKg5W9hqFFpfhVPW2,2021-11-16 01:33:02
FyEFMRtxodYvHb5Sz2RKrv1iRx73,2022-04-12 11:03:22
FyQvSLhTH1MFTJmqYzu5Hs1USKl2,2022-07-12 03:40:28
FySwWryR5wbQWG8I8AKfE0Dmrin1,2022-04-20 10:58:02
FyTo4askkTdfXnRt5Ts3VfyYdNR2,2022-04-21 00:15:33
Fz1qhJ8Y9IVfkqCvwUtrcFYZIch1,2021-11-29 12:00:12
FzfquXw505gpYg3xJCQwalP9XIk1,2022-03-20 02:33:24
FzsVJ8XmQzOiGtPz4zQpSE65IFB2,2022-06-19 11:47:53
Fzu1jbc2I6QKYS8PasGeM7CKydx2,2022-01-06 19:15:20
FzzERPffoDhq5kFR3RjfFHYJCxz2,2022-04-22 07:13:23
G0D3SclNsLZAic5QXIRa300qy9r1,2022-05-03 04:54:10
G0GqVBvyRkMoONpE6fuoa67t8Ly1,2022-04-23 07:34:34
G0LhhgeRzcXuPyJ8kqDiHbAGkNi1,2022-03-06 15:37:40
G0RhSYEOD5fbZIRshInQ2ngJVRj2,2022-06-13 08:31:38
G1CtYeIR8zRh9L8pI2VMa7EnVL32,2022-01-06 06:28:37
G1E2jRzFgXUpXYuQfqUbcWBW10v2,2022-07-07 14:58:25
G1Z6CR5egPUmAywNZYpkuXAXj793,2022-07-31 14:01:59
G1dPeYXwPBblu7Xm1t5sjhTUQWD3,2022-04-12 07:58:18
G1oAWqQJUeX7FHGJiDDTE4plZzD3,2022-07-23 05:39:54
G1rU8KyJJGNb9ATQ77G3iROSyow1,2022-01-06 16:53:54
G1y5JJanT3ZmudX7lkd4ViObPx12,2022-01-08 13:59:11
G287bellrBgW8uezFuxku2QBFS22,2021-12-01 07:55:34
G2PFiEmiHvRfHXXXJ15Oic4VVCS2,2022-01-09 15:05:29
G2WECYx7lQMdDSSjiFKdfeydC6f2,2021-11-24 05:41:10
G2gyri4LYAUB4LWw9cpFSwangXq1,2022-05-31 11:44:50
G2mv4gweKZTlids7GJYG1HnLEW23,2021-10-09 11:48:34
G31ZX0d80ug3HWzM07UgFjVDQpG2,2022-02-21 05:43:17
G34cvmv1QehWypfV4LSKTcQbva63,2022-06-20 15:33:39
G3BUN9EY1DgkOVrWfVKKFbaqyo42,2022-06-05 16:50:03
G3FyiZXn6EWLBfYiifGid1caJN83,2022-07-30 17:47:51
G3TQ8utQ6VWEUonZTF3oGqucT8e2,2022-01-30 16:08:34
G3pb4w04IkddcsF3osGmMkD91LX2,2022-01-19 01:16:31
G4K1Z6jXF1ayaftX83K8PScjHIt2,2022-02-19 03:36:46
G4WzPwhGLHZ60ezM6jEctfy3Cew2,2022-07-04 19:59:34
G4opdQXOTIXL0O63HsDalecn3RH2,2022-07-27 00:16:07
G4tzUR1pU9UJKXsQMKQeOWMNmS43,2022-05-13 11:40:00
G4zA4cwNMBTVEMj1stPbhnIA3cq2,2021-10-07 12:29:54
G51BMINecVPNQ2Cl0ExugtUbSH32,2022-06-09 03:40:59
G5NEkmHeh4bbPgSh92ycK4aEOJl1,2022-03-15 08:30:15
G5O8jWtCr9WBS8G5VAjA6RIUrY63,2021-11-27 09:03:07
G5cSyRE2YPb2MOukoYttl6mGCJf2,2021-12-14 02:07:38
G5zqgYzaYLcsZrFiGWBKRpk9r8H2,2022-04-29 04:57:43
G63f9HQt1gRaOTBCxiQ1Si0LfYx1,2021-10-24 22:06:15
G63rv97hO2eriAR5MdXvZeWwVoF2,2022-03-25 08:20:39
G6UxOkRoHPdbDgURCRC2k3f7Z243,2021-11-18 10:46:30
G6kTA7EuJReiDHGVznX7AtSesnW2,2022-06-05 08:22:15
G6vWTeV3IpV17FFswuqpuJo5AxV2,2022-02-12 20:11:44
G7FMNG1R9lVN88xQEmFubmRCzYl1,2022-04-14 00:16:20
G7Y0TKJjQ7OlxHbycbiFgTM2Ick1,2022-04-17 12:55:20
G7nQTBv1iFbahcdKLhLpxvrhNVf1,2021-11-01 06:38:51
G7rtnPZyi7Uh6kPWRobf8dNpX283,2022-01-12 17:36:37
G856TNCTTUTjYkXTCAutdvd9qYh2,2022-05-22 15:09:25
G88UP2ixaHWcbP5RDt1SGmTdF6Q2,2022-07-11 05:53:45
G8fzXmQVy9QJNg12PoNGxSmDNaH3,2022-06-01 09:50:41
G8gqP78HxTTPQmBJkC78trzQKpi1,2021-11-21 05:41:46
GACCMZUQGmf4bbn3wd8U7qpDc2B2,2022-04-26 16:49:36
GAjRCyEwrdSp1fZSySRqx9Dma4k1,2022-04-24 10:44:43
GAmoijjzEPZLvKNQj9XumIatXQ33,2022-04-04 17:47:06
GBEVnFPap9bJNvoA3l2anoZTWKj2,2022-03-04 01:59:18
GBPPjoZZGaQkIs7osRbOJwht98I3,2021-12-08 23:56:40
GBhTo7N1YAdoCBhMxpB6pNJTwme2,2021-12-20 10:53:09
GC8ZpsnxADZZMl4uGcs4E4X0N0g2,2022-05-10 07:40:16
GC97bHpWZ5XRIqsTgc7ait6IKX63,2022-05-12 15:01:50
GCGwRSDNKYQYpg5XLbni1EOJXjV2,2022-04-05 13:59:10
GCfITT5c4bYBiIdIMqgqE4aS7F02,2022-04-17 03:35:37
GCfKZpuo9WbNmrVh2Dm3sN3ZaBk2,2021-10-31 01:05:40
GCpuOuC59ORT7Q7cQaG4JsPB5u12,2021-11-04 08:34:34
GEVTc0IdF7Qk7rnYDyinO7tiurS2,2022-04-07 08:14:20
GEXiF4g8DwgmYt0haQUhJglbxlW2,2022-03-07 07:34:26
GEcw6qTtExaXp9gSuH5uwycZra33,2022-04-19 15:12:00
GF6jY9pDIoh1Zrs8lREI39DL3i73,2021-11-22 08:06:53
GF9fl51qTle8QzbcEJ245pcqGD92,2022-07-21 10:50:17
GFNtIAxTBmes3s3Z8hRl6fLcyQu2,2022-03-29 13:52:50
GFOqa4smrZMPuQDHsjMGFXbxPSi1,2021-10-31 14:46:05
GFYFfKwgicZlpZtdISBt27mCVis2,2021-11-07 13:38:30
GFzEcYkjc2Wlnz2e6YClXoqp6e13,2022-04-17 05:27:36
GG1eM5FeY6ejHvx9SZyRuqi3JBF3,2022-03-09 01:40:13
GGsYc1Y39iRVrPQAZBjbFKawud62,2022-04-04 08:35:43
GGzM0abvaAPAcmyfjMY2txWKHAw2,2021-10-11 12:45:54
GHbJxJO39YRQJsFKSWHNJ2fNuOf1,2022-03-10 03:29:16
GHgVekQBYcfgupb7dxzLCVcgDuT2,2022-04-17 15:42:47
GHlFLWoTIDOwjrnGwgpO3fk7Iur1,2022-02-02 22:40:57
GHlKUpXVaLY2TnGau3jglugdmoY2,2022-01-02 05:14:46
GHpeHww7j1bbxCqHmaftdgX0qAv1,2022-04-15 05:44:28
GHxerm0fNGYUcAEpSFMTv9XTSB63,2021-10-27 14:06:08
GI06L77LQce7U447prB6UUXzEY82,2022-02-10 16:15:11
GI6WRiCfifYCEsitc01T5K2IBlv1,2022-02-09 02:47:47
GI80Kzfhesgl4H3VtAaWIRhTWCJ2,2021-12-16 09:29:48
GIBuz54BaRSZJkQwxv7whyRvPhk1,2021-10-08 07:28:16
GIIbxjTX4tMlaTTkUHc2wYP9rhM2,2022-01-15 11:12:05
GIi8y7dCFbhggWKidy2VqNQop0e2,2022-04-30 09:30:32
GIuiIpGx7ecVHi2mYoZxUS0wItJ3,2022-02-15 20:16:48
GIwx0dpMApOMVb4D9QQObdH6cCE2,2022-04-22 14:56:57
GJEqMTZH3jV4QzrkMHnfBGj9okJ3,2021-12-23 06:35:51
GJRcumFHy9TLuLzPHVD3qkYgZ753,2022-06-30 15:21:59
GJUTBmMvnwOYBMk7wqSI5GNZOZt1,2022-04-09 13:06:58
GJwfP087TCOS2hY04xtSERLZBYm2,2022-05-29 08:04:37
GKA732lJJPZRJ9E33J3j5DpzOu72,2021-12-24 00:43:17
GKC7153Xv4bGvHIo29bY7BOSZ1f2,2021-10-18 18:31:35
GKqAN3vQvLSUFsyilKKnyZyPQNy2,2022-06-17 06:25:56
GKtLxfjWT2R6XaDoQ7p8JI1OUhg1,2021-10-17 18:21:05
GLB536ce0aQm60r1hkmqV6o1N7h1,2022-07-12 11:45:29
GLUuNYDGj4PariuISUHjQIYjMqw1,2022-04-21 11:11:12
GLXQzUuXDYWH1XaFMqW3jJPnUM92,2022-04-15 15:18:19
GLrir7YKwIbYbTeCqMh6tcYnmEf1,2022-03-04 05:47:07
GLtjaRK1GhcbDIWqEpVhY0dZhZ12,2022-05-03 04:02:45
GMeMj2wYFlQRD78u4F2iy7wSg0l1,2021-10-11 13:51:26
GMg5GzwilTQoGg2Hf5ryYkkO13x1,2021-12-22 10:39:59
GMuG1wht16fFynFqXbi7Vwpx2j93,2021-11-13 15:00:02
GMuVP8Npp4NL8Zs0MkYirNADeZI2,2021-11-30 12:14:07
GN0U2nZ02fXXkvL9yP9zvyPeCCk1,2022-06-04 14:34:29
GNY3CPn6ZgeZrWUa8sGBs7OzOnk2,2022-04-29 03:24:15
GNeqAtN80SO7cknP9bRTV1UPJs53,2021-11-13 23:01:33
GNlKXdKGW8RDuSe2tXLOwgS2Cy43,2022-04-10 13:52:57
GOQdbDjF5OgwjKIQEpbkkzSJ5yN2,2022-05-30 08:31:27
GOlvmndaM8SbhOZJFPlhPyart123,2022-03-26 01:49:12
GPBkPDgLO5XJFawQ2hS6lOCCz0x2,2022-03-17 08:30:18
GPKNcAlSKYPX8nOghyPrl7Iivw53,2022-03-22 17:48:19
GPRba9EejoRBSYnPK97yh4ozW4f2,2022-02-12 08:03:13
GPexGaM2vaUrkDigkdY645Y2ptU2,2022-04-18 04:43:07
GPfXyAmURAO1TA0qaxlzldcZYHr1,2021-11-08 15:11:01
GPn6RFVGCfQWC8ZkR1y0Olv7ixl2,2021-11-01 09:32:30
GQ77gCc3swXoFw9KL24e09YcB372,2021-10-31 19:12:44
GQeSw6MEL8aVERl4DO2heouid5l1,2022-07-29 17:47:17
GQf0Z2YmZnSt230daJUCS3RKMB43,2022-04-16 06:29:37
GQhM1HziWvc7knHYxF7gdEHk6vI3,2022-06-22 13:13:54
GQs0vBSEhrN8OjmKCc0A6JS4EYA2,2021-12-22 07:17:27
GQtQhXwLZiWOeEsohvczuRUHZOJ3,2022-03-18 13:16:57
GRB1i9RtKnZo8m6TLjQNcbwk3Nj1,2022-02-05 22:37:55
GRBy7PjavmX1AnyJzChshxDeIb22,2021-10-09 05:59:22
GRHZKHSPd2QqOQAGSEZbxsinNi62,2022-03-08 18:55:56
GRLWVIDnCmNdsnP3CT7FIuKjJaM2,2022-06-19 14:39:35
GRa9KjqkWFbFC2rmxE3nCuJIhjF3,2021-11-20 00:22:56
GS6a0CRIaPWWTxj2BJC47j1ysAd2,2022-03-05 14:21:37
GSFFzYSZ9ueXu0iFYauUIcOcWv03,2022-06-14 11:22:23
GSfpRT2b28RetQWN1bTMh5aqiVI3,2021-12-04 14:38:05
GSmI4NnR3gf4YD0aYjnNL760hsu2,2022-04-15 11:15:04
GSr9L1szTlbekEAaJfP3DxocM7l2,2022-04-17 12:50:52
GT3Cf4Ma5ccmeWuqvFcA0OCj2qw2,2022-02-03 21:29:02
GTtrrd12RgOM4vBckSZgzyu5Qxc2,2021-10-28 11:14:21
GUMcAuyilBWsX0GZr8UELyvQ4Ku1,2022-01-27 11:45:29
GUS8lw6H0vcLnzEFc9sw5CXTBou2,2022-05-10 03:41:54
GUUhF6qhTrhrBcqwTyc8YaBEF0l2,2022-02-24 13:38:15
GVKUjOWFogX9wN6vr5KrRRTAbds1,2021-12-01 10:50:51
GVPKwj4pjSOaLVK8KSXPdV972Os2,2022-05-07 16:18:23
GVTuS81KRHcu2YpBW29a8PJWIdK2,2021-10-05 08:56:22
GVY2YzpdLlTzceyptfsrpjQ1ROU2,2022-06-18 12:01:17
GW8A0WHvMPNnis6q01PBdP3go8D2,2022-03-05 19:05:27
GW90z6katMboeiCfaczRtNSR5uq2,2022-05-27 06:25:59
GWBIxPsluRT4A74aWsqsUe4nPPo1,2022-05-24 04:29:11
GWEUDwrOAzaCIFeLVM5DeSKazEb2,2022-01-10 03:10:57
GWEj1XVjs4UzESoMJvjgHZRTGHE3,2021-11-19 03:11:02
GWocf91iJ5REq86JTVQ92DuTWP72,2022-03-16 13:07:12
GWyDRrNrS3gKGKhmNU4JNhBNHka2,2022-01-27 06:57:10
GXEIBbmx6pOH4no9uQpJYhjOnx33,2022-06-08 10:49:04
GXKDvUxDVKhFEDZ3BDSD7kxz2cC2,2022-01-19 04:23:18
GYo2KOqhVmdNZqWQG4SBNNTZVlD2,2022-07-16 10:56:07
GYzfR6XG9tcoQWZlJubzf0yE2e52,2022-01-21 06:12:45
GZ73b4rxh1gZucl7qF7J1rWexT02,2022-06-17 11:41:43
Ga5NfA3jtPMiIwHtgN6fuBeJaOy1,2021-11-12 10:55:14
GaOUQIP60NO4J10V7VSF4Dz7qJY2,2021-12-14 09:54:00
GajatQS1qpfk5zDEJxCJl44uGkl1,2022-06-14 13:27:10
GbFGsvwr85VSIzgbX1qwVa6lQXj2,2022-03-20 06:00:35
GbRV1erwkvPqWMb82adISjafnMW2,2022-05-07 10:07:48
Gbpon6zfu6ZGfzJEtvITWzAyxGa2,2022-02-02 06:26:43
GcL630oujmQC3s12PLJ2afRmtrF3,2021-11-11 08:28:39
GcMA4e9S0rNzvIve9KzF2WM1fRC3,2022-02-02 09:43:57
GcVfU2l3ilPXIPLTfLP2Kq33dPP2,2022-03-21 13:23:21
Gca1okTt1mbdKUhNfZ2huowbYEF2,2022-01-30 09:37:29
GccQkBjLN2SokfjbewKW19hwkhh1,2021-11-12 17:19:28
GcqREEaWy0SYVYaPnYkv1Ps4hmq2,2021-12-05 12:49:45
Gct0aqQNa2hQrloYtCdLvrfDjZ92,2022-06-01 06:29:33
Gd2TxdPuT6eMyepbo2CJcsIzjnJ3,2022-05-14 03:20:07
Gd452CxhNSRpvr2agt6TuxYHm4x2,2022-04-03 17:30:21
GdGaMHVRANdJkkoHooB1EeJBSPS2,2022-03-28 16:10:50
GdIvKwN3GVZ5Mn3QsK3UXmNUAbW2,2022-03-12 20:35:32
GdOkmZwMBiNdJ6OblMoV2C9z4VC2,2022-04-01 06:15:44
Gdoqyb2LeyV9WM6hsQdweXtqDaK2,2022-04-13 01:58:08
GdovwjVMLHVR9eIG4ipkebzByT23,2022-05-31 21:02:18
Ge6BXFQReCMDTH6AIRcWWkfinNy1,2022-01-18 05:04:51
Ge88PUpPvHVGVDHfN5UHdbvjvlv1,2021-12-14 09:27:57
GeBWBRgozSghthorGGK1KliPCPF3,2022-04-30 16:43:07
GeDQadyNFRWL8tsAKtzX0hJ5ehU2,2022-03-08 06:20:39
GeQm1E2UEzV6C91psMatN6wScGG3,2022-03-20 04:15:59
GeYkSy7eDEUB2GXRdIeAOyZYnWQ2,2022-06-20 02:01:54
GeoAmWvPSvYYZ3RERauz8EqNVrh1,2021-11-28 06:47:59
GeoSdik82tQVPRZEWoEcLqxZBmF2,2021-10-11 03:44:29
Gf081VQ6qPex2xF2wv97tlS4klA2,2021-12-22 13:32:01
GfMhh7iHW5XR1QKqSYjfcBcuFQ82,2022-05-04 04:01:01
GfUKiNP4boZjLKswb0bhdsde3As2,2021-10-17 21:20:15
GgKxOnwHJwMXvTevOxkFHt8cSMg1,2022-04-24 13:10:54
GgdHjfEfzDTT4gZEIwaNYLDrMph2,2022-03-03 17:14:04
GgqzsOmlkESZU5eTT6FUh4Rfq4K3,2022-04-02 06:08:50
GgvPBXTMXCUEQIaq91QEQvNZlGu2,2022-04-30 16:19:57
Ggvk603yKIdn6nnzsUZUiOqEPrA2,2022-06-03 03:09:04
Gh0krI334cg7uPn51wZQJ0I6t2c2,2021-10-14 12:14:26
GhCnExF6ixNSjslO0DXKjfgZwNu2,2022-03-15 11:08:12
GhE5f6JY1GejwYVB9ry9BtPZnkn2,2022-04-10 07:16:09
GhK5hKPWOVMwJqEkkHLbVmp7C6k1,2021-11-20 14:44:40
GhPqON2YFxYdQmh8bdvN1uh2Onh2,2022-03-06 03:09:10
GhTuGdHKy4MRFsBCRQ7txQpDrVh1,2021-11-03 03:44:54
GhUtKggSo9gxMlviwQCAx4RFtUr1,2022-07-25 04:01:18
GheyzodgoHTKUzXtmlqY7VtGP4h2,2022-07-30 03:26:05
Ghqb8gzQ6nP2VSCiypZ1HKqQCFs1,2022-07-04 17:17:50
GhusB17DxVbQJEcKnn9RKH3TpVD3,2022-01-23 22:48:44
Gi68jnbz2qPcD5UkgiX8lt4NP682,2021-11-08 17:56:01
Gi6XW7DGkFUwBmY9XK2alY8YThy1,2021-12-10 19:47:01
GiNoJaLJ4eQSnDYXMT9Gs8CXRLx1,2021-12-09 10:44:05
GimlYtAS2rVNRTOvUEWB8Q4OVd03,2022-04-20 15:20:12
GjQUK2N56EVqfBUil20KrgaIdn42,2022-07-09 02:00:51
GjgiTkQCcJWxhzUksQahX1lTwcx1,2022-04-30 12:31:35
GjunmST5VTVRP1lgvRJaBs8oNDC3,2021-11-03 10:19:19
GjyW7zDrvIVUoJdE2x7dw2NEnw23,2021-11-21 14:21:44
GkDBLMYYyQXJmrckYWiGLNEH0Jg1,2021-10-29 18:18:49
GkP6v1vwckObWxA4RzDpB8rmvJZ2,2021-12-19 05:49:06
Gke6iPsmuWdMIu5oYOCR0uC8dCa2,2022-04-30 16:50:24
Gl2gSYuDBeXy4HDN8k64DlzAw5v1,2022-03-03 18:00:55
GlC77nntTjNmG6ylA8qny9G0k5l2,2022-05-10 15:37:58
GlfJOUpMPvZ0dntAhgKOxeT7yWj1,2022-03-14 04:25:47
GljPntD8ZvY4z346wUj2ZUhxQjt1,2022-04-04 19:18:05
Gmax0Kgh9sP0n8q6haMnmM4FawS2,2021-12-23 11:02:53
GmlkMisFJ0RnKZP2Dwm67QWkj6G2,2021-10-28 03:56:02
GmrlzRPPPLNFHyvbfCEJcmTCD132,2022-01-30 03:13:43
Gmub55NXXTUOeFYzK5xCyT2kqTg2,2022-06-04 09:51:48
GnAGQC8BIac2IVykggKwiAPRe1B3,2022-06-22 19:55:31
GoAbndnqPUbvTeQjyQINx1BRXWF3,2022-05-08 18:44:31
GoEpAdkJOVTSkjerLgnMQg6TAEx2,2022-06-19 20:51:52
GoGOmbTjLvTRobkwgJVAj1LubZJ2,2022-03-23 02:14:23
GoKvVYkJled0TCo3KMzun1ZekGD3,2022-03-12 14:50:50
GoU8wnVsAQPfX91442OMa6VHr2k2,2022-01-13 16:58:42
GoXpgl8DPoXWZKPJtqp70b4XLpq2,2022-07-25 07:07:32
God2osE4kaQnRRwNgPggnx4735o1,2022-02-14 14:01:15
GogsoE0VgANIY5eFVYktJWp1GuF2,2021-11-29 02:08:41
GotrgcvqbCPKgOgVfMBEBvOj1Zp1,2021-10-04 05:23:32
Gp2vfk0PvoTXXu1eTEXTGQwUDaW2,2022-03-07 09:57:09
GpfLvFB5TrMShaSMH3OXI01Swtl2,2022-02-09 11:56:55
Gps31DdAlfYLGgwXKnonWzZj7Fq2,2022-05-08 08:30:14
Gq2kf9PYQWRtPgdQoHsmAk5Q7j83,2022-05-04 12:55:03
GqW6pBemebhDgnBHWc1O78WZyxy2,2022-05-01 04:45:43
Gqk5QBkAnRMLxXmfoWp6tpVCRvV2,2022-04-30 14:45:05
GqlJAHy7s9QFfpA62qtwy5ia8gx2,2022-05-01 04:24:35
Gr32uY8GGSZy2lpI00C1u4rs8Cp1,2022-04-19 11:54:31
GrGl0Mzo7cWTcQCCeG6LFqefuKH3,2021-12-29 23:39:17
GrN8v1ug2EgE24Fy9FKGLhwUd843,2021-10-11 01:13:38
GrNYQMcLV9VymSU4jDwlvBrRXct2,2021-10-14 23:05:05
GrOiR7RJPUZuRQLOKcGWeIkLCkr1,2022-03-23 22:28:23
GrYZLZLrhzMoSvUM88Hz2CqQ0xB3,2022-06-14 16:50:48
GsHuM1xovRPjii8nK7rbW3aAmzF3,2021-12-31 16:08:22
GsToo9qWRBWoQe2sWr1KUoNlUSf2,2022-05-11 05:11:19
GsytdFzYQVdjgsJk0DToSbp1Ann2,2021-11-09 23:26:18
GtIdGUHmaUXChJ4rmSUR3QH9rdd2,2021-10-26 02:09:21
GtQ2ibtvJYdJwvGv3BqtfTuwG5G2,2022-03-01 22:22:19
GtfsOSorIBVeT2iNrWWSwv7gfU42,2022-07-28 03:29:00
Gu28YjUjZ7SKkPz48yPxDJbtxo73,2022-05-03 22:16:15
GuZVRFHO2VSst7V1mq9YAUSH4ae2,2021-10-13 06:44:18
GuokQ84VRYTdjQinObGlTASXPys2,2022-02-08 22:56:33
GuxKghbJGRQBqzk5No3mZuPl2Gv2,2022-04-16 12:15:00
Gv0i6lqfaUPip6tv8TFjWt2PFuu2,2022-06-20 15:43:07
GvBNqADq3vRmqMFvl3Iz26D7yRj2,2022-04-07 09:02:48
GvRv6tQGzOSXwbZ2vK2ixLXOGvn2,2022-02-27 16:59:21
GvgNGkftU3NJ1BYUDYqNdrnPtTf1,2022-02-28 08:19:41
GvwxQQN3ucaE86ImI66aMHEbEA42,2021-10-19 21:21:58
GwGByjIgLTeybD19UnG3SQOePnx2,2022-04-30 16:19:05
GwVg3BNdFMYc8UOgYSBih0kYILp1,2022-04-14 06:20:29
GwY90A24qIThvBc81wBX8yLVNsn2,2022-04-21 03:49:01
GwrRSz6AvDP0QUp3QskQrM1AfKV2,2022-06-20 16:41:40
Gx4x9f5mh4eeRWM5wVrfUIWEuQy1,2022-01-26 05:13:50
Gx7QJEXjl5gW7sD5RboyAOol97k2,2022-01-31 17:14:53
GxA2Gcc10dSXZulX34yr4IarHHi1,2021-10-05 20:09:38
GxAyTrO0v0cmu4MVQ7gkOxpGfi22,2022-05-06 20:55:32
GxGXstng05bZNSPxoHv028UR85V2,2021-10-25 21:19:26
GxHH1Je3CQTFhVONot866rpPXuT2,2022-04-11 17:18:20
GxJYDkHdOmcD3vGDRuAZUlcBcjL2,2022-04-20 10:04:12
GxK0jYqvcBhAJ3kTM61d3gUqaOE2,2022-02-20 12:38:57
Gxh0qEcd5zVdKZLqF29p2hq5Moa2,2022-01-14 20:57:28
GxhyFt5WPvO0fpltPhnOvS02pzk1,2022-05-05 09:14:55
GxkM3AwstdhejVOPhfVUSGOTlSu2,2022-06-01 05:04:43
GxpyPH4TJveWfW5QzlAcLFIKg1L2,2022-03-23 16:17:07
GxxWuvrqZocFI4T3ZnRXSnPNM6G3,2022-04-19 14:23:08
Gy1PrESslBMT7TnkXL7fF0U2w802,2022-03-14 06:05:19
Gz93wTmXlvMCWLcGqBhnaUBxXnj1,2021-10-24 20:42:09
GzL7gYCSzHbHa8dNu9cnXQ52Vyr2,2022-03-31 20:29:47
GzwPyCLF8vN8nTGJHeIQQtUNSXx1,2022-06-08 19:14:24
Gzy0E2jcZ0RhkMeqonHH7O0PxiK2,2021-12-26 17:29:37
Gzy9UE8wSUO5wyBZVblmJRuroSC2,2022-06-13 11:03:44
H0ORoMFLm9bdbwGn8RLbrJrwS7d2,2021-11-11 18:18:28
H0iaYojrDCWv2loVonCHPu0qTYg1,2022-02-27 19:44:32
H13GKhGqGdb8ddkqqfL7jXELlca2,2022-01-17 13:55:32
H17Nrc8lyfbA7lSGRrmPyyAHgyd2,2021-11-16 04:58:01
H1Hxt4kWsYeyepDGIq4ccKWHpYA3,2022-04-20 07:41:39
H1JedlRiMvM6GcPQ1ZLzvE3BIzz2,2022-03-04 01:36:42
H1MzEBZ6tKdLNoTSuwn1RSEQOqD2,2022-04-12 18:41:21
H1PSA1J6PMhtNf9X72nmeR7c3Qz1,2022-05-08 13:44:21
H23x1J0BTePhgwYcTKzoDv0X3bf1,2022-04-01 18:04:45
H25gDaiR6IfEs2A2LURrPag7WQI2,2021-12-07 08:48:11
H2J9xPjKHxdniK69cehlNbx70AA3,2021-11-27 00:21:17
H2dJCsj3E9QcorC8kgFiHXr664r1,2022-05-06 16:28:33
H2mzBJCIcddLBVMDFNP5ibxESpR2,2022-05-21 19:58:07
H4CWeww0C9OeSUE2eZHaAGtKGF43,2022-03-16 13:18:14
H4b0lw9Fs4RemQDp2TIJtqteIYn2,2022-07-13 19:45:43
H50NF7RIuyMgDaYbL6YhKnKtfwc2,2022-03-07 01:03:14
H52pRW9KOPWlxNCWYRhIUoV8P9g2,2021-10-19 13:04:24
H5S7xbgyY1fQeDjW8ldIdWq0sbj1,2022-03-15 20:17:26
H5vHQfNp60Tbn9MXvMIeAkqqTVi2,2022-04-09 20:17:37
H67bh1eLqoWDWPrU2gZWfy1SzW53,2022-06-27 13:11:20
H6FSlS0DeuV14zWBZo3SFrAj2Hp2,2022-03-08 16:18:36
H6TcFTLwp2hHgxYiDzuOezzx0TK2,2022-04-14 02:31:39
H6c1rPEJ74PsTLLX9vnQDpotwc52,2022-01-30 08:22:47
H6mF2vyhCjTFJkNVhgODEHWLTW43,2022-03-15 21:43:37
H6wpeVwnMkX0a7uyUQkwKebM8nt1,2022-02-26 03:45:45
H7URB7XJ8cdOYAgT28C9gYa93863,2022-06-16 16:35:44
H7nW5LecbAPVeYQ7v7VsqXjtxvF2,2021-12-13 02:47:26
H82V8Cth7HgZ6EmrslO6UU0ESuI3,2022-01-18 20:07:41
H8C4wqAkTkaxMu0VbUDfv3AMEGI3,2022-05-12 07:04:33
H8IHAjqy4WXdfmzWv09jEbHEtl82,2021-12-22 17:28:41
H8Kmj43m2UUuzsNLezHobomnW573,2022-04-26 17:11:53
H8QoNyiHracpSzxY2ZCOxKbxZfV2,2022-03-07 05:43:51
H8YL0DU8TAXA5tkxrEGSScRZ88i1,2022-05-30 05:13:47
H8eLumAGtUTADM3olZjPNgaAY7e2,2022-04-02 20:54:41
H8kvLw39EJZF9u2FpTWbub3Xw5G2,2022-07-25 04:13:34
H8lx3M58cXYOeSdiRX8cmddxMVV2,2022-04-17 16:58:54
H8s3RanDXzRB66qljq7CmBgCDkz1,2022-07-21 17:40:55
H8x3bx0x6OeN6iHfpLCT25yzIws2,2022-05-12 17:04:07
H94uPAcexqg7J8ED0TXXuqdUEsl2,2022-04-12 02:01:40
H97MZ3t05fT2uTWbVgpLGXjPenN2,2022-04-14 19:28:20
H9E0t2nREYSwnt7l3nNlWZBvxIy1,2022-05-11 20:40:19
H9Lpy01LBKVUgykmMhx2Xwum8N82,2022-03-09 22:50:43
HAMvTaIn0xO5oIJJTLIIa3mtBWo1,2021-10-22 15:15:33
HAlCAmfAzYYFosXYuVb6G0EMlb23,2022-01-19 22:58:17
HBADuejHGKeNcnJMVyWZPToLzMw2,2021-10-11 01:00:30
HBFH5szOnCa3nvPNRD0xkkavohB3,2021-12-14 12:59:53
HBHSbCa4EpY8s3tlxUtZHDYgmm42,2022-02-01 09:12:54
HBVr5qKTFMQsMdjxwx7TGR7eQmk2,2022-03-04 01:51:31
HBavixWuERM5qrdta9TD87gDp393,2021-11-07 04:36:06
HBicUprDq5fzw2CLtg0T2eRDApg1,2021-12-09 12:35:52
HC1YJ02pg6TfNQUFm9GA0F5GGv63,2021-12-09 10:50:28
HCUwyjCRQ3d4lKoPZKQFTwJtl7J3,2021-10-12 14:54:16
HCVa0jEFuoO3ynWkPOA9EZcIu1K2,2021-11-17 12:49:03
HCZO93BGkRSgwXq34qP9LDhSGo22,2022-04-11 10:08:25
HD9TfvorQ3gqBEPe2HGYDHC3wot1,2022-07-31 17:29:23
HDnaNriRxheOP7PPiPqimPgYnly1,2022-06-03 12:07:41
HDpp1x3W0cR5hAHn4d0Wm40OsFK2,2022-03-24 15:26:32
HE5cTxcvACVXiUqcrAqVjXwMoHv2,2021-11-15 12:25:51
HECczVPrY7UTyIPOmskUykAhaN22,2022-04-14 21:34:46
HEDq8bU073M8t4uEatbvNUbK41j1,2022-03-30 07:06:43
HEMF9xB5xiaAJMmOY80Ni8v34K82,2022-03-11 11:49:56
HERrvI97E9a4hYVtamR1lbV4tM83,2022-03-15 01:58:15
HEi8bs0bkwRdaYZqu1TZxCthqBG2,2022-04-20 05:12:00
HEjeFNJrwGagOf29bJy1y1UPPkF3,2022-02-17 03:30:37
HEk1lZMh9UV8g98SMIi8Sq5QsTt1,2022-01-22 21:25:35
HErbIAg5ANcuG65COt87viZvngs2,2022-06-19 14:47:04
HEv1VLbgXWhXTeB4OxUFEX8ZWFO2,2021-10-20 02:20:13
HFHQg6rMw0ebjI4TLF2Ouw5K8Wi1,2021-10-15 04:08:05
HFKgHnCM62Q2185OfH8R0JGarDs2,2022-04-13 20:48:28
HFSMYLmgFbP3YQ3SdaLgiLJKLk43,2022-07-23 11:42:02
HFeZx8iUrwftGUCWk48Otzr0kNC2,2022-03-09 19:49:18
HFo0YQh7vCdFijYI6t7TfVTSLNz2,2021-10-24 13:37:59
HFyqumuco1bBKj8XE6iKvXQGvUu2,2021-11-21 07:32:40
HG6Byw6kl7Si4Bcl2GY0gaQUFKz1,2022-02-28 13:34:15
HGSwll7lhHbQXcqjItdqLuMrgMi1,2022-04-19 07:20:39
HGfr9hR777MbDllSYDLQNxdwuU72,2021-10-21 15:37:39
HHBNpuFEqYdWf8svCexkS8rUrns2,2022-05-08 23:26:58
HHEhLBHRumUgG1hAoYUQBeAwD0z1,2022-04-04 16:50:11
HHIj9zVYc1RWKiMIp7KGLkjs0DT2,2022-05-25 19:50:21
HI9wgH9oAIUAILN5KXDjKEvqhtu1,2021-10-15 11:49:29
HIFAGxYH8DZ0zj7wqA6LQn12rvp1,2022-03-19 16:29:28
HIb04h24j1X0xtsLgwEGnhTrYNI3,2022-05-07 16:52:24
HIgD9hMIyHQAS5syIKUsjwKNRUy2,2022-01-02 07:34:01
HIrYnQbQDZVttv7xso7UpGpUQFG2,2022-01-28 12:35:33
HIuqqxKhTTfXF887G1XwzFKAUHV2,2022-07-18 17:55:27
HJ8IabxdfHaVfa3IIkX8AO0aZW72,2022-03-10 07:23:29
HJDL6KwsVSPvDQaXUsbc2bh4xe63,2021-12-08 15:57:37
HJF6kxvxjccF9tMVfEvHcn0RIFF2,2022-03-21 19:36:58
HJU3wrsivYgGPFTPkiW4jAY8inJ2,2022-07-10 10:41:59
HJgGyWtwLndLbGdbaueOLDu2mJl2,2021-10-23 04:27:16
HJjV5Zl1JvbeYHC2z3Q60tYJoV43,2021-12-20 20:50:43
HJkFiucc2WO0MiqsZxnrXlJ9gEB2,2021-12-23 02:53:06
HKXqnwXx2rdUCbj4ZeVfwpo7kwO2,2021-11-05 03:33:02
HKb0tA3ImIcGlhf8kF36KO7WmCC2,2022-04-21 08:06:28
HKbV424mpOPdzV84lrVLDAria5R2,2022-01-13 15:33:30
HKsaJ6O5OMhF194hcG8SyrKChww1,2022-03-07 20:25:18
HKtodND0sqemT8SNkXWlZy5rnDo1,2021-12-27 20:45:45
HKwdx5owA5bdI4nDLxhCxVLFOLE2,2022-04-04 07:21:28
HKxaGS5eiHPBvWYxR2TRQAtzHdC2,2022-05-27 16:59:50
HLJwdRvCyDgyq8GMdvlMXwQ3sPx2,2022-07-23 11:17:47
HLgIXJyMgtTiVcjXgjMp9nwI7zG2,2022-03-01 15:40:12
HM1Vu4vG0hhwEWZ6dB81cfaye4W2,2022-06-01 09:55:22
HMI6MxUrqAhNCFtm2TaDQRpbuJ02,2022-03-12 20:53:55
HMN6AxW4MkU3mpgT4qhRoib1Zn42,2022-03-29 11:54:13
HMV5ez8KE6MKMKjIgFg7K46vwU82,2022-07-03 11:00:34
HNCHmo1PDiNFLYdg2Vv2Jbsx2vq1,2021-11-06 18:38:53
HNQK3lnjvIa8RFOajntQxFGgyO12,2022-04-19 07:21:40
HOTnMpcPE5SiDvfVzaxIduiMjOu1,2022-03-08 08:54:22
HPIyFXNTbRRN6SG43upwa6pFlh03,2022-07-05 23:30:52
HPdSnZEujCcA4Q2DLAV0L5EVQ023,2021-10-28 11:56:25
HPiALLk8eCaMV7b9Y8h52EZftxF2,2022-03-24 17:34:23
HPihYFInrJOtf7jQTzPAZkGdfgw2,2021-11-23 20:07:51
HQ2nhRJtZ6VGChJ9KIbuAkkMWT42,2022-02-06 01:52:38
HQ6zRE0ddLedDDRwNenkmfVrP6R2,2021-10-18 20:48:42
HQPNvNhfDnfxDRqDPX7ru9LOzFA2,2022-06-04 22:49:20
HQfXjTtaZQTBHnWjYWgG58pzWZJ3,2022-04-05 03:02:04
HQwgTjfV9WVz9D5FSZQxkw6yOtF3,2021-12-20 10:53:18
HR1miMFG6yVIW5Ffzs3WkYJsE2I2,2021-11-30 08:02:22
HRElPIGTGWQ865fcBrwr1bggLp62,2022-07-30 17:46:33
HRIy3P6d2eS9xIKwnhe7zaappHt1,2022-03-24 20:05:34
HROwRI5Q1YYLJ5pcKk85RtAuFd52,2022-06-09 21:21:26
HRXvb9dfKQQRFv3emZtDY4YVWfb2,2021-12-23 08:36:43
HRjlSCgjvqOcBCJKMLxTYV8qMNu1,2021-10-20 12:52:50
HS5RvdQGNeUDWIkW3VUPfIgrB7f2,2022-04-29 17:50:04
HSAHPKvWdmSueMwZhELxZllBmkz2,2022-05-05 09:14:01
HSCm7At5tTNq5QSVEleMCjzqCIi1,2022-05-06 18:06:54
HSZDTx7H79dDbkiI2GYKqPrJLew1,2022-04-20 02:29:10
HSijTOPmWFWMTqR3mbxr5Fa7SfC3,2022-03-30 15:31:58
HT8DavWZy9RNiwzdDlHsdqP72No1,2022-01-27 15:09:35
HTNNeT7KB5cOaM05qvd6s1VKeX43,2022-04-23 11:08:09
HTkfl7BsJOYHxEGVmGs6kVxZdcl1,2022-06-15 07:18:31
HUYHpxNULUMgyu0S6uUknz3Kwv93,2022-03-28 00:37:35
HUaITUpeIHZmUZd9xLGPWUaVxSn1,2022-03-24 07:23:04
HUwT9xt2fUT2w3h0FgVqcC1X4Bi2,2022-07-22 21:42:28
HVOGrIOwIwg3ispyhFFcwsYXzTz1,2022-06-13 02:12:19
HVTLJ84tcfZQF4lYMBNptsbLoXB2,2022-03-19 08:07:35
HVdEhgdi6xZMfF87QUU0TtxsIcT2,2022-05-05 17:09:02
HVny9PmULvgX7QTPfuV9x2nvwzB3,2022-03-23 02:29:41
HVq9O3kyq5Ov5Ne8AmS4tffVgEg2,2021-10-15 15:42:39
HWAJsmdSO6cbFnUEa7TN7PZeoPp1,2022-06-26 00:41:47
HWRwmahsi1UVVsZ7qkqeGrybBsF2,2022-08-01 12:37:19
HWUv9bmJiOZ8zRYmmTkslTSCH2y1,2022-04-16 07:03:06
HX17NaRZAXgZGKh7BwTWAnB0dGc2,2022-01-08 05:25:16
HXDlPNMHOCQnGZBhSjipfwtRRxg2,2022-04-03 15:15:24
HXUAcNocL0SaodcHrwUMJ6r1L7S2,2022-02-11 08:37:45
HXh8UvEV6oTZpLwCkxj1JaPNTuA2,2022-04-03 11:46:31
HXmdidrn8wPQoGNBMgwRhDVKJR03,2022-05-03 10:43:33
HYLGUNMMScWDVLupmmfs7DIYs773,2022-07-21 14:25:27
HYM3OAC4IBbbQuEZsS6bUDgR7Op1,2022-03-03 04:04:46
HYQCMa6vBtYwak4mYoTOLhbJIht1,2022-07-16 12:04:07
HYUWS3cfqGfryGrd3FDHGErWuyo2,2022-04-29 12:26:10
HYZf0GuU03gXUqmAcT4deYXXlrS2,2021-12-14 06:51:55
HYjeh8mhgUWg7NHsPkqeDzTirLO2,2021-11-25 13:06:06
HYki8MEsBSQUHRGJs64e2cHH9in1,2022-03-17 06:03:00
HYtkKZjAA7flLQJko3kknlA80NH2,2022-04-16 17:51:34
Ha0JmiAd5qSW5pwCkADbSEB9lMn2,2022-04-09 17:58:36
Ha7XwFq4SsdLrTnc8q7FBij8Utm1,2021-11-01 12:33:19
HaFXab2E9MVmsLrovl9VHr2lWG72,2022-05-06 03:05:32
HaI9K2GceJTEIc1GrUhLuPLRZJ83,2022-05-29 02:03:09
HaaTZGH7hBerZ9rPHxqWM7mYITx1,2022-07-27 05:08:18
HaouekYg28arvjbZg5OV2ayWft22,2022-03-04 02:43:47
Hb29KGD0EtXG02waN3XjniNYjN52,2022-05-29 02:58:22
HbVv2Cf3wEdvZ8XYjJKvpS5KqCf2,2021-10-22 13:58:47
Hbh4IsPbN0SY9jRi8nzTcYyvFmW2,2022-05-17 20:39:51
HbiB0oiUzbM8flzvwXzxo55rqp82,2022-07-07 11:27:46
HbjNyDcZA7Q9tO3f5tchaMPRtWG2,2022-05-19 13:18:49
Hbn6s8WQdiVjfYrDk4tnX0ux7Do1,2022-05-07 23:26:20
Hbo4uKc5Spe2D8sV2LFaHlFxqiO2,2021-10-16 02:31:59
HcMmMwvzlWNQolJpLOysR1LV7cm1,2021-11-22 23:21:05
HcNqMbAfMlS5USSXYlr9fc2nDR32,2022-06-10 04:49:27
HcssuZJRoGUbggaoseGgRBoqgPm2,2021-10-18 17:17:53
Hd2fmudKSKasfILnxYmmxY5Msks1,2022-04-29 23:46:14
HdKsXLFuUeQ5jzub5OkDaZG2Mti1,2022-06-06 08:21:12
HdiLR2kgAYaXOYpYjGQjpfh2VC03,2022-04-01 14:18:47
HdmLYVWjt1gzZ0MPRpW0eaOqG3r2,2021-11-14 16:17:02
He4AoA2IhRUZ5nKRrBk5Lf4zY3B3,2022-05-28 20:47:49
HeHacZ1GnnQljKWsS9DuqkkCgbu2,2022-04-02 22:02:29
Hej7AxnFAod9ejmhn2HPMaGpaD42,2022-04-16 10:37:19
HestejqcTfcPk0b4sEaNrynm6ie2,2022-05-24 07:06:59
HfM4ypMrZFcqWY0dRwu6d6fqsDG3,2022-05-05 14:01:28
HfQQOUbQBkYCHaYeiDxYTRfOtLU2,2021-11-11 09:37:36
HfUBXTSOxpOH6SdFN22AUeDqRf63,2022-04-17 03:28:05
Hfasf0oY7lVuZefpKcBGQ56Qf6H2,2022-03-23 14:52:37
Hfb8q9k3qwMvUPtMSbIDjTHZWod2,2022-04-18 01:10:57
Hfo7LB06v5Sby4cMWDWmEnxkOG23,2022-04-04 12:40:12
HftUbqLQgxWbk5aJ5MOFR4yyfrZ2,2022-03-30 09:28:16
Hg4Z0HyzyZcWepLSKz8Nk26E5bo2,2022-03-20 19:37:04
HgIHHg601VUdVTc4t91SxHDCbfH2,2021-11-12 09:01:13
HgKN8QYaozd8shmNCAhiQR3CcG03,2022-03-20 21:16:31
HhP0KX9gGeg1QxQEMuts0vp3XV42,2021-10-10 15:49:30
HhVWHvmOmYZxG4NULL0XFhiNUeT2,2022-03-09 04:00:32
HiPkjZNiS4MiLHK7Krs55DGn9x12,2022-05-14 18:40:08
HiTZwuBjYuOacuXlF5EGbKcFXEl2,2022-04-15 05:26:07
HiXTJCk8cSb3PWHM6E6AN9A6ndq2,2021-12-23 18:02:50
HjkIiSsdbTSlCxXPZUaWgGcnBKt2,2021-11-27 10:48:04
Hk9e9LKvxoZazBAJiTU0xH7ZKRR2,2021-12-04 03:05:00
HkG5sP0pSbUbCVhPIzrB1ztZfqE2,2022-01-16 12:09:23
HkiXcNegPDcVQuJAQIyHxGz2SEl2,2022-05-27 23:39:29
Hkr0sNYXJJXdfHpNC6Ms0zyFCJ52,2022-05-24 16:55:40
HllkJIMgvkcIR99bQCZhUlYZKa63,2022-07-20 03:03:46
HmKmCeXjOaSm3t7GpjeAfsZ0LVg1,2021-12-26 17:01:07
HmMShP0FXdVjVRqltZdN1e5o85i1,2022-07-20 03:37:54
HmWumDToBJhlnVD8AJ6oHF8vZ5i2,2022-05-27 14:18:59
Hn1iRMqYiEgzB37NfDhXRt9oans1,2021-11-03 07:43:49
Hn3qDTUNuMOwaUK1KyOLiDlM7o03,2022-04-24 08:33:06
Hnajzk5UDDa5RczAlXIt52ef1WN2,2021-10-29 13:22:16
HnuX0d4WJQTSMMEatno6tqCTTLv1,2021-11-09 16:05:53
HoMwMmbLB0QpW72Gu56UoMeuCjp2,2022-04-27 12:52:01
HokfSuPQw6PGLgUJAdwX3nY0l1p1,2022-04-17 14:23:51
HopFwJBs0lU3XIAFIiJkMGbmXS22,2022-01-16 14:30:53
Hora4nkstEU31CqGgVirW2BZOI02,2021-10-24 15:20:23
HpLn7mxkLfPCTg7KWBnLCV7VIep2,2021-10-27 11:22:19
HpgWHleR0OYoIAa8gtYU32m8gx73,2022-01-16 10:08:53
HplilbvmtVUbrRJLrJfyau9Rile2,2022-04-14 02:17:56
HqU57JkSaHNGssP1mmhRv1u3LwE3,2022-04-14 19:14:17
HrBXXytmTeNZ6I3rCFAGvHx0dJf2,2022-03-19 09:52:37
HrHqTrr2LtQorROGtTxid4WTg9E3,2022-07-24 18:06:11
HrWdtBqKJ2atSxrIReiU7HqPsw82,2021-10-04 05:57:19
Hrhwrkns6gcnyEz7dp7EroM7CM33,2022-04-30 15:53:44
Hrm586kTYbUbx6cfc44GdJ5YBRs1,2021-10-31 14:24:19
HrmXqJmYYTTlNXcqDkW7AU8PBd52,2022-07-09 13:29:08
Hru3b5w0grec9bdPfAtYI42Am9o2,2021-11-02 11:15:37
HsGAX9agL9gU5KjVlNfO3HH54522,2022-03-03 11:37:04
HsRpi5LNPUYZDWkCgimsMKIqPdH3,2021-11-29 14:58:29
HsSOLrB0JNcUB6GHsD7vKC9XKPw2,2022-05-08 20:10:49
HssGyslnymUss8bd08wzPk2meX73,2022-03-17 01:25:14
Ht6m4FD4ibbyh0ewKxuJPc19jhC3,2022-07-13 21:29:52
HtX3IPuwtRWmsAdONq7lmccDgX82,2022-03-30 05:34:52
HtdfbWqCsSRZZGpzZk63BaU1cVg2,2022-05-14 04:34:08
HtjoFiqVRjXFCX24JIcyakrUgk23,2022-02-28 05:28:40
HtoFuHLOiIP7CBQKzC31fT1RiI32,2022-01-06 14:49:04
HtwMbvKXaeVUybfU6vbejmiuCYo1,2022-03-26 14:31:04
Hu41MhgxM2ZDlg7IAdnxbttsQ162,2022-04-15 15:23:26
HuCtfZ2dW1a2kOGUiolkU1o6Eou1,2021-10-12 04:38:39
HuD5yMMXvTe7VuzfHViX9HWxNGB2,2022-02-23 14:00:56
HuYZzUnABQZPQrgbZJjRwhxZ3sc2,2021-11-22 00:57:37
HubeR1yfUxcRDxLEpZS1mxU9fEq1,2022-02-02 09:49:15
HukhaEvqFlP8mvqMh9u5WByTyIW2,2022-03-26 15:02:21
HulsZNbAmwY5LnukYRBvKIdf4q33,2022-04-19 08:50:09
HupnCbtTk6SfNmkd5wrwqg3nsyH2,2022-03-27 21:48:34
HuzJ23oMvFXKc6huxqPKxwQnCo73,2022-03-29 13:17:21
HvFR2RZKZEMHxrN9Bg36WQhy2lZ2,2022-07-08 20:50:31
HvLK1RNRI1dzVa953EvA6zsBFxJ2,2021-11-29 08:40:18
HvQFofd5HPReklIq3dAIbi4g17F2,2021-11-26 06:50:55
HvVW1FwRiWhhF7ezBwx479fTrz42,2021-10-23 20:12:34
HvWtDReAvxZt2CNSimEBOnmhS912,2022-02-10 15:34:56
Hvw3V0KLV8Sg6U6n9W0CCVlH2Hw1,2022-03-14 11:12:43
HwG2f1digIdMpyXfTOHhL63FoUJ2,2022-03-25 21:24:30
HwGuG1NpaFSk7DwcXNxqW9cJI2M2,2021-10-05 04:28:19
Hx6MKuLqoIMc4WZ7mAeRv8Lk4Qt1,2022-03-03 04:56:17
HxGRLitKwkeFpMwovceyab7AaNG3,2021-10-03 02:42:17
HxcdWd8MRVSA2d9JcGC1HEwKM2R2,2022-05-01 14:02:40
HxfQ0gytr3XUrzK2VLE1S6Q6WQG3,2022-04-19 01:10:41
HyGF4Tqcp0RTxaH6hsWVc2nFiyc2,2022-04-17 17:24:16
HyLW9XP9wLTjgrmC7Sn7oe4qY742,2021-10-28 03:47:42
HyNHEZXoQ6WkgfgnEveXmr92VzU2,2021-11-23 15:23:11
HyVyhUgRayUSbXCTtXVWyXOGyXI3,2022-03-17 17:01:22
HyfKZxEA0wRxOLaUH5Nj7fsuZcs1,2021-10-30 14:05:58
HyiLBIQbCdh8QNED5svKqHl1Obr1,2021-11-24 18:06:57
HyoLZcLO6BPr8BoHuA080mhAGHf1,2022-05-09 17:26:46
Hyq8FCi7FTS5MSSiVJZhbGnuw6I2,2022-06-16 10:05:16
HzAQXzuGz4OuDjWgnUq1BWKRbsH2,2021-11-28 19:20:04
HzGWfb8hsLaYRqRGJCTvDCdiHbo2,2022-01-01 23:09:04
HzMLkPSacOQcJqgReBID8uiTj4W2,2022-05-15 12:14:05
HzhE2xlhUaSwCRRE9lAy7DQdgbm2,2021-10-22 12:19:06
HziC6FlNCHYMy4T8An4oD3IueWG2,2022-03-11 15:45:03
HzpGbGOU1eRQWTGdMeJBvqRCIp73,2022-06-01 16:20:49
HzzZtwXULST3PO3rVFMWvGRJ93z1,2022-07-04 14:31:01
I09EBmHe9UhFhQUNyuvQnhD9LX83,2021-11-01 07:47:40
I0WBEa0VD5eJ61gj3wwfKa87bEf2,2021-10-09 09:49:54
I0aD3IC57wYauZeaVZvHrcXeLAY2,2022-01-16 16:25:20
I0liAWuismVHGYKBSPNDnFIjxNw1,2021-11-01 22:34:15
I18bTsoNsrh6aiNX3U2H071xybu1,2021-11-23 09:43:25
I1CAMIxgzKcAGfBtIIGLneVZYam1,2022-06-04 22:24:36
I1MN5dP87WauLvA1VUP4X6QEmBi2,2022-05-08 13:49:10
I1YbiiPUx0fDFXWoWnRUxp1Oyyn1,2022-07-01 17:02:37
I1ofrBVKrlT74wrWPakXZXRjRP53,2022-03-24 20:50:05
I24mx3QdtBR8mkK3QH892HfAgu02,2022-05-07 23:50:31
I2CHmFcwduXV3e4DD2OPdKljdhK2,2021-10-04 18:59:47
I2CZWqotRgQMY5IsfDe93Nwg3MH2,2022-03-13 15:13:06
I2OVUXvRz6W2IfGApbmEFUpRa7k2,2022-05-23 03:39:06
I2gZvOOuylVVVPlhL958w8D4jYv1,2022-04-04 17:23:18
I30ZagmcSqU7NUn90wjdKG1GSSX2,2022-03-02 14:17:56
I3OPaL3ZcAO4RSiCPA79q36ymTx1,2022-05-31 00:25:09
I3ugSjAHSjTTKeyp8eN6RfCs4mp1,2022-01-10 13:35:43
I4GTwD3zFNXGqAcSN0fBOXiEtah2,2021-12-03 15:19:07
I4GziWaW0MYZH8OodEIWhbfUnhf1,2022-05-10 11:11:29
I4Jx8eUKy3N9cGJ3d1KbWK6ALs12,2021-11-21 11:02:08
I4SfLshuTXhy1IXgDk0JupLfcll2,2022-05-01 18:28:15
I5P5ykDxiMbtZRRpnytbgS0MGbF2,2021-10-31 11:04:28
I5rYU3hLkngF2S2J9qr7yrzmlsA2,2021-11-21 11:43:42
I6GWzDmCauPNahV0v1vtG2smgsJ2,2021-10-16 20:20:54
I6SKpkmImebef40yaopFt0jsHu53,2021-12-25 13:24:16
I6beFfluJ3ZoVGFRtRRiqKZGG0B2,2022-04-04 17:07:28
I72q97gv1hNg0LOGxxSNIAEx5jW2,2022-01-27 14:46:30
I7GnVU19kSUNGlWvEvN1rkaH56d2,2021-10-17 12:36:09
I7bjmfF9e0hyEOSNRL2rEeGcTVN2,2021-11-03 20:25:10
I7ln050YfHM7WzKqplKsoVF3m8I3,2022-04-04 12:40:13
I7pnhNuC9DTulNL4u5q82AoCp5t1,2022-04-17 12:57:53
I7y10t00TZdlQL15MpwqYe2L0mf2,2022-02-08 04:54:29
I8RaOn6nI4UXs0rtPRIEqwXTFDh2,2022-03-13 08:10:50
I8hoIS6UP2f3Xge6Kw0fH5l3wPk2,2022-07-19 20:12:03
I8pkEuM5NrVO5ZWthoCayEjX31f2,2021-11-01 14:40:53
I9HPUYCFhSW86N7pT8i4Hr5pTGv1,2022-05-27 14:15:49
I9PQRHnMKQZfhRCqjVPc77gliKw2,2021-11-29 13:46:44
I9QP1uA3QLUAFK7Zy0GH06jsj122,2022-07-19 15:20:41
I9YluVcFYFRrSgCCgS36UJzzC1F3,2022-04-19 22:36:01
I9n587na2Rc88J8O0tkxJj01vyM2,2022-04-17 15:30:52
I9nfqGKR1OYGPGVvHt4u8juQN1o1,2022-05-11 12:51:11
IA4fCJO14rcEbHuxKIQNJmR17Mv1,2022-04-12 10:31:42
IAIxrcq9BtVKdl2CzMNeyofWtaj2,2022-02-17 03:20:58
IATR5NG1KLYIDxY97oW1DXRtLH53,2022-03-22 22:45:17
IAp1SRHvsZeg0uTbNIkCF3USV0a2,2022-07-27 17:57:57
IBNGmhiRaOhQPiy22hoO1Vv47Ko1,2022-04-30 10:44:38
IBhtBfbKwdeXoLBvFtiIVtwJST92,2021-10-09 18:15:06
IBwuVY00yGMlWkMXq4pKtLGyRtB2,2022-02-10 10:16:23
IBxLKURjCYU4IJJ6Wro3fxEN3GX2,2022-04-22 06:52:35
ICXeFM4LgFVD5bJQInzYUyZFZkU2,2022-05-09 19:53:40
ICdTJOaXj4XZnY1Xd76MZovGchv2,2022-05-17 06:01:13
ICrseQR8ovPFTbKE3hPzQ6ogk4G2,2022-05-04 11:46:23
ICwDryIc22Md6D7T3tUKmS9QgEJ3,2022-04-16 23:40:43
IDgHcfficsQrHPnB0Bgr73QTf223,2022-04-13 19:13:47
IDlNH4uuJ4hIfwdgRHyD6oTLzXB2,2022-03-30 03:04:37
IDwtMpibnfSKEQqzmrLQQGzhaeI2,2022-05-06 15:55:19
IEKAP8w3UIbU15XiEFh4zq888dE3,2021-11-28 05:33:32
IETFNT57BybwUjuOoJ7hVA1jvnt1,2022-04-13 11:27:11
IEXE8D3DYmPBUpMVgW1GCMVhEb02,2021-10-22 13:25:58
IErvyDtOF5WzZIvJnyESvf4pUyo1,2022-03-09 12:32:29
IEydnG4knsfHV1ZU5xL9eBQmZ9V2,2022-01-17 03:20:48
IF1qV9jZbIcPnbXdSBillUOaLnZ2,2022-02-20 04:57:39
IF3zcKaPiFPlQV85oqyTR2T4zSK2,2022-02-09 10:51:52
IF8gWywT3pMzney79LERRbGSNM33,2022-04-30 07:43:41
IFLqjCewRKMjqxIVMM4kF8VPlYF3,2022-01-27 12:35:00
IFLvdomwQwbgc8bXSZJxireruSH2,2021-10-18 19:40:38
IFN5Oa1cmqdKjcl7ZxeF4NnJMRn2,2022-06-09 07:52:03
IFd7MaRcEhZPG43yBDvGXkHngIg2,2022-04-23 05:34:41
IGHnIXYgQ9VDhjRwWcEyBOZiYVy1,2022-06-17 15:51:50
IGVbzZCllRPQR4lMd2r3fXBs2VD2,2022-06-08 14:48:43
IGlMOlRwFXURgsDlLMdb2c5Ga1A3,2022-03-07 06:24:15
IGzeR0kjCTfveRmBYzD3dIAeRmg1,2021-10-22 10:22:57
IH7DTL5L2JfFrcr3ksUgR5CQDNE2,2022-05-03 15:00:30
IHIRGlLlVegYIGIWRFCCQDrDEFT2,2022-03-01 09:24:57
IIV6OjQkiHTyO1pnJAyxJDKBMn03,2022-02-24 07:15:48
IIzUeAGG13NB67Le8ZxHV1Aqlo02,2022-06-12 23:43:35
IJn4BVtZdmaJdRvK5T1s0AunAEw2,2022-07-14 13:09:10
IJnP3KxPawUovvBOkXw19SXcPLH3,2022-07-22 04:16:46
IK0t1ufhw8VRfQNumm63F4HLMDV2,2021-11-24 22:19:54
IKFU9TXAzIY3KLAf6pkumItXB4z1,2022-04-04 11:38:15
IKWXTh94jRPq2Gg3uDuP3DkFQeW2,2022-07-20 10:13:34
IKYBwPpTB8RNSKMjJGzB7sLZDv62,2022-06-18 01:46:40
IKYIy5jYr7MbSkc7biyMWVXd5YH2,2022-02-10 05:43:39
IKqRnVhLBTNeYTGHduhZMdUcKOc2,2021-12-18 03:15:22
IKrizI2dtlPMRl91PSukO1v2yCg1,2022-02-22 22:08:36
IKuH76O4bGXGeCINZOvcFXhjxil1,2022-03-25 14:26:10
IKyW8Xx8NRd5eMZkhtDhZDQATvJ2,2021-12-30 22:02:19
ILIqbKhADgNfBxZPI6Et1L4Nr8V2,2021-11-26 14:37:17
ILZmBSZ9WLPoNeDR7nNRxBBWXKB2,2022-03-08 08:39:58
ILaGOvfQSRP5x6Rqy9BUQJNQjGZ2,2022-05-28 07:31:13
IMED0Fqt1qUZRMlkQUXvTNEpHSj1,2022-05-15 08:51:21
IMLApI8dUdTTC9qIfJfM8ZquQP33,2021-10-17 09:36:04
IMQtwaM7qDQ2ZR39xQ424ARcgvv1,2021-11-02 17:20:57
IN3J7CsH9ShvDHKaIf9KwTjZSiu1,2022-04-13 16:25:04
IO1bA9xrFPSxb50LjFabOfTPPUt1,2021-10-30 13:30:06
IOEDsYGr5bhSh8sKMY79jvJqE6Q2,2021-10-25 10:26:06
IOSsK8ibwCSABcgZjtuIRQTzdnG2,2022-03-18 08:01:21
IObVfu1qYRM1fYOFnOOqRGflsOy2,2022-05-08 12:48:44
IP9gA6p7bkTFuaNKXdvhSKK7Lv52,2021-10-25 07:15:09
IPLOShd6UkYT6PujixrGK02VCNG2,2022-04-22 12:17:11
IPNbM19pAPeV1hPcbH2IcnyABIT2,2021-10-24 00:39:36
IPlCxQbLYhQO1BZUAQ3KyeeNOxs2,2022-06-05 16:53:09
IPuWUNNhhGga90xivPHQJPXNwzJ2,2021-11-11 08:37:37
IQTOLuLWAbMbRFvc8k2g7ycIbIk1,2022-07-10 23:02:39
IQaCix7L34PPB2S9I7NNYcF9Xtx2,2021-11-22 12:55:18
IRBC6wEDpgPhog9cVQITPqcNT553,2021-12-06 21:45:42
IRW3EAFVqRdJsRGRT3Y0U5etJMC2,2021-10-29 14:51:15
ISDV4rdfcIPqbZzFkGuCOET9veO2,2022-05-07 00:38:18
ISoLb3O1L8QF5pmLAeBKmqKxJsh1,2021-11-05 09:05:26
ITLx7g27MVNTXSPcST1GwwxZyX93,2021-12-04 20:39:07
ITQyezd89EhTtPwnPSDYobeN6Bd2,2021-10-07 22:47:05
ITShMT85JqPSr98TLrVeO9k7XrC2,2022-07-27 12:20:26
ITazLR6oSeNR4Kj2tPPyZ7LDS0V2,2022-04-14 18:46:16
ITtru1uyLwOqqCzYeJDuH9xpfKG3,2021-10-02 13:21:48
IUDBk0FE3rhu3fyxgDxqqyMNY0x1,2022-01-10 21:46:52
IUDfsH2pfFXKMqlxVgQ4d8IARIL2,2022-03-18 15:42:14
IUP1aZBFeeX8n9OD77AsnUtI4sC3,2022-07-29 20:47:55
IUdT55O5izc9GGE8FRkm7wVtuno2,2022-04-26 00:54:34
IUgawH4epzOytVJlV936fTjVf6G2,2021-11-20 17:35:50
IUl568sbjOWWeq6UnKInp3d3qHF2,2021-12-15 15:50:00
IUp3YD7DiYPxNC2nGRhcCqb0hal1,2022-05-05 17:22:25
IUpmSU3mRrfSSZesMydBfZHwc3u2,2022-04-05 11:43:47
IUuGVtSANwgNfJm3VGfdpsuDUfA3,2022-03-12 16:50:28
IUvuVvbplUg53xRtSVW404K09583,2021-11-19 16:13:57
IVPcEzB3enVCn5OyUW3KhCutdGe2,2021-11-11 12:24:12
IVjl2tNOpKbVrD9nBqkVxh95aMr1,2021-10-22 13:07:46
IW71bYY4QISTOW6qI2mFpA0rVBu2,2022-03-19 10:45:06
IW7Do4hH6AaWHKCM4X70aacbvxM2,2021-12-19 16:17:28
IWBjHc85UHdKiq87mWdf3COtGPu1,2022-07-27 00:19:46
IWEFSARMYHeZaMG3WCgQJzWs0bo2,2022-03-19 22:02:20
IWEOR8x6EucSZR0mWgj4L2orNZp1,2022-01-18 15:48:01
IWIQkQ7dDUVsJzxKJN5bPC7zJZ03,2021-10-03 18:30:06
IWk5Y0FIchev1vgu0kOR0nhP8cA3,2022-06-13 18:14:54
IX2tt42iFEcq7PYiDzg95ZPEJ7k1,2022-05-24 10:23:08
IX55e4u2FQO49t2JwMwkV6YOC3F3,2021-10-03 09:42:43
IXHW56MTiCaOTPRFeSDyeNX91Kz2,2022-04-19 04:40:32
IXTU5fER7fQYv9pWZDCFD0bwcIg2,2022-04-30 17:28:56
IXfu6Kkgg7ZztndLeoylYyLicIG2,2022-05-29 21:44:19
IXrI1dWJpZRHmXyc0WMbsGQyLlz1,2022-06-01 16:02:30
IXwAiXGkUwPdvMHgtuRvejFGr2I3,2022-07-30 09:00:07
IXz5Avq3ZfZUNY9clidKqU9xb4H2,2022-01-06 13:16:22
IYJSqQ0rwRXf8OPydbXTj7H5Knp1,2021-12-11 05:59:33
IYLEzNJiUBcNJa8moZ93HWzN17t1,2022-02-22 11:50:23
IYSYxcIwMxUiDPz2AdpYYKvzDxq2,2022-06-16 03:32:45
IYphqA0vv3SyUKOzdDybb21fSry2,2022-03-26 11:52:43
IZ55M08lmGYPaAbsgyQWCVNB4fx1,2022-04-03 12:47:48
IZXNIL6xCJOV7LMEmK5AQHlOjRQ2,2022-03-28 05:22:44
Ia72M19Jzrf8ZlzHqyvqh9xxSD42,2022-02-16 10:55:07
IaDuI8oryjaBjnIsOsTwDPNpQB73,2021-11-25 12:42:20
IaQJB5GbHZhB1c7Njk8zY4pTkRd2,2022-07-05 09:23:45
Ialj23gOQJRwn8UCBeNbc9Sc7vs1,2021-12-22 07:06:36
IazKi3xdhSeM2aFpOrau9IlF5303,2022-06-25 16:04:06
Ib38rAFXRVRIuScDpfkWr1iTxQ82,2022-02-21 07:05:09
Ib6TDEqORsVEz3vYXmCxuyrkr0A2,2022-06-26 16:46:13
Ib78YdnjqRY0wLRj9p8L5jSIY2E2,2022-05-30 00:23:02
Ib9vtvN1hTTDaiyDqhyP1vFXcKw1,2022-02-06 00:00:01
IbGiVnso5od9xjPZsiDNY06zqtf2,2022-07-25 02:21:30
IbPGW71ssASMiUWsEOJIMnh3NQL2,2022-03-17 20:49:54
IbcMuGQYtpTzJ15cN9zLAu6A8y12,2022-04-10 06:57:10
IbrauALzNlVq1LIOiqhjgNAFucO2,2022-05-08 07:00:37
IbuDAuEIJQPwUZATNgjlqHGuKzQ2,2022-06-26 00:34:01
Ic2RVZA2jETm9MbM3HhFN0Zzp2F3,2022-05-25 05:19:48
IcCcOSgX2DhkgwsopBJ1mhc0yyj1,2022-05-01 20:55:34
IcQXXBeul7ajvIVICciDfXVLSvu2,2022-04-12 19:35:19
IcWykaN7svbt3yMziaF4cev7zzk2,2022-01-21 07:23:53
IciznKMVcCNGWWZjupC0aETWbvF3,2021-10-18 11:34:33
Icq87vbHDqgF8RSYYqdBN0tEEBm1,2022-07-02 00:08:58
Icv4UrXNLGgsaMUHALrhYamjFep1,2022-04-16 21:28:01
Id2o0BTLYkOM1eTSM23jFhbVwey1,2022-04-01 12:08:11
IdNuIg3wCkUXwfik2Cd7MBmH7xv2,2022-06-10 16:35:41
IdbfDxrPKNUpnfyCoJ6L2knLULd2,2021-10-05 15:25:02
Ie4yo2RRolUK0ES8W0Ywycb8c0r1,2022-06-17 09:01:45
Ie6eBy4zWVM0SDTQnjuogsybDAp2,2022-02-14 06:48:40
IeBGvLFiHzb64H1WoENx1POuDAC2,2021-10-18 00:57:13
IePRIYegI0M4CQ6ffvqxtmab3Rl2,2021-10-29 16:32:02
IeU31viHOqMBuiGzC94KSiwO9jr2,2022-03-26 13:48:33
IfC3AZR63nVJsCC7ohSrIGO24bf1,2022-06-02 09:35:52
IfW3GNqQ17dGrTp9CBOkKLQF4nY2,2022-04-26 00:49:59
IfpqVWO3vYR0t1bS8j54WEicnp32,2021-11-21 19:44:14
IgBYfcFG51RSmcrT0d45r6B9wsf2,2021-10-07 09:03:53
IgPt6G9XX1fHgLfsmwM20wN9ykP2,2021-12-02 15:11:52
IgZ4KYOvN1cGYtZYbLOS6VkPZNq1,2021-11-28 05:40:18
IgcbOZD8fkRGjMfrJcw3EOGANTo2,2021-11-15 16:21:08
IgtL0o5ulqNy61FLFwZ3Vag314V2,2022-03-11 18:23:57
IhaYS0YAYFTRJAm7g97qwFvympp2,2022-04-03 11:07:34
IhcdBuwQzchu6YjRT6i1COsLtRl1,2021-10-27 16:47:47
IhdFEIOAIufrRJmvpGBFiWkRkhk2,2022-07-28 14:30:30
IhneLx3vC6PJbZzMvgPcBHgWywn2,2022-06-01 17:21:46
IiXSbwD84KZbtwLoDZJdRxKvGTP2,2021-12-28 15:04:29
IiZ2ifmUDug2NMgdoBNDxeUPVcl2,2021-11-11 13:50:35
IifGaz2bujOQtYl15EXfXl5LEtT2,2021-11-21 11:30:45
IixAIhiCRCdem227FxSoxhHI7j82,2022-02-11 06:32:36
Ij3WLc8FFnhgeH4pfDZrPjGFQKo1,2022-02-18 08:09:13
IjE8M5sBCqRbiFbGM3e2jRH511X2,2022-07-23 01:46:01
IjNrB5hB0MVfDQB33ZwL2VOuJNL2,2022-07-07 06:46:31
IjPXuJqdajeDuxpT0eroozxrXQm1,2022-03-08 09:03:18
IjQcPthRiibZvygkjtE7ZdHSBkH2,2022-05-16 19:10:44
IjvjQ9fx8bRPYcJsP8n3XqC9iAZ2,2022-03-05 14:45:25
Ik2NKFcVn9amPT075bKPlV09WHK2,2022-06-24 21:24:31
IkDm2qjyoqcv1gNzBpbVgV2kdEx1,2022-04-16 21:35:49
IknX6gomHUZRQRiCEVhQCEpy6vK2,2022-05-02 08:11:45
IksB1fx1gkaFCaAeqnbQuw1TlLu2,2021-11-16 11:00:48
Il0rcFqZwlgJWoK81qgrZaOmEgF2,2022-04-25 02:28:53
Il3gdeWfOkeALYfw4k02Fa6pAkl1,2022-03-30 13:26:28
IlEpTrwaP3cqP3tk8zZwDc3Jkc83,2021-10-30 23:44:04
IlZyv48ptiQ5XpnS0bpuoXCiKln1,2021-10-18 12:12:07
Ilwka2hu9USzpzZXp7Bc4cwtseF3,2022-07-19 01:03:00
Im3WtxPSMxOpSSDMLGGeB8Rs0Zv1,2022-04-19 17:45:35
Im7uDtWvtmTkETfcT5hjrOB6Duo1,2022-02-06 19:52:32
ImDCJ36ZljNTHw1zPXT0tUDiG9a2,2022-06-02 16:28:08
ImE7j87fgQYhIRwWvQ4ZTuNrDWk2,2022-03-30 17:04:14
Imrt6QEwRVS8S0b5KBhynmwpcVy2,2022-07-22 10:17:27
Imt2umXqibNRaQk4tKewcWdtQ862,2021-10-10 20:29:56
In9DVnU3AEemhQ7x9SKpJSM7nJ93,2022-05-08 10:54:08
InNFouqvt0V3hBEwwJmwGkaTQXf1,2022-04-18 22:24:45
Inm6NEtaRGSNPgzxolsFb3qWoC83,2022-05-10 16:18:41
IoAI9NQabfaab3aFUeSxZhmzBds2,2022-06-24 23:10:55
IoHLNK62sbSn1eOzc1YdRrDXX9f1,2022-02-07 11:36:29
IoQU1NDiVDUlyXWW8NSdmr6ladC3,2022-03-04 15:14:54
IojZmYZ5VbUnVJpBpxsbon4BZyg2,2021-12-09 09:18:12
IoreKSO0Xdfvvzw1rAz2Ptepct52,2021-10-21 09:02:31
IouTxpNnOVUFkx6jVbtpAQoMmBx1,2022-02-22 18:51:53
IpjFWtDGO2QtB0jIrBhemkPQOwt2,2022-04-23 12:05:58
IpkTTmCd8hVdQopJsH5ZrizPv7C2,2021-12-21 02:54:43
Iq0mOGXJLfYK2tejT0QW45JSkbu2,2022-06-14 06:51:35
IqLW7MHb5WTFc7t9WTjpgENTb2G2,2022-03-28 12:41:34
IqeDIHox45bllZqHyJHWVtMoCWn2,2022-03-31 01:23:27
IqjcMpED31eGKB1fFXrqq54M1QY2,2022-03-08 17:11:50
IqopUMua03TwFyBQlN8WozQy29z2,2022-06-13 22:47:44
IqosFgyPhpWIp0Qz5nuuOYPuAGw2,2022-03-03 12:18:53
IqszXVNn4WcZgFHCzmTUDBcuKo93,2022-03-04 06:36:23
Ir3ivcykVNZcA7SQ7wPeQOQYr4s1,2022-06-30 15:01:47
IrEMkIPKkwhnbJJTE6AoeNcIzkj1,2022-04-16 10:51:11
IrU0xhmzVDRGfvxnxUO3ieZ6f4i1,2021-10-26 23:21:32
IrYOZki7WaP2AJcyVmEsxyc1JOQ2,2022-02-14 05:22:29
IrhKe7wZkWSNapuJVUhdMyngJJs2,2022-05-20 00:45:40
IrtyFWVBGkQma1n6y5p3K2Rz8Or1,2022-04-19 02:11:38
IryZTuJ3e0WWizYtH1wMSVSVbYg1,2022-04-19 19:05:20
Is2nlI0jgmeraypEIv3Y8Qt2NNV2,2022-04-22 01:15:13
IsklSqC9LsMccukPCbnJgAatBy12,2022-05-10 10:10:30
IspPaCyYfERab2MBlxx94cUql4F3,2022-06-10 14:38:28
Isy5ltrwUKa0rMn68CIcqEjZZC43,2022-01-29 16:32:25
IuRpdlSfWqbZFVtlVaEb8RWnl9m2,2022-03-30 08:55:37
Iv1uTmmPVwXloSEY7t2QgAUqjmy1,2022-05-05 15:02:38
Iv2mvglKLuhSshEEKtrEl0X42s13,2022-04-24 13:40:14
IvBxExGMkfbkUg4fmRypYP4DWwn2,2021-11-13 02:50:02
IvcdAhbRRqekK1oYMIiV7mwJTd93,2022-06-11 04:43:06
Ivr9Hu6OsvZzHMJ8EoKRSBvCmNt2,2021-12-25 07:33:25
IwFugP0dy5gR3BpbUExYyi31dwq2,2022-02-26 02:27:21
IwTLv20qJpVOSps0SFmGZwA1NHn1,2021-11-12 21:36:26
IwsXYCtlMoR9lrfWSzp3uQtSpjc2,2021-11-04 14:28:43
Ix2Oowccnvb9nQEcT1kCClV4lDa2,2022-02-02 17:39:06
IxH1vD8I7KZi90XjA7BH8q9GOtE3,2022-05-24 13:57:40
IxlolEkWPxSd3oEtgIb955gHl952,2022-04-20 19:30:23
IxobByc8F1dWhM6vpvNoSubxlAk2,2022-06-22 03:54:51
IyL87xWjk3Ubi2djkBldhwfa94r2,2022-03-16 05:57:33
IySGvHsogJMdst7q1L9svBQTlXM2,2022-04-03 18:09:05
IyT4n9rhSMTVnFXs1AZN4mbBlKI3,2022-06-09 20:59:53
IyZV4NIE6vNjJzi7Yif9OP2jIW03,2021-10-05 17:12:03
IyqM1Fs22rS3QCdpOo4srkM43KJ2,2021-10-24 15:29:34
IzC7uQMRfyaTwwr5jN9969NSGh42,2022-07-26 17:21:06
IzLgR6MH3wZiTnG2gEzadMEka7J3,2022-04-24 17:32:22
IzZgWTLi2aN5zvtdA16kJKphiTN2,2022-01-19 16:57:05
J03P8FtaebWKiMVEiEnujY7QhcB3,2022-07-12 13:07:02
J0RHo1GjMuRQ05Xz4Q1ADMQ9Nrv2,2022-07-20 12:03:07
J0TA9RkSLuV1W2zwsoDOrI8vj2s1,2022-04-03 19:59:10
J0oJlfJC8ZUovjO10AtmMdNeyMq1,2022-02-26 04:15:36
J0r0N9qMNCfSLgfOrm9IaTOz5C03,2021-12-23 01:09:05
J128tzJAvXRd30hYI3GTEFdhRtq1,2022-01-21 09:14:18
J15XjuA0LhhDT04rwD62SiLSNgS2,2022-03-16 21:36:31
J1FRPP2ZwqWNxzJXukwu6bDgZj73,2022-07-25 10:23:36
J1JrPWxjAPbFY0hY33MZfrrivNz2,2022-07-21 13:01:05
J1M5GD3OktM1pYW6Rz3QtREPkXv2,2022-07-29 09:53:17
J1UC2HVO5tNvqxhD2Xnh4EDgpwK2,2022-06-16 04:00:55
J1e7yG5Gd3foyvNeZ6hbwzKzar73,2022-01-29 00:57:47
J1yzIGHX0CWGQr6RZKbCPQpEFLH2,2022-07-03 16:21:27
J1zileDi7ROuZ4rvttBnUxM2Ff72,2022-01-24 07:27:37
J26sNkDTHRYElLEGSwy1DMkfuZW2,2022-04-26 07:38:58
J2WhaQGCNXToU2y5nCGd61bOD7x2,2022-06-12 22:15:49
J2lyH8RMt0cZR5Mnwto1Pt0R63i2,2021-12-26 13:37:05
J2tCvRMksugr1GKfv0NdADXNvNi2,2022-01-16 11:14:56
J2vAuHLs5TO1L0JSXbdawYCsEXo1,2021-10-02 09:39:49
J3C4w2Y8STYeF8RoR07hGM3n1Ck2,2022-05-27 22:53:07
J3Q327YYaURVbtBqXKC6bU8R3Vk1,2021-12-24 03:48:01
J3RI4I29zofZhuO9NQpwQRs92Gi1,2022-06-04 09:04:54
J3gEaLCmQqVoh6fT9Io8tEWUhAQ2,2022-03-12 10:27:06
J3oZpUFkVoP1S54b9DncGm7SZ233,2022-05-31 06:55:14
J4IO53pO39d3E5SRuor8hc8GTO12,2022-05-04 22:11:57
J4oHszH63sYU7gzU9RDsAXIG3ks1,2022-05-29 14:45:57
J4yLjvsiXeWoYOtVmAidQ3PWCj42,2022-05-08 21:13:32
J5ILU7IgG1P30XMLXrwYgXPbhxh2,2022-03-02 15:34:31
J5QNpKyEtPTvDED0UK3QiM9bt6h2,2022-02-07 15:18:21
J5uqLxQuMKP15WkcsEs884s6zXw1,2021-10-19 06:00:59
J62NH8ZR3UdJTAtIUaFRWNp73cX2,2021-11-26 06:09:54
J6hdWXlfdOZg9uM1DIgNNN7LflO2,2022-04-15 09:33:29
J6oZa6efMVRZtoDzAB19MCsTBmx1,2022-05-08 13:30:01
J6xdkXu5zVZH7pYko6j9kUjgznh1,2022-03-31 15:27:10
J71cf0wsO1MrftwQTPTaJ7HHf4j2,2021-12-05 02:04:31
J7EmuCBNQqZzd76lhmGfOGmYuYr1,2022-06-16 21:44:11
J7HA25qemjfPJu6f5lA3rIdbqW72,2021-10-14 06:11:59
J7V6pCUp1NZUgOHbIOTMxHfTd7A2,2021-10-17 10:39:29
J7WM44wQUuOgA8F7Yprk4XvU7pD3,2021-10-02 22:31:44
J7rBgFjB1mO0ElpS6Z97YGh4QhT2,2022-04-02 09:22:17
J7urGzO5xKVY4IUXp74SC6dldvd2,2022-05-17 11:43:41
J7yGJHl17kR9Lf5PpLtDJCxNGV22,2022-07-24 08:36:25
J86hvwiGuoScsatujme06qxxxlK2,2021-12-13 11:05:36
J8OXjzAujdT0VizXTaz5SUFbWQx2,2021-11-20 15:23:38
J8Pvbq8vLjP6nxYjMDjE23i0fXn1,2021-10-30 13:25:07
J8ZZ53bopKSJDaADWsVSnclEAg92,2021-11-30 03:38:21
J8iqRbHoQ1QYWauh95cq1LnmmOf1,2022-07-05 22:21:06
J8vTloHgobRjYjWPcGzoyXu63Yx2,2022-01-14 12:41:37
J9H58aMGKvSWny1fMtzrytKx7Le2,2021-10-25 19:52:00
J9LoLzRTC6fnRn8iOdN5KDf4OnI2,2022-06-01 06:23:19
J9aKnxLCZQPeLGa0zsyTf3oHoX42,2022-07-13 17:12:31
J9vA1IxtmYbV6OJf1n275E1v3Fm1,2022-05-05 07:39:05
J9z0tT8N4AXG84eScbtDAr3GV9g1,2022-05-08 21:26:39
JA6o8EzOYicuIbD3uhrpTwgy2IA3,2022-05-15 04:58:41
JATudDgCMzWRTrdisSP997MXOBS2,2022-02-27 01:00:57
JAe2mJvKx1SeguEITZBpyRXtJ7z1,2022-04-05 17:00:52
JBMZwqHdluMcFTLjy8MXcizKUC13,2022-03-29 14:21:17
JBlA2dv4qFe42DUpLkez7e8qsxs2,2022-02-19 08:58:44
JC7jQDc5BVN9EGHHI4lDtWTf2Aq2,2022-04-24 02:33:34
JCIgMqzhfBbil2NvrJ1lHVciBQb2,2022-01-04 07:10:08
JCQy06qU4tPLJzCW9fp0z5lf4Li1,2021-12-22 20:49:32
JCcGW0R4CCPAU3iZ0Lpqks8nvSE2,2022-03-17 09:31:23
JCvYPqzgjkPpwT6JUs1dJ0ggdCA3,2022-05-23 01:47:53
JD3grtPu8oMdOwAAyVjTIARFr5h2,2022-07-19 01:06:55
JDDa2rKjCTT34zz0fm8RgTRd0d22,2021-12-08 12:25:19
JDKncg1Hoael9YfjrwlU4yTHupJ2,2022-07-26 23:50:43
JDWOeFx721OUFwMLuUZkTAwV3I23,2021-11-01 04:55:38
JDaFj7oO0DbGcZd3PHC8CM98DyI2,2021-10-19 00:36:13
JDchIj0rdtWLvrP7JbtnMvZfj202,2022-01-23 08:52:41
JDefb67dNAdXiTaI30p4QkCoOPS2,2022-02-01 07:19:43
JE3uvQkDNAfSOgoiFaRXpxMfcZk2,2021-11-04 09:07:10
JEHDUqvI78P47pX10zNFpLjOemi1,2022-08-01 08:41:08
JEVpxubcSNWGRH66QgOqsygfFOx1,2022-04-17 18:07:43
JEkX9AkcmzfAp2zU0uMbpdf8vDG2,2021-12-28 15:27:52
JEmaRVjNjxYFRhdyQOCgJbqoBFX2,2022-07-14 18:02:12
JF3vMDMjU0egIG3OZeaJwmPMgor2,2022-02-11 09:02:59
JF5cmVBOETTRRtGLzzinDTPX7Tl2,2021-12-14 22:01:44
JFK4ag7o0SeHCCMW5RzTYGScQig1,2022-03-19 04:16:44
JFOfypS8N2RAOzHMdKB7qAPNXtO2,2022-07-17 14:28:52
JFUXYtmpyUUvyLNPg6ns7OM42U62,2022-05-09 07:50:10
JFepn4a28kWGLlsooCFKND96Jfh1,2022-03-16 12:46:58
JG5XSWeQaHbqWrkTQIIBgaSuncM2,2022-06-19 05:30:35
JG7sq34qgNZc4ASFlMTPoCW0CL23,2021-12-27 17:32:43
JGHaQKMQCnXkcWgNjMufzKqyrpR2,2021-12-14 16:21:47
JGNmOU7dfYTv89yLlaEN3HC6MbD3,2021-11-28 13:10:08
JH5y5tuWjBbeRopj4UWbEKXMZTs1,2022-03-11 14:18:48
JHBieJuFOmciu54JYA1r5aEhM8a2,2021-12-21 10:32:51
JHbqCbJmQ5ZzWOyfAusbNp8c2Jd2,2022-01-19 22:55:17
JHib9lKgjNVcj0BAbfJkED7lcyA2,2022-02-20 03:41:20
JHqZZF8xJsNKPYRh3uyA6Ef2Mv73,2021-11-02 20:35:26
JI23Ti2a8rQvLiPt9vCqd5efvbk1,2022-01-04 09:35:03
JI8ZoAN3m5dyRUsqLmwzyMYAyY63,2021-10-13 00:26:59
JIbXndKfsBQH1CBacxT5pMxfB8V2,2022-01-04 06:04:57
JIk8yUl3SGYbAgwjRDKBats615e2,2022-03-15 11:06:01
JInyhCiqj2PqZ7p9cHMRgxM6WMa2,2021-10-15 02:40:07
JItdTcIVTiXTu2O9RQKLbf9LQI52,2022-01-09 23:19:55
JItoWrQtYLeVJwzmdYgG1FRpbvf2,2022-03-06 05:34:05
JJ7wh5gTwXMnjD0RrMhpAbfOd132,2021-12-23 08:56:41
JJKeC1XnMRQLfxcB3knmAvhvmCZ2,2022-05-18 22:22:20
JK0xsK49wtcxYRNzmbLFqyOBBE23,2022-05-06 15:18:43
JKHVKFYilfa12YQqUapvpSpQLI52,2021-10-18 03:21:47
JKMQro1Ju2cboP8Gp40TbOfI74Q2,2021-10-18 11:44:10
JKgo4qWlqFYH2lfECdEcSn2P8bJ3,2022-07-09 04:55:18
JKnxXnXVrqevaLpwkXKGNNwBVQx1,2022-01-18 14:04:35
JKqq2ZVfHJdl46xhE7iOIxX995y2,2022-07-10 11:09:28
JKv544v9TIcR6hkxiZcWN2EVY2u2,2022-04-30 23:24:37
JLHP4haiEpdsFCa0KDfckd2iQkY2,2022-04-26 11:27:04
JLN9E7wJzRgnjJC6mUF8Gs8pxDB3,2021-11-21 19:10:46
JLVo4lrnOWdQfFDkE22aER2XvE62,2022-03-02 03:28:52
JLX2vQEqjXSC64sLiFFeO694Q1u2,2022-07-01 01:02:43
JLq93YNW3AemVNI3di5eYiZj6an1,2022-01-14 17:02:41
JLubz9SPEYXzxcTO0FSAHPhinwn1,2021-12-11 06:37:52
JMYFTTgZyYNIfWe2sOL9NPD2PSe2,2022-03-25 08:02:44
JMcuHglOrNSaPFYzGoEVd6nO9Yk1,2022-05-29 11:05:32
JN32km40xddwdojjUV23YhqbVqv2,2022-04-08 19:29:10
JN6uzjRqdIhr9s0YyTHtGZYK6X82,2022-07-28 07:46:21
JNErWAI6rnfAo989CQulONn07t63,2022-05-10 11:50:27
JNRwXmL2waY8Gfu7yBoOu42XrEO2,2022-05-28 23:11:07
JNeoKD5rrraEyt3PdMRT3FHaJXS2,2022-02-05 07:28:51
JNhN3mPPwzYBYyF0XXHQL4yMyl43,2022-05-26 13:50:31
JNnxyEZh12b9AoHWzurFt6jYlhE2,2022-05-29 13:27:06
JObpUbKAPWO6tJ9pTc52aDh2aUW2,2022-05-22 17:55:14
JOnrPSddNhZQddxBDpIvYOPKudG3,2021-11-20 19:34:39
JOwqBJW7iZf36gVFOULhlylqBN72,2022-05-18 08:48:35
JP8dcMKWlAZHsDv4MgNUlURnSxs2,2022-03-02 06:12:49
JPF6jTnDBWQ2hDw1cO1wEjFMLdS2,2022-03-21 02:49:15
JQ85dWG2vGgMFsekklRpmhYFIQJ2,2022-03-18 22:00:58
JQC7hPntOUQF9buDB1nApInMXTB2,2022-07-29 02:38:38
JQtPJSvbrvZ6ugurBBHIrhMCF2K3,2021-10-24 23:59:37
JQtdskgB9qeW9tS5JZayYHlG7Ot2,2022-06-08 23:00:04
JRFKvtXhuMfbmlvvlNeXgn9E7Sz2,2022-04-30 15:15:50
JRJZOlPICBSso41hmXblsz8p1y12,2022-04-13 14:27:50
JRQelru6SFMs1DU65nnM2rAJFnh2,2022-02-22 15:57:37
JRVhuMW4dRZd2dNnYquVqUDPtws1,2022-04-05 15:10:41
JRYcsLy5l4hT40rVnx3aoTi2hbD2,2022-05-29 01:57:02
JRb2upZDkpRfMjFhmGIBamUQR3w1,2022-07-31 00:09:35
JRsfvZVIVnYX5yKyEty3EOlSrQ82,2022-04-17 18:47:55
JS5H7NnrRCdh0BfqLmMJkKxVSSk2,2022-05-21 17:06:49
JSAk5p8PDZMpI1cpaCaFUKeIRhB3,2022-06-07 13:55:51
JSEcYt9jXRhOOwmOyrGOlvRRocB3,2022-02-15 15:59:53
JSLJB9no1namXRzrH7aGrMnF5ju1,2022-03-03 18:21:32
JSRGWT4TRNNjT8AlUcIR934zkBD3,2022-04-27 20:17:02
JSSBa9H2SER59vf6vSjsR3p9daD3,2022-05-02 14:50:09
JSfroJhJszSQwnfCD6OjzPo3eBJ3,2021-12-07 12:28:37
JT5K1IMrqChx3BseGg9YH2Vrpyb2,2022-03-22 07:58:41
JTDbVR3W7CTdSB2VqEc2zCDy2Ja2,2022-06-12 03:33:03
JTnSUvgo72bzXo2njCJZxjBMUjj1,2022-03-04 08:45:55
JU9u8etroCTwGfBGcExRmgPQji22,2022-01-06 23:23:55
JUPnTGQCs3VnQ8i0bqaFchJkvo33,2022-01-29 14:47:52
JUTywWRkbTPhpXbyts6RYfhZFQk2,2022-05-28 08:19:43
JUkXCMOrF1PPhalLrlDvhFEJDE83,2022-05-08 07:46:38
JV6zurWCuuSPVI1WF2Dz9kXqsiE3,2022-03-10 04:32:25
JVDGQBfbvgbC9vxJT0OYTal5p9R2,2021-12-26 00:05:10
JVPngeWTznQvS2Ch1sxiLfc6bDE3,2022-04-01 17:15:26
JW6wwpeDgjT3Vu0mSPMlK12EUZs1,2022-04-26 11:31:19
JWNExZY6FOMzpwuUoh3hJwr2lRB3,2022-03-21 06:20:30
JWqa8qr7HWOa6mTyNfKufRvPSU72,2022-04-04 05:43:07
JWrP4BkjyQTwse6xRMSMXLxRWit1,2022-04-17 12:44:03
JX61nz2J38QCRMUofSBPppF5eor2,2021-10-11 13:49:31
JXTOmEe1KUN4HBM6JKkViR3SSlu1,2022-04-18 10:58:27
JXa7Jrh8c4WwakjReeICITF9Kec2,2021-11-26 12:11:58
JYdI9lnU9IgXvn5ZTIowdj6Dr4s2,2021-10-18 20:31:58
JYlKKWmlvOX8EvE1xcFVbEsnnN23,2022-04-23 07:28:43
JZWig39h6tP2UnEhVS4NhIRFYX03,2022-05-18 01:37:57
JZfCAtbQu8TaTLMcAFu9QX3O9hP2,2022-03-22 08:06:27
JZlXmb5NE8UAT80IrgWar5Yk3HV2,2021-11-07 11:54:23
JZzQb0FfLxUDI05OidmXbWdxRgG2,2022-03-25 01:40:26
JaIDJxJAfmgkVnnn8838S6q3Xpn2,2022-04-06 14:20:27
JaIPGmBXCSVF3teEIjlbdF1aqUq2,2021-12-05 06:06:11
JaNKdmHqTNfYghMV5ngJ8OeabaC3,2022-05-12 14:49:16
JamBqBS0EJcms8ZfHh6gpBvd9lm2,2021-10-30 09:15:48
Jas19h2EjuVI1xsUKkwd10xfMwR2,2022-01-28 05:16:08
JaziCE4LxKUfjjzexYExctnQ57s2,2022-03-18 06:02:19
JbFaFLhGHDcBy8EYnNPwSg54rCv2,2022-07-30 11:03:56
JbKyyx62FwV1O2vE5WVOkE9T2Br1,2022-04-21 22:34:36
JbZ8EDpLZXYEsk6ERCtAoGRWPut1,2022-01-25 04:34:43
JboJNr2i80SCPSKKoWp72UdQoC93,2022-01-28 23:30:00
Jbr1LhyAFsdo7huqmA8ZH2a815m1,2022-07-09 10:16:00
Jbs2zhF3qmfdHgq77VgSGliIHZZ2,2022-06-18 13:24:36
JcEagckbwbRdS7Tf8ft2nGCfZc93,2021-12-09 07:43:26
JcORDfDxceXpKlNi0P9nEHb7tGL2,2021-12-13 21:58:04
Jd9WjhKJKAgFeTcEBci7jPQXy5Y2,2022-02-23 13:19:14
JdRdfizbufN2SNuzJPJGhejWzlu1,2021-12-28 08:21:24
JdpWoS21dJh1qR4T8z0wraqX2F62,2021-11-30 14:08:42
Je8TJBeFteaINj5SN5w5HI0by9q1,2021-12-16 05:48:24
JepSQqIEwGOIaMXqcYuPDAQjnse2,2021-12-22 07:11:45
JeqYLruTx1SVultMWcd2j5jN2iD2,2022-04-30 14:33:55
JexTJZF8y3dgVETjogvcpIxeujl2,2021-11-15 04:44:54
Jf6ObROcNDS6SJzEt5dN400dqnZ2,2022-03-09 14:31:46
Jf7lSh9r59W9W0MHHwJsckQH4E52,2022-05-13 10:03:12
JfKlA0t7jHPBg1A4U3yw2wXwLBW2,2022-05-05 17:39:48
JfPmMyRrOrPmEli8gL6xQz4TW783,2022-03-09 12:32:15
JfT1vfqN8PccXBGW61sKcYlLivi1,2022-01-30 12:42:39
Jfc8Lm4qLQZ9jnKLYzGy2T8r9M43,2022-05-27 15:10:03
JflCaxHl76hEq92IAHRVirkzMKV2,2022-01-24 15:57:21
JfnEqOdDD8T3WgS08XtCf7jbrnr1,2021-11-07 21:43:16
JgSNRLCY64cWQmE8XbJWti3hYwI2,2021-11-06 02:13:05
JggLSTN2qtR1K2paDYmtDJHtRQt2,2022-04-17 00:19:35
Jgi3DsXIbDNPYPNrScNX9GUiVHW2,2022-01-09 18:47:55
Jh1QAkwYZzSvScowGocCcahG5Pm2,2022-06-03 12:59:02
Jh3IkETF5dfi2Wjezw6pn8cWUy53,2022-04-15 08:34:38
Jh7HoeHlMNcmlQmABvj5guEyKZl1,2022-04-09 16:00:28
JhWQTUvb68VSZKcWNTCEhtr9Pfz1,2022-05-15 07:16:24
Jhzjn47qrWchBBjxztriugqTXCq2,2022-03-01 05:14:53
JimB1FeRXpfkIwIvJeHVo9RMuF93,2022-05-05 13:04:41
JirPzZY6fSRGJeiuqwtlTnnwot23,2022-07-19 12:26:51
JisyW8eXqpUy9za4b8cI07zHNLq1,2022-03-25 15:09:00
Jiwzz60e8ebn3DQuANU9SNGppxy2,2021-10-24 20:46:07
JjZr3DKA1Tb9mpomjsMPSiarV2j1,2021-10-22 22:32:43
Jk7PrgSgSZhXMrhXK1YR4c4HJ832,2022-07-27 05:59:03
JkR8rhRcmkWSKxs1o4AdoyJL9oV2,2022-02-25 07:49:17
Jkb0gyDvYQXixixpycHmXzshSW63,2022-03-23 17:53:10
JknuNOPh51Mjl3zblh17A8QfE7t2,2021-11-07 00:00:47
Jl4dg5DbvKRUclnAIWNiid8EDDk2,2022-05-31 16:55:17
JlW9hmDoZPV7H3HP2L6zHNYXJqx1,2022-02-11 16:35:40
JlXmd8cf5gSfP5wuOQzrJZb6Sfr2,2022-01-28 07:19:12
Jls1sp9Gk3NKC2AkissCDJ2KU4R2,2022-05-26 21:36:28
Jlugni6ryyRYEKANcPHNlWeJ8EX2,2022-04-10 02:46:05
JmKGZfwcekQvv4NH2k1a3xZdwoA3,2022-04-20 22:50:10
JmPUi795yOZALKtF0KP03OJnkPk2,2021-12-25 20:03:03
JmPxuILzNYQ688ElPgJTSxyAGHR2,2022-05-22 03:26:27
JmhdrwkeEzTBUCF8G7kfAm8cuFC3,2021-12-23 04:27:08
JnDsR4VqSPbzmLPjXJPftQ7MKFj1,2022-04-16 01:36:28
JnUs7KlA5WgJMSuaxqSHfsPJ4NL2,2021-10-03 20:15:03
JniNsRt99OTWYnIxfvaQE9kuAPf2,2022-05-25 04:24:50
JnlZl3wo0uZSR9qp2dtkNXR7ffG2,2021-11-07 20:20:23
Jo0icAk42Md8z5IDBnVxluJQRV33,2021-10-03 18:42:29
Jo8kgrBvQTefi9AmWTYLr0cuaS82,2021-11-02 06:24:03
JoM8Sc1OXWUQ3mZxaaZKWlbA5FR2,2021-12-23 13:17:05
JoTiDHQOHpcz1DpvGbXYUL9NX0g1,2022-07-05 16:05:00
JoxmUCn0oBZ7w4Z8KqghZ4GfdHN2,2022-03-16 16:02:31
Jp7IFXoiJjhqTShYLo3mMsy8EA23,2022-08-01 03:02:31
JpWoyYX3zpTAMC3XsvR8tB53AYO2,2022-04-01 08:23:18
Jpsn2BDCFQhvGpefDFS6kAbzH6D3,2022-02-04 09:24:37
JqcHDg0tZIPsO7XEgznmpFwUE2w1,2022-04-13 17:57:47
JqkATo1Ab1cRP9xrF1OCSdHYpOB2,2022-04-29 02:16:01
JqnVpOCSg3hKp7fs98QZyVdPf8F3,2022-05-01 12:35:52
JrEHbQpqdyfLgXExl43iji7HzJv2,2022-04-05 12:10:39
JrL3Ghp4d3TMoAu2tTsGI3876GX2,2022-02-25 17:53:47
JrVgcOUFqzLa36o8Dvof75mPXmI2,2022-06-28 21:34:06
JrjRvRWHmwNYmeidHAnWx3QubhO2,2022-06-12 12:57:40
Js6SswfEAZgWCEhHkSDEU2IZKKE3,2021-12-25 00:42:12
JsMn7klaDtf8jxPg6EuxOe6ADHL2,2022-01-28 16:10:00
JsNtvFl844gM6hRw4cw7uV8Eq5C2,2022-06-03 14:26:06
JstWtY3X6xceN4Kk4x4cfbb6wAG3,2022-02-17 03:34:36
JswtyzKJy0NEwdUkDWBHNfWUbFB2,2022-04-21 09:20:44
JtlAxxyrFbX1CL4gBlWTQBuhsix1,2022-05-16 21:52:28
JuFJ9XsWH8hN0ZpEYotOd18HcH12,2021-11-19 11:36:34
JuJ7pAjLmGZsxpApQfzG6F2WPym2,2022-01-12 05:35:35
JubTd6NEvHgxoPJ4uxyk3rAyMO73,2022-02-06 04:34:16
JvtOVjxZDoW20hDXEtNMRPa2nhw1,2022-06-07 07:49:10
JwAfN3RKvJenSoPwwzkhQJAzL9F3,2021-10-04 17:19:49
JwGDEkLB4dQLnL0IkgaIh20WfSZ2,2021-11-12 12:10:32
JwGIaC8KJMUZwaFt72uGgdvkiSK2,2022-02-25 02:01:41
JweWxTUOCOfEOJsz1TO7qB6Z7h43,2022-04-21 23:18:26
JwndhTjFofNeZ9VwNNWhcMNodMb2,2022-05-28 12:56:51
JxqtuuhciKb9HHF4hrRPfwDfvP23,2022-03-09 23:08:55
Jy4CwdEND8c8hXXjw133X1nCRP52,2022-04-23 14:28:34
Jy4e3xmFbzMLOFnET1PbJpHz82n1,2022-01-16 01:46:58
Jys8CFTTeIY6rJGcpTCEz02cSrs1,2022-07-18 05:33:54
JzFpXVWsqTag6xRjHpjCueqJG0Y2,2022-04-28 18:57:06
JzG0m1OeM4dptll7qN1j8lqmeJ22,2021-11-09 11:24:41
JzrNvXjccRN7VlYMtAG9fZnUO843,2022-05-25 04:00:15
Jzui8n7tcJP690s34yJSbFKTyql2,2021-10-09 02:10:04
K09nbhboWTgercyB2Bm3T0SImoU2,2021-12-14 11:46:19
K0B4F6fu9oTuOyd11fWQFswDSM73,2022-02-06 13:35:59
K0jtSyq7cpevxytpWOxyEc43x633,2022-02-02 02:46:40
K10U2ukazfaG8uLLd49EvGfEI032,2022-03-13 16:12:27
K1DqHZIvtZUCFGKRTb9xLxRk0K02,2022-05-28 05:10:33
K1FxeI8p7SYNv0bypEOO8QFpXDr2,2022-07-18 11:53:17
K1PPUBgdyueMvmr6vGDQYj8MbqZ2,2022-04-20 19:09:08
K1auObdFNBeOxeKBT6fp7KOmAQS2,2022-02-19 20:45:09
K1blA3QuQnNyLnuMcW81ltTBpSC3,2022-01-10 06:19:56
K1g7NQBTNafciSrOT6Q7Oddsw6F3,2022-03-25 00:32:11
K1t0P1vh4ZfhNbqI5UGY55s5j6j1,2022-02-12 12:19:31
K1tlxq58wJVFQw0Umef7JuOolLn2,2022-06-09 05:03:37
K1x3ZZrSppXSeiowui8yAVcfgMi1,2022-06-04 14:22:56
K27FTj8flCPw2ibuF8wl0nFBE4X2,2022-02-25 23:17:20
K2SWJCCR9kTvFTW9rq5ecBnE4zG2,2022-04-15 05:59:28
K2V6apG3MKaNdIV1sIj6Yx1ZUB52,2022-05-26 03:46:18
K2l6XE241MY8FaHG7B2aGqzaHX53,2022-05-05 13:51:07
K2nKLxqsxSfH59YSYehIJd3JIbt1,2022-04-07 00:14:56
K2q4ZOpGL0SmiMUqcoSRUg2qByC3,2022-05-06 22:12:43
K31HPhnp7uZ82fRPBlARiiYjzM82,2021-12-26 14:33:31
K32T7P6U4CRidGe6slRBKLrwrBr2,2021-11-17 03:33:08
K3rc1pee89bFkf0IjknSWeF6PXt2,2022-04-19 06:47:47
K4P0TG9wbDaQfufzWWEraclXaIq1,2021-11-21 01:16:38
K4lR8UWpcoY4nQWsmtFlzWOK11J3,2022-02-26 10:22:24
K4ts1saue6YpX8us5UGUEWv1nlw2,2022-03-24 00:17:50
K52VdufkI6Y2hRfU6CajWTHvIsj1,2022-05-13 10:43:42
K5rXsQs5rrPdqM9DGrr7XEk8IX03,2022-05-19 14:26:21
K62M01ALibdDz6Zz1VpgaFvu9Al1,2022-04-05 04:40:21
K6hn4aYaSPRU21JbCRztMsM0Y5l1,2021-12-22 12:53:22
K6mEoe41t5PwsJu6w4GWR1C1NXn2,2022-07-01 00:06:30
K7001OY9KhMxZUT1ZiS50I8HElm2,2022-01-30 21:47:22
K76VMgZEblaIwMK564HGeQnL0Im1,2022-04-19 05:20:56
K7ehHq5KWXgMIqd8ExA5350tfuy1,2022-06-08 15:47:05
K7nEAgqCjMcDzgMYd9yjdWueUR83,2022-03-17 05:40:54
K7nRCzUnaXbXcEBernntXQLQgSP2,2022-02-04 10:49:33
K83fKotNzTNophce7a6jHRmuKOq1,2022-02-02 12:05:54
K8OoDTJvgfbkZsG5FXYMhyNeB932,2022-05-28 16:56:18
K8QWyn9xxye5cjDYZJPXjHMMd343,2022-04-06 13:46:43
K9Mfiv2T24ciYUXoqDgiYQUk9e83,2022-03-03 07:52:07
K9Q0eoGEabhk8WjG8IBgEaj4KMl1,2022-05-29 13:37:26
K9ZiM9ouvXRs8awH93FHkpdx6Yy2,2021-11-05 02:57:07
KAANzIDf0ChSBscy58J36ilAbew2,2022-07-06 23:33:15
KAMBYdsMKVeH2qKaFrraKlBAC7X2,2021-12-04 05:49:39
KAMgS1QjHHT8gJybqkVag8umn5o1,2021-10-21 20:03:08
KAVy0eaWiUWhVIDrpX3UgBMXHcn1,2022-03-07 04:09:25
KAnS9H5xciaSmOjt87jCZ7HmZQ73,2021-11-13 12:11:18
KAxkECRWA7cmbraGLRI0T4sI45n2,2021-11-21 11:36:41
KBJre4YENfYhhql9iRzrjjeXZHk1,2022-05-28 09:52:40
KBOvw5CjnfVOH6khJAdnL4pRDJJ2,2022-04-05 04:32:26
KBUcQBLI4QbADC7yk0h5UoyHE6i1,2022-05-05 10:51:13
KBbyiGDrDHS6LCLTHUpJEWAcmx43,2021-12-26 10:05:19
KBmeRl2RWhabXLH4TFZmdkhejXM2,2022-04-24 22:13:24
KC9frn3NQJNfLA4o89CSE11R9Um1,2022-03-26 00:21:21
KCEXbYlAJ2da1pq4GERHrLSE79a2,2022-03-07 03:10:07
KCOHurYCXzWEBaNh0qWsAKmwWHR2,2022-02-25 10:57:00
KCZhUhXMV1N9l7qQH3mhWy0lAip1,2021-11-03 02:09:13
KCfCjVlhicZhH7bfrm28isCqcnH2,2022-04-07 15:23:09
KCy5Jik59cUD6peDfzeoK7NljY12,2022-04-27 07:54:59
KCzZrAnnbabXsfV5y2KSJ1xPa5l1,2022-02-12 13:31:44
KD4Mwn0ZkOe9P2VPL0VDcswJr0j1,2022-03-20 22:35:36
KD6o2TqbsQdIjpJHDUMzRZ9CpIX2,2021-11-28 16:55:20
KDAMufooKqXQdTYfKBSXzbavwus1,2022-07-19 19:18:13
KDD1s4ex22bSlLLOvVGLpW4qwJY2,2022-05-15 21:44:42
KDNCaECiWsfCNiS7YRfvA88JTEz1,2022-04-01 10:38:37
KDnQgQfI4wfXOcf0pwGuzr1fgws1,2022-05-01 05:12:41
KE5bffuagQRiEs102bBaHayhVEG3,2022-01-10 20:11:16
KEBinYIBorXy52UYO3XAHK5jbRA2,2022-04-21 23:42:19
KEYvRWe55pWm4cTCFQurOm1eL2m1,2022-01-13 08:11:50
KEaFBPlSGFdoxOM0DOqbmM14CtL2,2022-03-06 06:59:37
KEcfZCZXooYMPXQVdjYa5joHe4Q2,2022-01-30 14:34:26
KEi7Ro7pA7ggKaTvBA9qZOo4iqg1,2022-02-11 08:56:57
KFG9h1udAcXYYY0oHvlWbG9BUur2,2022-04-06 13:12:34
KFOyopWrQrYCtX2SJ9QNlzasiQy1,2021-10-31 13:48:16
KFUDrC0vkVX3dro1Q1obRN1IVDA3,2022-01-26 22:44:17
KFVo9yHFj7g1erw1TISUMNxB1iD3,2022-05-21 11:53:07
KFvqShrfXNaUxZXsiNW1Dl6p5232,2022-04-26 09:34:02
KG39BLldkofCbk5UufeaYmMgSUn1,2022-02-02 21:15:07
KGlLHE0AUjfCJFAJviB93sL1z1o1,2021-10-02 14:10:19
KGqaQwxVnaYVY0rzvFkGDXqdEK82,2021-10-11 18:21:39
KHN0X5398yOvtqtHjci8r677AmB3,2021-10-12 14:23:25
KHOWm4C0NbQwbVky3UcbYAwOzji2,2022-04-18 11:30:03
KHbzRI1hjaZrsiCcChKvHm63EKj2,2021-12-09 04:56:42
KHrUgdgbEJd2VBCihAWOWRPXBvE2,2022-05-27 18:16:22
KHwkOUWoDfSZn3jijvkXJKT0vXt1,2022-06-23 11:11:43
KIDrfwz7fgcXQCoCr1WjoPrlqA42,2022-05-24 20:07:14
KIJKK2K5zdMzQPOHsNAGS0H5fsB3,2022-03-29 07:29:29
KIKSJs26nUNW9stNbW1nNca3vgK2,2022-03-22 13:15:48
KIOEJJ2de8QASSTYYTQIuVVbhvx1,2021-10-26 20:49:33
KIVQZd8WMLRjKMBtXmNoLxI76ah2,2022-04-05 20:04:55
KIpXlPhi8dbbjbx9UhDyzTIPmyr2,2021-11-08 12:26:53
KIwXmsenVxbGK3CL2pYvCrgVjFI3,2021-11-20 11:43:57
KJS2uxYrJjYNJeOF26dDt6CPEKs1,2022-03-21 17:20:03
KJqr6Ibpi8QLvtkcI0nfdzf16Vm1,2022-02-20 14:24:14
KJxPpVGtQlRxYXZxC3LWVY95WVI3,2022-03-20 05:29:26
KK84oHJxBff4xZjl3OgJEnEPLj53,2021-11-08 19:08:32
KKWOqGHmS4ZgSbI6ZQRqiXMiiNH2,2021-12-13 19:35:34
KKvFYIWcQoZsQGpStni1cBjZhWg1,2022-01-18 16:51:36
KLLAaq0kP1dYgAyNoLrFJm01Bgq1,2022-07-26 16:46:03
KLO5tFTpy7e2GPliBvFcS2qP3U83,2021-10-08 01:43:39
KLY0dqvxRmhwlfYtuF3HAxa11GH3,2022-06-05 22:21:13
KLeXRSGynCYkGljVxWnOoOxEm3F3,2022-05-09 00:49:54
KMRHTV74HDbByykDamlz55EzLmW2,2022-03-07 07:54:55
KMkyTAxQgOdcXLugOhsyPBOJQqo2,2021-12-17 16:08:30
KMwnYLMSPjO307FCePghMGWRabJ2,2022-04-17 10:31:46
KN9Ja1LzS9hq82Cz0bBxq1Kkz1Q2,2022-06-01 14:01:20
KNI1sceLkFOkp1rKsF7Ub4m6JNw1,2022-07-19 12:07:45
KNlxek6iAdUhJjXIaZVoRtsHqwX2,2022-02-03 08:53:56
KO9u2RPSPBcNUn0fiIRZMdW4d2d2,2022-04-03 08:53:19
KOsz2G4pgVQpiBcMG05pNVvDoB12,2022-04-30 17:02:29
KP00AWjfYWOYYqP8opN1WQbkbFA2,2022-02-17 23:28:32
KP0ehGhh5fZ7WNQV3KyPa6BlTNn1,2022-07-19 11:32:12
KP85PMOlXJbkXrqpujnvByly5Ak1,2022-01-30 06:28:34
KPPUD1ZmGPYncK5MynhaSdv0lp53,2022-05-14 06:06:14
KPlsN4JFdAf7ruSt3amwa6o3R4a2,2022-04-18 20:17:23
KPwmc6FJnphJqSklGsgWbMTCRHb2,2022-03-13 11:15:21
KQG5Nvj16GM0U5LfOSsaBMFKPQa2,2022-02-23 17:22:41
KQTm6SFCFjZsY7F7I4YUVhhKzZn2,2022-02-16 10:30:04
KQuGid2Ww7U7Hrra4DYsd6Hr60v2,2022-05-09 05:27:00
KQzLRW7n5HRiRKA5MabGs2piSJz2,2022-03-08 13:40:32
KRTePVYYPeewpsh1DL871SGJQCC2,2022-01-15 20:41:31
KRYIJDyn7Kbvr7tKchDWNXhOlp02,2021-10-10 06:11:11
KReD5NOhLdVkCX3vl7VRfJf75Jj2,2022-04-16 13:54:37
KRnKeAX86nc2ptmiutvqxsGe43a2,2022-04-21 07:43:53
KSBVosso4WgJz0yC96iQEbvGRSl1,2021-11-02 13:44:51
KSfeExYA1VZ2KqnrYUhXpiCvODC3,2021-11-15 11:45:59
KSnoxd8TbLRRJlistvf06HhYrlB3,2022-07-03 22:55:38
KSrU2juJIYb7B2aBJJdDAFjJeNR2,2022-03-16 22:41:23
KTKBAWyD0pRPOxbHvgUlLpJ32n72,2021-11-19 13:14:26
KTO8DFgEkVhOxQ0DgXLZulA24po2,2022-07-25 22:14:22
KTPgOkpFx5dBdSj6iowtJI3VO833,2022-05-22 07:52:29
KTgl96GcviPw0MpVOS3HdCHSujj1,2022-04-15 22:45:41
KTkxzBuTEahts6rVRWADjF4ZJrE2,2021-12-26 13:08:12
KU8mmVFUWmSMdymDw6CY0ZYv7Pi1,2021-10-19 15:14:37
KUBH3TUKemQSsHV2HVTbIxgEzjp2,2022-03-15 12:47:32
KUmz68X22PgSpBa1wHlrpC0mCjb2,2022-05-14 12:07:18
KVeYuJCDvbhTtjSCi1t4sJ9N3w93,2021-11-16 11:38:34
KVf48LKfXIQiAGG1TB1SamZJs8x2,2022-05-09 22:22:23
KVklkoQJEMZZNaJi16bXrZQHIWq2,2022-01-09 05:51:00
KVp5prTrsxM9ZlvvmFBowXEGJKS2,2022-04-12 00:53:52
KVsCPtBbA9huht6diOyStKaCsb43,2022-03-19 18:56:22
KWHHw2KlHjb6y15UtwJJlA4bBDz2,2022-06-05 03:22:31
KWO1nRllI5WbCIKxkIYh9DXtAU12,2022-03-06 20:32:54
KWOAl6ZnK2Z4CYVdAr8g6Ef6eAi1,2022-01-01 03:54:37
KWqUBJdkmKXL4dtVFEp0nE2OS7z2,2022-04-05 08:19:49
KWyDahnKpDeshtmVownSnJHhNpI3,2022-04-27 16:59:48
KWzp9MgbAURPpEAKhgsPh2HB3ku1,2021-12-31 15:35:47
KX8MLNgOnMfUpHSwt95rxpaQB2z1,2022-03-26 15:14:42
KXHuSxKJsuV9K3K8HzyHHb5laXs1,2022-06-13 10:00:21
KXp4GOKaJ3UhQmTbOBaKjbUoSHv2,2022-04-27 00:41:15
KXv0LeGsA3hWTKfkW3Va9PxytN72,2022-06-05 06:02:35
KY3Ma7xMAYXb82HKPrB1eof6Pi93,2021-12-10 11:39:21
KYAsti5lOtYCm0yfI7NOSyhfRQt2,2022-04-10 07:48:15
KYgV3GLkufWbYLrEw0bb2oSE7bF3,2022-02-18 20:27:00
KYl9hRkSlKRplfRcVf2nTjx5Nqr2,2021-11-25 01:50:24
KZEr0bPeeRM2xCBtjownyAonntw2,2021-12-22 05:44:55
KZL2SDeTfGTconIgTRaekPpo6cl1,2022-01-07 08:32:10
KZUZq4Bn5yaf7UrHzVQHOiASZnz2,2022-06-22 18:48:25
KZnDiYPeWDSMsdH6J2vKdRJcfxG2,2022-05-17 05:51:11
KZvwYr6PiHUBGRJdBdP1fnJVJpZ2,2022-04-22 09:42:13
Ka03aRlFJNYZJdsLuwccoTsWzb03,2022-03-28 05:42:01
Ka348HhzF0UWCLm9C7WvxqPCevY2,2022-07-27 18:02:01
KaEnS5xRs9bdm6sj5L1r4JiJRQ22,2022-02-17 13:26:42
KaJrplAgOIhLYhR6MokWzNCWb933,2021-11-05 19:03:05
KaS5mbWX3MYocG492HIUEG6Kgpz2,2022-01-20 23:36:11
KaZUr6EgM6PAMdgvmNPX3HX2c362,2022-01-05 03:29:11
Kale0WhLdMWzKYBVTNfRy6H8N263,2022-02-26 03:11:11
Kb2hwMRKnZgI9gifyHCILCZtj0z2,2021-12-03 15:18:52
KbTwQP5WHlYLCq5jtC96jbhwRQq2,2022-04-10 09:06:26
Kbip8OACJPZLmNQAGHeJY5pmRsq1,2022-06-13 12:48:59
Kbpw3Fb9VmNHjQl5Y0IOwuFn1k82,2021-11-04 05:02:02
KbuRUTrMoTZ6ezf3LiFrsUJ5zW83,2022-03-16 15:59:37
Kc2amGsK7xPOCDclaWKcUxGObgl1,2022-03-28 14:00:07
KcHZ1ksVIxge71o7RdnNQZ3Jc2Q2,2022-02-16 13:48:48
Kcr9PW2DGLQZ7d9y88nbvsmwXkv2,2022-03-24 09:03:55
Kd53mx6xkrWu7rOkUXsyue0DN1n2,2022-03-22 17:27:12
KdbFPvNMLUNG9RfePSxHs8CmSUE3,2022-07-06 00:59:09
KdfyfA2czEPuSwxBcwuL3obr00E3,2022-05-24 17:29:01
KdxhaRaFWmfgJX9ex9OZP9j2mCu2,2021-10-31 04:46:40
Ke2pJEyI5IfHk2WuNibMsJG29B03,2022-03-25 14:51:34
KePgJCbt1vTaOUAJh1Eu1hQ05wD3,2021-12-02 15:08:03
KebJkaatsRhUa2Iaknr21EBfxOu2,2022-07-30 16:31:17
Kf5S9GtfK6Pb70eT5zrff2bWtrP2,2021-11-07 07:43:28
KfC174b8hVbpLmEvQRqFnk6np9e2,2021-11-10 04:04:24
KfKkJ0bM58ZTK7sp1WHiZenZyqv2,2021-10-17 16:14:53
KfX7B7Vc2BdaZAJeWaiQsICZXY33,2022-04-18 16:16:13
KfquY5VYI4WohXBxe4b9AAhetMH3,2021-11-23 09:46:53
KfuI7gO9cZSuXyFd3BiJiwybEpv1,2022-04-24 17:58:27
Kg8V68y9WmevmjVwxhevxVoluG82,2022-07-19 15:08:54
KgAjqp2LtiUq22aCLYYi1JjLErY2,2022-05-27 14:55:32
KgTggos7cKMioPgvzuDKQZDGAEp2,2022-05-03 15:48:48
KgqjyZHAdXe2TXx7IY0A3bLPreK2,2022-01-05 00:35:01
Khj56iW4A4QnojxE7B4kH7P1FCq2,2022-04-16 15:52:32
Khk15G3PCTYQFkEEsN3prR6ZTmJ3,2022-05-04 04:46:36
Ki84ITxAYpWpp7kx5NQZo9rGuCF2,2022-03-07 12:29:10
KiXA1FtAvPdryRGPTWdMdwJXQUq1,2022-07-30 13:56:01
Kihm8uZuJ9hBK07wspASi6Hpuir1,2022-05-28 17:06:08
Kiu96UECQId7it85KRXNlCSdSBs2,2022-07-16 02:11:29
KizhhUULBwfDhThlRptjU7XYybt1,2022-02-21 03:21:23
KjMR5FyAmUg8NKGZymMnCgBuE9t2,2022-04-16 15:21:26
KjRlLPvRnpS0yC9hNrJk1AU3VZq2,2022-07-16 00:21:22
KkLz6ep29aRPCoBrVnGMqjob5BF3,2022-01-15 19:21:45
Kke7Olna0hgbDLVMBmroUATeCxA3,2022-03-04 02:23:30
KkrShj0eqze6YgMhLfaCBeyIZz72,2022-07-07 09:28:27
KlBSKe06MibB6yK4vfqvRTfRysw1,2022-05-31 20:06:39
KlCHuc2zCzNidRoAGPy7RRWw41A3,2022-04-06 15:21:23
KloK0eHrXnSb1eH5lrScjkRkkEw1,2022-01-03 14:45:57
Klrv1KL8C7baDtoqdLNjZ6BDNjf2,2021-11-26 10:53:19
Klw547mdt7TvaIHfWCVhJLYWSPi1,2022-05-06 20:32:41
KlzHkwSUlyc6pyYeTMdKke2dHOH3,2022-04-05 12:46:50
KmKF3nHDoFOmPDHQKNxdhHLwaTn2,2022-01-19 12:29:56
Kmd54h9KSwOICCUNcP1GK2VsI0K2,2022-07-30 07:39:56
KmlEAWV5IDf6Fcj6egsxuRYEfPs1,2021-12-16 15:29:25
KmlfUtrh0VWbtGWTFfqhwBcVab62,2022-01-29 16:49:30
KnGfVUOACPb1iNFgZCTVdY9Sl6J2,2022-04-25 04:31:09
KoLPYK2sh8SVdBqvJRbw3Xok4hN2,2022-01-09 04:22:22
KoOzI6S6wLRPSab7ZfowbWkYPhr1,2022-07-14 12:04:13
KozpP06Su2ShODEniXg734g11ku1,2021-11-06 21:12:14
Kp4TcdPOwdOetNriGfgunetChrr1,2022-07-31 05:06:24
KpC2HiOnCYVyr8DxhMKeRszZi4v2,2022-03-26 09:05:16
KpCSIL6wXWeK3QynIuNtFyeYhtC2,2022-03-09 12:34:19
KpSouf9sktaK98kwUjHA2kW2XKC3,2022-04-26 11:22:18
KphrgZ3rOCdiR9xKTaNKyBSMsDG2,2022-03-26 12:50:26
Kq6r9FnaMAcmYvPpAaHxjp4xAOx2,2022-07-20 19:23:38
KqMI2o0n4nMXIqUn6YDNSw5KKjq1,2022-03-11 01:31:18
KqRBPEHqbjgsbhmnAteO18OgrNn2,2022-07-01 11:33:38
KqeBEK858sYu6DFnsfrOoYTFun43,2022-06-02 12:50:29
KqoSVgFkw1QkrQ5rYlDwutkKDvI2,2022-02-10 01:33:36
KqosO50FA5hdPMTyj3a9SHhTa2o1,2022-04-18 12:22:27
KqpIJ1MZmkeLL2fpMJ72m2IkVyi2,2022-01-27 16:32:01
Kqztgypn2eeZQ5vIFXl1XTgMQwG2,2022-05-25 10:27:45
Kr4a2IjmZgecWV4j7NKdbKAdyjN2,2022-05-07 15:37:07
Kra1c0l6pYRrfEI9Nrm9tbPnwNH2,2022-05-25 13:53:59
KrhYkJnMFFeoteBcqFU7FD8SP112,2022-07-17 08:40:06
KrzaumfparYbzucdjRqbT8ZD5lV2,2021-10-19 21:58:24
Ks5NCa3iB2bvomiQ05huVeurPcY2,2022-07-21 14:28:20
KsEnFDQUTTbPyWa1WbSiCGP1FNu1,2022-05-17 09:10:06
KsU9CAcg5zRV5oBnFOjuqBSadrq2,2022-04-19 15:28:46
Ksdi6rARfURKccAHQAvLCIkZK2w1,2022-05-15 16:10:31
KsfOJ4EnJWZRj5gXedTouIVKkYt2,2022-06-15 22:46:55
KspdYly47xZzARGURbcXa1XcIIV2,2022-04-20 16:52:38
KspjzDWHzPQo8p7QFghOas8tJvh2,2022-01-03 17:40:19
KssfHzu5IDXIrT3nEJY78IZzylj2,2021-11-13 19:42:59
KswLCUYEhcMKXg4YtHrNajrrUos2,2022-03-23 14:20:15
KtHILQqbx6MxOiLSnIKOepBviEG2,2022-03-05 12:05:11
KtmXNhoTlogJEXCKFNeJgS0AOdS2,2022-03-10 13:53:44
Ktw76mNx7BUGh4IuBaOc1qsLnIj2,2022-04-07 14:40:15
KtzqrSxGu6YswRb2thHEvqB1FB52,2022-05-30 04:13:56
Ku6UsK4cTDhJN4GEAtGQouly30P2,2022-03-15 08:14:50
KuNbceF4J7SFhGT7bBmggXIFg8q1,2022-02-07 09:19:28
KudcwnJkh9XUQyQXtHq225ppAmJ3,2022-03-08 00:00:43
KugXdkxKaOSHEi5RaWoKIdYqW0w1,2022-04-21 18:38:46
KusbB19YKUSE3Re82h86dpdHuhI3,2022-01-14 15:36:23
KvDMaVl8QCdTpru2ALWeU8VHjGw2,2021-10-31 01:47:16
KvX9doaKn1heaYfO4ZWGc1qgzYv2,2021-12-24 23:31:35
Kx5It2b5IwWSzIYnpuC4VU2ycVU2,2022-01-24 04:51:18
KxDdbUm06POjh8SPm7LOAwTbGQh2,2022-03-23 09:37:51
KxH64aRlZ9awjqP78owspb38JbJ3,2022-03-28 12:05:12
KxHvFpBLCrYtTxiz98MlB9wDJbg1,2022-05-29 05:23:33
KxIXVqy9h9RZEUHy36TNtERMtck2,2022-06-10 20:18:47
KxrsszXd07bXlDLCviXWoSAXFeW2,2022-03-20 05:26:56
KxsvzmOHWMTwgwuDcdqo7OhVWjI2,2022-04-20 11:48:07
KyHDSY6OEoY5VRnYOhvP3nggMT12,2022-03-20 19:50:39
KyUtLsxStTPIYJ4Yopa4Ziipw0n1,2022-07-28 18:00:28
KyXuXO2JQnhEYpVydvvJ6gcd3zE2,2022-02-17 22:17:25
KyZFnM3odFMKFDMwPJppKiBkGo22,2022-05-28 05:52:09
Kz3FxQtnjpRo7PundXAWl3fr6NQ2,2022-04-19 11:01:48
Kzd5hS8RccWU0bWnAnqUzumlAap2,2022-07-09 08:31:05
L00l5H8nrmNF9SzVLwHb3SaqUom2,2022-05-16 04:04:54
L0FmA0jya8OFcohOzNtrHXTY4ZG2,2021-12-06 12:10:26
L0GBBXJRWnOhjSia47cq7SxOQQT2,2022-04-08 08:25:30
L0bT8OVMBrSs9yl3Oa2SFnybF342,2022-02-28 21:00:13
L0bah2NzvrU7NRCZ9oyVZAq9Ep22,2022-03-09 06:53:51
L0kR6GJ4FsfdtQM8vn998feGhKJ2,2022-04-17 15:18:36
L11cyfEtMrWVU6mSsd8Ggqh5S7J3,2022-05-08 15:12:39
L1ARHnkhnFNHaFOMoIABIBWuXE92,2022-05-04 06:25:38
L1E1jh3ov8PH82O9bGiA5lSY2xJ2,2022-06-06 04:11:24
L1P1TCPHnSfcZVQJYTMmjTb6yuw1,2022-04-02 11:43:55
L1QOvv6fGcYGZEIBdeBLqi4Q7Az1,2022-01-14 10:45:34
L1QRZU6alHaauK3AaQqCZLEsu8r2,2022-06-02 11:21:23
L1WX8yeNfQMT2fYsTTsxRVHDA1a2,2022-01-21 09:13:05
L1WqJYz18GRDH6fVtPPwCNHbCy23,2021-10-22 08:33:45
L1c5PSjRM0OSxfAsDRY4Y7cIDUy2,2021-12-24 18:59:27
L1ftOJu686TmLKy25tbT5ClamTk2,2021-10-26 23:16:45
L1plzjHcgvghY1NBnfLJxeaX6a33,2022-03-06 07:13:43
L24vRLtp1fbvMhkjacLyNy10P842,2021-11-11 05:48:27
L2EgXOvUN4YT0PQjnrpoLJ3fLAI2,2022-04-14 17:29:05
L2R83Aqe1NXJwAKoV4fUy00cRPx2,2021-12-02 04:57:48
L2mOKbYL50MEKDMr99S9NujYNBq2,2022-02-06 15:21:29
L2rupK5VJQhaORFPWlQszXqMg8F2,2022-03-05 15:18:36
L3D4JTAiU1NDWt2wjUcmgcFWjAA2,2021-11-20 23:00:55
L3LHUlr0K8X5Vo38VRuXm8Y0YBs1,2021-11-28 14:21:50
L3PARhAMdzVuIDMsVUlQjkwr3dS2,2021-10-08 21:52:32
L3VQEnDi03ddwjy2JShkUk36Ctv2,2022-05-25 10:22:38
L3lgR2576YTh2c9IWVvSO6nWxqv1,2022-01-13 04:43:45
L40jQgTgkAe8pA3Oa8jG68v1aZW2,2022-03-23 11:20:17
L411S4yrkyVI2gjxXlccJNWl8xK2,2022-03-28 12:04:05
L42RMYdOxNWZPs0BnXTjuwaDQwr2,2022-05-13 18:02:46
L4F8zGOpQ0hfFLH0k58iKkxXabI3,2022-05-25 12:28:57
L51eiX4E5gPHZb7XkFsGwfjyiTD2,2022-02-21 20:07:45
L5P8kEQMprMn5TX1zGfg5PGgiKR2,2021-11-22 08:55:20
L5Z19ezfnuQXXuLcDAXKPgj0SVy1,2022-05-06 03:36:39
L5fIM5SxCESDMp37PF0jKv8akhd2,2022-03-23 06:37:05
L5nt4oF5j8WyxI3BhQKMrIeNyTl1,2022-04-18 08:47:22
L5xLCuY6EkezsNB3DETwhEwCdRy2,2022-06-24 14:56:40
L692GWknqxYg0YobNh3dLTKXRCl2,2022-04-11 13:30:23
L6p5vLVEAQdqVcfxMknNdgRDuyF2,2022-06-04 17:30:27
L6vN09aIxvOmPHlEFhLkBQCX29x2,2022-03-17 08:07:23
L7D9PgkIpYYLGe0nbmPQVAtSzv03,2022-05-04 12:31:56
L7RVlADiZmchGJ8UoKRIrNeXUMg2,2022-06-29 13:14:21
L7jasO3fbhgg2tS01P0VJEu5Vs42,2022-04-16 16:11:15
L7oQSRZfKbgXmkHdV3Zc9HU5mCI2,2022-06-17 21:34:36
L7pWezTcQLhBA9mYEbFD00ivvel2,2022-03-11 05:52:18
L7rrbYjKRaZ72YLRJAFEN5f6BIH3,2021-11-28 01:41:57
L82jx7uyA3RatkyUFqIgc2SaqUp2,2022-02-01 07:10:19
L90OGX6NYEYhBsBUtaaST06TXrg1,2022-06-08 07:25:17
L9PmLYklT9df4n4ULz9gAGE3hCX2,2022-07-26 12:56:28
L9SYZlD39kVQJs9EEPeSScAFnXj2,2021-10-03 05:46:47
L9Vppb1lAnWBe0j9mQzDz1aXF4w2,2022-07-30 17:42:16
L9aHdlWYaQMtA5Dc2QOHhRBw5fg1,2022-07-10 13:35:18
LAYfNSJkYah3cKGTULs2geNyZuW2,2022-04-08 00:26:16
LAdrrdnZNnckMpU68KJkrKNYm3F2,2022-02-06 16:07:22
LAoJt6PwLpc5rP1kwQ4IgGwJg7l1,2022-07-04 02:32:53
LBA4a9TbbhWbe1dq9DlB10odtpf1,2022-06-15 02:32:36
LBCl4YmFw2Yz4GPbw92I4szjwK12,2022-04-19 15:22:14
LBMeK2RzTpMmrI3rpQXEgmrNvIj1,2022-03-04 14:54:19
LBSAeoiF5acfmgVv3qaBNhxMf6A2,2022-04-20 01:19:40
LBw0Y4R8L6XfISE9pNRSMz10eyk2,2022-06-15 06:57:10
LC8CjYXOePRXWo3Qx7yV5P2qK8L2,2022-06-24 10:02:51
LCZ39qkqsWUxAjwNBj89uXKhT272,2021-11-07 13:17:54
LCni2XE7jWZeY8tvtx9QSydnA6H3,2021-11-12 20:45:04
LCp2KVV8gneRP81SYlxHpG0W9g33,2022-04-07 13:58:39
LD8Nxey2KEf8rKMsrC8nqdcO2FW2,2022-07-17 18:44:02
LDVDsvuowsMUXlO9z6F3DMHbTYn2,2022-04-22 12:47:37
LETObBelfzOeLKB1SrIgNYc43WE2,2021-10-08 14:37:54
LEcxyZ1iS2YCA9evz7OKiKy04CB2,2022-04-17 08:50:59
LEjlBGESTGTeV5ClHK6JXhNrI1F3,2022-03-25 08:08:19
LEkA0YyU5KRgqwxWDvlPOMXD1KR2,2022-06-16 08:15:55
LEmhQzIG9FMKa3vswIidTNPR0jz1,2022-03-15 15:08:07
LEotnOyBUcP79TdTvXRGzgZ52Jf2,2022-04-14 01:26:10
LEqOvOagqYMzBXr33jzsgBw8MeA3,2022-03-28 17:35:29
LFA0BxaCl8eBPmMz8i80MT9XHM23,2021-11-03 13:44:30
LFKJ3TpeqNYboXIhCVLxUtSauCq1,2022-01-31 18:35:08
LFS7YiBclTQH0NkqsL5hOtYfOkW2,2022-05-17 10:18:12
LFXExvhUj5S5AIHaHOiijidGF0K2,2022-05-17 08:43:41
LFY82FdMOnRMiONUtQ9fZLrUBRm1,2022-04-18 02:01:33
LFkKf1MAjfSeaKo9fuslbea7WYG2,2022-07-09 09:14:30
LGRkVtVDRhXOj9x2zlapR8l1g2l2,2022-05-11 17:34:10
LGTpAM7pfLRjCO9ZcaTQ1FA8Gjc2,2022-04-28 12:13:27
LGkgLAp0GJgipIDLiwNFFayA1pC2,2022-05-07 18:36:23
LGsYNKduVJM6U7kRwxZQvwzxal42,2022-03-20 18:40:32
LGyQdqNd3ZSuOx0ZuCsTVV84NTt1,2021-11-18 15:31:44
LH8cwdtkRNhOvPWcR41RJqW00Dv2,2022-01-20 10:50:51
LHC5z36prAc6eiHnkatAx9gSjiw2,2022-02-22 02:56:41
LHF5BU4sAnb3zgWAc2WDwEiGsuk2,2021-11-04 15:17:05
LIMlQW6dKSc9JhPRYKqo93PWoon2,2021-12-07 16:15:18
LIePrDS0IUT5gb7RLmGZKK9ttrq2,2022-04-07 09:33:48
LIpUdmirNJMoQ2JB3abws6oT8Hz1,2022-07-01 10:48:56
LIyMUthrkAQt8sDLvKPcvA4ZWhX2,2022-07-29 12:22:05
LJns96FAVbZ7nzmul3mbFwhnfFl2,2022-05-17 15:38:53
LJtcAh5jXyRdr8xOSP8Mbo4hDba2,2022-06-08 11:28:51
LK4Wyo9rGlVN6LCaaf9MGy3VlHj1,2022-04-21 08:52:41
LKEhnQRbKFXgCHqflj6tLbCTXPK2,2022-03-23 23:39:38
LKGrlTHRlGgncECmn2HUBlZLZWw2,2022-03-30 21:03:25
LLSmBXbLHnTzQcJSlYIy1zlAGu42,2022-03-13 16:11:50
LLdMbw5xLGbjdVIMspVZfUmB26Y2,2022-02-04 02:10:01
LLm35iO4PKSCgSdvTxpgIrObcI53,2021-11-25 12:11:29
LLrv4KKZlISZN1ZALUqPEvmlsAr1,2022-06-11 02:05:20
LLxM4lHr6PT7bUqak2fIsgu4rLE3,2022-06-27 06:41:41
LLzjFokirzNjxLR7jp1exHknmVJ2,2022-05-01 11:14:09
LM4TDRaF49YQMVFNdwtK9iTxCSw1,2022-01-30 07:17:27
LM9GCmNSLabpV1YmYCHI6LZP9Rs2,2021-11-01 12:05:17
LMEHAC3Qqmafba02We8SNXjQiOD3,2022-02-25 04:28:46
LMGednKCkVXs1iQDyuEFvZer0u53,2022-03-23 22:25:30
LMItxE3gYBUiIiQc2ZeCl7VssNQ2,2022-06-23 01:27:09
LML1IqHv2aM18h773WuheiiDElc2,2022-07-31 11:08:38
LMlNIPsh6gcfynyIQFwpju9IkOj1,2022-07-31 02:09:26
LNR6HKrGHjfVbjMRkq1lbuwiCg52,2021-11-25 02:21:40
LNYfT0WTXScuLiPOsDy2rIjANfb2,2022-04-20 10:52:11
LNqqGcwzTeV5QCSEw5aQ4yLm9S62,2021-12-05 22:15:01
LO0f395xvyLNdYiWRbsHLXIzyb03,2022-03-07 03:58:24
LO2KCV6wsDciWzcyDt4jJS50oiz1,2022-04-13 03:37:28
LOB4YLquVBWjdB0Kk55eNhfw3Xr1,2021-11-25 14:33:53
LOXWa6ZDBcPrJ9BLVYUb4H2LtCi1,2022-01-12 14:44:17
LOdShoBoH5bx2iPYlui6a5kpu353,2022-02-13 22:55:06
LP28dtYTUKaW8lbnrVi9ihWnL5x2,2022-01-23 14:39:55
LPHmF79eIUaG9z3qVTo5J9iHQdG2,2021-10-06 12:27:51
LPtFYb9QRHXFRTihMRYYQVh7Zj62,2022-05-12 16:18:38
LQBvJzqTxbXcSNrNGRrPVYIz0W32,2021-12-21 17:53:11
LQcLycH3JYf1e6SuKAO7Habd1am1,2022-05-10 00:12:38
LQgaFYbFtmU3FRIDu1FncYAIqX93,2022-04-05 15:02:20
LQmB6eIjR4esNzsDBTeVUIKhY462,2021-11-06 19:54:09
LQnVe78jhyRP4Rm0Lgi9leUfKgs1,2022-04-26 12:27:44
LR8sXPexdwgQVVCoKbOh3zOeZto1,2021-10-17 18:01:11
LRAA6clfXSSL1sLsE44MYcHhKNv2,2022-05-06 14:32:16
LREb7d2qC1gKv5gicD3cIzoOTyi2,2022-06-12 19:52:42
LRMoNNxAu6POJ7rSip6RvgSSPXF3,2022-04-05 11:24:21
LRUEiyXvT2NinXDmYeNHqODsrCA2,2022-01-08 23:22:11
LRalkpAjgjXrKasgdMf1mS3Omw22,2022-06-11 14:41:35
LRqV4rZ0E5YrZe0IvR2jX6xuiMh1,2022-06-05 10:35:43
LRtXS35aH4e8aF7t9EALPFnYAfy2,2021-10-19 19:20:24
LRukm5FtHHh6H2bxYrwG7jbBe3v1,2021-10-29 18:25:27
LS7fngOv0DfAZA6pNa8jbnq6sK03,2022-04-13 16:19:33
LSGOkwOqAOXo6IUGoCQz3TtTNko1,2021-11-20 07:57:12
LSKzpHdNuKNBlMRToIH7r5yovDB3,2022-03-14 18:25:32
LTD4cL0WMuSOo5K2rdi57JSOgfy2,2022-02-22 10:43:30
LTL4tuahabfO6KzQgLVpRN4K6ts2,2021-10-31 15:59:20
LTnJmwmqk7OPpEvAm4Qr8uQ7kmU2,2022-04-29 19:53:29
LU5bEpuS78fRfhNTixuW1hlLz0B2,2022-03-31 08:16:51
LUCZl537ppNXFdcCJEEaGL4h9H83,2021-11-15 21:32:02
LUTycyx8WUOQxIUNkS1gg7tMRcp2,2022-03-11 09:59:17
LUrgoSckzxTfTJJ0IYQepldT85i2,2022-03-12 10:55:44
LVC0XcemAPbrWEFqhedTw8TlTCq1,2022-02-13 10:54:11
LVfS5VElXAboUOjIEvjkDvzFts43,2022-04-26 06:55:21
LVjYbyZHpTboFDx4779cAJ3PEtG3,2022-05-29 11:00:59
LVzAh8qVaXXGjQRmgMRgfVyIo9x1,2022-04-19 20:13:20
LWnaslbHrYYmUtuWv8uvIyPRNAW2,2022-05-15 02:18:59
LWum36Z07lf6WNgYgMpwiu4fwHY2,2022-07-06 10:43:36
LXPcZHx5pXNVVcKbv20svzpklAD2,2022-06-01 09:17:28
LXTEvltfcWR2zi7uMFVHKR7y7bP2,2022-07-25 01:23:15
LXctCrD4uDZnEhbVKhXIGiC79a03,2021-12-11 09:09:27
LXczsEHd2uRNvlkRpo64mlcPBk72,2022-06-05 02:35:19
LXnaqXXDPDc87V4Ny25yWKjwcvE2,2022-06-03 08:11:21
LYDVcEMJe3ZUmFvz8pqaRoa8Utn1,2022-03-31 05:45:36
LYEWVaa7OQVZWQw3pphCRPWr8kT2,2021-11-24 10:08:20
LYFiqfr4BVfW8RycNSruUCyhPW83,2022-04-18 08:06:22
LYfulbaeo5haZ4bkxyi7xLdqDlQ2,2022-07-21 05:46:18
LZ2XNp5YYFSmS6jsfPo4IMlRywB3,2022-05-19 02:58:11
LZD2bdkGHCRgUbbTxsCp6hco3Z42,2021-12-19 14:47:38
LZOZCiysOnSGDG17rkpuiNBrQnq1,2021-12-09 20:54:53
LZeIb2WqBCOsB6UwIicFk6K2XIB2,2022-04-20 03:06:30
LZoBlxywPQM0ZdAmBKL04rb3lEf2,2022-05-18 14:34:13
LaQK1xFda6WMSQrfANNEn4gk05Y2,2022-04-03 22:15:50
LaQbnGy0fgflfmOwX5Ak1ACjnVu1,2022-03-01 21:01:31
LaR9zQIXR0Yqx5c0KP58jEP3CCC3,2021-11-24 04:30:21
LaWkbedLdlVTYPOEg1w7EoEBLlS2,2021-11-27 11:10:10
Lad8LhZ6RhaZvnchZEnPIqcm6Xl2,2022-05-28 01:48:19
LanMvjeRu5WPI95JRO7nbJpWJSv1,2022-02-24 08:08:25
LaqML8SRY2PLo7pAsSwxB5Rqvot2,2022-01-18 20:53:05
LaxDoffJMuMSxuQgliMjytLEE6t1,2022-01-17 03:21:18
Lbfuxlay8EgTL6vJrT4OYHaXyIk1,2022-04-19 05:10:45
Lbh9fy2bsQQCr796Bn93Ge9gT2o1,2022-03-07 17:53:57
Lcop5IJXqkdfafIGcBp9aWbHs5J2,2022-03-14 00:37:02
Ld1Urk4uw0XK6cuZiANJ2kZ0dnJ3,2022-04-23 05:56:56
Ld1V0H188XOa1tb8rDNj3inLhhX2,2022-03-04 02:35:16
Ld3AdPAUBYZ2Ygk4l04ZSocwrZq1,2022-01-23 18:52:32
Ld4LCfIMPeaOHrqkJZae81Gg1972,2021-10-23 11:02:23
LdktCqqn6xWsxb1IpduU0pgBTjj2,2022-02-11 10:37:23
Ldr9nlkoyjUs30PuuT0kaPiBLZB3,2022-03-29 20:37:27
LdxTNLhUsSghOPQC1tdykha1ecg2,2022-04-02 08:05:49
LeSEJz4LLNS7KsWGOrMiuGhjfCS2,2022-03-01 11:54:32
LeumG9vI1MhPUAKYOBF9Spr0xUs1,2022-05-26 13:30:22
Lf1Vd5Y1pmWvt2FZyeDpm7RXtHh2,2022-01-24 15:48:20
LfONabevh2NeKU4aT33R2K8E8RL2,2022-07-12 07:14:10
LfRPH6XNW3b8ronshzvZLG4aYLx2,2022-03-31 06:54:54
LfTJJMAOKVPhMjLVp7R4VEWl7312,2022-01-26 16:53:14
LfhhA5uvLWaSuYIwpPcLTBbhFzI3,2022-04-02 17:21:34
LfjM79HfzMUCgx2kwa6J0z0xC663,2022-03-20 07:10:15
Lfz0Lk211FbUn4anGU225D66x2J2,2021-11-14 05:43:40
Lg1o3PGKNSbdiQTCc6ZiX9rFKGd2,2022-05-27 05:31:46
LgF0Vpms47PqoaVNDDcKVUX8XOS2,2021-11-12 12:49:46
LgQqILjTwiYKpYAF1Zcas6lpCuu1,2022-05-19 13:31:33
LgghEwAKXQWDi2dJtfVCVfiMnpj2,2021-11-16 02:31:19
LhIdWhB3D9b6SxQq4oBCm9W97Gy1,2021-11-06 02:14:26
LhNbGZTaMmb2TwSxzwKDl7x386f1,2022-03-20 16:07:12
LhO3K2eGQiX6f2ktSFxA8h2iTfM2,2021-10-25 09:42:56
LhkN6rFez1WYYZ9RaJkaszOWK5w1,2021-10-17 07:31:51
Li2SHqONgzPsZt43hRemiGIokg22,2022-05-05 06:13:43
LiBvouVvXwedLZeXs0xwvuWWIk92,2022-07-25 23:45:05
Lj308ATHV5WDya49G4sdxy2qN2o2,2021-12-27 03:01:33
Lj5lHGsYaRZCcVld3fwv7IIE1LC2,2022-06-05 08:32:50
LjPxAwSd2NbZREiHjGNT2nmF9qN2,2022-02-01 04:58:21
LjT27Jx3YUfu5tFhswyeNHIkN3V2,2021-12-16 04:46:11
LjZR5xseOEY5y8P4Kj4D4zGAR3C2,2022-02-06 01:09:34
Ljed8Qj8oVhkz1AtgurNlM3LkZh2,2022-05-04 09:34:26
LjwQxX2vY9VU97IuC60lrMNq8s52,2022-03-03 14:54:02
Lk6F9gJWydhk68co2qs8F4dLlRi1,2022-04-26 07:17:11
LkHbXgmGg4gzVhqpxKAwKKd9Lcq2,2022-03-14 03:47:01
LkIhu0eQRJUY6fJSJGX2zbIHlmg1,2022-04-24 21:07:26
LkRTimAxzUN7pVruNxPUGPRzDmQ2,2021-12-22 23:00:57
LknaRXAXLiQSPqsIal5qvQ5ALzA2,2022-06-04 14:11:50
LlUH3oivqSaSCKW6FtF2xRxPEC93,2022-03-02 15:06:39
LlX10ld91mbn94ANk08hndXapQt1,2022-01-23 22:30:41
LmSGJKvkDDhNrvbES6RQhOJvaeG3,2021-10-15 06:59:06
LmknvZitmrRD8XjDvdIPuBF9Rm03,2022-05-29 14:27:11
Lmr9ZSyXMifVXzFvZkrzoFlkuNb2,2021-11-24 03:09:52
LmsmPBq3EYb6olJPYeqG3Di4b4q2,2021-11-15 09:40:43
Ln2FbeH4HhV3qHgb9vUPV1khAXF2,2022-05-18 15:10:10
LnP440b1lgcyzrzlamRriNK3XJm2,2022-03-09 17:30:25
Lo6cLkameWdHvx7RUjN6sH4Aqk12,2021-10-25 00:37:52
LoB59OYQE0gfqBfjgNBlF8lOe5d2,2022-04-17 00:48:47
LoMVEGjCPOeJyHceAphNVSIK0fC3,2022-06-03 12:19:47
LoT3JmAHGgYohsCzu1xLMBN0u9U2,2022-03-10 05:37:31
Lp6EItinHohJnYUCbE001sZMF882,2021-12-31 06:06:38
LpCSRse0SuPzwYDVV8jyQkpj7803,2022-04-30 06:58:08
LpJqanXVq6Y9OJr1XN0867kRxi42,2022-05-01 05:57:23
LpKkQ8nnAuTNDFMYl9O2R67azFp1,2021-12-25 02:57:34
LpWa5qJdnBNgJZ3L6fo4x5Ye9nT2,2021-11-15 14:11:42
LpZnAQ5S1hVZc36bjWoTAgyKzXE2,2022-04-20 09:44:22
Lpb2MmGjbdgO5wV3tCbdPtM6jOQ2,2022-03-07 14:33:38
LpcoaPOyc7QAXt4nnx6EZhDrMSf2,2022-02-19 10:02:56
LqKoJF4i11RL1QyoUXJCfb9UZvn2,2022-05-23 18:21:05
Lqca455m4sfgdbfhLYEO1SLbHY73,2022-05-10 07:32:38
Lr2uWwIE3dVFPNBmsvvbgBiXm0N2,2022-06-06 07:51:17
Lr6ZIjUoyyeZGP0lFZ19IS8kjzA2,2022-03-23 21:39:36
Lr8bl9qYl9R1kJNsZJ13SLATYRh1,2022-03-10 15:42:28
LrHpN4CHzpYUeRQg8pCZZL5H9CB2,2022-03-18 14:54:08
LrQcwp50X1d49TySJnCBImb49RB3,2021-10-27 17:23:59
LraWT9eZqHTD1v9DSgpgpPWy9PQ2,2022-01-03 23:48:48
Lrg5spGjjbd6oHrEyzJtMUqIOPx2,2021-12-01 22:58:51
Lrh43pDoPCanGsY2eICqgJ3fP4n2,2022-05-01 07:10:26
Lrjzx8zSwkYEsbZaPwuwZr71SX62,2022-07-25 15:39:41
LsMjm0hVwRMNGL0h6VpKaGkqybE2,2022-01-12 01:48:12
LsSGD46dReQkmhoyc2QD9gM3FgG2,2021-12-21 02:17:34
LsTq29YG2YYu0J3jcAwqh9PE1SS2,2022-07-16 13:38:36
LsWFUq5kPpUqg8PqZBrj367qq2j2,2022-03-02 05:31:12
LsWPCR4AnZe2ggdILOaJVYmGJjs2,2022-04-06 11:11:33
LshVz7yvQrgylpZ1SJCBuSoySC73,2021-10-10 06:54:12
LsrxvLXi8aaMgR5PjI7mRSLMVYA2,2022-07-19 18:45:53
LtRagWWOL4TSPQ6Uh9htYRn4cXh1,2022-04-29 23:55:04
LukplLMG0DUgHQyUeYReVMvaNrm2,2021-10-05 05:47:08
LuyAw0hax0enNm1V1i3iJZcAHOB3,2021-12-30 22:53:48
Lv2o0Z4Kw4QAGxQfY4v54IjUGbM2,2022-03-18 12:18:59
Lv9Ymww6PRRVBFirFQ1x4Jz2SAX2,2021-11-30 02:40:39
LvCmJ7EEviOnDNpwIA4QVqSJvUJ2,2022-02-26 22:58:54
Lvx7vXVslEUd5R5GSzUxLxD5PrD2,2021-10-10 11:40:40
Lw52ZFwU0gQE28PuZdi23CDjRmL2,2022-04-10 12:54:27
LwXdaz7Pl1XRo1oQZXvzS4v0PT33,2022-04-18 16:25:40
LxDWhVKXLQVyzrCwhN8fE3HRBb73,2022-01-03 13:02:52
LxFlld9bbVWKnEaAxuVt6KPPKM12,2022-03-24 12:22:30
LxY5GhoJZjPMboZAkxpvbyoL0Pf1,2022-05-01 09:48:42
LxeV1RRvAGXuoQUZVaqsLbQMcGF3,2022-03-16 18:53:33
LxkDfw5XtoRHFV9lodRch7K3Tmp2,2022-07-23 03:34:05
LxrVmR5q5sT3MxGH8YJQiWRJ8x33,2022-08-01 07:03:07
LyRfuPaRnTRJmXoFNb7FDbSYg7K2,2022-04-30 14:21:55
LyTIxyc1H8ZS5VvhO2IkuGbl9M53,2021-12-26 06:34:58
Lz4Ha1jWOPdq3LuHC0cbKBC5fBA3,2021-10-15 19:44:03
Lz7nO1YYLNbXjPh3k03rLXzQgRt1,2022-01-02 04:28:39
LzCPbS62QMXCUNYa0VHtCZgow2P2,2021-10-21 12:00:02
LzCreZj3bDVPGhGmDXvHs2xI9w43,2022-04-07 09:06:50
LzPmspGm8HhnJ9SbKCLtPqraaGO2,2022-06-27 08:55:49
Lzk5efYZqNV4BkoPqLgP4DHafbF3,2022-07-24 12:36:36
M0JedVygi3gRP3DT0y9piqKYC3w1,2021-12-25 19:55:53
M0j6rM5Jk5XHuhFnrxU68msQNAT2,2022-04-29 20:47:15
M0pfKmDRSiQVBsf7CT0xdAkfsYG3,2021-12-28 18:46:06
M0tM3otzbIfxHkWr1GYB8eHnXwk2,2022-04-23 09:57:37
M1AyjulgmsYw5Pb1xmZlGEGnVw42,2022-04-17 04:05:55
M26HzCsjxKQB9MhYuZiFbEX1nkF3,2022-04-10 14:07:36
M2EoVNTs2HfqqsCL802oof9vpLr2,2022-05-11 14:51:59
M2Kr702Wtdf6mDAmJ9nISp9wOtJ2,2022-01-08 03:55:17
M2aeW89qcZYuhBTl45YGquz46z52,2021-10-16 16:26:17
M2ldItOKBETxaObgZVMfOfkHclz1,2022-04-23 02:00:45
M2qC27cql2cUARV15sJm8dcHZu53,2021-12-02 02:20:02
M2wFQXMel4PI1ljnRNWBAoZcLVg2,2022-05-29 18:18:40
M38WLUW9tdRVvxPAP0aoubrtymi1,2022-06-13 19:04:23
M393p2FRm4XiUzP0oz9XRmViTUm2,2022-05-28 05:23:07
M39WwafnERhZm9xIanmpwbULNsB2,2022-05-01 10:34:51
M3PVvSMYRbOmVV2QbubsIlG1Jlw2,2022-07-16 21:38:15
M3PaOTH0jcWT3cVx5HJ9TB4M9gI2,2022-01-27 20:13:51
M3TysQazJqR4lzUnuXRCIkncfwy1,2021-10-24 09:32:01
M3hq7DprcJa1F5V1TMl44zz11dK2,2022-02-08 00:04:33
M425srWah6hdifsxOrZaoPSgtsv2,2022-03-26 19:47:43
M4CMTB0ugmMqwMB5W9Y2b3ZbxFO2,2022-06-27 06:30:40
M4MhKzEsKoVVv6HOW5s2u47s5wJ2,2022-05-17 07:09:47
M4zmhxGLbFftOhIfkWFKyTeLdnv1,2022-07-31 03:55:32
M6IFotEUH4UEcn4PgS7wLWyfhuD3,2022-03-30 09:09:37
M6SZ0HYscPaKRvz25v1AmkSzreD2,2021-12-26 01:23:57
M6W4immeHjN7R3svKPckhgoY2r33,2022-07-14 09:25:23
M72X4knJZ5T2Shy2IdgEnzo8RzE2,2022-03-08 14:48:50
M781xal4DWdcosnEwDZ482Zz6Es1,2022-03-13 02:01:35
M7cXyJ4V0yU3kPu8XyathMe7zfE2,2022-03-31 15:52:06
M7jNsMDuCfOtTrw0PYxgOFlpQdB3,2022-07-10 03:00:59
M7wzFyCbAwQa3rFLt2blu8ANb9l1,2022-03-04 23:52:56
M80vXi1MoMOiAlqbceOhLrsjKms1,2021-10-17 07:59:21
M8PnyNSb5yRTx0oI7PfUcBCFwg33,2022-07-30 14:19:50
M8aojHcQNVfXLso54gX8ulqyeKA3,2022-02-25 04:24:43
M8hpgH9saThE5ROcVKuycfS1PVj1,2022-07-28 15:52:49
M91tvGc76BhbLfarmOAIMEPYdjE2,2022-01-02 20:08:36
M9BNR2dxqif9fWf9MwAM8JJdGCE2,2022-04-18 18:21:54
M9JZ4RpDHscfgd4HWNzLb0MDFlA3,2022-05-31 14:56:32
M9U3cQLY9jgMRm2kfVeeF67QK4L2,2022-05-15 17:36:10
M9VAToWKIfPdJRuoxykAQpVFunC2,2022-04-21 12:21:54
M9WTgdudt2NDFdVfB8YMWGAl2gf2,2022-06-29 11:59:59
M9h7PPbIISORwa5i0t6jpCyty993,2022-01-19 02:54:09
M9me2iVVKIXDi0YoqKjEjEdrS332,2022-06-24 11:53:49
MA31kpST7OfWaLdzWLRfbMGx9An2,2022-06-25 22:22:09
MAEE4nSLlvUZAZUj6ECNlg15DtB2,2022-02-24 10:14:07
MAaxHIg5RReDeUu6zGSo11lgNId2,2022-05-04 05:05:15
MAj20aXgkZNfi3fCAxlBvQlheh42,2022-03-28 13:47:13
MB7NAdLXHcalmxHjC7Ubz9TWK3j1,2021-11-29 14:02:56
MB9f0yiSszbwi0A6OPJOgptqyyV2,2022-05-30 05:35:03
MC5d02vg4cUtO5yMPHT0a0C2I8s2,2022-06-27 13:41:10
MCByiDwvvoQbrWaw2IcRDId1UKF3,2022-05-14 13:21:05
MCFwQW9olTeNimbwWE5arf4xYJx2,2022-04-17 05:59:54
MCjnJELMFRU2tktxkBZLvTlD3l22,2022-04-25 07:37:37
MCty2Why2WVUNKfvG7TnEuVdc663,2022-03-20 23:36:51
MDWrQlNmnmSILhAz5OUzGZT2hDr2,2022-06-02 05:18:24
MDaXP5EquoeEb1uyLzF1D1ZmKbk2,2022-04-02 11:43:01
MDbEpbg6nQe4lZC89mRASdkUsnm2,2022-06-11 13:12:38
MEI3XAK28geKfrqMumCBWFkNrc23,2021-12-27 00:08:56
MEsl3WjaVqMKvNBsJhj7bLp0YNM2,2022-01-12 02:54:49
MEuWTo11fkOpIkAAFjr7dDaq52v2,2022-03-13 11:38:11
MF05iL1XFva7EGz7s0Qtv5sQDZk1,2022-04-30 22:28:54
MF3lYW5mmeRvt0r3bwm4lrQwcSt1,2021-11-23 07:13:29
MF4oVLLP2MSqYsy1oIMptNxpIjG2,2022-02-13 10:31:17
MFI84nDCdRTecYQJxRbHMATalbE2,2022-03-08 14:14:53
MFQmhRR0PSYCC7GDtg3CAyhd1u73,2021-11-24 15:56:05
MFyuiaZ7ipYh4aWS4pBb8Hn1vN83,2022-05-29 03:44:01
MG0Bdq4Jf0a5FAc37g4aHtN7Gps1,2021-12-25 22:07:32
MGLjVaiTu3hiHacatGUo7Gl6Qvp2,2022-01-22 02:57:01
MGUmHE0VIHbmz2qQzpJIDWaOJDp2,2021-10-28 20:49:08
MGYnR7o0GjgR2BSpy1WABsR5Gir1,2021-10-30 11:33:01
MGlQVs8mBEZBTtoAHdGFVVG7ffC3,2022-03-02 17:41:40
MGyvZzbsS5cDCxuAivr6KEwbfxT2,2022-01-03 19:17:28
MHBrANofFkePVZ7Ip9qzDISv27K2,2022-06-01 14:32:48
MHEDl5RoPuNUX1cT6DehzsOby543,2021-11-01 22:58:02
MHFubrzTgNgdzP8JedAxVMb96nH2,2022-07-25 18:44:33
MHOdXSO0AQRetGZbRQvMjjxFZZz2,2022-06-25 15:57:36
MHWIaRHxpeN0KI0Vfj1eHTdU0QG3,2022-05-12 17:22:05
MHdL2eDkQ4bwpnhnkLwpkXhDlF42,2022-03-06 15:26:19
MI8Rjd0xZiO5R16wtvyCke76voo2,2022-03-07 03:30:29
MIBJhnzTR3bHFa5DyDk6ZTvjdfs1,2021-12-06 11:13:31
MIF6Rs8gAkcbNAYKi6EEsfMC5qd2,2022-02-16 10:28:31
MITAkt6RTWYuo2hBauOzLewRDII3,2022-04-30 16:48:20
MIuURwcpOWPLmZXKRo2n0Uw8M0H3,2021-11-29 03:28:39
MIvSbdaIoNN7eq2vKbcn7LLDH1J3,2022-05-06 07:07:07
MIwnbkJyiBdMZzWQw96iZtJydO93,2022-04-03 02:20:59
MJTb80GD9Nd4d57vpbMrb96tWRl2,2022-03-04 10:55:52
MKOj8qhnNibzaIK7vOrQMkezYu72,2021-10-29 11:59:33
MKRAv9w9eVOsL2MOJ4GpUzaq2kr2,2021-11-13 17:33:38
MKZiXtC3xQQEbzz9Oz260LhAi4p1,2022-06-05 18:20:56
MKcpOZTc2CNK86uRdyYjEi6Sfon2,2022-05-25 01:43:04
MKuJbYtWRIQfBGDe6Eza8Hs36ik1,2022-07-24 13:32:32
MLQFPVRuTHco8rbHuBfWCkqQXDO2,2022-04-23 01:26:23
MLSscEtF7ROwtE7Pzif4DJLrRal1,2022-05-08 10:15:52
MLYKOLHd2HTu9z49s4R3FnD7cOE3,2022-01-17 19:06:21
MLmeg5XnLmMPAD6RvRmHU7sBTYl1,2021-11-16 01:07:36
MM2Jjh9JxYMQVCdEsKmP0NX0V9C3,2022-01-17 22:57:17
MMXuMY9BGnXqvxGqYIguJvuaC9o2,2021-10-25 10:18:18
MMkxFUZhFBYlqwLoIfNnZw2fiCL2,2022-07-23 03:32:04
MN47TsWxoXPUFWv9ZdJjs1GEiqL2,2022-01-07 02:43:06
MNRPHSYGS0NcN8h5p3rtQBn7kST2,2021-10-18 07:06:40
MNVQetrJjHccYeN5dZdW90kRpGg2,2022-04-03 03:41:17
MOILT9hzn4PXNAVIjPgbzrizSCg2,2021-12-08 10:27:19
MOXPL6GwD4W7fW9S1VcAzVboYyT2,2021-12-25 18:48:54
MOkQx48me2c1GkX8acUBvlc3xb93,2022-06-07 23:05:29
MOks8K8v3RPc1vsmpoSl17eTO7V2,2022-05-16 00:00:55
MOxnVuymlXXC0StzeZPMXPgK8ZI2,2022-06-12 11:06:17
MPJZAlL4E9Nvr7nZlkosk5Q7CTd2,2022-01-23 01:57:17
MPlso57u6YdcKYZmhbF3jyTwymw1,2022-03-04 19:00:25
MPu2X41KOAexWLuiKA1JzdAxgUm1,2022-01-14 22:22:30
MPuWr8tFuPb96TNIR7RP6vPgnhi2,2021-10-13 15:02:51
MQn8bBfJseZgjNCr4gVI7FF0XK13,2022-05-30 11:37:25
MQrHhVktBDbItXo74Rn5OPQLfWF2,2021-12-17 20:18:31
MQzbGIxRPHTahR4A2oxzNbQit8d2,2022-01-31 20:35:25
MRPGayh3AjdnLhVsGuYgi0g4cHe2,2022-04-02 01:29:58
MRPnArw0YwbhfM0pBWrQf513FbM2,2021-12-11 02:51:33
MRU17Ba1KnYJGsgJsWDafl5G8w13,2022-06-25 04:33:41
MRanhtJ6yYNnfx9tbXslX8Acefw2,2022-06-19 16:52:38
MRsd7z7SzRN2xxxkPlS290EdkdT2,2022-01-22 19:01:02
MS0LW2XLSLfHV957UjffMBSzUl43,2022-04-28 22:19:13
MSAqYjVxV0SvvPAP6kLO1nThDQ42,2022-06-18 09:45:06
MSIjSIcbMjUejnMR1Yxbszvt1dg2,2022-07-04 08:24:34
MSVdzATKVGZDMrd5k54x3Q8Kk6U2,2022-04-24 14:28:38
MTiii969poNpI5sb8igKfXrZrFK2,2021-11-04 03:04:18
MU18xOxpDYSCvUUsBco2KvAsbJ92,2022-05-26 12:19:49
MUAlyZcdTkMN8Irogg62283pnH13,2022-05-20 06:33:17
MUDBLogqqRf7WtxnRKGaogTn1yl1,2021-10-28 05:37:33
MUSRkTXHHiZMeNrnUCdwJi0ikNc2,2022-04-12 19:13:39
MUwWkQr47VZ4vXljxrMhp0Maqnw2,2022-01-25 04:14:25
MV7A8mySb0WzfOIDFwFnVkmTjXB2,2021-10-15 23:03:23
MVIE2xUqR1Ye5D5s79sAftxxBxn1,2022-08-01 08:20:18
MVbpLvIAEUSUKxD5nTgAeweSsIo2,2021-11-11 22:47:46
MVdY7IoD2KReDTVZYZoW2JkrB0E2,2022-07-22 18:57:09
MVfO1jaIQ4UwMD5IIvTI8SqXc832,2022-07-04 05:52:36
MVknTY8ZBFNOdebHQSoFAJIIS3H2,2022-04-30 17:10:11
MVvT8ccxJYUb0hmo96f1oVqW9sE3,2022-04-02 06:56:54
MVzWZ5mzxpeLCnVX913AMFmWUJG2,2022-04-29 03:48:22
MWou1RJbvGah4TNuolf5ocxXHEp1,2022-07-07 22:00:40
MXCQAyZFSJapP7TgNfE93AZrW4e2,2022-04-10 18:10:01
MXS66wtmIlQBtLb6fXH7SsOh02V2,2021-12-24 12:14:03
MXZ3xkzcHZgWvprXqcVP0gDyN8N2,2022-01-30 06:41:59
MXdYSY9r2xYMY4SWZn8csTb03tB2,2022-07-10 06:25:59
MXj2B7AoaJOKl2vs16rVeBX6Mb92,2021-11-18 08:55:33
MY31SueaA1Q3d54yX6kDZT1XCLD2,2022-02-21 16:21:51
MY8Z78rLkBYQxZeDeWK9CMLJFbf1,2022-03-27 23:00:12
MYHirzg6tQeWGZ3S5eqeeXJzWGm2,2022-06-30 19:31:34
MYQfPM2KsDRAzpWs0im6zprTooG3,2022-06-17 07:31:58
MYTWmBsnWjNdsHAIsiB3TEH6ZYT2,2022-07-26 07:19:00
MYYopdYsl5fxjqeZnE7461c9LJj1,2022-04-12 11:23:09
MYxQK7M1lDOGFOGz3MCILMQYjaa2,2022-04-11 19:22:24
MZ4ReluJ8FV6p4ORBf4eb1psjl72,2022-04-03 04:41:53
MZjSNlZCfef86zD3mDg2fMLelpq2,2022-04-30 16:29:01
MZuvBbIojwSxNSPr44EGGItRiMY2,2021-11-06 20:39:55
Ma1dJfugS9TtagYnWjQxFh1wPHi1,2022-02-20 01:33:58
Ma9LLsCYfAgRpzZo02yg7ZrOPkT2,2021-10-29 19:49:12
MaiYcTuMYsaFQDq81rBU3QxrQiT2,2022-04-29 13:51:20
Maq208hZS8RvCMdgMwRQK7c5ZfI3,2021-11-04 14:04:23
MaqKeUx6jreTedIBWclCMZSXrBF3,2022-05-02 12:37:09
Mas8QzINujPu5tT5ZWTs1dsIwsD3,2022-04-18 16:52:06
MbTe4pQyVabdT97gySUic2Iogmc2,2022-03-29 13:08:54
MbXHXGpjeiZ3rOZvbiRonaOH8L03,2021-12-12 02:20:30
MbqSfU5BWsOpTDRlIhOVojAayDp1,2022-01-18 16:47:17
MbupiscuNkWxzdg5AZDh2ZuJxwy2,2022-05-17 02:32:12
Mbx9khmrbUSpxsOUmfoNakj6wUL2,2021-12-09 15:50:44
McATjcme4kf1dueC49PtLfU5kjF3,2022-03-31 09:17:24
McHPb60WTjYnfqQ7D6yOwSyYo8M2,2022-04-03 16:18:11
McIgGSfKl6adrUJ1kWTpbtWwkQ92,2022-04-03 05:26:40
McKIy0QnpCavX7oqyQ5dQ2hNGlY2,2022-07-07 02:02:14
McQmXk03LgUi1V4pktS3x3PnBF52,2022-05-27 09:29:30
McwP9vjOx1WsxBZdjR4BLgNwVBA2,2022-07-26 22:10:40
MdHvgly8mvh53hO1kyZwKn5c6S02,2022-04-19 19:33:53
MdT2S9xsXbeL9a9rhsquyXBo5Ot1,2022-03-16 17:28:50
MdUwYjdTeifK4Ejg06oaDX7yOX12,2022-06-18 12:18:21
Mdi8iMccCuf4uGPY8HnCNgaD1wk1,2022-04-17 01:23:23
MdwYPzaKmZhzpcS9RqKciGbIG0o1,2022-05-29 01:13:03
Me3LZFIQq4ZuFmmpxTSDAMoKDHr2,2021-12-03 13:42:29
Me72hlMJdHNCWWclVw5xe37aVyu2,2021-11-10 21:15:32
MeftPtnPUAh7POV53RQTp1nDOjQ2,2021-12-22 06:05:51
MeuW7Poo9XQCiI7yXb4DqCSvvyP2,2022-02-14 15:35:13
Mf1soRppqXhqycAopfFbLIi37nf2,2021-12-20 22:18:24
MfF0IyFCyfWer8lqNVF7lrTfXNH3,2022-07-05 17:08:18
MfRORXVBWMd9Aiv344lnqoKEIKi1,2022-06-18 18:55:39
MfhNv1O8vbgSkH38HTf9pybn3Si1,2022-07-11 05:31:20
Mfi02wSYK2X9Q73p4IEn8OdQMIM2,2021-11-28 02:37:32
MgVOOkcaPuQsUVwiiP4qJ2C7qJY2,2022-07-28 10:38:32
MgWaEJvnumSWTjJbOKOTFIKI0QJ2,2021-10-23 14:48:44
MgkejcvmQ9hvmZ8NHW31ivpDEYh2,2022-06-15 17:04:17
MhMOCHb9UghfpgB4u3pVF3BOoov2,2022-04-24 03:42:26
Mhiv9PnA6ASepyQuAjTQLUAwQEU2,2022-03-29 18:16:01
Mhl47Jxx7DOBlc9AsaEs9jWI4OC3,2022-01-26 13:23:16
MhmFAhhaGGf4dYq3pfozcuHmlR83,2022-06-01 00:28:25
MiVgznSN5CPDcofgR5iqKFllJEB2,2021-11-11 22:00:03
MiYeMzxpiGbcmbh7M2MQ8VC29hl1,2022-08-01 08:46:29
Mixol839oQMgcl3nkoJzGvcP7d82,2022-03-12 20:31:24
MjQCgovhU7QR2baxGPy5qi0q2gH3,2022-03-28 13:01:51
MjTilUX6JdU11zo0rEdiCZK4kSy1,2022-03-26 19:00:25
MkFrDAl4QVhBxApsZ2jzbcNRinm1,2022-04-03 15:01:29
MkNVEkDkCIPnDEKwcUx1CV5yVbl2,2022-03-01 12:55:05
MkQQAfeqH9g4TbodYFIsDrYwN5n1,2022-05-30 12:31:31
MkpMFspj8GdbDYvLUbftKUPfyKU2,2022-03-13 20:22:45
MlTyGTZRGDUk2Ay3OOnpXg0d0Vj1,2021-11-29 08:45:15
MlexCcpKrRMnc2nvehRL2R7NsHQ2,2022-05-23 14:33:48
MlrkvjTkygRR6bK8LGmdJhaoFA83,2022-04-02 18:03:26
MlsW1uDrnlPiJNgdOwpihS4whPK2,2022-07-12 04:39:57
MmD9Gub3S8cn9zmBmv3ATAvrWYF3,2022-05-12 13:16:22
MmQJuTbf0Mh3H37Y03bRGpvn0Ub2,2022-07-18 18:22:59
MmlAO0qjHfYKRwHeGl1AQckv3Iw1,2021-11-15 16:19:30
Mmm6QHeMNgen52YFyUsDKRTdOU53,2022-05-16 07:55:59
MnC99pYH8KNZ2JLD2TJWKQyx4Az2,2022-05-28 22:38:48
MnIabXO94nUw10oQqdCfcMsPahv1,2022-07-14 20:13:11
MnVTBWDtF4OUYoUIwJtmKL8DtTF2,2022-06-11 07:12:52
MncMqAMYY5djx6UCAJbe4WJ65NM2,2022-02-27 10:13:28
MnhixndpxYNfVHijt5UTom67zxi1,2022-03-28 11:48:47
MnvXnfALkDR0YShwGtMjbsGsw4G2,2022-02-06 20:00:15
MoQmMbGKnbg6RXGGp9onf0YC4Tf2,2022-04-06 17:53:32
MoZ5utY5z9MDdu40wEKRVQifuBp2,2022-05-11 15:06:26
MowWulrcMBaLjdccLyLyqbMmgqD3,2022-07-25 11:06:23
MpS0ecxmYQdCeAgwgVxfJDMn9Ku1,2022-01-24 15:59:21
MpUCGWpGIUSGsdahl6Ok04wm4r12,2022-04-07 09:05:19
MpZBRQgLqnSfkCv28agcGWJr4LZ2,2022-01-01 06:38:59
MphwqVqQCLP5KR8BsLIeatem0HP2,2021-11-26 18:20:49
MpkwpXvOw4ep9Sfbo6kYW7fZcqV2,2022-04-03 21:26:33
MpwS4lTPonP8zOb8y1a8lNkaAaJ3,2022-05-25 09:54:50
Mq2a2XeBJOa90QD5KxqNC8RcC8s2,2022-04-10 11:58:33
Mq5W4tYsn8Q6csq06VdHBXJQiIH2,2021-11-26 17:33:11
MqDWyaQkozLYojo0g5JXFY9RZnR2,2021-10-06 12:00:44
MqOPeovHukfy0FX30GamWdV3zN72,2022-02-12 02:48:14
MqUkg3Y9efMKtpDeyQvf92WLyW62,2022-03-10 20:40:11
MqxVtHr31Tdlu2DAjkkUQ5F6q9q2,2022-06-15 07:33:05
Mr0vpUeYojbQDllpv0IGp45BbvY2,2022-04-30 15:59:15
Mr5iHBp0PgZgjgag04sDhjLHk4E3,2022-06-13 05:00:04
MrBUYErwzwSER3ISQEgwQmNYxT42,2022-06-24 13:08:33
MrD87kKAMVUulvFOIoo1e0YpUBy2,2022-04-30 16:04:30
MrNKoSmYmfMM9WO4IXSDadiqocN2,2022-04-13 18:27:48
MrgtWau2JfPCrOOGLFVsvPNVogF3,2022-01-16 22:44:11
MrhToyk0LjbBKdqjUrpfoQY1XBl1,2022-04-18 14:00:54
MriQqfbu0IdbQ0cnQXxoMuzGNC13,2021-11-03 23:23:25
MsPWwwP9azVpdtueihH2YjtgjDt2,2021-12-14 03:54:06
MsQ9JP7dZVMtCIAtv9Z24ELVovn1,2022-05-11 12:58:33
Mt8qK1pAwNaTFy9jWj7duNfUJeD2,2022-04-16 06:30:38
MtPSoH1DNKTUTJZmN577GhXotYA2,2022-02-11 09:22:48
Muiyod2RhYcAMFGndd6N79jTmb93,2022-02-14 06:59:39
Mv13UdEMw0gBf1TH0pS9EbHb7rk2,2022-02-12 16:08:00
Mv165boyshh4UcJrtMUD78F5rZ53,2022-07-09 17:29:35
Mv1LgnKIpKVAP0LkubXfCsP4Dw03,2022-06-05 01:12:08
MvH3GVV1aqTVrBNKPqtC3KUIgoN2,2022-04-16 16:40:26
MvJjortyQdhNvArI3Nne5J6VFKV2,2022-04-20 06:35:53
MvWBKTcoUvf8Kcd77nJG4gC0JMo1,2021-12-29 06:41:22
MvWhs3WekXWbX4JE1d9cWpyMETC3,2022-04-06 11:40:19
MveefcFt5uetfLxum8yjrY5mRtm2,2022-01-12 19:31:03
MvzjYgXEvtZ8n2i05EfUfXi8TNc2,2022-04-27 04:03:43
Mw5NapoW2PRn2Xs2GUVCvYrCsjo2,2021-12-07 16:03:27
Mw8S3cSsXmMuDnTUvAw2paKCxpX2,2021-12-23 01:25:09
MwF8wAfZHHg0BaVzwa1RA5CLhRQ2,2022-04-18 07:50:03
MwoR30pjw1OAC9mrBkMkW16TsVq2,2022-03-31 23:12:44
MwrDL52hxWdWMfzlz9xbVlfjRjl1,2022-06-11 15:45:34
Mx0ojvO5JARsTegCPw8ERfIUYH52,2021-12-23 05:55:19
MxHe4ml7kGe9tkivXONRk3JMk332,2022-07-21 06:36:50
MxYz2SVi12OXw1YYj7ZI2sOpeVF2,2021-10-21 05:09:40
MxiXnloIPzWB79isa4trZbGZJqc2,2022-06-28 05:57:26
Mxw3YcvsV5NtyxIgbLc5AVYaGFI2,2022-05-10 08:25:28
My1XUq0tzHXBX8RevSY52P9N7RS2,2022-02-26 13:24:15
My2UXbL48HTWuJ1YcGn6pNxoaeK2,2022-06-03 08:56:02
Mynf1QowjaVm2peQaPyo6g3vVpc2,2021-11-15 20:34:42
Mystzmy3EwUQYteqyCBc8z6LLaj2,2021-12-22 21:35:00
MzPVFgzAQLc1O4aUMbTJLXcGpC23,2022-04-19 07:40:03
MzQr7vK3Paa5QLWFAsuhmJN0WnE3,2022-06-09 12:08:26
N09L4UV5y2OP07IzkluVZamU4Qn1,2022-02-13 15:14:09
N0Aspryr5nUHaRxzbhanIJlvK572,2022-02-27 16:58:24
N0I4DanUqdVEAdcvVP1RzeNt7Yn2,2021-10-22 02:11:32
N0J2f21f3GRPipLA34JFCY8yct42,2021-11-16 07:42:10
N0b0VK8eeRhp34EfEYgKunuEVEM2,2022-02-04 14:44:05
N18yJ8G7wwOTHOAhuShsv0Oayxk2,2022-03-05 23:08:04
N1D9LHCqZ6ZNNXeIHnrrxBbiZrm1,2022-01-12 11:49:54
N1NTbITrwVXeg3q9duKTusSpPtO2,2022-01-30 12:49:20
N1zD4dDeOHVYJqiPSoekdE7S30m2,2022-02-15 20:18:54
N271didB4bXFsE3LYeedIx83D8x1,2022-07-11 02:35:12
N2CLWOEm1VU9s9FnqbDDettTqwq1,2022-04-29 23:22:06
N2UPPeAyojN7H0DNOIrJMPh2Wjg1,2022-02-07 05:01:29
N2YFssEr0JgkokQil7arwJnOPZy1,2022-05-29 06:03:16
N2mqnEikGcYPGNvb2sJC99WY4bw2,2022-05-19 11:07:23
N3uaeaGI5McYA3IDvAvMFVcljrw2,2022-03-27 01:39:51
N4OFWKytCphVU1VmPLwomg4fgGH2,2022-05-19 14:23:43
N54KIPOcLfdEviAUWovRV7X4Ef03,2022-02-10 19:27:26
N55eCMoqahaQ892z7lz6XObtWPd2,2022-07-25 07:02:58
N586PDCo6Zgicy6vou7JKrEYEs52,2021-11-24 14:39:05
N5WPGyTGVWRLVpjK1eHRGBHDOTq1,2022-04-06 06:10:44
N5Xx25RL8rZ9VMxuZrXzYFDrc5l1,2022-07-29 05:02:34
N5wVhGmypWXe4Lr7kYHQoSHrP6r1,2022-04-16 04:51:29
N5wt2YAWuzaGXYpoj6dZ4c2e4fz2,2022-04-18 22:30:43
N65HET59EvbBLXTfoZRArXvOK5F3,2022-05-03 10:32:29
N6nDV8aGZgXFXGJkXzzKJyb3KsX2,2022-03-23 07:38:43
N6oQsWKWE1aOgGN6izizApGqevr1,2022-03-17 23:38:34
N6uoEsFU7uZ3kDDLAiCMbWsjNb32,2022-03-31 22:56:23
N6vhSax8OhUQOMJnSNszFCIXuZ02,2022-01-29 16:16:35
N75xwcf9HydwczWnpVimlDlBS6E2,2021-12-11 20:22:08
N78x8No8UkfNbhgZeDeLMvV135J2,2022-05-25 10:57:35
N7LZMQuhT1eQPr3yjTT4Z2Yvz322,2022-03-31 02:16:58
N7Qs1MPYc7TFJV4FBwYbVUYdwt13,2022-04-26 12:38:29
N7pAB2KvimWO7YxpjhpWV4nIXlB2,2022-07-30 08:26:17
N7taALUnvaaa9J68MxWui8A2eBY2,2022-05-25 08:25:20
N8G4I9T0wegkqccOqMi4yVaHxr32,2022-04-18 14:15:14
N8HuxHRSvpanXrdspF5PwLLN2Ie2,2022-03-20 03:53:25
N8LaLCnK4WMS5O0AzEA3UJmaPOz1,2022-04-28 13:25:28
N8xiXKtMl9PGRnGAic2ab7pnQOd2,2022-06-05 09:05:04
N98x89D631MXRLDeHReuXs5iqex1,2022-04-17 05:59:51
N9Ge7OCU8jcKxbkKy1web8UDzur1,2022-03-27 09:13:40
N9QxFz2pMgXZFbNwNG3CWdWEK312,2022-04-14 12:43:28
N9rt5ROgMZSbX37Ybgqs1EqXd8O2,2021-11-23 08:40:25
N9vgmeoP1zTE7eqZlb5Ut8rtQ463,2022-07-31 04:59:50
NA3z0vyGtaaTPA9RrqACAW8a4Zj1,2022-06-26 20:40:29
NANAl4X1A4hh9TcKB5LEGR7GRpi1,2021-11-07 20:20:58
NAS18D6sAwR0OSUc0hPGsmQSr162,2022-04-05 14:40:12
NAg7VoT39cPSZKoepbsrO9Z5ekD3,2021-10-05 13:23:14
NBYmJNrX74WJA54jiYh71q3YD2I3,2021-11-21 01:19:13
NBlh1Q8HnschiITlbiShJpQYzjr2,2022-07-24 22:50:08
NBrnyPyJi4PoJtgLWxzyNbz6bbE3,2022-03-24 15:48:44
NCFDdc8ntbZTStkxEB18shHzDk23,2021-11-06 00:44:36
ND8QXJuHvsMyjJQFR32lHLluQ052,2021-10-20 12:21:36
NDFhoncq1ud7uJYwGYdx99SiC332,2021-11-22 11:26:51
NDH1EOqRxNN3bHpXZrSddqPs5HD3,2022-05-15 14:50:16
NDQRymsRAMMHmhv4gS0m2yTHiKA2,2022-02-22 13:02:51
NDu7y8g1D6fOm3d3pQSqJgxj47g2,2022-03-20 01:06:41
NE1tYGhoYUeThdpdRjAsTePwy1m2,2022-04-19 14:26:29
NEL8utOUwpQCBHUo7i2Pnf2d2gI2,2022-05-19 15:26:39
NEuAN7b1ffa1Aq5bE3ovpk00X0s1,2022-04-05 04:41:57
NFDwdREROAc0HNRFVTehjqqNwKL2,2021-12-21 12:35:06
NFEDhOwXsjcGzrH1jheEUMZ2bNW2,2022-05-19 08:20:24
NFQEOomEWZW7FiXelSPUdG0xHhj1,2022-07-24 01:09:27
NGTI4SKFYcNKjM0rcFCxcIcQ9Cn2,2021-12-12 12:09:58
NGhmwX6u8eOl4Q55UliGFCDog2X2,2022-04-18 16:39:48
NH5aAtPlJbNzmGvOSSYPA2PoNLH3,2022-01-09 03:45:57
NH7syahrSpWiC4GWOA1esdsC7fg2,2022-07-22 17:25:29
NHJQwKarg7PJWbTnUIKmExL2ljf1,2022-05-30 18:10:50
NHMB2bHKjeUHujLn8GQGK8VXIO83,2022-04-18 01:42:38
NHWrW4nqOSUVAv6PFXuIMHHkw5G3,2022-06-28 09:56:43
NHisaLZWIhYDPByXh26gx6l0bbf1,2022-01-29 13:06:51
NIFH1CHcTIegLwdIKAB1QiinJqf2,2022-03-04 07:56:40
NIOb0dz0tnSuMsOx08d1ovRXeKB2,2022-07-27 20:29:23
NIUBIaHH9HOF6dHKOtwERUlb6Jj2,2022-03-22 06:49:59
NIZLjxHwNSQndBt5GQQRpKWkjNn2,2022-04-01 20:00:37
NJvleyeDK9UsCpaZmzTnfZGjDQc2,2021-10-30 17:59:58
NK9hn9ZQj9MpY5LV7tG9JnpLons2,2021-10-07 14:49:05
NKBxfhliaSenBhQk7G0E9PLgYRr2,2022-05-03 14:23:40
NKak8lbAM3MzuaF1aJa6zjr2BtN2,2022-07-15 09:16:22
NKc0It5nzkVTBVpnelQpYB4he0n1,2022-03-05 13:10:43
NLN8j2zsCIgfXmcIyGzZ2xSHJJq2,2022-05-01 03:24:47
NLaTCB5OJ8NDEk6Sxk9L9TdmM8t2,2022-03-27 04:40:06
NLuGKhME0nW67Ks8nbL3RmBL3E62,2022-03-16 12:09:31
NM6iYJEs3IVgxnEjhVwI5RhPtti2,2022-05-29 10:06:32
NMATxoCl9oau2QZJTHDbGVFbiag2,2021-10-02 02:04:27
NMYjTpW21cPIqEgi6u0onNyIed62,2021-10-13 23:22:33
NMwEGrrmXrh2JDb8t9Cagt3utWv2,2022-07-31 13:44:38
NN0RVQ9CDyaTJ7lJKbTOOL6t1Ph1,2021-10-03 07:04:38
NNQvwjHVvFMSGtKpdY7RbziAZBD2,2022-04-28 15:27:10
NNUkbgjzE2RnziOwo9zpLg49xsk1,2021-10-28 10:54:41
NOC0kAEZ1PQLQbSwAQ61hjMd9hJ2,2021-11-30 15:38:27
NORZyZ4yQ5QWSC3yCa7416CMhVE2,2022-07-12 11:50:17
NOd5eDNHDhexkVT4Vs73hsLPvYj2,2022-05-23 01:00:30
NOgVgdi0IRhdGsXzqw3fdFWlUVn2,2022-04-17 08:57:17
NOt53JKW7JXrcAUBvpg4ROVFEN72,2022-04-18 07:08:25
NPOdwBKVpwapmUtA2d8tsaEMqAN2,2021-11-25 17:43:18
NPZZnqG2MpdabvniDiz7jyA2XTz2,2022-07-02 13:03:59
NPhIyN6YLFeqhVVTawGhHcW9u312,2022-03-19 20:05:41
NPmN8HEzPlYZiRv153NmZl6AxKa2,2022-05-24 15:17:43
NQM39UnBWkQCxFujtoiMnpM22Jv2,2022-06-11 19:15:06
NQkUa7IaJobiMlxjwts2pXEBUxo1,2022-07-27 15:52:50
NRGQBwuzIfgustoyDM1kYIT481y1,2022-05-20 15:40:57
NSYcWa82DoNBKHLFsPSrckFEuRE2,2022-05-08 20:49:52
NSj05ekPkJZNp4j69yupU2SMQ4q2,2022-06-01 12:46:17
NSv6tRQPUxd4TAaTTCxPPRYPJpI2,2022-07-25 15:09:33
NTD4gQS7P7YyuflsneUWnzDe20k2,2022-03-03 10:36:21
NTMiyhKIJNZRRFBzDlNzHNtAy853,2022-07-21 11:43:42
NTX6iAjNrdYOtrA2P7RR0wNH4Bl1,2021-10-07 03:52:30
NTX6tmGSItaBgjRt3A9htnJM1133,2021-11-04 13:12:23
NTdBf0eLDRWCBGQ7SitF3fEOPPE3,2022-06-19 11:10:44
NU2wI9Zb2zU0JgYmaNfggSd4VWI2,2022-04-01 18:32:28
NUChoWvaRxNIWhP5kMP8LOjUimr1,2021-11-06 01:43:47
NUYKHuApl4cwYmpnV4zgbno6Img1,2022-04-03 09:26:51
NUgo1sOUa1XUDCqGpjCWgXHcfuA3,2021-12-06 02:59:36
NUyKSH0QUPWfe81ukMAN3wd4HNW2,2022-07-11 02:49:46
NV8B9CpwKSgML2mCQP4THJr2mwC2,2022-03-22 20:34:19
NV8kU8Ip8FTIXd3NmbLJW0B6SEK2,2022-05-29 07:16:51
NVIN1uSjdEf0eha1KIdGBsUfTjF2,2021-11-25 17:34:32
NVTDORoGSEcxpJ2msu6oef61ZVs1,2022-01-02 13:39:57
NVmOZ3p6M5Rn2Iyd3whnqRhsW9G3,2021-12-01 15:34:48
NWXahxI3jkXfzZcY5KtzGWF75cm1,2021-11-11 06:03:24
NWkb2JWMWPSSFdXJJqkTPz4Zph53,2022-04-08 09:12:48
NWkg8P4UxoaaWOaDmRnKoxaB9Mv2,2022-06-02 21:52:54
NWqYQ6fYakOBTO6rqSBV0ouhMi52,2022-04-11 21:35:22
NYFvXYEcw6aNumPa9duN5g2bMGK2,2022-07-07 20:59:46
NYSvZOfK8CUEtYXn9KiGMKKHBpX2,2022-05-28 02:51:34
NYcyOcsR1zWucgdgG7siDlwnmEs1,2022-07-21 21:00:14
NYh702vbm3O6vg4ZcDyjfEZ4iyD3,2022-03-11 13:38:26
NYoU3kbJI6hSxRnVeyneHMVWv9H2,2022-03-06 13:47:35
NYwdBjDPbCQ2zYhGB6wzEa7Dsso1,2022-02-13 05:53:16
NZBZFpd2FDUDQHhig2WP21zWxu72,2021-12-27 18:23:49
NZOTJFylAmatu4UouVvMwKT89Pd2,2022-04-08 10:43:20
NaJCordskZVPkM3lD2xFcjkYXrZ2,2022-04-05 12:01:26
NaRhEW2llubheXTOnPot48yp7X13,2022-03-08 11:45:50
NaX6XLcR8eSkKvY49p0CWFu5ErW2,2022-07-24 12:34:15
NaXbtwjM1pXMEuCfZW3EpHy0Pxg2,2022-06-02 07:37:44
NanUP7yMKqb4ECNK7DlnekdyTru1,2021-10-23 19:07:34
NaxpiVC1AdMkQ19zJ076BKhPWMh1,2022-05-10 06:43:02
Nb6WYVwB0VgGn53keb2SYCTLLNB3,2022-04-15 12:45:57
NbW2SePEaQVPXVLNDbRrZIOCYeq1,2022-04-26 05:11:19
NbWXE4zjHmUqduQAlQfYFKJsiog1,2021-10-30 11:25:36
NbklAUhZnhYtigfNlvMJsmL70T42,2022-04-07 13:12:32
NcSXPd88xBPNtAMpM5Rdl7MuPen2,2021-10-16 11:48:29
NcZl5WF5UDVLTTJgX10QJ9zbUHz1,2021-12-17 16:15:04
NcqfOJL2I4cOl52ppNQtaDDPJGh1,2022-05-26 13:41:02
Nd16COwIUuawZYyrrJmPxjq1yVD3,2021-10-23 00:36:01
NdIAoewAVudbBms5FwCrzIGCQOJ3,2021-12-09 23:55:16
NdUgd8q4nGWyozWArtbNMF6C0bU2,2022-03-28 10:41:16
NdYh9i2sZHhLD0eBb2yOUq1h2C12,2022-04-03 00:20:29
NdkzWzItNifgwnnhXZV5iPVGQHZ2,2021-12-21 15:20:04
NdwDMo3iMxYgndz1AshNSxuBI9F2,2022-04-15 09:59:26
NeIERVg0h4bMcPEeMSBQ9B14dE43,2022-05-07 07:49:11
NeMd94ROWQcTJQzbXO6Cgt33jtH3,2021-10-30 05:39:11
NeS9o677aiYlqSWgp6KNZtBljuK2,2022-04-20 01:45:38
NeY9ASfKJiVDcV4SfF6ZJVA3LIf1,2022-03-01 15:18:33
Nee2aa9Z3RO5TOBNuhoo76dqOvz2,2022-03-29 06:49:31
NepNZGiGcfgXXjSCOEcyzw3nn682,2022-06-25 10:39:49
Nf2icmQbhzQmwHsr6RfMJnz4BJR2,2021-11-15 13:14:12
NfNIeujj3DPYUUtGbpEyWcGhpA82,2022-04-19 18:02:56
NfPSWcYkXqQaLkK3xd6sPlUf1Z32,2021-11-16 15:15:05
NfULvjWCy0Ti87oziFCDCb1U6wt1,2022-04-02 14:52:34
NfW3OPzzlZbtw4xhWCcHfBGr8lH2,2021-11-18 14:51:12
NfgEispzM0XR3OazsmNbYAxOrte2,2022-04-04 13:44:18
NfonN5oLrdfZ9Jre9PDTygLVSPT2,2022-04-29 23:52:25
Ng8yCR51RWgUBJkMNHUIkZ5QW0C3,2022-04-19 23:18:16
NgCI9Z4GlpbeWdxJaJG8G8L7PRS2,2022-08-01 03:04:38
NgbWCaauq7RjrOWwlZkMs2O7UWy2,2021-10-24 07:51:58
NgeTSUrIzdXs5cgO71EpIyNRwKg2,2021-12-29 05:56:15
Ngn3MWPt8Chl8dCPmkBtFbsBJy53,2021-11-06 03:12:51
NhEsMtkqXEbNF5HgTG8cFqpy0R42,2022-05-14 13:00:48
Ni3iIkl153hVbBramJaMmf9j2dJ2,2021-11-12 04:48:03
Ni7xKPeEkiYNjIDAydL63dIRwGR2,2022-05-31 14:11:13
Ni9hVI3uriO6XdQq7LCjVzAJet63,2022-05-16 00:00:36
NiAiWaTnDAPnBwfGwsOFEGBwYcw1,2022-07-04 18:40:28
NiFgOSZgA6hX1FnmQzRwDM6eEdM2,2022-07-09 07:25:51
NiK0rt40RsUmQndwvkgPLSiZinG2,2021-10-23 05:16:26
NipqKLBpmpb1sJljqenztCbobvY2,2022-06-26 15:57:35
NiyWlYuJNJeZ4qrEUSAyDsVFjrm1,2022-05-02 11:26:58
Nj0TVEoi5pMGMccdXE6zpFGdCew2,2022-03-02 08:11:55
NjudgNwb5oUuK4OzwqW0s2G2Hat2,2021-11-29 05:38:47
Nk3xbyNPi8bAnFlwCgkT4VpRfGc2,2021-10-17 21:07:13
Nk5ry35K1ohtAXFAbYhrDAtulAc2,2021-12-23 08:51:56
NkDYZidOevOLm7pUyvSluepUtqD3,2021-10-19 01:02:45
NkFvTcFgcyeNesdbI6KFT1KR4rQ2,2022-07-29 00:38:09
Nl6yOTChy2b6x8DNhbv0A3fo6A42,2022-05-26 00:42:50
NlK1mL0u1NbX0XQW7bQPLSvBHLW2,2021-10-17 06:14:10
NlgnA8gAEzUv1noWQCwNHjjO7aJ2,2022-02-13 00:44:38
Nlzn8Qq1ixUDz1ziby9fhfJ5Xa03,2022-06-17 16:28:17
Nm8jcGUfgbgxD6LoGJHB3jOSI4m1,2022-04-19 00:07:50
Nm9U1bkvBWZtfd1mrZ4vRt1yEz62,2022-03-13 05:29:29
NmNBOxJY7teP2l8vd1XHm75zm3k1,2022-05-15 09:47:05
NmfXhlQTU8eNzF8Gd1HunIzVjYs2,2021-12-14 15:09:48
NmiqLZ09xbMJr8eOzQWaTZFvSGE2,2022-01-28 18:00:20
NmrCCNZbvwZKXYZurE6kdelVF532,2022-04-28 12:43:19
NnPXBdqyEDRZGX48KwhFcH1DF5G3,2022-04-27 22:00:08
NnSIXL7RZLXoceg5epioKZ2HlHo1,2022-05-07 13:04:09
Nncc5AsEWpb2WJ7NcxLviWPXbeW2,2022-04-15 23:16:08
Nnjlecl8r0WahlBJ6CxluZcXIip2,2022-07-22 10:51:04
NoSc0apvDufgMkUPiTn1qK88cMh1,2022-06-05 04:00:01
Nod39oxHD3SNPauAgHfE6tYL4K23,2022-03-13 06:24:12
NooRWourGxXYJnlfYlCto7uRb9W2,2021-11-07 07:11:35
Np9RcK3zTEhWnEZCPeJ456rriat1,2022-05-28 17:08:49
NpBrVrvJp1T0lItlh0319EOJrVN2,2022-05-11 10:58:19
NpgHnilPw3gnq1e5jFqwhG40w3b2,2022-06-09 17:21:36
Nphlhz1kZTO1XeqOqcKbfApNiqC3,2022-04-26 21:58:00
NpqSXLzyD2XmQpy1vviFTe6beBy2,2022-05-09 23:36:08
NqBi60VnvtWpx6YkyG0V7ZeatGn1,2022-06-10 05:26:15
NqPh0gSefWPsYTH5k2Pm2k9sueB2,2022-02-22 05:56:05
Nqy0FHRRJNO0gRxLRqeut5KkAml1,2021-11-14 08:49:42
NqypJzo4z4PD4qAWo15DrxXiUAr2,2021-10-08 04:30:00
Nr40VCmiZJWVc7AEUxMKvtO54Yk1,2021-12-27 23:55:59
Nr7x6yAgkqMgpX54WoB5rFNTcs02,2021-10-13 04:40:31
NrJgijah9vTllUC0kz36yG1h4v62,2022-05-26 03:14:54
Nri6LTrxmLh8lX546Qz4kOyPC7k2,2021-10-02 18:18:19
NrkX8tptXkTjAtMSFDuSu5pQxQn2,2022-03-20 17:26:56
Nrvs9UwA68N1wu5uA8AFjI9iy8v2,2022-06-30 23:41:05
NsUQZN98FsUwLX4xUBAzPPlZZy63,2021-11-17 19:40:20
NsohhPzIZ1NDmTe2RDqiwiBlIge2,2022-03-02 14:51:47
Nt5Ri651cPWJCTD3YqGPgyEb0qQ2,2022-02-06 05:46:52
NtPABrqg6eWptGJxunqFxn7pkeC2,2022-04-25 10:18:47
NtiQoV6Iy9RE0KVwA9IkoQpvEVy1,2021-12-15 20:38:00
NtzgHnu9CBVu30XnA5lNIfhS2Ey1,2021-10-28 21:32:26
Nu3pDr2dIfOgqssvvC6ccXT8axb2,2022-06-24 19:39:35
Nu53pEhM3WZxBg1qBBSFyDtiu2q1,2022-05-26 21:02:13
NuLbkdC3OIb65lapfxA0qnA2Vma2,2022-03-21 22:41:01
NupLuPdDpMWLaU7m9A481uWJH1l1,2021-10-29 16:39:27
Nuwz2ul2Rhe4t4XKcph3zzz4h4u2,2022-04-19 18:27:43
Nv1K1V4AjjSPCCADJFEnfFixTab2,2021-12-26 15:06:00
NvFGDFq7iRTbRYH7IWqBpSdAVr22,2021-10-29 13:57:25
NvQrM9nA4eQmxHAyjIcnHtoRYOY2,2022-01-14 05:21:52
NvzFxnj16AcEktybghJSeZQG5c63,2022-04-18 22:55:47
NwKTyOiSeWdET2k5UA3dabI3qB53,2021-12-03 12:58:00
NwPYRp4wu6V9cEiCIlCgnvHmMTy2,2022-06-24 18:46:11
NwbDitWYOINmyX1XObIcqLDPaYZ2,2022-03-30 09:32:47
NwduSqcS0veFk8YK57LHVhSWo1Q2,2022-03-17 17:34:18
Nwq7SuwWqwecDnF7HCMcR1IMS4v2,2022-01-31 11:47:49
Nwqz7a1SgTeYuWGCDNSE73eLArp1,2021-10-25 11:39:16
NxKp8FP2t0WXv3HVjqvuTYT4L6W2,2021-11-17 00:53:04
NxNutlHLdHN9YjaOpUGMAkCPbRe2,2022-05-16 22:22:24
NxZ06SKVbSeTURbBsJSrNraInDI2,2022-05-22 21:40:27
NyG6YXiQyXbpqKgGkSlFXVuj2Jl1,2021-10-11 01:41:00
Nyu1pb5Y8VbroaWATFaxrbxiLa13,2021-11-24 08:21:17
Nz0oxScIzaXcECyVaa8q439FnmH3,2022-03-21 16:36:41
Nz6VGI1K7ugzTcfV6uUOplMVTWi1,2022-02-28 13:52:18
Nz7piARGaKNPRT8cOIigwzUUmSJ2,2022-04-28 16:50:23
NzCojPZ1xLdtzzc0zMhasc3ZIlB3,2022-03-05 03:03:01
NzGyVKGJZOeehqR1sOZiqs8643s1,2022-01-07 05:41:38
NzWN1v6j7CeNTeKm1PG3czyHhMg1,2021-10-17 15:47:05
NzWglRFcxrW0iOTeZFP8xvO9ndF2,2022-02-18 21:19:50
Nzl48I7UffMpXyprbAD19IZkr8x2,2022-03-09 00:35:50
O0RNp1D4fVcYGwxtpeGXCPL4VX43,2022-04-16 15:24:19
O14Rc8608ramZlRMEM4fzxo6iPH3,2022-06-07 07:49:43
O1966QKCbubfeGYNmHFihJLRdQi2,2022-04-12 12:02:53
O1kvVxrDP8hKW6XeljBYYDbQMcE2,2022-01-15 21:21:06
O1lrgZ9s3hWKPzt5md2tmflfvH73,2022-02-25 05:50:58
O2Cmi2ybPiZocfrh0NoRhdH6JGa2,2022-02-03 09:45:09
O2LpBubfQVhchsZ1e5stoTiC8yI3,2021-12-27 18:16:57
O2MREgosmgSUA1bdGKJlJKMTn0t2,2021-12-05 15:37:17
O2bfp4tnnJPTP2uPVbfgD6gXDnu1,2021-12-01 22:47:07
O3Yxb9yVqTUYQEOxZpzAP1IHYuG2,2022-06-20 19:20:17
O3eWSPwt1JaWOLLjEvAe7kysRLB2,2021-12-10 16:36:08
O4oekoyYSqYj4t3UzORHcLrrTXw2,2021-10-05 21:47:37
O4qJ15eyP0Xr7dirAFXL3K21DCD3,2021-12-01 22:23:35
O5bTIcdcBHhW7PGLkKUwa5bm6Ny1,2021-10-29 04:59:25
O5mnE1Q6A4SpfWokCVWz2DVlbKH2,2021-12-25 06:17:28
O5p98klXXdW1RmO1xVvlJzvD1re2,2022-03-08 20:49:44
O5vo0oNgb2X9ySEM6Ku3VsPXE493,2022-05-15 04:09:50
O65ADsXGNyZILGVvVT5JlXe1Ho93,2021-12-26 19:15:13
O6ElzqQyvPZ2crzR3yMDYQDEwik2,2022-07-27 05:54:24
O6MIY6WEVCWJiJo7SAin9UgFcLF2,2021-10-23 11:46:40
O7aICQvTrPNt3W7puqdb41bAu3s2,2022-06-28 17:17:49
O7arjRtA8ZW5lJWSxe7osdSOiK23,2022-04-06 21:43:54
O7f8bqQrAhZOBoNwkcygvhZ9p9J2,2022-04-29 19:15:27
O7m9kpEreKRwnQXJtW9U0b7fDMB3,2022-04-25 04:39:51
O7vY8Lt4BjUFDByv4wX3ulPaRQ92,2022-05-29 07:26:54
O7yXfXTd2FZKQQpF9z6aCCaAqRl2,2022-04-07 07:20:24
O80qIfvgMza2YzlVYXCCmux6f9o2,2022-03-30 22:41:35
O8F6e5i4mtOQHhY4CuBgn4CxXxU2,2022-02-03 23:09:23
O8ImIwOeHGe66QowjVa2niN4yGp2,2022-06-01 16:11:59
O8OCvMj9biVNUateT9HlUOIE9Yh2,2021-10-13 11:23:22
O8hAKzGlHGOuKYIzqPEA3pCiFVZ2,2022-05-27 13:34:16
O8vypwqMUUSEjgayzrx3mZs3hA22,2022-04-21 10:26:31
O91RjIxQiXSxxyY14XF8pGu9TT02,2022-07-19 20:41:06
O94maJr6oBNfr6lG1WneYGaBLiN2,2022-03-06 03:59:12
O96bW2bUWiM4DtfWzLr8EeSC3by1,2022-03-26 12:46:33
O9I18qolaVVp69GMD2k3SZD6Hy43,2022-06-15 04:44:02
O9WFmDI200fjhA3U4ApL3rT8e872,2021-11-08 23:25:29
O9azp4zikQYPzS2e3QLTg7Ncvxu1,2022-03-05 01:35:38
O9dHIRm4HbbGws8DqLQLsrgripg2,2022-06-12 14:56:40
O9mhHeRTsFeiFblXNNNkx10VH2T2,2022-05-16 12:26:23
OA2zD5213tfWF3zi73FaeqpWXU63,2022-03-28 11:37:28
OAGqDaHSBKUGvLMhD421y1WwMD92,2022-07-02 06:41:02
OAfqxqBiohdxvWDeFA8xrokaWxD3,2022-02-28 12:59:50
OAlQrMX5PXQs7GhnMCXr5jEvaBp1,2021-11-17 10:53:54
OAvti6Hx0fOx7FbEt4whE88ShpI2,2021-12-02 13:10:05
OBBUgdSsyZTUIO4oE9TRFz0tfLb2,2022-07-31 10:51:29
OBNQ4YoreDXlsa0JBkejfZ59qIN2,2022-05-25 04:04:10
OBQzS6HzAPOUPIwb30nxKa0wzCC3,2022-02-09 15:34:45
OC6YGoSH9nR2xhzhJH0lrBqlue63,2022-04-06 04:18:35
OCBntUB27IcUSQ4YSvXJmb0ooEg1,2022-01-09 14:58:45
OCCnJbD8J5W2mvZBzg2BSHK54fI2,2022-01-18 07:37:39
OCbKiA4AGPS8paTxZX95Cnj6REw2,2021-11-16 06:28:27
OChMpup9EENxMwclHkFsPOsehTC2,2022-01-28 16:30:54
OCjaImMhiHUl5ko2zhkrVVnrtnh1,2022-05-29 00:46:45
OCotOdR0oiQ0Q3JdA2rVJGTF2lB2,2021-12-11 01:33:31
OCucgEgPkjP60V2dZJjz7oFxMLc2,2022-06-22 00:03:52
OCw7rMHc0cZ2fi5fn99JLNWaBVL2,2022-02-06 09:54:12
ODB5W5fI92NL38R64MJxqaP8aCn2,2022-04-14 05:15:06
ODJPU9bvgRTMCim6PU6iclQyhci1,2022-01-05 15:10:55
ODcs9HpgueRWCV6n0btXfA6Sdxm2,2022-04-06 02:17:08
ODxyuoQ9pAWi279fpcS7rMrmheZ2,2022-07-21 16:14:20
OEDtLntGKQhC8hWctOBFNi7fh6J3,2022-01-08 14:27:12
OEJxhKejiBQzlEnL6hg4qGRgJmz1,2022-07-01 12:06:34
OEVgSZ8znYMj7irIx48LUN3bFEI3,2022-03-09 08:46:56
OEWSyaRzhYbuGSjARwVyq6Ma0Js1,2022-04-18 09:49:30
OEWlq1KqSsTwfNS0q0zSQzKNiiY2,2022-04-14 08:59:49
OEmmy5NKZYTXs3qgovcw92Jnitq2,2021-11-07 04:35:22
OEtBKmSgSaXnAIUvj36H7ON9ekf1,2022-04-25 09:52:00
OF1JVRsdVxfCcz1uFVgo3aXZqzf1,2022-05-30 17:30:00
OF2Tug45hcZw6F1Co1IP8IZbp7f2,2021-10-02 09:38:26
OF4jIL2QS4Qbn0Hs2thMSKVXp7l2,2022-05-04 10:57:35
OF8BYX7zoyNakOkSGsyRdNB1ibH2,2022-05-22 20:45:21
OFP8SnxNRIa25ycdj4mq6FjxmQE2,2021-10-17 22:48:43
OFn4ZpryiPdT0p5h8y6R9KdPZKB3,2022-03-06 08:56:54
OG1nq9HBlVefWHYPreQnhTqatqq2,2021-10-20 11:04:56
OGavrL5nO9QDEQs0Wlf4KbbfCST2,2022-05-27 17:05:36
OGkG67QfYCc2b3CkCewF1OzNjnO2,2022-06-25 23:32:55
OHaSoqxgaTS6G63egO3O9Z6Cx8O2,2022-01-18 07:52:39
OHyOf7rlrWUVP15ODziWnGBBsVA2,2021-12-23 10:47:44
OHzltyjFSJahvplZvYFWH6T4HK03,2022-06-22 03:18:59
OI0idV4PeLRvEV15XJ9qrjCeITD3,2022-07-28 15:09:25
OI5LjysqdLZ1RbN4b8iJyNbwdZY2,2022-05-07 19:10:44
OIsiCRzumJdUCPj470GNCYS1tRr1,2022-05-28 11:52:18
OIvQqs79KcYGmWPgOBBa6ajYiE03,2022-03-09 14:46:42
OIvsKrl8PiODsffnS9rCXu68Q4j2,2021-10-30 19:01:59
OJ05chKpM2TLSvbMfs4KJGWzWer2,2022-05-17 00:03:44
OJ0gNao0SpdPMsoXlSTUpw8k6Xa2,2022-04-24 08:32:10
OJAz573WMKQAeAy8K7u1wX1UugZ2,2022-06-21 06:53:38
OJBl5Xsta3fewvQA1AKBpgvkSjI3,2022-05-29 18:15:38
OJkXRjW0nJQl7jNhDd49DQ7tkpI2,2021-11-01 15:12:06
OJrdqkMLEDWLjQKpIhI4V88mvM22,2022-03-30 14:45:43
OK8OiwHFGahdW4hCUDgGWkzhIDB3,2021-11-07 16:49:09
OK9eqfdGgkd07cyT1tLwFTZwAOp2,2022-04-05 01:19:09
OKM7EcZ3mATOx2s4L00VkOdizOw1,2021-10-31 13:03:26
OKQKNL1SHuNvQEnkOaSwewaKGJk2,2022-05-30 05:14:51
OKpQNNOyfNaYed6dl8IQ1mGr8tx1,2022-07-06 09:56:53
OL2EI15CEddBDhAHlK0BJ1TFBGR2,2022-02-19 14:22:37
OL3vQ7yxuug5BYApivjSa1Emj0g1,2022-02-11 02:04:37
OLf2alVgpyRQCQ3L6VzHgdSOrpj1,2022-01-25 08:32:28
OM0GFsig6mSPw6A42yBF9JqNdS32,2021-12-08 04:58:39
OM768Svt5gQh5YBGZr6MVed5hSo1,2022-03-18 08:58:27
OM7qudLrDWcZAJCQLFXPFhKssu82,2022-05-28 00:28:25
OMAYGMgVkIgjrZMpAazcePE9CQq2,2022-06-27 19:09:07
OMDXwB3MGGZYA87h3XGM2mVD0ij2,2022-05-20 14:28:29
ON8j4WUQ8PcEH4BwLeIwIvnFY413,2021-11-22 17:49:20
ONI1XGIMHGUnSlQIWzeuQInf9R83,2021-12-05 00:30:02
ONdpxsg8VrY4hshq4LmrlrYTOY73,2021-11-23 15:26:04
ONiOyIqAL0YQUw2ETiNWwBNiLCq2,2022-07-20 17:45:54
OOTQO3aqeMWQtNH0fXkVKjTvOTd2,2022-04-17 11:39:46
OOXs30flD9hzR8n239mnFaTQbRE2,2021-11-30 05:54:54
OOd04iBKkQc0pV44osWA1gx9t5z2,2022-03-28 13:29:55
OPAx19wSewd13hRB7Wo4Ch4GW9D3,2022-06-07 12:15:58
OPFyHyHvK6WFLp6cxwUBqhGTFj02,2022-02-27 13:51:44
OPIXHhXr1EfgSj6QTJDsZqywu683,2022-06-24 10:04:36
OPexTXpWitbSeanSpOSP84mx0vg1,2022-04-17 04:38:44
OPoiFawD5CerekAxEgJLTQWdNvT2,2022-01-10 21:32:44
OPx0woYPl1eQC6wpbBetqCHkaF23,2022-03-07 01:05:11
OQWyBFQSoddov5WCdVMgpcMAqNx2,2022-04-23 09:02:28
OQhTqfmW4DRD1CIfIF9Mnr7bYE93,2022-04-11 21:23:57
OQyLVK2OTChDEHlUj4IVos8yNMh1,2021-10-29 20:10:39
OR1wnKhwXJVJEYXQG9vNhy5A3Ss1,2022-03-19 16:36:35
OR8Q3L6o1RSmBam39YP2RZFXdbF3,2021-11-23 19:36:53
ORSTBCh2jiWrCN7XpskQsvMmBb03,2022-05-31 04:44:37
ORpZEohJ8RVn93XbKBqErjowuwi1,2022-03-20 03:59:03
OSBRKRaB0eW5BZwIrG4bfQZQVMw1,2022-06-08 13:02:24
OSPEmKErc7bx0czJ5re8ZvSqdLW2,2021-10-08 23:09:00
OSRo05b7wmW0kMZ6c2FjIC2R76w2,2022-07-25 03:29:52
OSUL7L5sFSUusUBUIAwqNPa4rCR2,2021-10-18 14:03:46
OSsriFrxsyUniY6YuasRl39ZtCj2,2021-10-28 02:35:27
OTL3loPAQXcFFYd4hOFZwwjsmmT2,2022-02-14 03:43:13
OTRaLl5fX9c4u1NT30xz4aOXJbC2,2021-12-31 17:03:22
OTnHbDGiHCZksBqsRaMt9rBkpJp2,2021-11-28 01:25:52
OTuE4uX9wEh8hyVKnF7EajhHIKe2,2021-11-01 21:12:04
OU2bfFcLFMddOb25oVcBOZ82tGx2,2022-02-24 06:59:02
OUHDrpuOaUQoX3zhknYtydhHj1C2,2021-12-22 05:39:51
OUNpxcBIbXW4HDICq7ivJRYoQsF3,2021-11-19 10:20:44
OV258g6Fi9QaDdrkYf0Aenqwp8T2,2021-11-23 08:05:13
OVNBA5ZJtAWBW9QFH9TwS5BSqFD2,2021-11-01 10:17:26
OVUZkLQGdyaL7bswjusjVzX6f4F2,2022-04-15 07:29:11
OVWPuWhI5JX2gkAVqt6N39Dv2Y92,2021-12-05 01:35:27
OVXjMb5UZNeg09ACKF34WhrbHUq2,2021-11-24 05:31:06
OViocfrGPOer9d9uaIpk84M3qOs2,2021-10-22 15:10:23
OVslai6Pgxg15I7wWyGQBZmRC413,2022-02-21 14:27:37
OVwxnKPqZYaRkYxIFtIILYufIdq1,2021-10-10 03:22:23
OWAaog2coYaQU6io5AMzLM2mjIA2,2022-07-30 04:12:33
OWGSoUnPPDf7BnMJMZsu28UB3aM2,2022-02-24 18:21:52
OWRVTKoBjDPVf3xHbJit1VNouC53,2022-05-07 07:32:08
OWVtjQeXlAU2OkFTVKPSrAqIIev1,2022-07-02 10:41:55
OWrzUvVQ8ibkZ4gaH07ZK1y2A3A2,2022-04-19 20:40:40
OWuV4zEvVqfA00rVVxHgQ8vd5Bu2,2022-04-18 11:25:02
OXWLN6PqJSZTixEbwkGuVCnYZqf2,2022-05-08 12:58:55
OY0FBe9gfnMbS28xp59CoSG6ag23,2022-07-31 12:06:16
OYKp602OCINg5edsIzaSsCwofKU2,2022-07-08 13:27:08
OYQgmQjnDbMC9Hs1A4F0sidKMvQ2,2022-04-14 18:50:43
OYZ74jnRpIOHSvLoX2JeQNinDGs1,2022-06-23 18:37:15
OYwWL6D1GZgalvwza35mofgxXI22,2022-03-16 12:48:15
OZOnK5NrX5fkCJYjLWu9bFlam3u1,2022-04-03 20:02:55
OZRhwICyS0cpBxJ4yRpyhl2wV6n1,2022-01-09 03:22:59
OZYd9KFSwgPoLvsW0PCCOkMb7Jg1,2022-04-02 17:34:30
OaCU7qx87NbWB4zyNG6JdMjxaCL2,2022-04-18 11:51:23
OaHsNZa5DBWjrC6Gr4ikkuyDzmB3,2021-10-02 10:45:23
OaLAMO71sqSu3GXfY5OE1MCjdkA2,2022-07-08 14:32:55
OaTz4oWzvgZKLoTCCRlAdYqSp6J2,2022-06-09 16:53:31
OabnvuouVChsOaDwujDqBmQyhb32,2022-01-18 04:14:34
Oao2ufrCU3gj3UhKnrpbz7Nd2xh1,2022-05-07 14:05:20
Oap4O1jPR4XS1vhWC30Z3REGyCr1,2022-04-24 07:55:13
Obw0OQq7yqhZa2v5gjPNAkoPaBH2,2022-04-01 16:33:15
Ocde67kF0TcSsfacOx6dkAL9ux82,2022-03-01 07:55:54
OcsI8b8c9bP7Yhs44XbkAIGNrlq1,2021-10-15 08:52:41
OdDmarvP5PZR2hrtkKKPCpsLcYy2,2021-10-27 11:28:37
OdcUj5qlWwb4nY7sO4SEDosO1Qb2,2022-04-20 15:40:13
Odon3OAi6rN8PiIuFadgiEKCCpp1,2021-12-11 10:48:25
OdwMFimr4NW0grf5kZ9yAvsfAaj1,2022-03-09 02:45:28
Oe2FsDsasahvkq8tN8BmoYadHaS2,2022-02-25 15:43:50
Oe6OUTHxCrONLxwUPh1DiuhBU6Q2,2022-06-12 15:40:40
Oe7IcEElsPXFu0OzgjzrikBzCAn1,2022-06-07 13:45:59
OeIv2O9MyNRJiVpNcU1Tbsp0qSB3,2022-03-02 15:23:09
OeP8tRD3k3dsWL4VA1N2Yk0jDT73,2022-07-23 12:01:14
OeQHytKZnfZkzDDdy54vN17gVYq1,2022-07-31 11:37:57
OeygWgJd51OXjDHbL9lMOvvl7MR2,2022-07-27 11:01:41
OfFqCu3qaaf5d1fzLK6WEh2vSIr1,2021-11-02 03:20:49
OfHDQl7VUjfPmuysg6ibgCSAg1k2,2021-10-31 01:38:18
OfUImUpeZTV9qboFhLPSx1OWziN2,2022-07-13 09:51:53
OfVAGB0VKkOa4MPpCqg2lDJ5fhs1,2022-03-26 19:34:21
OfhC9s7c1ZVmI7iwIVLk8UACxJE2,2022-07-28 13:50:14
OfrHi8rkWJOt4G3PxIiFISKPqPj2,2021-11-11 15:28:34
Ogl9mDy7WxeF0sfWLWWioovfzXG2,2022-01-09 14:48:16
OgucadIEByXLCxf2YRTFvoY63Vr2,2022-02-14 15:57:09
OhSdN3zxfJMR3nARZdIPtPWxRME2,2022-03-27 11:36:18
OhlSK6JhozZBMKCmbKJ0HDXZXWv2,2021-11-25 10:48:45
OhtHnxUkXFPvJyLZ4Ruo4u4XPah1,2022-07-24 04:42:06
Oi4XVp7iJgaF72TSao95bTTZXQH2,2021-12-25 03:07:44
Oi6fq0M3PyZU9KMpC5f9eicwQl23,2022-06-07 13:41:24
OiMENsQYsPNQXAw0HZxz1vF8WUp1,2022-05-29 08:06:41
OjBOGPiK8hU93OSFnmtJy3G6VQZ2,2022-03-13 05:35:43
OjH3CsW86AMOhe9nwY3cZ0cDGno2,2022-05-15 04:40:43
OjNo2df0IBdt1bqpj4cqvEnpASV2,2022-07-14 20:18:17
OjWFWGJAuPf2g2GAXs0rSIscI5c2,2022-06-03 01:25:13
OjlNwiPso5cbr8MXLEBATT5bdcp1,2022-03-28 21:55:01
OjucA7z13mTJM2ayOd6ZiIyIOm63,2022-05-28 03:17:45
Ok7abTgu07N8sfhlvjmu9KXAGgm1,2022-04-24 11:54:12
Oktl1tNBIUNOtUWziKCjFVNu00v2,2022-04-06 17:28:54
OkyS74K8X7btbxReDU1CccCNsj43,2022-07-02 09:56:29
OlDQ7JZwGVUXrTmdrpHJthCghHx2,2021-10-22 23:34:10
OlLsENynH3PSj5FiK8serzJDPfo1,2022-07-12 14:33:20
OlRj9yUpJtV26tOYd6iJagVUJZj1,2022-05-23 13:12:00
OldiBkBt2BXVXcAfZOjkClnYO8w1,2022-05-05 10:33:04
OlikgBFr1TWfxRttaiJu7Lu7Ngz1,2022-01-26 10:14:12
Olpm6Xh0zlcAXBVN89jurmqU4tn1,2022-04-29 10:06:22
Om1EPLiZkkTBaBxEMkOIC0OLSYp2,2022-04-20 20:18:32
Om8rSLjrNOe7CjSqYQMV4FTPSw03,2022-05-15 00:03:58
OmMuUnvkX1ewDlGHGOAJIEREPhY2,2022-04-05 23:44:19
Omc0G5bK1dNOBZlIwf4rCmh767k1,2022-05-01 08:51:17
OmnoglYdaYMDf19FweR4oNQxTu73,2022-03-03 21:47:06
OnADEH1AVUba4DqflBQQ409Nt6O2,2022-07-28 05:57:33
OnWLccxQqJNpVwGHeTVe6uv2zBO2,2022-03-08 15:23:26
OnfY7KNUekgvjdh3y9QGdo6luCs2,2021-10-27 13:49:13
OnyF6GhU5PfHbDXtsl8vLvftptR2,2022-07-29 01:07:55
OoJKa8aJi6dkgICtRpG9zyOnLfx1,2022-06-14 10:53:53
OobZInUIrDWTkSwXnKeHLHpYb7q1,2022-06-12 11:42:31
Ooc1btHrWxY8YoeoIWEOmOg893m2,2021-10-02 10:59:36
Oors7b51pKSOaNzNDlbvzSq93Ee2,2022-07-13 13:09:05
Oouq3yVRu3dmQUSeZ35njcwfzz73,2022-04-12 16:34:20
OpUalIAV56VBi2pvgxaPXS1Vx533,2022-05-17 16:20:45
OpWLV9RiQ0gDgGTPs36ttMrf1Yt2,2022-01-09 03:55:59
Oq8FtcTQqfT4QZYF5oVHCB2LxST2,2022-05-07 15:49:05
OqVBuc7O7tfTtmUz1Lgbe0KOwLV2,2021-11-09 07:09:13
OqVoIbHJMGYZSf0hdcc8S0XVSSW2,2021-11-16 16:00:21
OqYkBidpq6OWSyYVvXEiGabc94f1,2022-02-18 13:09:54
Or7Paxc2OGZUARoQZapHAt59bQt1,2022-01-17 07:02:02
OrDV838BY4Pmz57QUQARrGc5klw1,2022-03-30 13:49:27
OrnvIUz01yYi6KgeTkyia6QkFHb2,2022-07-09 13:54:30
OrsjfVaeHpN98iOkzuifGBobyog1,2022-04-15 12:00:50
OsAoyz1hjxbA40iSMELHyYDanjH3,2022-04-28 23:19:57
OsggBpw3gFNfr8Pt1fn19U6Kw602,2022-01-01 04:22:36
OsokKo436eRAwVs91UBH4jIB8er2,2021-10-06 17:41:38
Osp1xsi7b7VTSpi9Vy5gUOPjTPm2,2022-04-06 16:45:20
OsvKwheEW0cYeZKameIeedxKG0H2,2022-05-26 04:06:19
OsxCqvWA6KYgkrAReNTLiC8P9b23,2022-06-20 08:13:45
OtCAOYuYpBcc3vTKDVo3HVf2YzL2,2022-05-24 12:43:15
OtGUpuU4ciga0lB9kScptXjusm52,2021-12-15 18:23:56
OtPlBs9hQ9ai4cAkCykmfDZLJAk1,2022-04-01 13:54:55
OtR8BGEboPaXmE5WotWGClPB3is1,2022-01-14 16:48:44
OtTkqDIdVvQzmc9kTOLYIN3MyN82,2022-07-30 21:17:58
OtuZMOiyRDYuwjRBwUcFo78QCw83,2022-06-20 08:22:33
OtzdVH0cyYYnx9Lhxm5RRR4YeD32,2022-02-28 12:59:57
Ou0efE6oEihoreMwawMSVbFVgDz2,2022-04-13 22:32:53
Ou4oFyrAAvaFbCBZekVcL6Pw77C3,2022-04-03 00:57:34
OuD4piBFcKVUdeHj9QSHie696q42,2021-10-12 22:29:53
OuQzTBprI1NSkAe3xpQFXaeHG422,2022-04-19 11:00:16
OuSMgTruoiR9JKuiRPFATUQzsuG2,2022-04-26 20:16:11
OuUAwdoPvqQLBqAkwmWIzkHrO982,2022-05-12 03:19:56
OujRdQOn9YYU2mTWryI6yeDFDjm2,2022-05-04 16:26:41
Oum5lMYdyYPBQBXopjwKp3Xbj3o1,2021-12-19 06:57:03
Ov1lcWh2s6SVhlVUtLjNlMlwdl92,2021-10-03 13:05:07
Ov9V6vnwmJd7YT8Mb19EDmszym52,2021-10-07 06:11:42
OvAYHrMcFBTRbkpptSOxKPqJcep2,2022-03-08 04:05:40
OvHdQM4VzNXN2MMuRIUPyVdXmTJ3,2021-11-09 17:55:44
OvX70eXVQjXCi2YbI11i3Xus7yn1,2022-03-15 10:00:46
OviDFdQdyBfS2MFX6iCWV9nddK12,2022-03-21 10:58:11
Ow2WnSaXIcR1sk0uxnRPYxHoiFn2,2021-12-09 19:17:12
OwFUmXbNIfcJ5ALA4D07euw00xI2,2022-04-16 04:11:08
OwaeCqkrZrQVfKzK4mAkA9NIiVI2,2021-11-03 18:53:38
OwvYNiJg2xgNHzBgMviS08eBcKA3,2022-02-21 08:57:08
OxB1Pp9qNdVCUTGx9K8GoaCj3lG3,2022-01-24 00:15:00
OxL7L600ByR2pdmoozWek3M2xSL2,2021-11-23 13:25:37
Oy8OYpHeBkU1WDo8HcTdJNZrokk2,2022-04-09 22:48:24
OyYSu26bD6hEC1Iz7DX5xT5Nim23,2022-05-13 13:51:27
OyhZYOsYA7OW72NouSQb1ux5Y6F3,2022-03-29 06:43:53
OypMw5sU12VXTzMTODLK7FnGOfC3,2022-05-07 13:56:30
OyxrlANkjOMjXLzPiF2J2H6tMBD3,2021-10-20 10:23:33
OyyaRMB4sEasO0KyoFi9lbqhEDX2,2022-02-05 12:10:39
OzEpTb7UNRXvhzt6hEiXWyIOLPi2,2022-05-19 04:55:24
Ozwi9XdMSGaSLQENdluV9NXlqD53,2022-03-25 13:56:55
P07q015ZL7c29GThHqCirdJlTtq1,2022-04-27 18:25:12
P0GRa5DpviYmVUlpELmem1AA1h13,2021-11-24 04:49:00
P0ez1qK00zWIAfMTMzQ325gnLBZ2,2022-07-30 14:03:14
P0gKMZt3FbSjot3Ri4GEA8qdJVv2,2022-04-30 10:13:16
P0lO5R4ePpduuAEx7SjF1B0bkkA2,2022-07-07 03:35:13
P0p3oYb8LfYoQI183LYzpgB3tE42,2022-02-13 23:16:14
P0zKVMf1UBeDVVC5ncF5tB5EUSp1,2022-05-03 21:13:44
P13XhYDWbtONwekbpjDnfEPM6jr1,2022-07-11 00:21:55
P15065mVFITeFJJcfSXwNHUKe022,2021-11-25 22:57:05
P17OjFrlfeblegnZ7KXeLOxym622,2022-05-09 07:27:07
P1f557KfxaNrwCDqD25FIXks6gM2,2022-02-12 12:50:10
P1sWzYGZaBMMeQnLRqs9aNcJcDy1,2021-12-28 13:05:46
P2HZNXJO6hQklbN9aDlnuoP4Mkt1,2022-04-22 11:30:37
P2d9E0KxNOfK7uaxnobWv11iBSB3,2022-05-11 03:41:20
P2obBruaYah75Cs18EljvIszUBZ2,2022-01-20 15:59:53
P2xr30kLdZPx4KIcRN7dUqbdwmj1,2022-03-03 13:44:45
P2ybRfTJCDNROTtz6VKItwfz2qT2,2022-02-02 00:46:21
P2yhS7d7cWUphnPP4QnHE7yYgnb2,2022-03-13 02:04:30
P3SA0pyMa1behv1BMa9vneKOV4b2,2021-11-25 17:35:02
P3WWsLZe5lZJmFfRkGwdoe1fMqC3,2022-03-31 02:33:09
P3fffZGm4nfpXExP3KVyrR9sumr1,2022-01-29 12:22:26
P4HA9Sikm9QPVTbOUXHTQWulgby2,2022-07-27 22:58:48
P4Nkg2ne2CQQXU3HC4kfm2oAxC02,2022-01-02 04:38:20
P4avKOUqP4ZmuLN577ezSQJRZ7a2,2022-04-20 12:31:34
P4lXdOY5wdTAXUEvEFka8YXRbEm2,2022-05-22 19:06:30
P57e3vGlT7UqmOzyKNAMdCX8FOk2,2021-11-25 11:16:39
P5P5eNW6fqWJ11Y6ATf22d9DMSw2,2022-04-20 23:32:25
P5Yx3UNydAfB8Qn8LSzm2SnO9Vp1,2022-07-26 14:56:17
P5aoZp9TzXQa2I2KDhBNU8q0Vxg1,2021-11-19 04:38:48
P5vZXJYOHfXLbpMQfhPMbpxeArP2,2022-04-17 11:35:07
P5xgszDSSoY7vLwDn9xgxFW9dZh1,2021-11-14 17:36:49
P63AlXD2QCYiY9NPBUV5ZcpeQnJ3,2022-05-06 13:11:04
P68MKs4ZDRV0x3GKeZfwai5KHnm2,2021-11-28 09:05:40
P6DsdsH52KPhrD4RQJlMZwo6q2f1,2022-04-18 13:10:36
P6HflODHrsTVBFI7j6JoMeEza7W2,2022-01-16 18:11:20
P6LTnhe03NQkh2SMhDIhZsSo2UF2,2022-01-17 02:48:18
P6X3KRLeqqQllumLwxuqOxcC73y1,2022-03-31 07:37:35
P6fHy1AK99fPvv2WEJvYwDTXiEp1,2022-02-17 18:09:07
P6kNyNcMN5gMwWIad5Bdt1ykxQJ2,2022-03-24 15:39:43
P6pHwF9Ll0Qr37lIRB1bsktz52L2,2022-03-04 17:07:41
P7GzWllJmhW8IIifnU8j2hs4Gbn2,2022-07-28 18:49:40
P7KRGjBLiAZLzkY1Cf3aAPM0vQ83,2022-04-15 09:26:53
P7LnSNDjH6ZGwGunr0HVDLimI1s1,2021-10-19 07:42:19
P7UcYMpRpxgQVrTrT8QS1s6ALmo2,2022-03-06 11:30:25
P7p0OvHOzdhUTlbh4pHwB9i2xXz2,2022-05-25 00:38:39
P7tD5v6p2uUdjiNPws93acu8eG23,2022-07-27 07:03:57
P8L5tzayD3MFYI8TRTXH61osE8h2,2022-04-20 10:00:47
P8RMqUv6tpYdoIIy3cZFtUvvhDn2,2022-04-28 05:18:48
P8faQOQzfHX5U9N15rRpKt71gqL2,2022-05-02 02:18:38
P8iUL0554xhkOUh8qlWlt5dSfoy1,2022-04-19 04:44:07
P8w6e2X9LnapUq1ewjlrfhpus563,2022-04-02 09:36:11
P93lHszyUfdVrxiYKdXtCmMbpst2,2022-07-20 21:46:38
P9LhR3t3tDWhGFASVnjMwclzYDZ2,2021-11-29 18:33:43
P9T7Nk3mNWWi467KwGCPz0CDwQH2,2021-10-20 18:08:16
P9hVA0OOGXhRGjJVbCOPzQ4WErw1,2021-11-14 08:17:38
PAFyr8z803fdvfYH5Y51YCZOB1F2,2021-11-14 13:14:35
PAtyzEKdRaT4wlOo9XHLcGRO8ec2,2022-05-08 10:04:09
PAuvc7zsh3WVDszL8BaYsoMGX9H2,2022-05-12 08:46:41
PB69GzNC0xM6Sh3lXul07CU52RQ2,2022-01-11 12:09:54
PBKPx5KDBHVYeTvoICSRfFp6ml62,2022-04-02 22:15:22
PBOTBGLSsugWc4SeHc99qeETwm23,2022-06-03 23:36:27
PBVHQCKgOyVrw4HQLHijAWN5WxZ2,2021-12-12 12:55:08
PBcukqr5dNc9echhVXdRk5Xi5kh1,2022-04-07 11:40:53
PBkXtAjWBQWAxMtWYvvQ1nB08h62,2022-02-01 05:34:47
PC7uLbf1DpQgBs1ShbDNLmpNT4e2,2022-05-29 07:08:25
PC8xF5zQtQg1K1nnKGapumYyctv1,2022-03-22 03:00:14
PCAQHI1lkSOEm8frhV8ONnMYx0z1,2021-11-27 11:03:43
PCM011QH98VEDkkruIWYX2YNqxY2,2022-02-18 00:53:05
PCV42OiQjGQ4AvffltCkIQKxZQs1,2022-03-12 03:36:51
PCvtp5e6vHR2dsd92MvYlC7iVfL2,2022-03-19 14:21:42
PDAHCimytEXk9F79Objvuz5ApEB2,2021-12-24 17:26:36
PDDkKVXNLGMUO81b4coqIwGpKFn1,2022-05-05 00:18:56
PEH53aDyTnRKGF2O0J7nDn4zp292,2021-12-30 02:08:28
PEWpesivdNdb5zvwsu5JDkEkRen2,2022-05-05 06:21:38
PEal75RSiVbu64vHMlos9RuzJtj2,2022-05-03 12:19:12
PEesrYcrY9TnGVgeTxa18LmeZOk1,2022-05-04 14:25:41
PFAP1JZFcvWVs5xBRYdnf5t4Xi32,2022-04-04 08:45:28
PFaGCfzfG9hv8DkvnkEsaOjWAvv1,2022-07-18 09:28:52
PFgq0tdGxtbL8RmZqcgSRIX384l2,2022-07-06 13:55:30
PFrncXOr9vd91lt9gz1tHCObMqJ2,2022-03-28 11:42:19
PG7fGOBowUYFoUFcu7mELxsszik2,2022-03-27 15:10:39
PGAympmOTThfboRR6tcS1MArVE43,2021-10-27 14:05:09
PGfDn4KndvWsqNJhyoPKIGqR2X23,2022-04-03 08:11:01
PGu0PIaPgYcYZN5giH3G3hCqWkT2,2021-12-02 13:45:35
PGxGHgjSF2M05GvskBLAy3h9Pt03,2021-11-20 03:31:40
PHU8FX6zNOOGBB05BuUfPmXG22H2,2022-07-31 15:14:52
PI9zlomveYcLkShMJ7v2ztmcj023,2022-05-17 05:22:00
PIOeyij45MVEVj2FuStgBAJQfhi2,2022-04-29 02:16:55
PIXUbEyV6DXLBqv8ufWeg3H9Zbk1,2022-03-17 21:03:13
PIebfQR7BGMqMGKB2n0fGKfMmIC2,2022-07-07 11:40:55
PIocAWAqlbY0XWW5P6nUJmUaTyA3,2022-02-28 13:18:35
PIwePwrRefSeJHrmHg3Kyl08qjv1,2022-04-06 12:49:41
PJ1V3U0gVYT4LXoYcXLphS2vHqu2,2022-03-15 11:58:23
PJ5lI8RE6FPXySEpyt2yI9QdDrY2,2021-12-26 04:23:55
PJ8SuJwNUMcS5VwJlKuhaIEoozw1,2022-05-30 04:26:48
PJM93byT28dRBKieSUc2oERwyMO2,2022-05-15 18:29:07
PJTBarsrBqRbR8AhL1K6OOobFP42,2022-07-30 17:28:54
PJrTGwuDp3QWQSRqFVOZhRijfoJ3,2022-04-26 00:28:35
PJssQydhOmOxz5gQRo37vgjBfX83,2021-11-25 17:09:43
PJum1uDY8DUq7vQ00ASrOo8udPq1,2021-11-27 07:40:17
PK4VMnG4vJW5mil0jQRjbFTadzF3,2022-03-09 19:52:40
PKLv7CiQEzRn4x9va2kD0fsx3aA3,2022-03-19 05:25:17
PKNy5MiAitNPXjgJWs8H6fHPPRq2,2022-03-31 10:05:30
PKOkJn4UhrZbcHpOZy4mLHF6MDl1,2022-02-02 13:08:06
PKlngtLYZddQDQypXtRlfq04rtP2,2022-04-19 18:05:14
PLFsMEm07faWH4BGBIAUqxKzIFt1,2021-12-12 23:50:08
PLoZXl1OsTWveYVewkl6hPdcAdA3,2021-11-27 16:52:30
PMPa6GeeFxWTlWDVeiMMRH9XSQL2,2022-05-05 06:03:47
PMpugP5OUSOChI9U8wdRY7G0Vyp1,2022-04-25 16:06:21
PMyUP3Qo8EO0qdhijgQnn8qtE3i2,2022-01-20 00:46:45
PMz8rrDXURaT3CBLTOAgJTygGzB3,2021-10-22 13:24:52
PN3paQSCIsZ9fYinfp4bgzw4xdo2,2022-03-14 08:42:33
PNApx6aBebPX2yPQKY4iQwXyuPq2,2022-02-25 16:34:56
PNGKoC6yudUQiA9uCXAQbJjorWr1,2022-07-01 14:20:18
PNPM04zO4QUOA51YWM8jXgRgveq1,2022-02-13 15:31:19
PNVDAhomSROlftqYDI76gExWvC62,2021-10-08 22:37:05
PNbThNCjKMM33tQ4GIGSYTyjMzk1,2022-01-17 11:44:46
PNekZ3W4mbTi9PT3aPkTSJsKkzm1,2022-02-26 03:46:34
PO6HZmzJYSeHRgTqQcLKeaT7UX12,2021-12-12 02:30:40
POWCvngT2mT6qo8gVNZAxlqqKWD2,2022-03-20 20:03:35
POZ2ycpJElfMs9o2IuW8padCci72,2022-03-01 05:38:31
POd5fp8VtgSVGXQMppNFJut3EUu1,2021-12-10 15:36:50
PP11ccocAFbDsH6Th25eSjnk1Vz1,2022-05-04 04:42:24
PPFWubbvuPVfQzDxWUmXsfXculp1,2022-01-23 10:18:10
PPMzpRFSa4gWW5MHPG6fh4Tl65o2,2022-02-17 13:15:59
PPcnnAM5VVQm9PpMrvnPuRg7xu02,2022-07-21 12:53:26
PPdLqz7u9vSFRmtVvbJnBzvDm9n1,2022-06-14 09:25:45
PPf0gbqzvVcrPCyCliHqtdvfldj2,2022-01-22 15:22:34
PQ88BuV9DRhctZCDe1KvXfFVfis1,2022-07-14 15:59:02
PQEHaXmylsNhmvMZrZTnl7SZ6mg1,2022-05-14 13:50:29
PQSRV3iauSecUJG3OuKYdlqrR152,2022-07-20 20:39:14
PQThzOITNFUnNMdTZF9NqcNRgtc2,2022-01-12 16:30:14
PQTzWeiPOkMao96R1RZX8yvKkcF2,2022-03-04 16:04:57
PQXW9zrSsmNZ6mwrRrwvgsZZZBl1,2022-05-13 15:25:26
PR3ru0Srd5NX70IcjKiHsLXhV1n2,2022-07-14 03:50:27
PR3yficetVWTr84ejZjqvNvJYLI2,2021-11-21 13:21:46
PRFxLSSnkhNYniRzR14pPbnvdrm1,2021-10-29 15:54:31
PRGofawc9qh2ME1rtIqFHyAinr72,2021-11-06 10:01:04
PRLx5ZpuEIZKGXeYeDm1urInjvt2,2022-03-14 15:21:13
PRSuc6WaM8aGucBflAGaIfk8NAv1,2022-06-26 01:51:29
PRaVp2gC1SUVAi4gfJ9GejvdlC82,2022-04-19 15:49:35
PReK4JLicPRw7OgJsuyqRKUbQQ23,2021-11-03 22:40:32
PRzkHCGi2CT55o71SZRcuakNDip2,2022-01-18 11:28:09
PSJnfENDrYcyqR0G9expxH6VlcU2,2022-03-21 02:52:38
PSQqcrljYEXF5cD5KemeOhhXJQl2,2022-07-26 02:16:47
PSggWtpwRYN6Mf0E8eHUuzN8Wdm1,2021-12-26 07:59:46
PSmupW4Vg5cdQRF4CyAAyXOnKnr1,2022-05-15 20:23:19
PSp41SJl3oU7NJLYBNmgQojaGJp1,2022-04-24 13:40:35
PT0FQypvCfZJ9nkqhwONIlYLqt12,2022-06-30 06:46:05
PT6hcq45xANAZXlLXRFWgjRzkSs1,2021-10-15 06:06:01
PTGCpqdEdPQ8D2565Hulv5BwqMC2,2022-07-24 15:11:39
PTOiUIASPfdxa0XoaQFW5NQS3ut2,2022-05-31 03:09:19
PTYq4YgO0RhfQW7q6X8AKHbZvGy1,2022-05-01 02:35:23
PTjHEh6N6tYHRSx7cl15ngwvvTr2,2022-06-05 20:50:17
PTveyeqXDqNh8Q75Mpmdi8KyKiN2,2021-10-19 00:57:33
PTvmJtDZlgeJyLASy4Pci78DikH2,2021-10-19 05:58:50
PUKkcnYCKfUlbd1WCmt7Bgj7zmY2,2022-02-17 00:17:41
PUSHkcq1W7OQZBTwOus0wnGcEdM2,2022-04-19 02:59:09
PUrpjr7OVAaqAl5mjyDorXtx9Hj2,2022-03-28 13:38:20
PV0hufbRn1RgD1Ipbfu8bOxnXyl1,2022-06-28 15:47:25
PV0y7ri2D6PBDIhlGOSBJ3d8gyH2,2022-05-18 17:16:19
PVnqUGpRbhZ9LON0XXzsPVD61er2,2022-03-07 16:08:27
PWFNu1L7A2N9kW3ZkCMazbNob382,2022-06-28 18:45:37
PWQlyoTxbJfKpcoQ3t9EAAIjqKG2,2022-03-21 15:18:07
PWZKgv93hUXPKqj5pH1uzpFi1Xf1,2022-04-03 08:44:14
PX1O3ai0sOVPCFXDwLxsPKMmtNi1,2021-10-24 13:04:00
PXEf8hTci5PxmVTM3ZHRzEzZwjN2,2021-12-27 09:33:15
PXMnSgln78gZh4hHkGkJB7ge72A2,2022-06-26 21:45:38
PXRf7ydxMYdNl9fKSgxCvH8gGxq1,2022-04-12 02:15:29
PXVKM3vt7gaRfClWlEOpsWlWI872,2022-06-10 17:17:13
PXZOT2G7EdeOS5LDRJZrTwSMv5K2,2022-04-06 16:44:50
PXhSXBvvaqN06AbG0gjXwmfqtsg1,2021-10-30 08:43:35
PXsOi5aYNiVfkNcJu0VaJ4tgdfJ2,2022-03-23 11:10:46
PYENtZZFhqOC5UhTmP8lCsfNAnx2,2022-05-14 07:42:50
PYZsnJ4yj5VJPapvlb5Vt5XQfNE2,2022-03-29 04:05:44
PYleIGdd9UeXvdRQTmzfkBllSL52,2021-12-13 01:29:36
PZ9tWxbITzXvCi70MntNCEzzJVm2,2022-04-30 16:51:55
PZdn3NwwAYM0G8hxwDsU0VVvb9o1,2022-03-04 20:00:06
PZf6ezj32VhSC0iNjIOpueAgn822,2022-04-13 01:46:17
PZgP4hlhTZODceVHZDFis1NplFO2,2022-07-21 04:37:05
PZxMbk79lRMVC2Y9fdZmY2ZnsjU2,2022-03-07 09:13:58
Pa10s6jrrmTg2dg7xkqajYOB1B42,2022-04-25 22:42:08
PaRJQ1L12Ff1Qzkbho65R6gXKY02,2021-10-18 19:25:44
PaU4AZPzpZOzDFb5joYRm6hUC3f2,2022-01-27 13:15:23
PaWTorabd7hC9E1YrS6VULtjX102,2022-04-08 18:57:52
PaaIAzadoraHwRwbUGA3LHxwX3B3,2022-07-21 14:13:32
PazfdO63jnO0lsodhsEWwHNGhOG2,2022-03-08 07:59:10
PbRDJoK9f5Zw3b3XjZcR9Kevfdm1,2022-05-29 09:13:41
PbbaEf8XOoZEbIr9Ern8AwQrhJ92,2022-05-02 08:19:10
PbixsCVJhlc9eZXnVWJvUwM4lJ32,2021-11-07 01:53:36
PbmWv7ng3edUNYTy0wiaH8Q88V53,2022-07-21 22:18:00
PbqC5Gl0mtYUr2p1dZpqUjNm57K2,2021-12-01 09:52:24
Pbu521vxMYSWavV9VZGpqhyp1eY2,2022-03-20 00:25:39
PcJvJTRilabhN3hQAvc8eC8DQsT2,2022-05-01 06:16:40
PcL5BgmaDkYnVPJRAcu8dcsQevr1,2022-01-09 11:04:49
PcMVIll2rNce5qZqZ6oQRXSZvAW2,2021-12-23 06:32:49
PcZn5H1ZDbU9Dy73hS5gU89UcCX2,2022-01-25 05:12:07
Pcf5taEsV7XyVERmfr4Z4mhv6b73,2022-04-09 08:35:54
PdeBuOluv4biiU6NhbtwWpacIlh2,2022-05-21 05:54:08
PdjErY8aSxebfmYq8GPEijx4RVh1,2022-04-04 06:33:43
PdtFCBDXUXaIAnquCAvt14HOTAK2,2021-11-30 12:05:06
Pe3XpYiKX3QUx7I1mp3hf08STFI2,2022-04-03 03:53:18
Pe52bBTU2daaIT1CprWweQZbWBu2,2022-04-14 21:53:42
PeEstu1ITHXNeosxm2RZRx9eHyi2,2022-03-01 08:22:37
PeM9DAR1M3dajKFxPk7gv9GlAjq1,2021-10-27 23:14:55
PeNkSl2dHPTwWL4U1Hap01X9Gqg2,2022-05-29 11:09:45
PeS3JcZVeNh2aja5rWiSm5Oig8o1,2022-07-12 12:19:51
Pehw9vQ0aAaX5t6pZG2wprRLlOj2,2021-11-06 11:01:12
PfEW8rbOxURtWp21nLaWOsGRlXC3,2021-11-24 05:16:29
Pg5BtQeGfman5WftZRSdkXsIG5F2,2022-07-21 03:15:43
PgM2SmY2V0UTzS2zfHqXOIEP9IK2,2022-04-20 14:55:13
PgY4XuPRJoTsfTZ5XmRKcxaOVIl2,2021-11-05 05:07:34
Pgl0SnFDzAcmsvzJm9gQu5hExAJ3,2021-12-06 20:01:04
PhHwrgdPSxcgbMyRsEJHYGHnk702,2022-03-22 03:39:39
PhRp1RHFItNQDVfxry6t6x6Wjzb2,2022-03-30 06:30:37
PhVT2vyloKWuiFzxqZzjK7kZpe33,2022-06-15 05:08:16
PhW5tWPfrIYrKfzScOa59vnJU232,2022-07-24 11:55:04
Phfa7B3E3FZLN005tLeitTqlT3S2,2022-06-04 07:12:30
PhmNSZuQ01TNcprux4GvVh7WI6F3,2022-06-16 12:43:34
PiMI22XtFiPG0clp0B1DLWcQ0MG3,2022-06-19 04:26:14
PiTWcNCCEqeknR4U3ywyJuXutCb2,2022-03-19 10:43:24
PiUb2absMydLybcVzvKco3ggtKg1,2022-07-19 06:23:39
PimXArtXMMTisGIHEtodkbR1zFp2,2022-05-15 14:40:21
Pj4Yw3XoKCZdqUM6BVPQxpgHe2l1,2022-04-18 09:59:38
PjIYJmG5TqeqLGuz6g99nLcYasR2,2022-03-03 22:06:21
PkCpfM6fzYMKualfcflRtlH0IvG2,2022-02-26 10:07:27
PknhfZQCevMafpM81iL4nkZ0jwP2,2022-07-20 08:36:41
PlGvsmKIozQMzgUVRS8HRnQdn492,2022-04-14 04:33:35
PlSajoK21WhG4Y1JZnV9s7jVlcP2,2022-03-26 02:01:04
PlbLKZIyJBVaNA8twBsvxGQgqiu2,2022-03-10 18:21:57
PliQYchC6LVy4YiNDhTukPyhBEo1,2022-04-17 09:49:39
PlqOWMrLNrg6HEwD46cyhaBaTX32,2022-07-26 13:53:03
Pm5MvuWkgZUPtkEn7mQ0IGJjR7o1,2022-07-31 04:19:07
Pm8CSPuDMeOUIq6Ucsh5vQ3rXAH3,2022-01-30 00:23:07
PmAE3JWAa1VX9TMGrEftUHBYqrN2,2022-05-01 04:34:46
PmLWtJGw8fRis5bvTUbr2KHLbvf1,2021-11-14 01:40:41
PmmA4r8GXcNcwDmrolFiTvSMpRr2,2022-04-24 10:08:38
PnFcsUYbsNaskmM0OGx5Sfz9f9A2,2022-04-27 06:03:26
PniMmFKdH3cXjbMF0ZjpvpWQvOi1,2022-04-01 20:40:37
PnqeUVr9b2Rg9XnU5T5ZyIfgjtA3,2022-01-14 00:21:26
PnxOmgEu5vSt2vMnnT6QT1FmAJp2,2022-04-14 15:31:05
PoaDKmj186d6xqrjpTwFRTy7C7H2,2021-12-21 09:34:47
PpGhBFp92cTY0IsXpU3PWiCA17K2,2021-10-26 09:43:35
PpiRg5UuwuPWNYN2mdZMUnGmom42,2022-07-30 18:33:32
PpovQUI2fEgyxESTLiW2KMq3oxJ2,2021-11-10 12:05:09
PpzGGE7kljV4mCuwafR7oRhuL8Y2,2022-05-22 18:34:09
PqBzU57Ulye8Im81AQoQxqnqhml1,2021-12-10 12:36:26
PqDo1VXQmTce5UKuMc0FvCh7pmz1,2022-04-01 20:21:28
PqQfM39r6WQlujvYtfMliPjV4dk1,2021-11-21 15:33:05
PqloO0yxOoO1nvQccCu4ugX93rT2,2022-02-21 22:57:21
PrJkWdr6sJTJKZrnIvgi5bbQF5F2,2022-05-05 11:08:21
PrKZZBb4eHhMk65YLgfCUUlCNi62,2022-03-30 17:57:15
PrSX813gZANZUNEnT313TcWzwSJ2,2022-06-06 03:14:39
PriTQIThrXPMvVoqBumICabaGX23,2022-02-19 16:28:44
PsIB5qlrZHdbGH8XK4s5Hc5uaPf1,2022-03-28 16:41:53
PsUhiwGxXubUAWeEdiHN7OuZAKt1,2022-07-26 10:10:06
PsXwBAe3OrMl35r2GclMeFYTuzH3,2022-03-04 11:44:13
PsXwiA4hrCbNBOD2V9wiRqxiAkE2,2022-04-22 06:29:31
PscEfKav8vNASYmuBhLmTLiRl6l1,2022-04-14 09:25:07
PscOypIvmsazOM7X25nT7Ta8lwS2,2022-04-07 18:35:08
PsihgdZZydOGcP868c5V4WSA4ow1,2021-11-02 04:22:21
Psl9kswTG9X7mmiWN5nzyR5OvtL2,2022-05-19 17:59:49
Pssa2ZdMZ8MhIo2omzARdGN38HS2,2022-06-01 18:38:13
PtB5tILh95PzbuqqaB4rJSV6Nn32,2022-03-05 17:30:29
PtGj3AviZadLTnjlQAjuUh7o1mM2,2022-04-09 03:53:17
PtcK6nlgNNUvQeRqMfolJra1UgY2,2022-06-12 05:24:17
PthB4Adnc9VjlcKskkbfZOcyY4C3,2022-07-15 23:41:40
PuFfK5dMgnRncYMixyrhKAojiF53,2021-11-21 13:58:52
PueyyZz2i9NNL3gpJqOQ8gsws8k1,2022-03-07 15:10:38
PukfVPVfGRhJ51DjZQYZTgITJUH3,2022-02-10 14:28:36
Pv1vLyo0PYg8Xb8DBuTmIotkOpx1,2021-10-24 09:31:05
PvJbnYzzbahdNuP3Fsw5UxPSWa43,2022-07-15 20:14:10
PvKivkVUiUc0edEHLGuk0Y0dRzz2,2021-11-16 14:34:37
PvPAPHbj7mduS5sCR4Bu3G4cO8E3,2022-04-11 23:02:42
PvTrQmKOF5aEWyRl1GtCp2qtv0n1,2022-01-12 19:06:14
PvcbLphcaJRMvETbkhDugQEp38n2,2021-12-08 12:34:20
Pvfn6yDidSdUoH7y5bPHDn7ZtZH2,2021-12-12 06:33:50
PvkwVeW9f9T7hPOHDwu6Gcw1FiD2,2022-04-22 04:34:03
PwkPnQoR61PpCrlqMK9OckXKP7r2,2021-10-10 06:00:50
PwlADvLam9Mj8aopXn7UhVvAzZS2,2022-07-17 10:54:17
Px3q4TqNX3ezPTBHfwRTAvXcOux2,2022-07-14 06:16:55
Pxx24y0aE6Y0hVWALKhivcOwlpk1,2022-03-27 21:25:03
Py3GYelIc8TyukM0zLZ5aIQ67Ya2,2022-03-20 23:35:46
Pyk8bHoHfabuPSrBB1sfLkorVKn2,2022-04-16 21:18:11
Pyv6s8wnmDXNqRXGrLVCR4YLpcu1,2022-05-04 16:16:47
PzNgiptXi5NCfrURTKH6sLX55ui2,2022-04-17 04:33:27
PzSLeQExsaX9OdmisfT827Zdg0R2,2022-03-31 15:51:02
PzdjZljlyhVOwJwJGLiyu1iSjox1,2022-07-26 17:21:57
Pzvl5wMzocahsXNKZkbtBzALupv1,2022-07-20 20:52:14
Q0WnMdHnDmPnx8phepy75QFP8UF3,2022-03-05 13:33:20
Q0bWoPSPKSYjkqCKlKAgBOGmTt42,2022-06-13 23:05:43
Q1470aNRD9WHiXIpIkI2fWEsKrd2,2022-04-16 18:12:16
Q1ABtzTK9KUwWl6lZNf5IBdpXXm1,2022-04-24 19:31:28
Q1ApiKeGJpPSmdtipd6VybMNleU2,2022-06-25 22:44:04
Q1Spq1zhLXQwj373V7WTyQgvkHU2,2022-04-15 01:57:30
Q1j6dSIuZ8RHt6otrH31e4A348Y2,2022-04-15 02:13:49
Q2LJhl4UeyTjTzSfKFbvWkQSEz52,2022-06-21 08:13:36
Q3AKj705SEc2t7DV8Rehj13O8wr1,2022-02-01 23:08:39
Q3GrtFzMUVdo1V3LkyF8nU8yKy73,2022-06-08 22:57:02
Q3N9Qt9uvbUbAOW7gJfzajaQP8S2,2022-04-17 05:56:02
Q3PumsD5dCdusN5o9NZiMVZpG413,2022-03-17 09:35:21
Q3eZ8VXfTlXQjflW3YvFIqZtQCQ2,2022-03-23 16:55:37
Q3ikYTfAgvUYZuwtz0iIWogithL2,2021-10-22 13:55:41
Q3iykj0gF9ciLb3jhm7MJFmbCP22,2021-12-03 06:22:45
Q3pd631iWlUdKSP8zmZvCOmLrIx2,2022-03-31 05:01:23
Q4A5j4J18IRJ1NuLfV8LDG9jTmJ3,2022-07-05 02:39:18
Q4CX5gKMWtWXbix2PQ8cUrOZdQ62,2022-03-04 06:04:37
Q4big3k4xnN9VTvmIfT8ZWjsIXy1,2021-11-11 07:54:14
Q4vSKw6FWrXlKcgWa9HBVpEY1pA2,2021-10-09 12:02:31
Q51SEPczbkhbYG9zU2U2EaueUnf1,2021-10-28 15:56:13
Q55GzLsPz2Wpa3DzHFgMgxqPB793,2022-03-20 04:06:04
Q5JUYNDrUMbqGHvUvXGSlhPoufz2,2022-05-05 13:44:03
Q5pk3WFcOfhqbCqLEN97a51rhN62,2021-11-24 06:15:09
Q6WcAulmxZNhWhKIHCVaHwh8Hb53,2022-05-23 14:20:49
Q6kI7K3cLrYH5cqXVEjRrC9QmG03,2022-05-01 14:52:38
Q6mk7cOXj7XGFjpGbb6QYIiaiaK2,2022-04-26 10:42:34
Q71WaOoadcMI8AF7xPYcTSGk7UI2,2022-03-07 23:15:41
Q76fUORbWMgqya3rV6927gzsdV22,2021-10-27 09:08:53
Q7NvJQUwgxSImkpIdKZ2cbLKCCS2,2022-07-20 16:09:18
Q7e5AGWB4efHWW802kEXNPknIPm2,2022-04-21 16:02:31
Q7pA2v1w15NLH6GnSvNLEIASBZw2,2021-12-20 09:13:29
Q86H0Z3QJ7R5NpbhwpBbuWJ9CdM2,2022-03-01 12:53:15
Q8DPR861r6YjSIG4FiLBCDkxra33,2022-07-19 22:34:48
Q8lwksiChRQQz3aWx1xs6osBOrQ2,2022-04-27 05:39:52
Q8oVq81Lo5ciPFuGA94UpRvcmJX2,2022-01-21 14:13:28
Q9AvFu4WiOYOklo2esPkF9bMyMm1,2022-04-30 23:47:49
Q9QA2iBTTZeg0xYjeRpEkC35v943,2022-03-01 07:10:09
Q9eWT6vNG6bExC8nOEIRQ0iUN8k2,2022-05-09 07:40:20
Q9tze9B4UzfLAtcLTxDPY1xSalq1,2022-05-28 00:32:14
QAErMlthfIOAuUwbQIBy3jVPCXK2,2022-04-20 11:42:05
QAGugr2vN5ZZ3LdK4h0XL02VooM2,2021-11-01 23:56:34
QALSRbLBqbfZTfbE3QcABZxq1hA2,2022-07-27 10:27:32
QAMCFmFytgMu7z5myNN8PJ58R0g2,2022-06-03 15:12:32
QATOOVx5cFTXFT9nexmsTwDhHGM2,2022-01-25 09:16:21
QAoDz25lLYeDGTzqfZSEPFt3Ajm1,2022-03-08 08:57:16
QB6tTWCzGTfpGsHW4KCefMbL3Qx2,2022-07-25 05:24:13
QB7WlwxJ9PPEOSKNtGbOEaCThJC2,2021-12-11 07:43:00
QBFO9Nx6j4PiuH40NbXFXiuzw173,2022-03-17 13:42:08
QBGZRRxs42WtAcnnAdYuoKtOkas2,2022-04-17 05:46:04
QBHdXwXk98V08dWmtEvKb1gLZNf1,2021-12-19 22:53:23
QBLKQ1sTQiMsaAzcXUVGjzWFERt1,2022-05-03 06:11:36
QBR5Td44jhNK5vL42F1QVrNRR253,2022-05-22 11:36:56
QBXMRN2iiyRQznuyBiLmjZpbyIa2,2022-04-02 18:23:48
QBuubhm9KHdGmgAeEX8WgViX6Un1,2021-11-01 14:51:16
QCBBbA5MQVXJcsVzl7Tadgb2vOI2,2022-06-11 14:31:33
QCm2DApDgvbfTpVAdbuj52UQS813,2022-04-17 16:27:28
QDDvaWk93VYnhabPBXHpNIWtvO02,2021-11-12 06:40:38
QDHH4ALTqxZKpoVZ2MbOFjDs0im1,2022-03-31 15:00:50
QDoezyWPfkc8Fh7lP8du3VzkjVC2,2022-05-08 13:06:28
QDsA8QN5bJX5Pp4sbsU0aORmPE93,2022-02-08 10:21:04
QE0qwhOb8ucgcij0uNOiK7Mkgck1,2022-05-09 06:50:23
QE3tuTrz6AfE2AooV2Fu69Zlaf53,2022-06-10 04:07:28
QEBJFqunuBS8XHWZWbjVtu69wIV2,2022-05-18 02:25:13
QEf9uksqWwX2FXRMwjXCjUrlqdw2,2022-04-28 07:58:54
QEp2kjVRuhP4FKxczksh1I50MqC2,2022-04-04 01:39:25
QEtX47km9OVfPhMhMabCjSAIQ1V2,2022-07-08 06:50:19
QEvEHZBBSUVx85fZS8ocyVFaybz1,2022-03-31 05:38:51
QFPtVBwPqhhSXsDRqru5LNZgA7s2,2022-02-28 07:23:48
QFRe9v0PvrXEvxrSiY5DhcMGnmv2,2022-01-10 23:03:05
QFSlLaDAAMN39qnpWte5t7wfiXA2,2022-07-14 16:19:27
QFlj4nBtbBbX7buknFiloxuI2hF3,2022-06-22 02:28:10
QG1kHVuVMYXtSrGBa6QWZKo1zdG2,2022-04-08 07:23:06
QGJOfDrKh5UYFQOx1K7kpxcmuDt1,2022-04-22 19:27:23
QGv2Qdd4YUgHdTElMcMZTbXtCAw2,2022-04-18 08:45:12
QGz4OhWMi0c821NwslIg3jyeTtA3,2022-04-21 04:17:26
QHXjANXtv2YTomW8uHQzoDKWSAY2,2022-06-08 00:50:16
QHhvafwNuqb0A47TRa7JCED5miO2,2022-02-06 17:18:11
QHxBSGExuLdezkcnaEtcuYjBmUo1,2021-12-21 01:57:33
QI1KXU8MFeODNDPgbJnxR83MVvw2,2022-04-09 14:08:51
QIZWfati0AW4vegxqj452lmgRJW2,2022-02-03 16:16:51
QJ2wAczWm7eaUh5ASOW4SXx9Nmn1,2022-02-05 18:10:21
QJArFcMdrxNwwjgY2N4pgJIEppB2,2021-11-24 09:15:44
QJahKrupiOhdR4s9U3OXu5Oedwg2,2022-07-18 10:09:05
QJjEHbYo2nQ1cFRrUJWz3SUCMhw1,2022-05-17 14:33:34
QK0SU0Var1OM6ydwbTkRkH5EYDF2,2022-03-07 23:10:38
QL6NDSBnYTMNgoJKV8wC0KlxWMg2,2022-05-04 02:43:57
QLDzvrA5IkRENXWjQGtIsWIjI8G2,2022-01-05 15:50:26
QLpfdUqXu3S14IQoyKkkN6FF23O2,2021-11-12 22:25:30
QLppTbvjR0WYL7QxchysdTKNaCr1,2022-06-24 11:02:48
QMFjuezRfbgDIXM42fYCPYxKR9I2,2021-12-11 02:01:06
QMrdjjtIZtMuKfkjsChVsyei2Er1,2022-03-19 14:22:27
QMw2y5DIUuamLmFRVvYPn70k7Ms1,2022-03-21 15:29:04
QMz1iNXVF3cVsRVfoC5Cd441dSv2,2022-01-26 09:10:55
QNLL0fNtbaRpxcMwyDg34H8HAaF3,2021-11-26 11:06:05
QNWvh73nkEYpDmuNUz8NHbJbLDP2,2022-06-08 07:11:27
QNehrwZ2YAV2ovZ7m09tUnoh4vM2,2022-07-30 18:47:30
QNlGvwjV4iTWgF1166mZlo9OBfp2,2022-02-16 07:38:59
QNs19tVxOJUYoy6ttWLUzlHexVT2,2022-07-13 13:10:50
QO8n4Wkkt4fuG1VjKYQCOovYfYt1,2022-01-14 12:47:06
QObcLqnOn6P5W6RgpsZZa8aERD03,2022-01-27 16:15:18
QOnn1lDuRoN1YwzZSoXRUDPZTgq1,2022-04-19 11:30:30
QOrQARoBa5hDLQU6PPkotp5VzR53,2022-07-08 18:51:33
QP9tUvakdaW14oKuO1ezGWfHySY2,2022-05-27 17:58:57
QPIOcljcNrN96qmEwCy8Gy03ESA2,2022-07-16 07:18:41
QPZopNBZ59PUqwMgZVi8PIXYqmt2,2022-03-30 04:14:06
QPa3J4DVS7Xy4pDD3gZq3URA1Mt2,2022-06-20 08:17:46
QPsNznKwgXSyCLzzMrcKd1j6i6t1,2021-11-10 17:24:41
QPzO7d6mQERzWUDvKwAmGZVVCi03,2022-03-01 00:20:53
QQ1CYbtTiKOuQYTpimtFXd3KR0R2,2022-03-06 01:05:31
QQOLJYWSGOeayyzOlu0Ojz02Cxi2,2022-03-05 02:58:19
QQbjhgQfwWbRUfQ5zdLKqcsNiXf2,2022-05-13 06:06:28
QR5aT6rXfGYv7WqC51BIcsxrMYO2,2021-10-22 14:55:38
QRG90Rk6ZOabpcdVybb962rlJSN2,2022-05-08 10:40:42
QRPDYCJNR4X024QaKHe4B25J32H3,2022-05-11 19:13:55
QRTtzHhHc3V3ts25FOHyf9cWw0w2,2021-10-28 13:46:49
QRbWZFvRBUZXn0gHyWZGBLuwSK33,2022-01-20 19:17:53
QSj8CcTVBtQx6NPKD1e4f0YBgoS2,2022-04-16 10:12:37
QSm0abqtbYdWOz521iORl9RY22q2,2022-04-03 01:44:32
QSvEMPiCalaj7gukcdAVkDKiwVn1,2022-07-25 16:53:15
QSxnkYfEFpMtHCKtgB6IjcHFAfj1,2022-05-14 08:50:33
QTaeYDQv4SXkQPu6CvADJOodAs32,2022-03-30 12:28:26
QTi03488b2W1Rf6kdui11ktAB9d2,2022-04-17 10:32:01
QTqrGT55teef3956Bx38F9VAKVl1,2022-05-03 12:47:01
QTtBT1b3OabyNUp1SWjPWjLzbSl1,2021-12-24 17:40:36
QUB0x845NoPCNKru24fRwBTUpKo1,2022-06-11 13:10:18
QUJgMAPAAzLsXxQqvsWHWJfDLDh2,2021-10-31 13:33:15
QURZR3ATDjOOhRrgtgHE7kbpeA92,2022-03-10 18:53:42
QUb6sXu9W0cxMe56o0ILr1BvM4o1,2022-05-21 16:55:42
QUtmXASCfVc0UcFN12xQblDGSYN2,2021-10-05 07:29:00
QVtygGvKmoVUaVlcjMFwsFUUpj13,2022-02-01 12:32:14
QVy9hg9t1oSG44Aj21UybMQGbOE3,2022-04-25 10:08:07
QW1hUabFrvht4Bwdqb9JwEkIKz42,2022-05-20 23:16:59
QWFiC0f5j7b8JZZX2bgSKkHouQy1,2021-10-14 10:57:37
QWf2eq2OeKT4f7CXRu0WKkhXt7u2,2022-01-06 17:16:15
QX2RwywRvFMlJL5rm4yENRGq1u23,2021-10-11 13:01:48
QX9Gv87tvpP5lOEjtow31aDrobV2,2022-03-08 10:13:46
QXgYB9amGhbQktMfZI88Cu4QkRs2,2022-06-14 03:07:03
QXwCR2iGyzYffc1USOvgmFBTB373,2022-03-30 14:11:57
QYEJvsSr6jb6miQsC8w972X14O62,2021-10-29 11:17:35
QYFgIZhJ0wb7Bl2BrjxilKqeZRH2,2022-02-01 15:38:45
QYGHgzNp4dTlPqDPTFtfUYd1EKq1,2022-06-02 04:46:46
QYY5Np2vm3UEFHrDxs81GQiwry83,2022-07-29 15:02:23
QYk7U2X2BRbBfukNfd4MMMuGKug2,2022-02-01 10:03:35
QYrefFP0tdN3fr1RT1Bcj44Mydj1,2021-12-17 11:45:03
QYwQRixiaxfQ4a3QDvg4SlR2sB03,2022-01-26 06:51:33
QZ0bL5w5SQOMs8vdraQBQq4QGE03,2022-03-29 23:13:56
QZ9dUfZm5TXBbX8tKlVdo173B1K2,2022-04-27 21:59:27
QZchVP59MZOeme0esrKeRzPFW0j2,2021-10-22 19:34:21
Qa4jBMoYBxgVPqIXDYwwYdu5fKO2,2022-06-04 06:50:13
Qa5cuTHVgxaaKD0CTlEPaStROGl2,2022-05-14 07:58:10
QaSJtL1nmwfKjVBvzJQ7rttyWS53,2022-04-30 09:51:55
Qb4v39jX9GSkUfCGXdyZpAwH7OJ3,2022-05-06 03:24:24
QbHvyaFfvDVNWFp5kWDrnVJvhEl2,2021-11-20 09:39:28
QbyKgNKniVU0GWLlUga6jjMpXxp2,2022-07-24 14:15:38
QcPsVlsXxCW3cuVuLl7gvdQ7cE53,2021-11-16 04:56:44
QcPuL7f1etMlOPQEoX7cVCIHc862,2022-02-19 01:46:52
QcnkuF2nGecL1qhirCfEgI2vKul2,2021-10-24 00:32:28
QcweNCz3v9UfVavu3MlBagPhcL92,2022-07-23 17:28:43
Qd0hhrdYP0QlszSQmyzZucDEh1l1,2022-01-10 14:21:05
Qd1DimSwJMgRWxOh7mTjmnN8qYy1,2021-12-18 01:43:30
QdlTevdEQQS1jPrAWJZ47zV6JY13,2022-03-22 03:14:03
Qdp112Jc8cZ2KLzYaVSoxPjX8EG3,2022-06-28 04:50:07
QeIhVl6FjLTps7ysOzUP2QYPtfA3,2022-06-07 01:41:41
QeK3dEG4xeeH0JfKtTu5rIsugHp2,2022-03-28 00:57:23
QePT2QCe1HOpOCfErSGiU1iJaRw2,2022-02-17 07:27:30
QeS4kiQpyjhQFDMNSH2rwSApznf2,2021-12-28 10:19:46
QeVDv3ovYOd01JbeDC76EclmfDW2,2022-01-21 16:11:22
QeVNctoa7vgXTgGHnikFHMmdoHF2,2022-01-06 02:02:50
QefejKqUFBQ4lOYqZvJb1kuFFbs1,2022-06-09 16:52:53
Qest7njeL5PbzCjO8WBb0gdF9pM2,2022-04-16 02:51:36
Qf21ZJVgbbdAKbuax628exUL3YF3,2022-04-21 03:57:25
Qf9SDO7yMCcbOAV2AOSscsnLtXi1,2022-07-08 11:33:44
QfBvQWhAGzM74AtrfSnqGmtVtdQ2,2022-05-02 19:14:54
QfMvqAxRaeVFsJ2yaDsUNwbP3TL2,2021-11-22 18:05:10
QfTCYXEPcSYYgpaaUbHK8AAwDhG2,2022-04-12 14:53:43
QgHkHBdUP7Qjw7OVmYoEdpSLdO23,2022-04-25 12:00:09
QgMfQNoCMZVZgN5ybWClaz4PXii1,2022-06-19 11:08:47
QgOJWQtsRYW0bbsDR6wXxKHym4I3,2022-05-17 20:30:57
QgTsloTUUOhaxmljoTYLoervNTr1,2021-11-21 14:24:48
QgcRyCqhOMTCWXeK1HR4lAYkDZg1,2022-02-22 15:51:38
Qh6eYsEOvEhddsXLHQQRgzTopzz2,2022-04-15 18:43:35
QheOOXZk5OOsnQMiHnBHImzwyKk1,2022-04-19 12:28:45
QhhBo1FfCzgnYBgFpitNylIG76U2,2022-01-16 08:12:19
Qhy6UlzEFCSGoJohMmQOEmN7oaH2,2022-02-13 02:03:35
Qi1N39VDLmXLxQThVeTWSS18t2J3,2022-07-30 13:27:45
Qi5fXQ2trEUqupymlWTi7oB5YCC2,2022-03-03 00:23:59
QiSi2EoO96h4iSjlLbu3Sz5T5j72,2022-07-23 07:20:34
QiZvewfexhWCMXnzDPUnOjosblQ2,2022-01-12 03:31:05
QipzQVe5MhSVlaLMnEVQ9J73dNM2,2022-07-06 18:11:40
Qj4l9UqqJda39dZ9QmvdhAAUQDo1,2021-10-26 13:36:39
QjX9fXsBxIcTxePJ7o27ushWnpm1,2022-04-11 20:15:30
Qk6GjikvgwgjifopC3nbkSmqKWK2,2021-12-16 14:55:00
QksIFSzWESfBSuFzO107tF3enHH2,2022-04-25 02:42:45
QlHob4ASxqRSbBul31GToa4AqcN2,2022-03-08 11:29:24
QlP7chC3cahUBXfX7qagwsxErca2,2022-03-05 09:42:43
QlRmKQY6pIe1QISAoShLS52LWRO2,2022-07-01 14:01:08
QlTF6Ix9OIYePqhNwLnlXAqc3tE3,2022-04-18 19:48:10
QlYHBYbe8FUkyAbJ1JeVWa6FQNy2,2021-12-07 08:03:56
QlnDaepo8zM3EpnyGIZ9gB5d7Pn2,2021-11-10 19:54:43
QmDyd94RERMl7BmJHJjLk7u3bLA2,2022-05-01 12:11:44
QmL2ZPMtZGh4fdMQ40gV1iZWou52,2022-03-03 08:49:47
QmTbNpRxzRS3uMHOA7BnESGFyFr2,2022-06-29 10:17:40
QmikiHbx8VTlkq2lxZpBul7EeJw2,2021-11-02 20:52:00
Qn7tDMPqmOYT11pt8wmYmw5pwKS2,2022-06-02 05:08:37
QneAVsr9p7OVO7HykL3PhGF4JO13,2022-04-27 17:26:30
QnknvDjjkdZIAlRI615jDdwagIo1,2022-04-30 14:34:04
Qnux7kln55O9M7udK1lQyER9VBE3,2022-04-19 12:22:48
QoNpv6IIBXTztpJOeDu0g3pryn32,2021-10-11 20:13:22
QozqbdMFy1enryn8kVviq3lVnza2,2022-07-21 11:58:00
QppFzxHJxya9XBDuNf5fJBk5yxv2,2022-03-16 02:54:30
QpwEa1xLsicalRRQd91ktYWAfcZ2,2022-04-03 15:02:07
QqIQyqbBgFVX26JiM1DSgVVxt603,2022-03-06 18:44:31
QqL7tnUwcGXzKMp7yMpomrT9EZu1,2022-05-13 08:59:32
QqLwPGUzwshFZbGwkKh6fbV4ute2,2022-02-20 04:37:47
QqONwIORRsaYN6smsNpnAni6Qkx1,2022-04-20 15:12:16
QqjGmD4D8yUohhjf5A5SALDdWx12,2022-06-01 07:14:04
QqkQme6K6oOqXMPGkKqf3FU1AUl2,2021-11-24 10:51:47
Qr4Oj74frZMbWEtVjfMBILME72Q2,2022-07-22 10:34:46
QrEMXdAK0VOKo7EkK2j27gzjp3l1,2021-11-21 14:13:31
QrX4TaQ7T8UgETZvJSgd3TcRJaM2,2021-10-04 04:37:18
QsJRxowKmObitvjGFucT40CtdzQ2,2021-12-27 12:20:49
Qsz17DpiiKaDoCtlyiWVWdOXjkk1,2021-10-16 17:43:22
Qt2rDVMcT1ZIKC2wLp5SsdZiwm12,2022-03-07 21:15:29
QtA1c4nkNSOaneD066iKGLDIWuX2,2022-05-30 11:58:29
QtzsOs1MbUOdW8ckRitnT2NXBNF2,2021-10-30 23:43:48
QuBYEusIZfZ6DXFm9yrANAJZIiA3,2022-04-24 06:35:17
QuPTn8HS5ahImQoDIcVuJ042PAi2,2022-07-28 13:31:07
QuSNbBgN8Bf8QHv1KGaKkJohQ4F3,2022-07-20 07:06:48
QuTM4iid6ZUgJrOFOsybFn1PYvx1,2022-07-11 06:29:58
QuxErMAA25OlRGtELhogOEol8Zu2,2022-03-14 13:38:57
QvEAZKDpOZgaB0y38YGIhGyIB3G2,2022-05-30 08:28:52
QvHqoEALWFdN7E9KQ1nSkDBvqht2,2022-01-15 17:58:43
QvTv46IYVwXVySlmkjeS9BAOFRB3,2022-01-07 16:33:36
QviYOZC9H8bW2bizPQBNonYbcV73,2022-01-24 12:57:19
QwQ5HhSp9GMZFdmphUfAZRKLHZr1,2022-01-14 06:45:06
Qx3TR8YaotWQ8hfvLlBlz8hSo5r2,2022-04-15 14:05:17
QxAWrTmmVWW8Ra6r2a0UHA0ZfBP2,2022-03-14 11:12:52
QxAZ7eFB89S7x4a3UkUgKN5B5I82,2022-07-26 03:01:47
Qxe4onOERRTnKofK3zidF5kPt7k2,2022-04-13 09:08:23
Qxrl6TkvsHa4OnY7SRZGNYZhCQt2,2021-10-30 12:05:09
QyDEOjGJORdgV7f56qdRUzcVF4Q2,2022-06-04 09:33:12
QyEoOFxQc4eF8sBrz0WF1yqBLhy2,2022-05-28 10:04:38
QyKaBw8GPxOC5UR7lZHhAKlTBJX2,2022-02-22 09:43:00
QyNRO5wCQcc655LkQKLmYo5y7AR2,2022-02-10 21:07:26
QyjH8q8kJIg22ZOGNyge2JCEdyA3,2022-04-12 11:17:20
QyqT64V4xScEg7P44eg8wzjcaSp1,2022-02-04 07:50:30
QyrHEhn8dXPvB0Pnw17vvAwYYl12,2022-01-01 11:23:27
Qz68B9WlK6TlVmS23y9EqkZewON2,2021-12-30 04:35:59
Qz6v0jZMHMU2lQyR6s1GZJFfOJV2,2022-01-03 01:49:09
QzJrGnXCjaNjHjXuHoq8u41R4nB2,2021-11-12 16:55:19
QzQH7NL3iKNpesrBnLNjTwXoTfl2,2022-03-20 14:02:22
QzUJ3ox3vzOlMrqls0bktWJrBz52,2022-05-05 15:37:01
QzUncNeQ1RdBJnPLy6d5s2yjiO62,2022-02-16 00:25:09
QzVHaLkgAbX8m5yCiKVxzqj59Gl2,2022-04-30 16:40:54
QzgzhVJoSVW6qfJRJB8LjwC6hGh2,2022-07-03 03:32:15
QzlFO4FZ7GYal37h04U8Vp7NrGk2,2022-04-06 15:04:38
R02QVkDePoOUQhu68mocg7wSiYU2,2022-01-16 06:22:47
R0jzpxzbHHN2502pGi4ww6yOACo1,2022-04-17 15:44:47
R0murYWDFUXdYe7hEJ0MO2cA2By2,2022-07-29 04:08:07
R10p16INhONS00iW8Sc267Cbm273,2022-04-14 19:35:33
R16PVKCqBoU8luAIYTqLlzPQm7D2,2021-10-16 07:38:47
R1OFMIleSCQPgYieQOJweDOGQMJ2,2021-11-10 18:20:17
R22SSuclmrRZOiT1H9DV4QaBZFi1,2022-03-21 00:51:37
R2BHvT6R7VUjuGI2CR5xgcDTR7o2,2022-05-13 14:20:09
R2LDDbDEPMUacA3vkGjPion3fqc2,2022-02-25 18:27:50
R2SRreny4adS5pRqnvmWE0tGM623,2022-06-22 14:19:32
R2u9Syo1p5RfFXqoaqhJrJD1VuA3,2022-02-01 04:44:03
R3SSJJBP1kdZ5FicfuML7eOYEXT2,2021-12-09 05:41:15
R3kyWu0RpCYz7nrfAz3UtSxh1p53,2022-04-23 04:51:26
R4INiSLMO3QGAyrORbltBWwwrLt1,2021-10-13 18:08:17
R4XAuqhaQ1cFcUyKXo3bk94BGFy2,2021-11-06 17:18:53
R4mImKRPosdYwTQonmvKNQO4sx43,2022-04-18 13:55:09
R4rFckELW0Pv48tNyGiYTlu8UZp1,2022-04-18 05:28:44
R58m6htxfLdRjvzF0SxBu76PSEq2,2021-11-19 13:52:09
R5BF7H69cxgcrqnRVa5sBTr0VYB3,2021-12-21 10:53:50
R5GJYCIU1xgJhcG5knMeoVyAWA12,2022-08-01 11:16:47
R5ZFSV1uYnU4ZEbjp2WlvYnlv003,2021-12-21 16:16:15
R5tzxlp9OLQZEU1b9sgyzd0KTUp2,2022-03-10 05:49:22
R5yDLmv6oAYo0uzVuIPbkqsTk9Z2,2022-06-04 01:44:12
R67ubbuocmYV8JpdKVUknZCwOFG3,2022-04-14 13:04:07
R6MhU69hYhWDiz30gQBK9N1t1o52,2022-01-31 07:59:40
R6h9U8QfplSHZyYvBXeaDmoOLTu2,2022-05-28 10:05:03
R70Dh1yHu2YpH1Hj69Q4IgKzoBG3,2022-07-06 12:38:30
R76uHciHF2eOsrL1VLGlZo1pxco1,2022-01-17 00:26:44
R7KQLmRx5yYHaS7rRdfY2lLSAgg2,2022-01-18 10:57:29
R7xpyuiposMxHeYablBvOZbkhEM2,2021-12-09 19:46:15
R8KFBrOtg4b6VIf2pJBibyY5PqG2,2021-11-28 19:03:11
R8dTIFL766PJZwCYWlFrSg7Iskk2,2022-06-21 21:39:50
R8h3PRGReURhtE1PclllU9ut0Rh2,2022-05-23 17:40:16
R8iQuQLATrQBUDE8iiG2R5myGwl1,2022-07-31 18:37:14
R8xE2Y4Pjwfo9nVq0zl3MplhvUR2,2022-03-26 23:16:51
R9ATRNinK0g73nuMCrBxLgiBN2f2,2022-03-29 16:39:34
R9JNQbEOnKYL2sy7gSjSXxcdF2e2,2021-10-22 18:05:00
R9OIfdWgAVgjayQccdiRgW3e9DJ2,2022-04-29 17:50:48
R9UxkHH4NhSTIs8cZLANEeXt3mI3,2021-10-20 07:06:36
R9zPNQ1DTzZIwwn621ya7NfnRZ72,2022-03-04 16:22:07
RALK6sfJvchl6vyOredVptEcD3v2,2021-10-09 21:17:41
RAPuELGkhIepbRoelYRglyQu2Mu1,2021-10-22 14:38:31
RAXk5EIMHMa1jLOUqZPwlATHIVP2,2021-10-14 02:57:34
RAdD09lT8aZqHHS6kYseJtVDSw52,2021-12-02 20:26:25
RB7vQg9ijqP0XJyZeE9vBdGCTw12,2022-04-23 06:56:55
RBAXZwwIrMQS17MEXw4JuVIIc6h1,2022-03-11 14:39:41
RBlrOrTzLGWLKTWcNTIRBJUJY9H3,2021-11-27 14:54:11
RCMyIDu7cAhSrnPkwxw0qs7NDDC2,2022-05-29 02:27:18
RCT8Rx2DPfaZkzpw97dwLG0zh8r1,2022-06-30 11:52:38
RCW1WXbY9cecaWPEPJqpqHCRg3V2,2022-03-06 19:55:59
RD7CNw3KgHbrnJRT0YYr7phb0Qs2,2022-01-30 18:29:34
RDB2afYnHmdCwWCFmSGTRdP7us53,2021-11-19 09:01:21
RDPQ32FfhqYyQvlQet2DSz9JmNA2,2022-02-28 19:12:42
RDPaBAWixbMnwt46LSoOnsmIVs42,2022-06-27 11:55:30
RDS3zyYkGjhmqSq6995BnIpYp8h2,2022-01-19 10:37:02
RDTs7DssVrUgZ1NHl9MvM4BinyD3,2021-11-02 13:23:57
RDdnyXBV2kgZwL3gFuyUXJMeneV2,2022-06-11 04:30:37
RE241pqYbmXHR6QqONpge6XNwNR2,2021-11-28 07:35:23
REFVRoQhwYSgy2GEyfN3V1Sh0gC2,2022-03-02 02:24:57
REeZp6mFfpbKbNmRq8LzbEZ2pPE2,2022-04-14 11:55:06
REgZEPoHGZOrKueuLLY3MrGfu013,2021-10-04 04:19:42
REgj5IJCaQTXYgKHDdVpFaBK1Vd2,2022-03-25 21:46:48
REjNaAuWg4PSgP7Gz3j8fK7AWXb2,2022-06-04 05:29:53
RFHFwlE7GrUWZB1HeJRPnNIuS7K2,2022-06-05 12:30:20
RFWWtkgwxDMWlRcLesaCyLwKlAX2,2022-05-27 23:58:25
RFboy80TYoMu1XM10C3W9hxLpDk2,2021-11-29 12:31:21
RFniCRZ981b6WVfVQ63nM7nPYEl1,2021-12-02 07:58:57
RFxbpFRM2TSGGWpNFLuO243Z1cw2,2022-03-03 00:30:25
RGYcxfRQywX2i665CTSo1V3g21b2,2022-03-22 00:41:29
RGnaarAAU4UGn9jvQ5HoCw9fHQS2,2022-04-12 20:14:11
RGouYX15PtZjagcfEMFgsPTemm13,2022-05-04 09:25:25
RHgfcf4paeRrk8CHTQHCMR3FZW53,2022-04-14 14:01:47
RHsH0NOuMlOQ0Z22ibjZviqoYZ12,2021-12-26 04:06:43
RI3g8DWwDoWVgY6hTyzkVGWXgEu2,2022-03-12 19:42:34
RIA1coB1vNTqVCoiKVH08NDQ9Ht1,2021-11-16 11:08:29
RIMPVe5FnaU9zZasDkkkKrX2oBL2,2021-12-10 09:03:27
RIMxvakuCMfIkJTA4jUQCRjL1ln1,2022-05-22 00:05:01
RIv92WIY0RgfFuTiR0kl5lgtHnO2,2021-11-04 18:14:56
RJ10DvqBjogaLLpZUBOoj8Pmhe93,2022-05-15 23:19:40
RJXMWPi6bIRu0eG85HaLiqdcUvo1,2022-04-30 13:43:57
RJmyagUj3AUDnZEn6iyl3lZd93k2,2022-06-04 08:12:51
RKQATNLo1CcXhgDN66pocBaHrO72,2022-07-16 16:21:05
RLDnC0uwfLZ08QPpPApqhx7HGMs1,2021-10-31 20:19:18
RLHCeHWE6fbuD8vPn0XtXpfWMDC2,2021-12-07 06:56:32
RLTHTrea9jWEgjL3egftNnylYsz1,2022-04-23 14:11:12
RLaSo8S3vpeZ8Z3kEHMpS6iNXsB3,2022-03-11 14:57:01
RLfDfEepIkPuDTAdpsnDRhyNCRt1,2022-03-31 07:49:35
RM1gNlQ5OpMJtYSJKhaIUs07TdE3,2022-03-12 10:20:31
RM4sZA3aTkaqVQh6aLPaGKCAe3H3,2022-07-12 20:09:36
RMHa4OJyMRTusb15tOdiZghzT462,2021-10-30 16:47:00
RMMOduZE5pWRStqMTrG09tClYHq2,2021-10-14 22:34:45
RMPr4VZ4HUciMbraHj5NYL0WNnN2,2022-06-03 14:37:34
RMRxNrQv9WOqzRmyPtMoDy2yDDl1,2022-04-09 23:51:06
RMYonKjjk7bVPPSS71Kk7YhcKn33,2021-10-08 08:11:55
RMchuauQtZO8tYT7A99qOUO8AV53,2022-05-28 11:53:47
RMoFPedRxzWqvUlW1jVnAazPnuu1,2021-10-17 04:05:14
RMp2QVdDy9gPf9zobfmPQOwaA6d2,2022-03-07 06:05:33
RMtpKNXjoSTJP20WBmkcQWOzr293,2021-11-14 17:14:39
RNB944JEStSF5VzvCkLyds3vXmK2,2021-12-30 11:10:16
RNSyVecIk8VpRcw0fFmRKeiCsPS2,2022-06-19 12:37:48
RNtn7rOzUSegwmtd5h92RoH6xa33,2022-05-03 12:18:17
RNw6gzaXBNNOhzGrVJTqxsHAxAC3,2022-05-13 17:34:23
RObddxJMEKMgfPT88WcaVzZ2KpY2,2022-04-03 12:48:34
ROp1eaJ0xWR7SAzDQBBU6ODvRWd2,2022-04-24 00:32:07
RP5qmPJz4fe72tIkERQPqL0YmDz1,2022-02-20 16:37:47
RPNh9ReOR9YhDPkIy5L81uU2yp43,2022-03-17 09:14:35
RPcIZXFkyydlHKl2E6Fjny7lqeD3,2022-05-01 11:13:45
RQ0tUhxAUsYkN51ps8kXE5jQRVG2,2022-04-01 09:39:58
RQ96Eos3jaWbugsfbf5ymDHIGI33,2022-08-01 02:15:23
RQ9P0mqPmWWu8Wv9IcjJB4LRW3K3,2022-07-15 14:39:02
RQVU6Tx8LYeXR4KoH6JXVpIEUOm1,2022-03-31 13:31:18
RQcNz5prXJacTMB9PSpGJAW7w1i2,2021-11-30 06:13:46
RQgimJRNtASxCtvjEtt85tL961Z2,2022-02-26 11:41:55
RQm24qMnmXMsn99SHby68xhw2WH2,2021-10-21 22:24:41
RR3n2BUjmBN8vSji48Puq9x28Si1,2021-11-08 05:41:55
RRHx7I19OwYcKGlOqILB8mVDsRc2,2022-03-08 08:46:36
RRcfp0HbW0ecXeCIF4JxhADkOve2,2022-07-23 11:24:35
RSGgdeLtWCXQPs9JtOcY1fRB4dU2,2022-04-26 11:02:39
RTyypzJahGTEmVraANwacrVwpz02,2022-04-10 09:22:33
RUHstOCIbpTieiuTIUhxw9nQkVF3,2022-03-13 06:01:59
RURusHbKdKdFHU7Ixs2kvFZYEwf1,2022-04-05 13:21:58
RUUPa7her9V0Xh4oHssmI8yYQfy2,2022-07-08 07:52:15
RUX37cYY33ViJUOen75sjahdydF3,2022-02-12 14:25:41
RUiKGTIjJ2cYd5OicqYCGysWk3t2,2022-05-25 07:35:40
RUqYGRkFeuha5CbLbYUmoiuqlXA3,2022-07-31 05:04:05
RUv1Alk3DCabXUHsiIrgoCDPP932,2022-04-16 06:30:06
RUwrEfgc6jf2CX4vYyvNL4YngV02,2022-04-03 16:36:48
RUynDnqIfjW5yy4fwvmat5Ug3ow2,2021-10-14 02:18:06
RVNSjLaImNYja6XE6J3v75xY8iB3,2021-10-24 11:36:11
RVP5QwZMt1Q7HRV0zlr6t1tqLKx2,2022-05-21 00:42:18
RVbo8A98ZMbkz4zZ5lBGwwSDKqr2,2021-12-10 16:56:03
RVlQzaGoSAhemBaFmz4vgh9oPti1,2021-11-25 14:08:05
RVv8PJ8r3ZhQWh30xoE6gVYHbOY2,2022-06-10 12:13:06
RWBTTDFmytPHVB4Iux2czoiCk2j2,2022-05-19 08:49:06
RWBnLpwYTxbfFF9RjN755kOAlLp2,2022-05-25 14:51:57
RWdQqHgPgmXVMBbfBsDPAlGl5b82,2022-04-30 23:05:22
RWhQSgZE7AVzlHOazVJr7vmwuUg2,2021-10-31 11:16:34
RXBJV0dX34X3rOVzxg8KWEEbcew2,2022-07-21 09:52:42
RXQGXFMx8BcfvcG8r4IWnxxnbfa2,2022-04-21 01:44:47
RXV5tRpwV9cbrMsqZMA8FxV8I3w2,2022-04-13 17:26:21
RXxbXvUNAROXsbN1tBjOzXFiC8J2,2022-01-11 07:45:17
RXyRg7xbSXSUiAB1pdKrJizPzmF3,2022-04-06 22:23:32
RY3Bxx9JMOP0xw9Nr4FA81i9MGw1,2022-05-23 01:17:13
RYbpfHKcZ8VSYciRGlGUfQ9xP6k2,2022-02-04 00:28:36
RYw7cD8grgXXNqOk3BmfEIR4U8P2,2022-01-09 10:58:16
RZaSQeGkEvPhly1phcBch1EVj2F2,2022-07-02 17:37:54
RZmJXVjkRNV1B2XDfX9NqpB04Uu2,2022-03-28 09:24:49
Ra1DuXWGySdSObRxh4IBKbfEQkC3,2021-11-03 04:08:24
Ra35AmaKZxfR0M72lKrNbFNIO9M2,2022-03-26 15:33:26
RaPkVm6E1vXA3kpF7Rpw5Jh0jDn2,2022-01-23 05:22:03
RacDcStLdBd5M38vac06xOuPFUu1,2021-12-24 07:11:51
RalEVz1W8JbntDN2IyKWWop4kxk1,2021-10-23 20:18:56
Ran9RKeI29Qy0abHOBRDqg4TKwv2,2022-05-04 04:49:38
RbWT1yWMqiU4TOo0OH4ladCSiRA3,2022-05-03 17:28:18
RcEcRDjtzRXzVuvb4PK3j6CRqE82,2022-04-09 17:16:26
RcEoYNPtoBMJyFxMyHp7JzSmK8k1,2022-05-18 07:36:44
RcSKI25ZW0eneZCOmsBKBOAWBK22,2021-11-16 12:08:52
RcnUec4gf6Z3TRo1lFSmzAuRsF42,2022-03-07 15:40:16
Rcu6W4nBKZcRNqLBGI9QVvpEjSo1,2021-12-29 10:12:17
RczWwSWPtGaTYO8DprQjuGXPJyy2,2021-10-22 22:46:51
Rd1BMfQ8znV5oLQRGnTNp3kkGdG3,2022-07-29 22:47:24
RdBJDktDmNcSoMiQkZnRzM8nEh12,2021-11-24 02:06:45
RdJW7dvuQGbyN7MoXGREqRydcy32,2021-11-26 15:45:10
RddVuLNpI0gjfq2Th0EaIxm3CX92,2022-04-05 14:00:32
RdhtAiYGgwWi91qx6tZNDlNOeVq2,2022-05-10 12:25:37
RdkIfDjDouXkPyI2TuI5boZrsrt1,2021-10-11 22:49:16
Rf12DaqIn9UuIA9oyUGixZn1BQd2,2021-10-16 20:08:48
RfHHxoFoQCaAKiJ63S27ts4B4262,2021-10-28 14:41:35
RfS67x3Bfac7cO8zocJpousLIB43,2022-03-20 02:09:03
RfuLqNzLkQaelmPiRATSdYFHy622,2022-05-07 05:23:01
Rfx5R3NaEuhw96dQeCwPSTPJCn72,2022-06-07 14:48:33
Rg6JD5CB0Fbmj4r5fKdqd67I5LG2,2022-04-24 22:14:21
RgCmqbtuyPXO3nJrwqFnRRDA8Oh2,2022-01-15 02:40:43
RgCr5ISIQZUy20joEogqmIl7Scv1,2022-04-30 13:19:49
RgjEOg2wDNYFupjpiW4jcJtgju12,2022-04-27 09:03:06
RgvHiQ5AR3cCCrOmAr5EXdB87fS2,2021-10-30 23:22:43
RgvuQnTdYHhNwpUPv2br1lplLDI3,2022-06-14 02:29:07
Rh7Z14D7Tuhb7rCUwY3Hequ8yk93,2021-11-18 09:30:47
RhFXvqpjzeM4cdQ6IlJ4O7j7aDP2,2021-10-07 14:16:03
RhSc2udTuydOW4xfiaHxD2iYFoc2,2022-02-08 12:19:19
RhYWVYs1OFR9NDwsSpf4GAzPssv1,2022-02-12 16:37:17
RhihXJ7ybuSOXGRsPQqn1576iB12,2022-03-08 22:20:21
RiPAdrA1J9Y0qc4zzavlZW5VMfs1,2022-03-17 16:31:26
RiV69sunIoapEaIWFTgPeK6G8Lv1,2022-02-02 12:18:48
Rif4FzYkZxW8aWnPMRHh4IBIqdB3,2022-04-04 14:10:52
Riszf1iVBPcXhHYTLLKqddeVwiq2,2021-12-22 14:59:55
Rj6qEt4MfYgB09xrA5wHqf5bUrm2,2021-10-28 07:01:22
RjDookCI88O7MsAIUOGj7W0uXrz1,2022-05-17 01:47:25
RjSV8AnVyWUVT1da19d732FuO0J2,2022-05-26 10:30:15
RjbvBBEJD5RhZ5d5PZUYdGBlCvC2,2021-11-29 17:24:02
RkCcGX109BQkUDay2fDESJHQKNw1,2022-02-04 15:45:45
RkGYyOZDf0gzhwC3BlRIL2nzB3E2,2022-01-18 15:46:21
RkPhGAuzjXOrDkkQmbJTjIfJHJJ2,2022-06-17 03:35:47
RkgCr1SiZhMcdAJferW9xVzTYfj2,2022-07-20 03:22:37
RlHtHrBvcNNSAKyn9eC0r7Zmaiz2,2022-01-23 20:38:38
RlTb3iffuSXUBhhvrzF1M1dYjPu2,2022-03-13 20:30:32
Rlr2f0bVlch9GSvkmrnZSLTkYxq2,2022-01-11 15:52:02
RmALXVNuCjelNf2HNY3i43a2WyR2,2021-10-18 11:58:16
RmUJqKSnY6NHKaNQwQ6FswmcTrA3,2022-05-24 18:40:11
Rmf99tWaXpbbmkpEuaz1VVQSgSo2,2022-01-07 00:02:12
RmjCobXd5lQ5GDLVwJLvERiriHv2,2022-03-07 15:57:52
RmpdWQeCZzbKFOIy8hjLsC6XSHy2,2022-05-30 22:31:05
Rn0o50cZH0fnJSbMFvL8ijQ69mi2,2021-12-27 12:59:10
RnHKALZqbBM8f75SS0IBfpBu7EU2,2022-07-20 05:29:02
RnHyryNU5QYpjpWu6Fv7uGMvPEb2,2021-11-21 03:31:16
RnMBrUv9joan4pqfa2X0kZWieI82,2021-11-10 21:46:54
RnQY3ZyBZ0Sx8IyBUrviHYBZpJd2,2022-06-18 02:12:30
RncfKBI8DwfwR6x9zSEUBNfqAQ23,2022-05-26 05:07:51
RnwWL6dhD1cNYmSoKJlmi9UPYOd2,2022-03-30 22:23:28
Rnz7g059qHOxvFAr2SMHgwpwWl22,2022-03-11 07:48:19
Ro3G1sHIpKQeq5iImlCFxnGCZFY2,2022-03-20 15:41:22
RoOaXMK9IBWvlQyID8dAEPd6pxB2,2022-05-05 22:54:41
RoyP4RSW5IahT6Uw7GfDowHHfiO2,2021-10-16 07:15:31
RpCDc6UpfUQoQd1C6s8gQL7F9xp2,2021-11-17 17:55:18
RpPTlN3EuIcolz7pQEhkQMCQqTG2,2022-05-26 10:50:17
RpUwDI1wkvf6fSYgrAG8TjQnIKy1,2021-11-28 03:01:53
RpgEQ0WJiXTOvT3ZV317RXXpKxD2,2022-01-18 23:04:57
Rpx1EDBFvXaDkWq62PBhSRU1Tts2,2022-05-29 01:30:56
Rq3AQWmgywMbA5XgMKjWSHsqAn12,2022-06-26 11:32:59
Rq7Sl6wJPYTTQgT8MVFAHpuYGFB2,2021-10-19 05:06:53
RqHr5KCqSPNaPUG4zyAqIuSDoLp1,2022-05-23 00:48:01
Rqa1gycchzMtOYIqSKTdbvZMieD3,2021-12-21 15:05:01
RqvEsZtGv6X2XOEjj8qUXNwsbeS2,2022-01-07 11:28:25
Rr0eOoOvN2WUGGAPSRJJFNjkGBg1,2022-04-03 08:32:31
Rr307XEFf4PEds6oFYfBSABua8p2,2021-11-10 12:33:47
Rr567ob8GvcAu6RFH7pEYeXjMrU2,2022-05-28 06:02:58
Rrj3iO6eNOT0zPVN0U8KB41rRSU2,2022-01-04 17:17:42
RrleP0dajFalkqFsO1Q9uI0SNmZ2,2022-02-20 15:16:47
RrpUQxf003UohSYFTjfZPIWvEZZ2,2022-02-22 00:46:01
Rs04ftPfEqWeFf5rbSAIRdeOWbf2,2022-08-01 02:59:51
Rsa1F9hbLlT4YxsjKFR7jyAa3yz2,2022-05-13 05:08:44
RsiL558w7QWyXAYu2XhRFOGsW5l2,2021-10-09 05:47:51
RsjfbhtfgygWV1A3FnyhBm4nxc82,2022-07-30 15:20:58
RskIRADErshLzQfLkIwi7MAVDI73,2022-01-28 19:35:13
RsyIqkqYaJhDYIexnaTukgX4FNi1,2022-05-10 10:39:24
RtSokI5itaYKeVBETjEJcLv0M9t1,2021-11-29 10:09:57
RtZl5nCTeoRHLlYHYNd9CYMoyml2,2021-11-07 12:50:28
RtcVPeu84fgWRc1ox0OUZPSQSjc2,2022-04-21 17:31:05
Ru9CLtKrt1fgLOMm2GFBc7yRHqL2,2022-02-15 06:30:12
RuLIsQIyFUWQPdfVVdfxcIYtK5G3,2022-05-20 14:10:19
RuSTQWmBoohj6usEr3KnzZGCgY83,2022-05-17 15:27:20
RunX0ZlwT9a0GJVLRu4PmrKWr7d2,2022-04-06 08:48:34
RuvywWzPt3XPUKB9vNehHMpWfFm1,2022-02-04 10:38:50
Rv5rhkgRXcONLZ0dsJu1sHxLSxQ2,2022-06-09 06:43:42
RvIECnaoVFgLBvAnyuc5sdmV1kq2,2021-12-04 02:30:53
RvJt7B98hLWg5YCym6zVLxEdCV33,2021-12-19 05:24:15
RvUXFJ5zDveV7fxBnoVrYXTaXr52,2022-04-17 04:20:53
RvvkjUEpSqZ0COuohQ9Hi1yANfs2,2021-12-13 04:47:31
RwXR65uwfRcK1fHbqi48kkJ95UB3,2022-03-17 15:22:10
RwXrV25t6zgY07bjhtChcruZ2OH2,2022-06-28 02:47:59
RwwI8DIy3UQbKz6jDQXBKAixIdn1,2022-05-14 07:58:14
RxAfkCSQENfoBLqU0alhjLJJZmw1,2021-11-22 04:42:55
RxBRYIshmIQtRP4lWqGxxsenFP12,2022-08-01 06:16:00
RxDdTt0JuwghIaJVc1yf1iBqUU92,2022-04-07 03:42:52
RxgJjKvrwYURAopK4x0dIvmoiIC2,2021-10-04 03:24:40
Rxn3hE45BhXwMvWXu5xRFSFRFtA2,2021-11-01 01:45:09
RxpiVz5hTxYCCUTWsAIhyYusUvA3,2021-10-09 18:41:23
Rxv0GlMG02h67Igwsh8n3MdFxth1,2021-11-24 06:01:22
Ry7YxkQacCUMx75KFKHujftxLY22,2022-07-30 11:06:42
RyEIwwnx4lTyiqLhneprADfhuqB3,2022-04-19 00:17:07
RyKH5pPu6WWFeEdvv3Fy0Zo3gGX2,2022-04-17 16:34:56
Ryf2P7NrhZWucdjqANA2dkwabao2,2022-03-11 17:43:04
RygOmBSorGbQHZ4A6NdZfoq7A7p1,2022-06-18 10:10:33
RygpZHTpMkhKkKluJ886tB1gjRH2,2022-05-01 01:46:17
RyhCG7YlbROI2Ai2Rx7bkqvWNNN2,2022-05-08 22:45:20
RymY4hoW58TZ3y0ukmyLm1xTFLr1,2022-05-11 21:44:29
Rz2IQkIM05N9TkmNAyi84VqYRpd2,2022-06-08 18:23:07
Rz4ywJAzftUxH0lpGB7I9gm2qVL2,2022-04-01 11:09:42
RzUlxlQg8Whsw8PUb7BTaBYWCwA2,2022-05-03 20:21:14
RzuVhlrJRTWR2SMQCkyNt7SZsqe2,2022-02-18 19:54:17
S07PyDWr1wNQKCrQANYcuHSY4Io1,2022-03-28 03:32:44
S0OhrZ7gtlNIIOeuJIeia4Kdsrf1,2021-10-15 12:51:34
S0Sff6R4XYZ6gTfyd3V9JVshPIp1,2022-03-09 12:12:53
S0W0YRTjOiWjEkdCuDToChKpGr72,2021-10-05 03:09:55
S0ZI8iMvCHMhLBLY7UyjPnbGdh02,2021-10-26 12:33:02
S0e8YrwO8BNH2SkDk1A5LefgFhM2,2021-10-07 05:29:51
S0iiRmw0DuUuLGQnDRL1EIfUcMh1,2022-03-03 18:02:15
S0oC08KDc5aSl7iUUgRvsyxc3a12,2021-10-14 07:50:25
S1PncHL1IVUgvy28VuSQpJTCKHo1,2021-11-19 10:43:55
S1ZhcOtajughqed93ht6PbXeiC42,2021-12-23 14:10:33
S1dj1pjYkINReL5EVi7rh6wRU8g2,2021-12-27 10:16:41
S1sBGxWsfuNONuC3HHSLIbbDpTJ2,2022-03-28 13:48:47
S1yhmtSlD0YlGPsQDDDGLfI0yK82,2022-03-26 11:53:21
S1zxATWpfzLHop3nkhSbRS3eOl32,2022-06-20 14:11:44
S221xKgT8LYAFCu8BuM9TUyCePw2,2022-03-04 10:47:21
S2EjdVf2COOsuS6IsYeoC0Ynk7R2,2021-10-14 13:42:03
S2RdB97QyPWmT3xqdv8GRMsB7a02,2021-10-11 14:08:25
S2xXN5VRkARYBLMHStAQ6IM9JEa2,2021-11-11 17:03:14
S31NcUvZKdXZtxkAWTHg5BWfAy42,2021-10-10 22:17:13
S3MHaUFRQbVyzANo8JiMeXcbXX42,2022-03-07 13:06:01
S3teYK1GduYlcG21doztxTVoPzD3,2022-02-05 08:15:22
S3vuodYjPzLHGzuoSdYEZYeohNR2,2022-05-30 04:04:08
S4OkWJUkpAepwaIjoYxqfagzCNv2,2022-01-17 19:01:35
S4SmY7nnfJfrGrrI4Cct79pffpw2,2022-03-24 01:30:01
S4soRvAnXeSoqlVfOg38d8wBiQX2,2022-07-30 01:09:01
S50Mce5audfNUVh7YaTPGL4B5no2,2022-01-01 20:00:15
S51VtxNvcoa3ouL1nOnuRb8HQNM2,2022-01-28 18:39:12
S58z3yrrOePpr9zM7LaBsKpb2HE2,2021-11-08 13:53:33
S5CrVZpUd7PKPaWsvB38bd2SaMt1,2022-04-05 04:49:43
S5eQxkMaUlhXEQY7jyx28ozrIo23,2022-02-16 07:17:48
S5iOYM5mVxgN9xNL495s6v12wl32,2021-10-19 16:35:29
S6TcdWuVQYVkHCmCKLsjSdzMjgl1,2022-05-24 23:52:14
S70dtRS6pUfuwfh3dA4Ar1tCgYe2,2022-05-06 20:49:25
S7Wyp4ujDhPM1JLDGSeB4oq8s5q1,2022-04-16 12:31:24
S7bR6W2lb7WEIRkSfz0bVhxHYY83,2022-06-09 03:07:01
S8G70XGSW0auoi2YfCX2MRtHUna2,2022-06-19 20:42:31
S9KVsLwJOacs9siafodBeOszzY33,2022-03-29 10:29:26
SAF9uDO3QzTi3hKANY1uJ5ho1iP2,2022-06-02 15:33:16
SAHeWMkIyeP1GVlUSOYRgbxDgsr2,2021-11-16 15:26:23
SAJUDXuWcWMSYOTA7Z4HGVWfELA3,2022-04-03 15:39:20
SAamTjfla4Q6ceQeZkB257BjwBA2,2022-03-30 08:19:10
SAwRv5Zp4qfLZO9uy4QXJd7bZxI3,2021-11-05 09:06:51
SAz3aNQIzyN37rNMscl4r1Ya9hW2,2021-12-19 21:25:56
SBlOCfLshuTnycjqx9C8tfE6zzp1,2022-05-02 22:07:17
SC0QyH4TFedpDJK10AhOwiS5FTk1,2021-10-17 02:57:30
SC1R0k3TM4dMIfUMjZ3r8Jyu4N73,2022-04-11 17:33:36
SCCusUqkz7g0HmLjIixaLCtcEzs1,2022-04-24 14:06:49
SCaRoEbGKsT39GJj8Ro2LCg5sDg1,2021-11-27 13:12:39
SCdg5qj6PhPo1xyJpG209q8MdWT2,2022-07-24 08:00:44
SChe9oCkB6dqsdfwdvIq9E0W2B63,2022-03-05 16:18:30
SCu7BEeouqOZapyQ7ZugKhQpS7l1,2022-06-10 12:11:55
SDEOvrkbrhRgx54yR4EJPgkX3zd2,2022-05-09 18:32:57
SDFlYj9RfXeuuDOS6gywhZEP2xx1,2021-11-30 11:20:19
SDQQ1CRgV3ZprZPyyj0lm0UiTPq1,2021-11-07 18:01:17
SDlrCCmsSgMg0pb6FgU0vCTijSk1,2022-05-07 11:35:48
SE0LWI9KaaWq6mlVwwQc5aAyXbH2,2022-04-19 11:15:09
SEHn1JUO0bTebDcfmaL2kll7hen2,2022-05-17 05:20:48
SEp5XbjQMGc1JG1JNpmz9gSwCwm2,2022-03-22 04:55:30
SEp8puYbzBfSdFfP4i6I00o4fyI3,2022-04-07 11:22:54
SFXs50sGMvWaIp2B3q7KCSi78W72,2021-12-22 13:58:04
SG0SZiwmoMVD6ryZHk7hQjruXCI2,2021-10-29 05:10:48
SG2agLtUHYSaTHzEGqIXTZztDGp1,2022-05-14 03:44:15
SGRrtzYe8uT6EJNGqFrHJ2OHFjO2,2022-06-17 14:52:37
SGTTTGXGgvWh6hH4bksWL3R5SQm1,2022-02-28 14:22:51
SGVGyCcsEWZfpxaQkgHgiiQmFyj1,2022-07-15 23:07:34
SGviuSIfYRWmuNdwCQAxhqBNesz1,2022-01-22 17:48:15
SGxwwEW6D4OactPBJFGgTTOFtWy1,2022-01-27 17:15:38
SH2qErhIWiRQRjhAeVqUu1Due2c2,2022-01-05 06:33:04
SH5cleBp5sWchNHrUBOBXFCnsYA2,2022-04-16 07:45:13
SHEOJGw4ILZd37HZk5ol7Oofiar2,2021-10-04 21:26:40
SIIc8dbbE8UcdcnmJk2kvcLaflj2,2022-05-22 15:53:18
SInFedNrCyUZ2Qbfzsrkn1kbJLd2,2022-06-03 07:37:41
SIo30DODanPSrogzPz1wmsd7cDj2,2022-05-29 22:12:25
SIpuj2xhKXS3WokjxMXv0IaBPin2,2022-05-24 23:01:55
SJDdAQ4toZhnRTQ1CaEncpTAjTU2,2022-04-30 17:21:49
SJOXSGHVOXaVJQvBUx0R1yurt9C2,2022-06-15 11:04:01
SJWh7vbHGsdRsNLDOsK3b5GfvFr2,2021-10-09 22:54:18
SJdSpEllYHT2RJT8ggqWvGbk2QO2,2021-11-25 12:50:51
SJfrTEhHmzVZwtdiRLwPIrtCLtY2,2022-01-29 06:10:23
SJr08AIfYkXJhDJCMU3BOsWh83F3,2021-12-16 20:07:29
SKXrVRao3nZBzagYzVAoWX5wsKD2,2022-07-30 19:46:22
SKZx48CQpgfgFSaDEHDwT26k6eP2,2022-06-04 04:11:58
SKmRJNjCT2VhZWkRInYWSOF50m32,2022-06-20 03:34:34
SKnBBf7eHlbgERjLuBfdvpNs63x2,2022-05-09 04:26:31
SKnhDboh1PMTdoeSCQKoCcEy9033,2022-01-02 12:49:12
SKuoxwJ1mScY9nmj01WagNfgYSk1,2022-05-26 13:35:31
SL5Z9MfONAOLRNXSQy3CEju1J993,2022-05-02 18:06:13
SLaXBXW5EOPyIHHcIMaBeV6z7Bg1,2022-04-17 05:34:14
SLzJ1kwX4oZLlYbwNrIp8E8I9dh1,2022-01-14 18:02:59
SMNgoTMJ9tSrjU5sguoKSOsjDbE2,2021-12-28 20:32:13
SMb3N7xM8RcnULRCYIjFDWzhjNe2,2021-11-24 10:20:18
SMeVkOhFCbMDnWztrDhAGwgmv7l2,2022-04-23 12:13:09
SMg2fQxtI7czFTjW5hP7ZkABXGj2,2022-08-01 09:25:22
SMzh8GYMUaPPy7tUQGG2kSJZCjD2,2022-02-25 08:41:51
SNOU7mIZB0YhIpyilZSMjj4YwVr2,2022-02-21 11:59:04
SNviIuIfO6VMWMFzbpeX6xKnaZo1,2022-06-22 16:20:58
SO5posI5PbYN9eRwVLAm3D5lmbw2,2022-05-03 13:58:01
SOHcx2jhPwVfAHLlKSRhwrWkV132,2022-05-22 20:27:09
SOaoZEFRueUahub5bQYskl6FlJD3,2021-11-30 13:58:39
SOfp3qPslfaRt6zfALx9OJpAW293,2022-03-25 14:55:13
SOijhADYKhT7lq5zPVhjVO9iczr2,2022-04-19 13:34:00
SOlqpQDEBdetqYHJxoiddpfMMx42,2022-07-22 07:47:14
SPIPrcAdqxPyux1a1uHcLja4kMk1,2022-04-17 06:10:45
SPIqSUCNQdRcwar501GN2FnkPuB2,2022-07-08 21:42:33
SQAOswwxksbbhkJ0PGTrzAt7pfG2,2022-01-20 09:31:22
SQGb7skbssaeYyA5BmL8UHWUFVs2,2022-02-09 17:10:58
SQSCZ8oL6TXuE0Ze1FvFWv6I4iE3,2022-04-06 05:45:55
SQStrjKNsEaixvDsZKF8DxCYcRn1,2021-10-13 11:19:38
SQdSPBpBwDeNOvmDB72O36TH8A73,2022-04-16 00:29:38
SQfikRdY3IPR0olZccX7LVw2B5g1,2022-07-20 13:55:26
SR4jXJG3KCU0CdoaExUdPsgPQwA3,2021-12-26 03:30:09
SR56ROko6YMZ1v1aAkoUSM0Twao1,2022-05-09 04:16:51
SRPURoKBOdT7Fpum14lAV5B35fl2,2022-03-15 15:06:05
SRlpgTYebXUbtSSjOmLC7d4En323,2022-02-03 09:25:45
SRsAdETE87OdS616eRu5m8o20pk1,2021-11-29 21:58:00
SRtDyp6mZgcWxWhRpjgab5oNYGh2,2022-04-17 07:58:02
SRwZsCZqJGTiKsCHYc8ukQDlUOs2,2022-05-11 07:25:06
SS34y1KpYybacOoEDGQt7xga2br2,2022-02-27 19:29:35
SSKN70SDPLgD6zF2muUE5RyEUxG3,2021-10-24 00:11:57
STBqrvyd0zRShj4ttExeBpJ1evF2,2022-05-31 14:02:25
STCZjoi24Jb5v4mOuOrPSs5B1vA2,2021-12-09 13:31:37
STEKYcnCixWnu2a4wLVRPpgbqSz1,2022-05-07 17:07:33
STRcD3DvQGVaH4L5wfMhqf3WEKn2,2022-03-08 13:52:28
STTvoSlRoyOAxi44HgLAZbS251P2,2022-05-30 04:13:21
STi5ru1LNSZSVMfvTaymA697XtA3,2022-04-29 02:08:57
STp2eVf0TGXCueZ9t7BmzjOLSnl1,2022-05-19 07:08:05
STulzD46FaRFtLwLKKMF9EhZJt23,2022-06-08 02:40:23
STw11ike8LTsoam832UzM4NB0Jt1,2022-03-12 05:09:58
SUgQK82W57RzbusePgoR1tzFvmt1,2022-03-10 04:09:07
SVAAsIx4aVcmelDA1Qh31YZVFL93,2022-03-30 07:23:57
SVENgu6D8LMKxywqSgyh7ekcrgX2,2021-11-13 20:03:26
SVQNY4qz6eOnmHxcTOtOpb0Zeci1,2022-07-31 10:02:12
SVd3a6kI6VSFH4sOtDGGg40C9RH2,2022-03-05 08:07:48
SVp9E5ZiL0RMMMxdOPmilkmrSJn2,2022-04-17 02:12:05
SVyznJ2hOweBpV0zMAI4PYeAqDD3,2021-12-17 13:32:07
SW2MWQBZu4awLjlxMSP4qFTkjq02,2022-06-13 16:05:03
SWuARr0HbVVXXi9c864cTT0J0dB3,2021-10-09 14:20:27
SWycZ8Fb7kSSILFwVmLCmT2i8Zl1,2022-04-20 03:05:58
SX5CifITQaPPyv3FF3nxqolpNjn1,2021-12-24 06:25:03
SXkY6XZMRshIWRPHWSMrBq4ySaG3,2022-02-23 10:22:14
SYTFVklfGPUcKKSU1iOguClJf0p2,2022-06-17 06:45:33
SYsQCbGomCPmr20W7LstpBZOF2B2,2022-05-02 21:05:01
SYtOOIL0CcWtESHytk5IdlJ2h0H3,2022-06-01 11:41:42
SYysgUImtrMwfghpcCh6AJO48Ny2,2022-07-25 12:14:17
SZ3oXBcZMPYw9EC5nft2BusacQ03,2022-04-23 14:13:51
SZKRslwhvZaTX7JvFnmda1RPCAi2,2022-07-19 20:49:35
SZcNueEyIqMPsYj4VdhIycct5wH3,2022-03-28 12:30:26
SZtPnRGD5bbwykcBGgfTfkplj622,2022-07-22 02:03:47
Sa5HxdGjN6Sspa3Fd9ozvp0X8lx1,2021-12-23 19:04:27
SaAVzC9WFFMLfrFYANGhOwe3ykD3,2021-11-27 07:05:28
SaQse55u5YfuzjivhhJPDV0xP4B3,2022-01-15 20:06:08
Sabr8gIoR7O8qsPK0sFATNMAYQb2,2022-03-14 05:45:28
SbHJaaVo62Tww3iDxgUkAbVVfuK2,2022-04-25 05:27:24
SbMq5hlSGlbP9UojEl9oxiH99Lv2,2022-06-08 10:47:42
ScQ91aRHnqgulM9Vl6wyOsMSCwl2,2022-06-20 22:39:00
ScdUpbWylYNjWDijAthMgcRxc9B2,2021-12-18 19:44:42
Sd8FdYgbqrhYad9NSfJ1nKkmLLd2,2022-05-29 18:27:53
SdC6GTkz0JhmSGEgnleB1hqIOw43,2022-01-29 06:43:56
SdCI2mfVIVhL9bKsa5U4TfriIGI2,2022-06-21 09:11:15
SdPQFRfvzePt3sAxfoijR4rMPJ62,2022-02-11 01:49:00
SdUOJLB75dVlgCgt7GqeT1pI0cL2,2021-11-29 10:24:07
Sdxb01AWBnUS2APVK0vPx4MSVEv1,2021-12-10 00:15:36
Se6LFtqkFWdSgmzMbVZ3OgC4qNZ2,2022-06-16 07:43:36
SeDbi3YlQfMsCWibqlrnlbsCf233,2022-01-23 15:38:01
SeKajhaBCxMJqc3qsthYQGP9V7p1,2022-04-11 14:32:05
Seb6OBdPOHc5VGa3RUjxLAOoNuo1,2022-06-11 10:25:29
Sf4IFdIPpMYpZO4s58kY2Ew06MS2,2022-02-23 00:32:38
SfB00R69sIYm38NVThgzk0lLBWy2,2021-11-20 03:35:20
SfIazSQMy9PnSlKu3a9I6EGguZM2,2022-02-27 13:59:54
SfYLyVYXucOv0ZLaIzjiRz8ItYH3,2022-07-03 01:07:49
SfZWr6Az4KWF4lLmmHINsMWV7H93,2022-04-16 18:31:31
Sg1S1WQv9YPxp76JTJ7nqb3QnL52,2022-04-29 12:45:55
SgBX8KKfEscy8Xl47qD4u0e82262,2022-02-18 02:53:07
SgLKSKEFjcXLuQmC2XzWGcdSzNh1,2022-05-07 13:09:54
SgNeugh4XaepWvSFOzcLBgJSYYy2,2022-04-12 05:57:08
Sgb2krQTi3YO4fncNeYub3dwfLn2,2021-10-24 01:05:18
Sh6Tqs73kYVpFFyD8gtZDToSvnE2,2022-04-16 02:00:29
Sh6giY6tiBNCZl3weK7yGYDbitL2,2022-04-09 05:41:20
ShL4I3I6lVdN6puS50f7RdppQI83,2022-05-04 02:51:52
ShVQl0ULRqWQM2iGTkadTDSHCCn1,2022-04-22 11:25:34
Shaadwgnk4VWARMb0HWbwBaN7q23,2021-10-16 13:53:02
SheiXvpVxmd3oRU4uVX7n2rtKQn1,2021-10-12 15:33:57
ShtY2uG5aDP0aQc8xiibM03h4Af2,2021-12-21 22:07:55
Sj6QqgGMlqVwq7KdhdKIwt4P48z1,2021-10-25 13:24:03
SjDkbdQ2laMgUEklLxuhGYx6WZO2,2022-03-10 00:21:04
SjMDvq6GI1ahz9rtZRhQ7tvIMjE2,2022-04-24 22:19:39
SjYlf8AU6TNyZ7PUT7m5DCwWMoK2,2022-05-15 09:13:48
SjlGozCmNPetojtNqSVBZmTAqAx2,2022-03-02 15:21:16
SkEdxRtZsaV8wDoJ0QzZ8Lz5ETE3,2021-12-07 16:02:44
SkkwU81pzLepIAtfVD4T1Dzf4fk2,2022-04-30 19:05:56
SkntuxZtY3ddx4M3DfkIcswe76b2,2022-08-01 07:18:03
Sl8j1svgQuOPPyqBZC24JpJHiR13,2022-03-14 12:09:49
SlAdcMOiXrXuy7VF9xroEQ9gbRL2,2022-01-18 17:34:02
SlNOXaKuB4acC0oTOxSwAGM7F9A3,2022-05-12 13:35:35
SlNihk2gXqOOXbxHwud8SC0qLkf1,2021-11-16 09:43:12
Sle6LdUhXaZ5JZFcFRIKtUsBLfG2,2022-05-28 10:11:43
Slqu8YujlzZpqx4Hrya2ItUka6e2,2022-03-22 05:51:44
Sls4C5Qda6ONPUUPUWXulQRNa8N2,2022-05-12 06:49:25
SmWvQbVW1pMCAXJ4mxFZBWdjcrA2,2022-06-04 15:27:02
SmxQY2B4UGUZjwGxt1DQRfJjwyy2,2022-04-26 09:50:07
Sn304b33SvWM3J0TcWtA8iZUBBG3,2022-04-08 17:02:18
Sn5de05GcXc3wyoCJyM9BBHGLcf2,2021-12-23 03:02:56
Sn7p9vTKSPcO5zLHRD3oEqTbCZE3,2022-03-18 14:39:01
SnHJHVzaXNMePXV1uoByafT5Uwj1,2021-12-26 03:23:37
SnKmB4Nr96QFrgswGGCGKZjsDp03,2022-07-24 04:12:16
So1xZsXLL4NjZQRo75a72tTVFSR2,2022-04-25 07:17:17
So9VDGAIEuc1psf2KYrcHZOpLcW2,2022-07-18 08:56:24
SoC2DnCwLvU53bdZbcLO7Scegoi1,2022-03-30 04:33:27
SoEn3PQibHOhXYO4Orqs2zm6I1j2,2022-03-21 17:37:02
SoUmbSCm2HZauUqZzrc21aSb8wA2,2021-11-26 08:57:39
Sowugo634IQ0rVe5uvuaVnOxfqi2,2022-04-01 13:21:28
Sp5TtBwnDBNvCLA1IqSr0B9nArT2,2022-03-21 11:44:04
SpLz7E4FLFgUmvzDcfnAFJDmQ1U2,2022-01-27 00:48:58
SpxhmnylWtcLttKy043FrGEn6Sz2,2022-05-25 03:37:27
SqLgpgeJcJWU7xJIEKP4XkIFDSz2,2022-02-07 05:36:29
SqWO86x0mnagTfPrWOKlwYL1uwD3,2022-05-01 13:19:31
SqWZHlWeTuM1VQs3oW4CZMyX3sC3,2022-02-26 14:03:29
SqXPRkt2PDgDGDe4eSuyJdsI9no1,2022-07-07 05:48:03
SqnSxojNd5gBV6VD5PvOkYozdFv2,2022-03-30 12:21:29
SqrQp8DtGAZIwWfbRJMZBgHuiz13,2022-06-06 16:58:33
Squ9vbxEj7evF7oqGoxRLzeKWvv1,2021-12-03 01:19:28
SrDjU4hLTuNcF88ohjjHiS6jmUK2,2022-05-14 02:20:34
SrWr59K39ofidC3Zva0S3KZOR5V2,2021-10-22 09:55:30
SracEEVcUZPDCaFsOzgmIBh5XMm1,2022-04-28 14:13:40
Srd7XeTA2wP9hNTA6CkuKvgDVLh2,2022-07-05 13:39:34
Sro3svX8k1bG6Yeq27cReyTILRy1,2022-07-08 19:12:25
SroEBLvRM5OgEFuESWJ87tpNrN33,2022-07-17 04:51:06
Ss9UUmu8Iwgp6VxYIV298JsNMj02,2022-06-12 16:41:25
SsPxh0yw1fNhJJWxR9t6AB4tHcA2,2022-04-15 15:21:14
SsVSt4UOJHfqd3FqiZgiAjvAxED2,2021-11-17 04:18:02
SsWqF2XK49hcGiCm6dkLIDfyMaK2,2022-02-28 10:19:30
Sssu8mLQeoXKzcCO3oBy4GbVu952,2022-05-29 12:29:45
SsvIgExP8yXqA4nCApi0irNQatD3,2022-04-04 14:57:13
SswCe8tavYXCo1aM54N5EOnayjq1,2022-04-05 04:45:37
St2wrUpbsDPRxqxZh8cqJFaVEpv1,2022-05-07 04:30:25
StPbtgkLghOMzwu3V7pXTEHV3yy1,2022-06-23 10:53:04
StTh7RrjKGVeihjzYEBaVekStq82,2022-03-17 03:58:20
StyYI3L3j0OSszUVMRtonNcz0Fy1,2022-03-31 21:31:45
Su8XRsf4HbWROzu8JganrNoppNk1,2021-11-21 10:28:52
SuOCbyLxkEPCcInDm1p5G31QTrR2,2022-05-26 11:51:16
SugyRJfKBPNmQSw36UmkPJ5S1mq2,2022-04-10 22:34:05
Sur5bMoOIEhOUUmswanidgE4KtF3,2022-03-08 10:08:36
SuzJqmccLONqGDMqHutocGrao2V2,2022-06-13 23:11:26
Sv0mhyV4bvTym0jSfZDUbpcG4ci1,2022-05-07 15:10:09
Sv6ecUdIaxWVwXuDHkyxUAz3wC02,2022-07-22 15:34:12
SvkWEV6eSlWoZF4yoePZ7NR51gs1,2022-01-25 01:28:13
SwF7w8DBYEMDOMCtDWJfu4XSPBB3,2022-01-14 02:20:32
SxGdvFBBdygTv03TdPwVWZDpaeK2,2021-12-19 02:16:16
SxO4N72b45hiBXk8cf2bCuoKphi1,2021-11-13 20:26:56
SxSCwx0byjfVHQ9QLACmsU4ElNd2,2022-01-19 20:56:51
SxTUg3q92RW9b0Fpezbz74qNWzi2,2022-05-22 23:21:08
SxhISf2agVOuVwLKFMacPNt0a1g1,2022-02-12 10:33:40
SxleBxnVWKhMQoxmvXFiXG6xCA52,2022-05-28 19:20:09
Sy93mlBKmmQnaCiEzu15bp0zpSp2,2022-04-20 09:14:10
SyU7J24Ra3QjYihyW5tGo8E6J7V2,2022-05-01 12:13:53
SysErSZKEsd7PfyNMon0mV0vw083,2022-07-26 09:29:09
Syw5AmOOvhhqsrLw08LDL3NlzLF3,2021-10-29 11:19:26
SzQD98nOetMjqSGgkz2twmcKqDi2,2022-04-30 01:59:22
SzgLnCRQW5aYZL9EWYN15uNNVrf2,2021-10-25 15:29:31
SziWtTjqvYQU2vDvw2osbvbM5I82,2021-12-28 00:00:46
SzwWuprgLXao1MiBEZAN669OMzE2,2022-04-15 04:44:10
T0VHSBiQeCSeG4zqlRlAdT47qEx2,2022-05-08 07:23:02
T0cIMSjUElc3jlGJKH3vMsqd1e22,2022-04-28 14:04:05
T0nxqZ0v5iRdnkqZfHa65lOZMxH3,2022-02-22 22:54:06
T0rOyn3AG1Oh2ut2jIw3nN5MXCw1,2022-01-30 21:37:33
T0xhOvQoW2cH3PlyZGuLQCHYD8v1,2021-11-28 19:09:31
T1DEYrb65vMrqta9MWaOyszcuWi1,2021-11-05 08:00:01
T1L01URa1TYUlOTCaPSmfQXSzlO2,2022-07-02 12:49:28
T1rsr9l4iUOsbHQ4qqULJtoV6Kl1,2022-05-18 08:32:04
T1tPxMfV2Rd4leVETY4bAPssg6v2,2021-11-11 03:04:11
T1w2C4GecqXtbFV5AAtjKrRlqsM2,2022-04-23 00:42:02
T245Y4nFT5Yzfn9ZiIjimEaTgCk1,2022-04-22 18:55:09
T26pyfriYfhU095ABshCyKjdI4O2,2021-12-23 10:15:37
T2GqJA3jqbOTzm0Ag4TlknbcxOV2,2022-01-15 10:07:15
T2VrWUgdVrNaYC3nFjmUClllOPz2,2022-03-29 15:44:53
T2epCP7FJ0OVYr6guIqBDSsZzPE3,2022-04-07 23:21:13
T2qvnheymih5hQad2qASlKfSvRe2,2021-11-23 08:22:59
T3EFUAVayFg9VdfjLY0l0VK2FJT2,2021-12-19 14:53:16
T3LkiixfJveFoXimzfSJ8baHnV02,2021-11-19 05:52:52
T3MqTfLvpKQeO6INycZ1Nz5vuQo1,2022-06-10 12:05:41
T3SbFaHYlkWA9JQHxUyigxEHj6f2,2022-06-03 13:11:57
T3ZZn7Zzj1MWn7Hea8xrxR9poub2,2022-05-21 19:42:22
T3pMc0gmDdfvsuAd2FuTBDroiOk1,2021-10-22 13:26:01
T3yCGuNxOsU8wIz3zbjgQ0sUXFo2,2021-11-10 17:12:17
T4CErXkvOyT13uIIVvGKaeZIZBf1,2022-06-12 01:24:09
T4HHMAebdLYdXy3uAxGcpyfhoOl2,2022-03-13 14:52:10
T4I2TifpM4RnollJsJWjtMo93ai2,2021-10-21 00:03:58
T4STFg19VYSfRY2SRFgNcrRtt4w1,2022-02-20 03:50:55
T4UzYrorWHRSwvCBEy1ude3BEVw1,2021-10-29 07:44:46
T4lLEfJ3MZhaD9NjPmOMEvnOO4z1,2022-03-10 12:48:46
T4m8aC69ClUfrwbmYQ1tRf4tE8k1,2021-10-03 18:12:07
T4r83m5Dn0NIAPN0X0OPO4wU1UK2,2022-02-11 08:25:16
T4y3TyAV14Ujo3reSFQ2NSZUCtD3,2022-03-03 11:35:54
T52b6VHaoxS4mCJTn0Hk8cSHklw2,2022-01-23 21:23:13
T53VDrkr6pVBiLRJ1ogrcpaB4Ff2,2022-06-08 02:34:24
T5X4AlRYkphixeUzmLFeRP73Ouv1,2022-03-27 03:54:28
T5cHPPxcLGeyN3KRUizfzUHPbah1,2021-12-15 21:46:36
T5ff9bURhbNUUfwVtyNfsuM6qiA3,2021-12-19 06:00:04
T5xiWFlmQCZlBTGEivtr6ti41ot2,2022-04-03 13:30:21
T6LYlxfLTzUpHXFjaecaoywoEB93,2022-05-28 06:56:22
T6et7plggHeX6Of93MFiIZMgpnb2,2022-05-29 08:04:44
T6j8uLMuAcMX5fgOS728WZIjTlg1,2022-03-20 11:56:54
T7g51TKMSWUKg2X6pYdH9qiKb013,2022-05-15 16:56:48
T7igvxPlwQaux6cx5WGSoyGXyks1,2022-07-28 11:31:19
T7wU3cIbxTghaweB6chR86juyyD3,2022-06-08 06:49:26
T83ZcBM9VETqGQxkN2HPxRrYcAx1,2022-02-03 10:03:29
T872XxjA30OqDTrauixzL5jkwDz2,2021-10-17 22:55:26
T8Baa0zOmKhQ1GILMh1wcr7X47T2,2022-06-01 05:59:01
T8FrlJNTmQdXbP4khwNn3N8tiVo2,2022-03-16 04:27:01
T8kHakiHxAPrpuvcqr7kx1O2H302,2022-05-07 20:15:43
T8q54xvZ2BUJ25uQPj2CfvF3xH12,2022-05-07 22:59:53
T8t8S0ipz9PWpVxF0aE8j408lNU2,2022-04-09 18:53:54
T9Et63qM24VVtFGMQjDmvWXG0JC2,2022-03-27 23:51:01
T9aRKwVfpAMurASN5bhS1Ss1Fjq2,2022-01-29 01:34:26
T9jqref3GbXVJWyaHdP9F7gFX2p1,2022-01-29 05:48:19
T9poHIEGbygm1CqO0OkzJvPmBs83,2022-03-16 13:33:18
TADGEuHEZ6Q7LIrcrNCOtIPvQIi2,2022-07-28 17:58:05
TAcD7TfzpBe4dtidJtlAsMEofp43,2021-11-25 01:08:04
TBHp6TfvdmUaKjqCn0MIYMdZy6p1,2022-03-05 10:56:13
TBdhROihVQZjKd6gmWSReR3Gr6P2,2022-06-16 12:28:14
TBqQgpvmsEflQrsO51ZaQZxzJXM2,2021-10-13 17:25:57
TBqlGHGiuXVZh0UrRGDMWabNxEz2,2021-12-23 16:34:58
TBvZpQQMyLMJcQKnkUUy4Qg8tQu2,2021-11-10 10:38:40
TC5Fll0b4NMp3cbNnhneMzINLNK2,2022-07-28 13:39:39
TCAkbjMqSUgkIhT4lPO8goF28cI3,2022-03-20 03:01:45
TCVDAmP0VDTbLUOjkdzIz17Evj53,2022-04-16 04:18:47
TCkHX9NAwOUVdQsaGs3pyywnxt13,2022-07-02 19:19:46
TD1k0pN3APTFz9mCKSVyJZwINWD2,2022-07-25 13:48:06
TDc7p24aAjWbvS6O2CEQISLM8T92,2022-04-28 21:19:51
TEZDgJ5VNRUaQFYE6qNby4Ehj3Q2,2022-06-09 03:05:11
TEaqrFzIenQOweAPAXY9QmuR7ZA2,2022-06-25 13:51:55
TEu9paAIP1b3yj8VpI6YJF0V4X13,2022-03-02 17:21:35
TF7g8B8TeRgPYaiy7TNHW2RAE2p2,2022-04-02 11:42:20
TFFGLXbba1QdwCnSfXI2HdsPdVk1,2022-01-19 09:12:53
TFYjixGHxnWxnlJBmxrCOXHDnrO2,2022-01-27 10:14:45
TFZZqxAgYQb4LeyDjGjN4IAmYoC2,2022-03-06 18:12:37
TFqHx4Ng53YoOo8hH0iGWgVG9wf2,2021-12-05 11:42:42
TFwA0nTLOUWM2o9T1hIIyXNCbHC2,2022-04-21 23:06:13
TG8jiWoxHYcZRR4tVBnT1f9J99o2,2022-06-24 17:30:43
TG9nuB9zUsP1f9yB7z5haNP0iLd2,2021-11-15 02:00:03
TGGXsrcATaMWbmaQsMOzKPDJzH42,2022-07-05 15:44:00
TGGqObJUhLeIhZq35VWTHLTUyCI3,2022-04-13 07:46:55
TGLaLgJp0TYf43qjJpgqVH3lXX42,2022-05-30 17:51:32
TGLiwfUvlDbSIgDI9703I0dAhq93,2022-06-04 20:24:50
TGVBshhPpbSwHAmmfK1GmA8h7F53,2021-10-02 07:54:31
TGdGi2nTfjaxg6VnpHE85BIqC992,2021-10-09 16:20:07
TH4Qu3Cl7YS8qiDwXH6Y6fTnp0D2,2022-02-15 08:32:17
THFAVUquVBhUpJS7GBUJOjgdkhv1,2022-04-24 23:51:22
THSJTdqY7Ne853qpYKHsJ6T3mCI2,2022-02-10 08:22:03
THabk39NotU3p7jqha1vFg3UXE33,2021-12-23 09:51:23
THm1n6Rhg6P759N2ElMmRmezXhm2,2022-07-05 06:03:21
THwitL3iMeeHjnEqTmu7KLQscKd2,2021-10-07 08:46:22
TI06zeyiDdfOMKT3KZwCjvrZtV73,2021-10-31 13:20:29
TI0aYbyBRAcWDrok47jgzKpMFjM2,2022-02-18 13:15:39
TI3MgDBXOGRNy00yRlZy2U8T2sW2,2021-12-25 02:33:54
TI3ce3PQoOTtoSpKD87BHT6E84i2,2022-03-31 08:23:33
TIJdeFmA5McZ4VwC1ratNPvR8dt1,2022-07-10 20:08:05
TIPD23hN5QQ3MU8oV7wtDJIgBGc2,2022-05-06 16:16:08
TIi37lJVQfaRngBOf6cySgGC7043,2022-01-31 07:31:50
TIkeSewcnBZXuhqg1rvFSJTuGyA2,2021-11-16 11:54:04
TJ8a8W5HNsVKSYUkoiBuD4zXm7g1,2022-07-26 15:25:29
TJFTazraeDM0iIsPH8s6lD7IIBo2,2022-03-04 06:48:19
TJGdxC49ira9aEGHkWfA27grxY02,2022-04-12 07:12:20
TJR97nFnZZWZ6VJHiTuDtfI9OG92,2022-05-29 01:52:12
TJTvsHkiWeTnh4hGuHS3jkn0eBE2,2021-12-21 12:47:41
TJUKdLtCu5XzssvmvVxvp9th0kN2,2021-11-03 23:01:05
TJZnzVQVeKcEcx8LJElqP80TJ6F2,2022-01-06 06:24:11
TJbUc9duktZsZAtovykDLPWQ5HF2,2021-11-27 14:00:27
TJgwUKNStyU9z5mzIQQTkROkDVS2,2021-11-24 04:47:59
TK1IxeIMzWUJ5738V57psDIWphJ3,2021-11-09 06:22:53
TK6x9HN2uCbXYlRyDCE3vA7JPYh1,2021-10-13 12:16:06
TKBj51Q2QqQ155Nw78FD1dCHcmF2,2022-05-13 11:14:12
TKCMgP5flbbChAkta5HJ1aq8EbQ2,2022-04-04 22:28:56
TKLAqR08vsVeiIu1pKdjFfRaLAx1,2022-05-22 19:05:18
TKMEq2V2BSWrbnQyrxnOPBgm6Pu2,2021-12-22 08:57:29
TKeNYEIhJhT7ZQVIll1dbyRkCFJ2,2022-03-27 11:26:27
TKeotSVurXWymkdRscdGmRyjtvj1,2021-10-19 18:56:43
TKkrETjAUYUaJw1AvZlyCshjHZ42,2022-05-19 17:17:49
TKpyO5MnNmeVjQwwpHdPTUoZN7W2,2021-11-22 09:43:30
TLPilOEkuETOG9SAzghd62m10492,2022-07-30 08:06:10
TLjv0RRhcYZ5MkHrczS7A6He2wZ2,2022-05-12 14:02:22
TLqeuzqHr9dNnJec90pVqjT5fCB3,2022-04-05 13:25:26
TML2ou4KvoSPiWRddD1F3XAw5E52,2021-11-22 14:40:22
TMPVxHfafUM5NcynZshgVifoZ6n1,2022-04-24 23:36:50
TMY7bBV0eVbaHvzi0IDaagW8S6d2,2022-04-17 01:33:32
TMkVYlPZ5wRwwFG7gIqm7Az6YO42,2022-04-11 13:58:29
TMrMSZTdI0Op9p1fzOL3fUS5obW2,2022-03-20 01:49:13
TNGPbs2eWTcaOpYJR2R5AEfblgf1,2021-10-06 10:34:58
TNR64eB7DEZmnDtTmepx20cPqxe2,2022-06-22 10:55:36
TNXETv0wUcNocjMkrY24MvGxbAK2,2022-04-01 09:06:55
TNf3e3X5ChSnjkEBSpFyd2JxGDx2,2022-01-13 16:03:30
TO6FPNqHSmZFDRcIgYlDiMfh8GB2,2022-07-03 07:26:25
TO7RUlOMUpaz1xyTyjhHupGz32L2,2022-07-22 03:13:32
TOWqMzUZUoUR0cNRHIsx2j5V41D3,2022-03-21 02:20:52
TObikI5C37S3X3zeaSLxpGc7iOT2,2022-03-03 17:20:07
TOm0MEZeDISi6yf7lVZUOpitGbh1,2022-03-12 02:27:02
TP7gTVdm0RMQTOxhZUCJfovAujg1,2022-05-07 10:08:56
TPFdHJCO1XNlHt94Cr49aUJO9N22,2021-12-13 19:26:15
TPGIbJqjknOcnzP8pWLIQPHYi3C2,2022-01-26 04:53:42
TPd52FiZYxf6Ym6xJR04OMVYnUI3,2022-04-19 05:04:54
TPyPbt9ij6Si8RGkRT5oFZ75Wgi2,2022-04-12 00:10:56
TQADjrY1ZiVeqdpdXhEkOIHCuCF3,2022-03-31 02:27:39
TQilpC1xFiTpv2zUjXNO74etqL63,2022-03-23 05:16:25
TQnjGPVJJbb1jZTNNgLIzG7A6g32,2022-02-19 11:54:05
TQpjWoLziPTkL1BNARNBErJTUO33,2022-07-01 15:51:03
TQy2tjHFyKNuz9FHVwUWWvam2sD3,2021-12-27 20:09:48
TR3svTs80DV0ODtC9wToNQU9xSL2,2021-11-24 07:02:15
TR5fKyXx64hYanzOxxcIA3aZeD03,2022-06-01 10:53:48
TRHyxs3SoQUKJNjq5tUDSprnqU62,2021-11-02 09:53:47
TRVADPzjlrXTy4TEbPR1a3QM78D3,2022-01-21 15:28:42
TRjjLnfzzDcLXdDSOQFuqwpHnVD3,2022-05-17 05:25:10
TRow5g4fPjQeod3eVhroHpbaeMq1,2022-07-25 15:32:47
TSG4ATwcakdnfZPkEAiNpeASnDb2,2021-10-29 03:59:58
TSvhaKym1Ghm9qCn1i8y7kzo8Hk2,2021-12-31 13:10:47
TTCLmKETfZdctAbYBflagM6nnu12,2022-03-01 00:23:24
TTHgKH1BtVS5iLqaGKOmm6lOsUv1,2022-07-20 19:07:48
TUBx941vw9WtCBbXbnliTumxzhE3,2022-07-25 19:21:59
TUG34wh5MQUuQnCr9E3JVq6Z82x2,2022-02-23 11:53:57
TUjgsInGTlMj9uyKoCjkuY0U2ED2,2022-03-05 08:45:00
TUojy9ra1ibzN6H5iugAIQ6bNkj1,2022-01-29 18:04:26
TVd30EkoN3VRqy2HWRT2Ct7GkMX2,2022-02-18 18:50:59
TVm6nfM3JwYZ6OsiIMPixIbBmaJ2,2022-07-31 04:17:54
TVsFSB6cGpgbjORepC4J8InUEDm2,2021-11-27 01:57:41
TW22LyG49EPflEVS576g4oH8CwI3,2021-12-05 10:40:41
TWDnlAqflBWmjFsBgMS9E0rvcX22,2022-05-22 02:25:36
TWI0GDeZdQTQ0lQKAJQcHVYOPzR2,2022-06-08 16:08:48
TWdhBXC8EKdIpZoFdenYmVWVx5p1,2022-05-07 15:41:50
TWkrOU4otmgEof7LDr421SSsSZp2,2021-12-30 18:49:30
TWublZjBFYf74Gd8wY7X4ltGXQL2,2021-10-17 19:52:00
TWyIcsPX1gXIZwVODvTD5CrJ06y2,2022-05-13 14:09:07
TX2BXtqAzZTpsctEpW6QQf29xro2,2022-04-04 13:09:01
TX3GcVDDIAaYQDzqQOARrcDEYAV2,2022-02-05 15:31:36
TX3IxTVumycPFlDdxFIMqlVtgq72,2022-04-02 14:47:39
TXJaUDDDefbjvXWJITSyrVridHu2,2022-06-19 15:10:00
TXQ1G4p1KebxVCbQlRsDi7ebmj63,2022-03-29 17:18:02
TXQm14aPA7ZBTAd9JoZZs7a810e2,2022-02-27 12:36:09
TY31kacBxaMcWwG7RH0IFcTwnUi2,2022-07-02 10:38:20
TY3xac1d6hP6HHVVubJaM7jjpdJ2,2022-05-26 18:29:55
TYBYxSt6uxPqoq6Jamh8QTe5szv1,2022-04-09 05:19:28
TYJTbtM1EeYjfUHFBQWo3BT23Pe2,2021-10-29 21:24:29
TZ15boVHqRQS9xMIjO9pm9egrgF3,2022-07-16 13:01:20
TZEAoXK3rbU3CLlmLeRMb9qMa723,2022-06-18 12:43:34
TZEOtQ6GTlaOMy1GxBXg4EDslgs1,2022-04-03 11:23:15
TZQrwbKV2TgJzV8woi9HpA4RIzv2,2022-02-02 04:08:38
TZSyWXcFycTpUCn04IkrEyvSyky1,2022-05-28 17:36:08
TZmM74QEtZhfb4wPq7PSkuGEsLg2,2021-12-22 15:09:47
TZn9KutDc6bmGcHjxsAifwNzv4A2,2022-03-17 18:35:12
TaPBzr2XbUTmlIdXsfVwy4JP65I2,2022-05-02 17:45:46
TaSklX4F4RNBn0uln8GGQvLiHvh1,2021-12-09 00:21:59
TaTnQyFs33WBBLRHRctkKskVDa83,2021-12-22 14:42:38
TaWPwyVgLqPujTWk8B3NlIaSmmh2,2022-05-27 12:27:03
TaWjbPj41JgnBWo3YvGeS81NS5n2,2022-05-30 06:39:25
TafabYoxnWeHvNK0svNxf0sOuKh2,2022-03-29 12:02:50
TakFn9WJE0MNr9n5hpQvgzhMxWR2,2022-02-10 02:12:11
Tb07GM64JmZCsVd0T4sD5JcT3XC3,2022-02-11 16:11:02
Tb2NjgsWBugsKv7UHgZvKmRoYC73,2022-02-26 15:14:24
TbEn1wziFDe1A9kCEHDb9X4bvzn2,2022-05-26 16:22:46
TcCoLSl3hBdR6uRkcjbASJFJl1Q2,2021-12-22 17:06:16
TcEYuqmXNpapKDsQWhl9ISmkIBX2,2022-03-20 19:00:15
TcG44NCvrEbHegzV5ClSAVBArb32,2022-04-17 07:49:24
TctHHx1zTNV75ygWJRyAxrJj64M2,2022-02-16 14:00:24
Td0sOKDffGSKyL1A5LcWXJWxtuu1,2021-10-16 20:14:14
TdBqxOEAMjc83LGsIt0ScAzvgq83,2022-03-28 15:00:19
TdH3bKcOW6QaxV1AS4bCEFz2WDw2,2022-05-05 11:20:35
TdInNnvBzDYn6ITPcjEWrtZx8uo1,2021-10-30 21:11:50
TdT1nclGFbOUcEBzKv55jH0f1I62,2021-12-26 04:25:16
Tdtrs7aZCeQ56dT7TMkOzBhSyt82,2021-11-20 23:54:21
Te4EUpQDAyRX793xvthPuxplunE2,2022-04-20 10:24:06
TeHejUjVZSNDIjOuZr1eEzoTbVC2,2022-03-27 10:42:43
TeR9OdG7HlXRTBtJ0khihaJJmZl1,2022-04-17 15:45:36
TeSKqtfA2GPryoJ7GYaB5yw1iP32,2022-03-18 10:57:36
TeVEvS1F0AQEMTz2gsS0dOaQOvj1,2022-04-09 03:11:28
TealXuR6VvgzKt2BWgsuGMKEWaC3,2022-02-18 06:36:40
TebSuBa2zvZaD16KHMhnZHezVOy1,2022-03-09 16:36:23
TeuAEIhrbibHlf8e5lPrYf1d6Do1,2022-04-30 17:57:51
Tf1RgCtNL9daIEyXr4hMBi9kQrz2,2021-11-05 13:19:02
TfP6b8a2TbfJk3iwC37PQ8QYfs93,2021-10-09 18:15:40
TfgKgPm7EuVW3J5B20oNJP95yMH2,2022-05-14 13:27:31
TfkIOjU2VoQutr9rWkUuxPASsK33,2021-10-22 14:17:24
TflQk62gTZMUre5KvUGdgs46iX02,2021-10-31 22:05:34
TflxFXCzAvVjCz9jANNtOoie5EM2,2022-03-23 11:04:18
Tfq3mTvX89gmd4aMeRRGpAB5Pyg2,2022-01-02 07:27:57
TfsyV5yYjjPU89JrVV1DEWPsISG2,2022-03-29 02:49:24
TgDzmLCbCpemwzfmYdk92XXb7Uq2,2022-05-13 22:05:10
Th0Qvr76IHf237S0AdY6Zl8Lq5l2,2022-04-14 16:46:46
Th89Cliya1OB23iWwKYMKjmJu6T2,2022-06-03 10:23:21
ThWDa1tj8lRDVKpOoNCgjpvKa3Q2,2022-01-12 14:34:53
ThckCuurRSaFyLL2d9v0uP0tUqn1,2022-05-01 02:18:51
ThdUtPXIRmVNF80HJ7IcdG5IhnU2,2022-03-15 03:23:36
ThhSC36hgBTPJ7qAc6sxcIu0vbI2,2021-11-09 14:37:02
ThutPckLlzekzF3n57CfDgO4cyF3,2022-04-20 08:08:16
TiJGloN4LlfQBM8aHlSm350l2zy2,2022-05-17 22:38:46
TiKbVAVug4bSviSgx2Rhds2H8L72,2022-08-01 00:35:01
TiVTrZDpnxgGYlgPZT7ttLkZWIf1,2022-07-28 21:15:31
TidXR131IXcek1786n7WynkQSNh2,2022-04-28 01:36:03
Tii59mMl4PVHGNBCVKZZd2XqHdl1,2021-10-15 23:25:00
TjOXD9HsZxNYNr3Uos0qE1pmSd02,2021-11-25 11:52:05
TkC8MMMNyZWTARFFCRLyWo8wCfr2,2022-01-11 08:55:25
TkIlZdk1RJbKQ8jZpFBUdwighH73,2022-02-28 12:46:35
TkJgmhYlHXaI3lEP6eVFDKm6fKA3,2022-05-22 05:38:25
TkUbCRKUzWZwvDkMYpC3RCAlEHu1,2021-11-24 07:18:10
TkZksm4SohW4gQg1pAu8z8Oj2RR2,2022-05-05 18:34:56
TlBKgsY2NfWI0hrfmgB4Uf0pfOW2,2022-03-20 15:51:22
TlREc7WW6gXoSQwtVClO2nu7Wbt1,2022-05-11 06:16:08
TlaZ1xHojWXiDiLoEO9ausnbdS43,2022-04-01 13:45:21
Tlp1nYOCHjfF0t7zThvbHwLZQ3S2,2021-10-29 14:13:33
TlpQMwMaT4e5YLBjK2A349dCW6E2,2021-12-04 08:20:12
Tm0I7bdWWpPP6LpHA6r5vYmpI102,2022-02-28 14:18:34
TmGPjAIkyZYFL5v85Mkmh4XuFC12,2022-07-30 18:53:51
TmLr97MkrZdgklnyZHDI6mey5YF2,2022-07-25 01:21:57
TmWKLVwOlefYX13M47BgA53MYcA2,2022-06-27 02:23:21
TmYbiZmxI8ZtV9qbz0lqqi4ZTJu2,2022-06-05 00:26:59
TmbxqbyXcPaDJ0Pf6TICIQOFCbi2,2021-12-13 07:14:51
TmcBltGvADcmBLUXIjArT3MYXAg2,2022-07-09 12:23:16
TmkpRG88hDU6PBlsZK9SHlPg6dp1,2021-10-12 16:47:10
Tn4ZPLQRSqNyoFSO4JH98m8UdTg2,2022-06-01 12:21:25
Tn4i5pxaw2PyNltm9oJNh7hxOFc2,2022-07-26 10:21:47
TnMbtbW1h5dILk020bY2TyO39h23,2021-11-24 13:02:02
Tnj4YbStyxYtNKl4G9lxCLKtiaC2,2022-05-30 05:02:30
Tnrz5UTRVoeTJa2JNJOtnWuGBVG2,2022-05-11 16:01:36
ToT0C9noBrOdoxreWHVvYz8tGI12,2022-01-11 20:54:19
Tob5Q8zmm8UKFUVCyd4AcCCZ0GB3,2022-05-19 05:47:42
TovTQMA3cGdthKTzEPCg1kq2lAI2,2022-02-13 16:09:53
ToxwVfjcDoe8Y87rZW4SaugFHTA3,2021-10-22 13:27:05
Toy9dNuq3oNS3SLjItK4PXDVMAw2,2022-04-15 11:01:20
Tp5MAjJLzOWbyTOA5YkQPqPGhbs1,2021-11-06 05:20:05
TpIG0oVerCY0kwP1NgiXFxgCBi82,2021-12-22 01:29:02
TpJfbmF8mMZyEufQoSlrOLgxXR33,2022-04-20 12:38:17
TpWY7SP2bWTOZq3wbzl6Udd8pAt2,2022-01-21 08:32:24
TpfEcgEI1TNSQRVLFvVhE8yzqIN2,2021-10-02 22:12:22
Tq5pzfuBXVcp6ILKTao1WgoO2VR2,2022-06-25 04:03:51
TqrJlOQSb3XfJGtf4VLyVhNz0Gv1,2022-05-15 13:09:57
Tqslze4YTTW1iphraW6jvypy2Q43,2022-05-09 23:34:33
TqvBcK2fpcbSu0uM8NeTWYjfQ9b2,2021-11-24 03:33:49
TrNC2h8lNaVIQrDSz2nHlrfutC53,2022-03-14 06:34:16
TrWnwepX3Wauz5zP2iJQQT7eiP72,2022-05-25 16:09:17
Trb5KmL6hzfH9DSwedHZ23THwuX2,2022-03-20 08:09:32
TsW6BFZ1NcRQGB0uDVk6aap4g852,2021-11-14 01:20:02
TtGO9VJl1ggX4d6wlPC2KQmN7rA3,2021-11-26 01:02:45
TtaTExTa2FfrCunRhSpbBUg6nvY2,2022-02-04 15:31:52
Ttp1sg18CsUtpjxRHhd89Fv9W7p2,2022-05-02 01:32:57
TtpfQvyBUYh07IdSRSgACR91ug12,2022-07-17 17:03:16
Tu0sVTQcKORwowxXqAsloPWVZl13,2021-12-14 05:14:53
Tu8QXb5Hc3cQEn4bwDGAojZx9Fi2,2022-05-16 20:52:24
TuZY7OKog6cbwOvtVHvVMBboIFg2,2022-05-07 09:07:39
TuifaVrR3zYKfNCINptpxaX26cP2,2021-10-28 07:00:07
Tuz0dqOfilR50SSWrKKroZoU3bs1,2022-05-05 16:50:00
Tv8R9ADHJ4PC0o4TeEl3t18eSRX2,2022-01-14 17:59:03
TvdYj01cbtRCfOuEWyPxjl7VjOl1,2022-05-07 19:28:46
Tvhu6gBGPiQmrCYRJxfr6xOqCF12,2022-05-27 02:25:11
TvrazDeaTgQ9FJBzCv9zd7CtfD93,2021-10-09 11:53:58
TwDIWbhL3ZY68eT10pxBHuXavf22,2022-01-16 11:13:08
Tx2GpjmDvmeTmvW7SgSMTASI4oN2,2022-07-16 14:39:08
Txuv1avqAUbm48FBeZz2gECSyxG2,2022-03-01 04:58:08
Ty2Fk2qZF3S2Eae6zdpZR6ZcgXg1,2022-05-05 13:48:42
Ty5WUPiZcufdnqLVihotx86F1v52,2022-02-18 10:48:45
Ty9QNFe314hK3mEu3e5GvtTSsMn2,2022-07-12 15:02:59
TyLGzyCHQ4gm8ghSdLeC1aLV5N23,2022-07-25 04:17:52
TyOeYSmKahNTuKOAIQRCSjnqZV53,2022-05-09 09:19:05
TyZBojtEAEWdKwZgGdn1vJXQQ323,2022-02-12 10:36:54
TyaKUFt3E9dPzattlwwRnxwPSIT2,2022-02-27 03:43:25
Tz49a2JPOYVuwt918SK8DvM89Lt2,2022-04-06 14:49:38
Tz70pzTgG6ezhVM6UO4npjm89Az1,2022-05-06 02:22:41
TziG2WUgSjNSfcjrvdYRp4A3GTn1,2022-04-02 02:08:10
U04i9p6AAGVVvjsHlozkKwVRFJ93,2022-04-19 19:14:23
U07sRnodRAe9OinZzob10Oj7tli1,2021-10-26 17:34:57
U0AeTBE6OvQLoZnKOST7ZoKsKdt2,2022-05-12 05:48:48
U0W2HFkpZIT4UrdQVPmIoc0m0Cx2,2022-04-06 14:43:36
U0oGrjYw8QbgW3ExtWvbtG04VDF2,2021-12-30 16:28:44
U1eCxMQSg7c5ybnak9i2e4yTnYw2,2022-01-02 03:28:52
U1eprcewRvb0MscU6dAPHp5UO0v2,2021-12-22 11:02:19
U1ifDAyKX2gH76Floig02VrdBRC2,2021-11-13 12:33:05
U1s7bDaaZbS0EIPdhS9nXcAyrnl2,2021-11-24 09:54:00
U2hbtv7IQOXn3o4YCzSTRlrUYfP2,2022-05-13 12:37:53
U2vcq55p0zaKN4qrVIZEweOugDg2,2022-05-28 11:52:09
U3No4EuEoqgwc5lem4y9HEvN2j02,2021-12-26 01:33:06
U3S1HIvY8FaOyIYVdhvrbYcYjHD2,2021-11-09 06:39:27
U3a5k8YFSXTTGODLrN45Fx5ZLcx1,2022-03-26 15:55:07
U3tT9Mt4hOfG4fGUvlsiLbHhtmh2,2021-11-19 21:52:00
U41A1e3JNbTDlA8Mqwb8pFZ5YLL2,2022-06-22 13:23:18
U4HRM6n6nwYUth2UfRpy6VYGIQ02,2021-11-29 14:06:05
U4K62AwSPKVAxfxQUMcxQWRlviI3,2022-06-05 16:57:35
U4dxrOPK94NGKvsLNSIL4pPucnw1,2022-03-05 16:04:19
U4llvvcQAnMAdoKzOIfRG6ZirJc2,2021-12-26 03:35:17
U578yY7lL3YtWVqEBMthbBuqT7n2,2021-11-24 02:30:43
U5oFxiFG2FVmNAZaVDG511g7Apo2,2022-01-17 23:33:52
U5zuSwa4b2Yd7M12bgZGGAEgLns1,2021-10-04 15:47:16
U62ApqCn3jgiF0cJBf0FFoN0F7n1,2022-06-21 02:41:18
U63nhnvzVGar1sS1ssAQtLi5Nlf1,2022-01-11 00:28:20
U64SEh03VSeBKdHKqa4RAKKaR072,2022-01-22 03:09:28
U67jDjv9mWOSadUxBHDqzyQqy0G2,2022-04-03 02:58:52
U6BJSK2QPPcJUrQ3nDfUNhJqCvm1,2022-04-09 21:24:19
U6MSoy80fJgp9qop06OwrRB4xnj1,2021-11-09 20:26:28
U6TPksTjcNY1d0KGqAwB2C3DjPZ2,2022-05-01 04:17:38
U70j2LiKk6dmAY0kvvA9fzHQesQ2,2022-01-18 15:58:34
U7Amtd1HV4UhOQ5bW5EWQTEDTN22,2022-05-20 19:45:39
U7PzOcaShDQ1QqkoHpxwnzuU7Lg2,2022-06-11 22:35:49
U7V2XPCxZ3haapuapDMdVdyzZfv1,2022-01-28 08:12:07
U7nhDBlYinW7mk00wJDUhz66x9B3,2022-03-30 18:29:57
U7ppEwW2c5TpY2RDoSiXH0HXs523,2022-01-21 13:18:18
U7y3iNGsAPc3HFhKMee6gYL7ZpW2,2022-01-01 18:57:23
U81sKn5vw5OgWWAVM0L4iMfsy362,2021-10-17 21:42:26
U8f37PUtYhNN80KdEdZ8bCDTp4v2,2022-06-07 08:59:01
U8j6sx3Of1ePHyYHmKpe028RWDF2,2022-06-03 14:59:11
U8y2loPTiAfrKjJmVdBJHcN6zXn1,2022-01-15 08:33:59
U9CKfvVs3qMUEHJmFVuRwu00tWO2,2021-12-05 07:22:45
U9eG12Z1CeO2v2giOqmN8ejHcxn2,2022-05-12 08:17:38
UAAVLhHv8KRhYSjKubaPRATQ4Jm2,2021-11-10 02:05:27
UAeqpXwVw0XvgUSvZAs61jWQ77U2,2022-01-10 07:59:26
UAxKPdRm7peoTuwc4fvR6fV9izc2,2022-02-11 04:46:19
UBT7kmJdYoWcoGUPeezC6iTtaQC3,2022-02-08 13:41:10
UBnWs1w8u9fxRHJelmftjA3iheh1,2022-03-31 15:18:49
UBpWotNee4UCE6ZGUrHeET0o2Yq1,2021-11-16 13:20:11
UC6jVDNX02VFvr5D7mVSmjCH4Fg2,2022-04-08 00:40:48
UCBLdd0WqHObR00uptxhRhJsv152,2021-10-23 15:29:14
UCQRgDOCgZUoxJ9TlOEYFRUN7Pw1,2022-03-31 21:04:12
UCQsCoozxPd3NJXADns0t5inR9x2,2021-11-24 16:07:49
UDBmKXbByNaQHD7gJAsVohbhYLP2,2022-04-07 00:25:46
UDokPmXZiiglLTtEIz2g24Io8b63,2022-07-22 21:34:18
UDtTEjTmtSWibOH7a73FuCouc992,2021-11-06 20:11:42
UE4lawF8fiXrKPvYNxbIJbPtmv22,2022-07-28 07:27:35
UEIzdTvhJpcJoE3myqFbXx870ep1,2022-06-19 14:59:30
UEKWm4l4PUVTNC2wUFoFJsLXrZF3,2022-02-22 23:36:16
UEXu6lqmhARjRTzGAaXc2d9nGHe2,2021-10-06 15:25:50
UF8w6XWm3NVFAucp6yNmMrnWUr02,2022-03-04 12:58:05
UG5KPiIcGldRlk7Eq2FE4gVskw82,2022-04-17 14:12:58
UGZpghrVxLNovaarAzprJTttbBF3,2022-03-20 17:28:25
UGzZ5bsq6XVtPilAGhnhaOzmsgx1,2021-10-26 04:50:03
UH1sczGk3hNEm4jm7XxRWpf2UaX2,2022-02-03 22:58:22
UHHi3I741kZ6BzRLEjSpUQ6ZOe63,2022-06-08 01:51:32
UI0U7OTNwVWYi6PSU1epGLpgzCv1,2022-03-05 17:33:55
UIBj1u7InZX93G0G1VkDEl1gSKs2,2022-04-03 17:07:56
UIO8pr8PbpX6ukPDFLUp32Vc01a2,2022-02-24 22:34:11
UIQqPsqbIDVO2uXRfvTSzCKkdMr2,2022-02-28 07:18:15
UIdygozDwdTa0ZN0j98tfVLn9Lx2,2022-04-20 01:27:50
UIo6jFupz8bUuQmXL2p7vafYo0l1,2022-04-30 15:19:33
UIwdLUr5ryYC1pmaUyZDyWZoUOR2,2021-12-27 20:33:59
UJ7EioMfCtfPP2U3EylxU0oNHfM2,2022-05-05 07:11:31
UJ8NlhSKVdZNie6x746To9Bw7jI2,2022-06-02 05:48:31
UJ8t2bKCIKOs87AnGZ6uhffveV13,2022-05-05 11:12:38
UJCK5YBnICM1tgXAKT4K6eJNtSb2,2022-05-18 13:35:28
UJIoNyxWInNnzw5Ov6BDAf8Klri1,2022-05-29 11:22:40
UJIvtgZSvlOFTyJbEC3LfRoFLQP2,2022-02-15 01:58:55
UJYTdxzsD7bUULp6k1LGAsFi8dK2,2022-01-30 18:24:38
UJdDMf5U0GPxh4LjZd3ELx2e1ms2,2022-06-01 17:32:21
UJrDZOAL3sReNzPbR8cJF0jIxAC3,2022-03-23 01:22:49
UKVUnmBBscMBYWlCLyGAOhEZyMj1,2022-03-13 22:30:29
ULHb3LgwbHWWFkKYcfXxeygws9C3,2022-05-07 00:19:48
ULRu9T3mzrdhomygnNLAVfFBHJI2,2022-03-31 14:12:33
ULSxQGUKd1Pnem5sIhR7HYQHT5G3,2022-02-22 21:20:18
ULzMMWejX8YkWRG5NSedL0RMVAw2,2022-03-03 22:14:19
UMEw3V8s7mXnn1oda3SZHzykUa32,2022-05-02 10:32:42
UMR2mFXcZxUubdKCnzfGhdPvo833,2022-02-15 11:47:15
UMSlyUPgsVPGFCrdqdeTX0dnYaM2,2021-11-25 14:05:03
UMZbCPAV4OOSZYA4FlkN3twTYWN2,2022-01-26 12:36:21
UMlQz0h8eCTYM0lrfcrGyyatjfh1,2022-05-01 17:28:42
UMzSCzkgs4QiAb6GRSBszfFPU0s2,2022-04-27 09:16:40
UNMP4dXhtOgJA5mSpeM8B4vvms52,2021-10-24 06:59:42
UNQdaxrAJFO9EF410kyJn4Xv3r23,2022-03-29 05:31:59
UNUx5UNQDxffjhPjwdz8SIhY4cD3,2021-12-26 17:13:33
UNuhaHMZVBXLaHVQw05vvL2kGNv2,2021-11-29 15:34:23
UO7ivBK7DIWoQKY1IqssswcPq2y2,2022-05-23 10:17:12
UOEHIJ4HidaT4hufbAXxX2NbWrj1,2022-04-17 14:41:19
UOH0ur8c0JV7B7TGkFrtvhb1DBI2,2022-06-10 13:28:07
UOKDk9lcCJZfmrnY3zwHhmKYVrP2,2022-05-11 06:02:59
UOZTVkIlV0f5FstzylBLj4Drpog1,2021-11-04 14:55:16
UOvUSX8y8cgtZJim92YKt0ppDhv1,2022-04-17 04:50:30
UPapIpak4TXZpBCvtEvzaEh7h353,2022-03-13 15:52:44
UPdBOnOfmJfebElARTBafGx7fKB3,2022-02-21 07:46:49
UPwvQ7iU0Ng8Yn1cW9y72JqxoZL2,2021-10-28 04:00:03
UQ3j4eCE0jgMV1x2iDW6AdT1W7s1,2022-07-16 16:55:48
UQBsOZieTQhDZN4sMN5TciB75mD2,2022-01-22 13:33:52
UQMOeojT8gQLG86rbhD9lfj8I0u1,2022-04-08 09:24:39
UQPYmwgVodOyAbImVZ6e4jxHScF3,2022-03-16 21:51:07
UQbsJuMZA3fuUJ9Svi20TICxyjy2,2022-04-20 16:07:14
UQkaPe4L9ST1uFL7nAwC03R2Vki2,2022-01-11 23:54:13
UQuZqXecq1bYVDW6E9Jx8UA4Zm42,2022-02-28 03:48:06
UQx7phXsV9a6GbY6RwGbHeekhJi2,2022-07-18 20:02:51
URP0O82sjHbLPly8XI3ngJNfVHh1,2022-03-20 03:19:29
URa3TfXkq6fEJ0mmROroN5vJChw1,2022-05-14 08:32:21
URy8P9jgTyfnRyZVVUI7kusezn62,2022-04-05 05:04:11
URyXka9jZlYDfgLN90tTrgVxi0i2,2022-05-26 18:11:39
US2XxHpcvCdNtqMtaGexQHMPDPG3,2022-02-15 11:51:04
US39hSK9IEc9YxWmAAcjjARfexC2,2021-10-10 08:07:14
USIlUsKHEPaFi58zZR6c7UiLQLB2,2022-03-29 20:13:49
UScjMlSeJkZzajcMKFWw1EfOaAq2,2022-05-24 22:52:41
USy7s9R5RlOturcyhzpPmRLyEy62,2021-11-08 13:57:39
UTGMA9Kd40MDw4zRPPtVFRvb26k2,2021-11-06 17:17:33
UTHy6mUERBZxHwGShb0J8OiBRVB2,2022-02-26 08:26:35
UTaMTT3Vlgg5vg4XfBXZeOGtj8E2,2022-04-09 13:52:56
UV9UhvdI85fvTBVJYS7Lu3G8XLw1,2021-12-29 04:09:03
UVPXEowsWWQxKgmdmDJcbhPVUxk2,2021-10-31 02:43:34
UVSr4wEuaRUTkaqZDmkq5ALFam62,2021-11-04 03:12:07
UVirz8w63rhlaNMUNXSGDNeujAX2,2021-10-11 10:00:03
UVoKFhPuApTpW5AGF1ClCDcltPJ2,2022-03-18 10:05:55
UVpPNHlCRzgHIbWZqpqV1lyNhqN2,2022-06-13 19:26:18
UW9Hem6bBmcHnzeypbX8fg4rEo42,2022-07-05 03:28:02
UWUf3txdHpgd8cTjDD2HNYNOCO83,2022-04-24 19:22:28
UWaSyI7LGbXnnX0Hgh24XADBPEo1,2022-03-19 13:28:10
UWgiCYnn2wdtHB570mOgUcmeCuP2,2021-11-02 22:35:14
UWkXNeVKxJQBdD8oAjoZQJU7tvr2,2021-10-15 11:22:23
UWloebH5JtYc9aBJ9IXhHnPfl8l1,2022-07-29 09:59:44
UX1ok2KsTGaXX6p1gDtHcjNhot22,2021-11-03 14:56:07
UXQEQ2NS5GQmBkzBOfF9l7w3PgU2,2022-06-03 11:02:19
UXTA1tipKxfGqcw1gAAQtfB97aZ2,2022-05-01 11:44:04
UXb5UybWf4R1XVTm90dOMmBggLW2,2022-05-29 13:52:29
UXzH7nwQVLhbHFquTVRtFQ4I3YB3,2022-07-24 00:11:18
UY7kErO563f3y32YIB617qqwJF52,2022-06-23 07:34:31
UYBObj5lZkRy40u2hl7X0n8eBgk1,2022-04-07 22:18:00
UYElGajfp8Z0miJIjX2W9F8oXtl2,2022-06-14 01:53:31
UYOjnui0ifQzjLDKCSgRodQBE1h2,2022-07-25 12:00:32
UYRQJLLs9UQWXYO7nIbqR9wIia32,2022-05-27 04:26:07
UYTNHF2BMQON8TLlkF77ts3Md5C3,2021-11-27 12:15:38
UZkXpfLNUWQNZ4gug765wzIuqZ82,2022-05-05 13:22:42
UaAjbPWw3UfhlYEQ4maZg69Q5Ov2,2022-02-19 13:11:53
UaaesRtrF6WEja9JZvP7N4Oha5R2,2022-04-17 02:47:50
UajFeYWKocTeud6kuBeX5FQtqSC2,2022-04-17 09:30:37
UbCY64blVIeLKK0b0RtmSuFvY242,2022-05-04 14:12:12
UbDjPJJFcceqFsGWqtQ841sGN2g1,2021-10-22 04:38:52
UbZOxvM693ai42CgL2zobF5rR912,2022-04-06 12:52:59
UcPMmEp7DpMDoV9Hm5dGjQRuVbe2,2022-05-29 20:03:52
UcSJRAfkgzPRxeBXJWRPedVBDe33,2022-04-13 11:13:43
Ucj7Tfuhr9VpZpbYr6xFWcWlo5u2,2022-01-26 06:26:36
Ud9mRfhgV9fbsz19JYLpMDy5Sde2,2022-05-24 03:28:08
UdGvm4KkcKQ29rJyzQ3gCYpxbfx2,2021-10-20 14:22:11
UdLHes8xCIQ0ypLwffUZ62XTfvY2,2022-07-12 14:13:39
UdfldZiEkMYzvogMwL4vxqyrC6E3,2022-04-04 13:06:29
Udlz9dPLj7WbMJBH64loQo9Y3w62,2022-04-07 23:03:12
UdqxNuVQLcNimKGP7hFcrpUPXZD3,2022-02-24 09:56:30
Udv6H82OXuVv9Ihb20JujjtLq2f1,2021-12-05 07:18:48
UeNcyybwzuOKe97Kpq3FK5YuqA62,2022-03-28 14:35:10
UeS8GFthAkSe0L9ZwquNp8UTSDI3,2022-03-09 08:38:51
Ued5jAksItN81zGJmwDCA6tjxcD2,2021-10-27 04:25:41
UehSjpddGWXk7MMz2oSAeb9HoSK2,2022-05-26 09:57:09
UewsPDQvq4Ys2mhV0S2RFjdaJQ93,2022-04-30 22:56:47
Uf7ToMLwQ2eSUtIfYOxcTgxKWDB3,2022-04-13 05:47:10
UfD3VFcVqcdl5If9OWWg78cx2hp2,2021-12-18 05:21:26
UfmsQ6zRcqVLaJAirXXuXiGjQ2N2,2021-12-31 08:30:10
UfoOnc2E0JOi7kcqqSMmCxlxZbq2,2022-01-20 03:42:23
Ugfnv64e84XWsXcmPkPORQgc1Yv1,2022-03-10 17:00:05
UgiuXcTca1TJOwcL1vzsym1SfsV2,2022-03-13 04:31:53
UgvMFKZK7SbPmhxZw3oFo7J78aD3,2022-03-18 14:04:50
UhDllyM4gnXCHxc8bo8KafP31cG3,2022-05-03 02:50:34
UhTbOvp3x0hhJ6RLYiYzHn7moQy2,2022-04-10 18:36:39
UhsxPFqorTOM0vMZzsJpHOGzjPS2,2022-02-26 12:23:22
UihdOGIIa0ZwTVSppJDNy2C3cWn2,2022-07-01 10:24:32
Uii3Fby9FheQgkcUZhMZfonds0x1,2021-11-19 20:32:53
UirT5XIz8XPRPZAxUTJ0Oc5TZF52,2022-04-27 08:56:04
UjRrZdR6upNv9ovU6hmqb2QlZ6p1,2022-03-26 23:23:31
UkD4SytVnCP6hqaa4BKG90B2An43,2021-12-03 13:26:19
UkVFkJyM2veR0ZTZYaVirccz7373,2022-01-06 04:13:41
UkmZaP9whJgwGMs8KnDx5LftZ9k1,2021-11-21 00:48:01
UkvpwzZEgdcoDcst7IeLoiyeLvZ2,2021-12-26 09:34:20
UlepCHfzUOdaRsminVU8wq1XPxt1,2022-05-08 22:28:09
UlidOAunidfIPywGYNf2Y5Obj1V2,2022-03-17 14:54:26
Ulso0ZfuurVYdfpZs4bTNxWOQaM2,2022-01-27 21:29:53
UlvmuvaVPWPmhNdMQ1IFhOYrCG32,2022-06-14 07:33:47
UmORvBCGLpY8RlCG9xjG0y4BOwh1,2022-01-18 08:11:41
UmsHJyBVg7cDqo4MBk2qJTTe1yu2,2021-12-22 14:33:36
UnViMo56sUagyVVKskcDfrpWlgG3,2022-05-28 01:12:22
UnbVoL6TJCSLpbFErgRpJFZmZgr1,2022-04-01 15:33:41
UnyoHLU1XfhF0HQmNeVOtMGqb1G2,2021-11-24 16:51:30
Uo6ne5mnz1QJUFCvyNpaLeU8gqh1,2021-10-17 07:33:01
Uob5ZZOM1vPxTOF1PS9WBtr2XxN2,2022-02-04 07:58:53
UoqLypXNvRWLBvGDKQsFVtVtymT2,2021-12-18 18:40:46
UpPMljnlNQbPdAwXO3pbglvGlYY2,2021-10-13 19:55:51
UpmtKr1ustU7ckKD3a8apgO1a0o1,2022-05-24 04:56:29
UpszXL0qbtNFKy3hevyifSGyzAg2,2022-05-29 12:33:41
Uq30UOs5uicnswxm3BtDYGGrML52,2022-06-02 19:10:00
Uq5zfVvdspP7D73xYFhKG5GPzcG2,2022-01-21 05:47:25
Uq6czUqcE9ZoI9K8ZsASrrH1oW72,2021-12-17 14:57:55
UqNFgK3LRMfPQmUfvK54s0CN6Q82,2022-07-20 12:03:28
UqnslzauSMbwUupRhpL3hkZJGuo2,2022-04-20 04:18:36
UqqSQNJg7rh7WLuHglIHoanUXKB2,2022-05-14 12:24:42
UqyWmJ3R9ZXJdTVd7LYIwnruziv1,2022-04-25 00:57:32
UqzI86xBkEfnO4oo2XwaveTEEqf1,2022-03-07 05:07:41
Ur35gHtG7sf5UYSP0fdezH4zPd53,2022-04-14 14:39:37
UrB3uRRfDtX4RJQJqnVyf0MywmD3,2022-03-25 12:21:42
UrCkp4QFrHggIBdvTrRZrWfdQdW2,2021-10-31 19:35:27
UrMykMTFD0hFQme90TlTR3rcUgg1,2021-12-20 01:36:48
UrS857qYgPMEhTkOkljey2Wn3sW2,2022-04-15 13:31:40
UrYnyqfRkPYN54fVoH1RPgETMIC2,2021-12-15 09:05:37
UrdQbiQqU0UtRPugxN4nf67Reil1,2022-03-02 05:03:48
UrnfDZvZGqRbrnHIYLriXpyhr0s1,2021-10-18 03:54:31
UsA7dfI4BcbGg3551oD4LioQXOP2,2022-06-24 15:31:16
UsDExNep7QYsP6swXOivhswbTUn2,2022-05-30 18:23:24
UsSZ7HEFbkNapUeC0f5wt74i1Hc2,2022-06-28 19:04:12
UsXwdMOaCCXo0W3YxrCXEklMnhh2,2021-12-21 14:21:52
UskR6gBXwTcgOw8F1WBQCEzRKoA3,2021-11-23 20:32:44
UswvFEEZ5Lhn13vxrduEVVcOD0m2,2021-11-11 12:52:13
Uszd6OuNmGNqO5Li7wWBRiBJR722,2022-06-02 04:22:14
UtR4JIBIBQabsEZi5ixuHLNaedg1,2022-01-19 18:18:18
UtSN7OyFTOOOwilPds7kLbQlBqq2,2022-02-21 10:31:51
UtgFb2Ks0Ae6sD5zGb3x1tY92FT2,2022-06-20 23:25:18
Utpk26AkglR0if7GIRDluelP2kh1,2022-05-23 13:45:58
UtsJYChNS8MoEfpMpx0JjwsWvIr1,2022-04-05 18:16:39
UttrvhfznEd3P9No0ee5WZZlkB63,2022-02-11 03:00:57
Uu0L6raUqhUhV4g5anjcOMMpjDz2,2021-10-29 17:08:29
UuDGB2NoKLTUc2xwBTI8Cf2MVZ02,2021-10-30 06:00:02
UuL4kM6rKrc7SK9irjltL5nkmoH3,2022-02-11 11:54:08
Uugq8Ap7fjQmuXEZdlmC5MnhYlW2,2021-12-29 11:22:41
Uuv1Nn197qN1qGF42vhEHeYXHhE3,2021-10-30 17:31:29
Uv8TrNI8HbOwmQM1In6N0Y3ofhG3,2022-05-12 22:03:52
Uw22xQtcJZaW1bkS0o8a2U8byGl2,2021-11-26 11:38:10
UwZVDFHpzda6vB96cFnJGREw9qv2,2022-01-23 13:44:05
Uwq7HonHeGTeRxKjtwtTAAnAs9n2,2022-04-12 14:56:51
UwsGdkMI0URTnTYuGOZYu6HBupg2,2021-12-24 22:25:09
UwtRfKrfdNdOLb61DtP0IGYaS3S2,2022-02-01 03:21:18
UxBOdrYOZlZTHF3TvFEXAd5apQy1,2022-04-20 14:37:07
UxKO03qSHvUfbtsAaDFwF9qnrOr1,2022-03-03 14:20:38
Uxgyff7N6gQqe9ZGgGssvSb8PV43,2022-03-06 17:55:41
UxmFO4KYsWMoGKCFfnchRQSzWiv2,2022-02-07 00:01:46
UyQd7GuQjohDGIvq06LXduFv1fV2,2021-10-31 23:09:33
UyeYJHZ46DWvTDtSqUf5CMiyrAW2,2021-10-10 16:02:53
Uyp5oECJQQZA9JRJFuOG08rjSkJ2,2022-02-17 00:25:22
Uz9ytadDvee14TMerIX84IyZlvf2,2022-06-09 14:28:31
UzBMnzCaPpPFAfS3VW0QnhrKTz53,2022-03-05 13:06:33
UzP0kzF6XXNrdxIahSy23XK6rUl2,2022-06-05 20:07:25
UzmIl13ybSNZ15wP32q1UI1oukx2,2022-07-05 08:39:27
UznaQXciSVgw400g7VVFzDZAHZn1,2022-03-03 06:21:15
V07hAUac0CUdBoi9Xj0Y3F8m9hS2,2021-11-04 01:54:46
V0W5l9eYmARF1jPZnSMA21oidS43,2021-11-06 16:22:56
V0sNcYW0mLPvJlM6CxQqLYBpJiQ2,2022-04-08 22:27:18
V10KbpFOohXdMNSamcGNuPup7Tf2,2021-12-12 04:44:28
V1XG1UDpCycWzlCO3XVT9msLcg22,2021-12-26 12:42:20
V1ZnDmtZXvWwWrskkyTXb0KVwjL2,2022-07-22 05:40:07
V1yLDjcPVwUU8pwQiEhCyFxDc2E3,2022-06-05 14:04:08
V2DQws5bYZfVHaclNrniz7NkUih1,2022-02-02 04:37:53
V2OpDCr7GIRsDuDZPCr3tUY8Sf43,2022-04-09 20:43:22
V2XWz6se7NY4OPKAH2KTT5yUEf02,2022-04-18 08:35:53
V2xOJjDmtvQbGdvyBcDO6XZ1TtM2,2022-01-26 00:16:12
V2yVi7xluCQFCOFSatMXUWK8n2l2,2022-04-06 06:19:15
V2ygH7UUGmPa1D63q1xVgTu485Z2,2022-02-13 14:43:40
V3Cj2y1tThhPTqRMfENqQxzGrYy1,2022-04-13 14:55:51
V3W2gAuvO7XvKPVySm563O6pgh53,2021-11-12 06:46:16
V3Wr2LqZwRaRhGdFvRcZnyXLyH03,2022-05-07 18:49:01
V4JkiH3eusetwZku7Bwp6mTNKga2,2022-04-17 09:03:55
V4KOs5b9yVd6dwgGuS0NtPXmsWk2,2022-04-17 00:38:11
V4N3IBk9p9dNv3pVEG81g8JEbxX2,2021-11-19 16:24:04
V4NcSHj18tOzWLIBhzLmDGb34NA3,2021-10-22 05:16:25
V4TAHI3dBGbMoLTyniusn1lHHIw1,2021-11-03 13:10:39
V4lU4Fz3dtTxyqRBMDEDP5tExW13,2021-12-01 08:53:26
V54FgD61rmV1agyfrrU41kAZsaC3,2022-04-28 15:15:51
V59ENxP2AiTtueQQUeeVyXG3MEO2,2022-06-19 16:22:17
V5oHzOM7jMYQ5RNwxJgNFEQDUGS2,2022-07-27 15:47:07
V6AD9B18YohM89e9m64rj35RfJl2,2022-07-10 22:08:29
V6R1BbPvwnRcK3DxW0lcx6knPLB3,2021-11-17 04:16:40
V6UNBXVd7CgooCCM2nVTO40KG9E2,2022-06-12 03:01:30
V6i9GO9Q2YSOY40nTkTWBfMZVI12,2022-07-15 19:23:34
V6mQXtpqzsaWp3NgRvukBEw876h2,2022-02-04 12:21:05
V70gQb7LrTgH66R6IqrfRGpTgEQ2,2021-10-06 10:15:59
V76gdDhC4zdMCImVuQoe7JZmOcj1,2022-03-07 18:25:02
V7JwCecnsIaAVc4SbRcty3zGKg42,2022-06-17 17:18:58
V7R4FuT0dtWz9jeFRZKtpRkI6pv1,2022-04-21 12:54:20
V7vuBXi0LrOo3U25o547W8KBuNB3,2022-01-17 19:46:48
V80xUwtuGZNyAttWYn1HzKj5Aeq1,2022-07-27 19:19:48
V8BVjJ7K2jX9iLYkcIZSpbTxLyN2,2022-06-11 13:29:24
V8HO3qPaaSP3d3IYsTHUKZ29zg52,2022-01-06 20:53:45
V8IcIHJMqwZcf48kwcr3d9zwrgl2,2022-07-28 07:44:26
V8Pylr8owoSvNgDTMr453BqYuVF2,2022-06-07 11:28:09
V8Vqo8DkGlcaJyVznbkkhGH2aRG3,2022-03-18 10:44:24
V8eB1HCkOZRBUtBIvpTpvcb1r622,2022-05-16 14:00:27
V8iQNuwZlbT3DVPA8RCrgAdNEYH3,2021-10-12 16:06:32
V8km9MEt2RcAWK6IdHyFzEDnx1V2,2022-03-12 20:33:03
V8qEooM6hwRuUh8LsihKAoocszl2,2022-05-16 12:02:34
V9YSX1XCqnVtdsYLDib7hbo5C6f1,2022-07-05 03:42:53
V9qfypBUOKbgHdMbZoeZAs9YJoo2,2021-11-26 14:38:57
VASJICXSmDZT2rhsxO6mOaVKEe22,2022-02-20 18:13:57
VAWxjLqFBDU7113kTcIZnaK6kxE2,2022-02-27 12:54:45
VAr46obYaxMA0ZRJgq1dgcBAh1q2,2021-11-29 21:11:37
VBhumBGyGodbDbxIoGtVfzr7SBt2,2022-06-19 06:58:02
VBvS2249VDhTnoI74bK8xkmeVkf2,2022-03-30 06:52:07
VBwNpP4zavWayn572h01vmzjnID2,2022-04-03 03:37:21
VBxlceIFoaQwmpXRVKXHya12Jxt2,2022-02-11 02:17:18
VBxqCZiAR8aafcW1RSRNRASfRrO2,2022-06-08 13:57:54
VCXvcuZmL5VOycxC3yOfVvz95AN2,2021-11-17 15:02:04
VCa3Cd11znW7CxlfuJS0HLwcS9i2,2022-05-06 09:05:38
VD32ne9MU1SZEyUdMOIxVp6zWA52,2021-10-15 06:46:41
VDAckaR98EZG9PUCgcvdct6uvLj2,2022-06-06 05:36:49
VDBiJr7fzqO6KZsbGryAAn8vm9m2,2022-04-28 15:52:01
VDDM5AdHgqgADvP2a4pcpQYO4P12,2022-02-14 10:12:45
VDwCy80ALEW8Et5XXT2LYVK154K2,2022-03-12 10:35:56
VE2z5XeEBaROfA2hBZrkxKeBDB13,2022-07-24 06:49:39
VENLmKpg5DPpY8NOwF43R1b5q9K2,2022-07-27 06:31:22
VFNNrWMrcyUKRXC6qZ8lvDys7N82,2021-12-23 02:48:02
VFQHWhpVWOhxM7c40NWSme7uIJ42,2022-04-10 07:01:39
VFZgRO40OWUAzD52UarPSKAXscV2,2022-04-23 12:22:55
VFentPqs41cQDMEK0EAbY3FgK0u2,2021-11-11 01:26:37
VFgM5Ld9shNEhyAhmTTAwdWM3dI3,2022-07-05 07:19:36
VG2kJESpgqNDSM83gTFl8iNkCyt2,2022-04-07 12:09:19
VGEWpCzGwwPF2VpshyNZkPstyZx2,2022-03-17 01:30:21
VGMRCl7I3QWQA5tZeES2ryzCzOh2,2022-07-26 04:54:16
VGXEQhdsx0cobYEqrKhqirIQtj33,2022-07-05 08:50:49
VGemDUnxnAZUVn2unvThIGBjdQm2,2022-03-21 03:37:01
VGm4jgPsgqRFeVWI8zqw5Mq9Osq2,2022-06-02 06:05:46
VGnJnEUb60hzxVtqjRhtXSiAbBP2,2022-03-28 16:53:18
VGsqVEnZMsY24YotWhkSZCjFSeL2,2022-07-25 11:44:22
VGuu4OcoYFNQuI1e8eBlbj1hBhD3,2022-04-20 00:14:41
VH0I29FowqRz9tg6k0ibaiSCrkT2,2022-04-08 19:51:47
VH0uDg4QFHZbmh6oDGOlV08qUtw2,2022-05-01 12:29:36
VHzc9febL0YOG3POA1C3aJ0Yy6B3,2022-04-28 16:41:42
VITwziZ2VUTRNp98bTulCaeag2R2,2022-04-30 14:33:37
VIcxgH4t5IU3aSXXWzCVILQLewB3,2022-05-01 10:19:36
VIu5pSFRxsTXM6liRkiNioUYQhv1,2022-05-29 07:47:11
VIwMdVafBARj93rNpK5M8OdiBcV2,2022-03-11 15:46:41
VJ6S0j0MYpMVTk1COuEqrWKTw6I3,2022-04-18 16:23:47
VJW2KHjOMnXJuqm2UAqOWcflpwm2,2022-04-27 12:57:16
VJWjd7fPQjOUQghO4V2lcdu7nKl1,2021-12-27 12:53:50
VJdXFHFAZuRg3OUrlWDNaiChcvi1,2021-10-17 17:27:06
VJufdAOtEBSo8i5wOcDcESIgdoq2,2022-04-18 22:53:59
VJwQkP2Yo8g8ODQMbZanjkYIZEq1,2022-02-16 07:25:58
VK6oUSANUAe9JPpRaVKTMH7JG1v1,2022-05-28 19:32:12
VKEhqfxi3QWF9UfaB08DqjYVEjV2,2021-11-28 17:33:43
VKMEMz8GBxeebX0yEppG2rA2umz2,2022-04-26 04:25:35
VLT2EuqfMjSAALrrwvnYifyFRBm1,2022-03-29 17:01:33
VLa3Ov74aAPRUluFiEXEFyO1a6U2,2021-10-19 17:00:01
VLrTRImR8oR4oUhpk0gKw3xvA2y2,2021-12-12 14:02:07
VMDOgjv22TXfmSJUs9zPbhNtbYV2,2022-03-12 18:31:37
VMbbKT4DgAdorP5Za37X3dFWd9j2,2022-05-07 13:33:28
VMehdjcKApWG50bERfmdTeCdvIp1,2022-04-13 15:13:41
VMkAMR3JGgUHv12zi6bkQ59BYZN2,2022-03-13 22:35:25
VNIf2Uzu1khS1zzUNgOzAbMm41k1,2022-03-15 20:54:10
VNxVp0BtPvcN0P7hGxOAHjPqt022,2021-12-14 10:27:39
VOSFap6KJFdddBZmGWPzJQctDRk1,2022-03-02 06:35:53
VOz8ag7tbQSzTKvZM2uS3SHcZb52,2022-05-20 12:38:43
VP1xXjN9AVXesESTydyeULQwjg93,2022-03-26 05:01:36
VP4Y1tP9jDgUXj3rZuqwHLpx2bO2,2022-03-02 16:39:47
VPtvPO5kNDQ9zxvDltVQ0fHel8z2,2022-03-29 01:39:39
VPyiYDny1fP5NUVTPlxjmpGeBCr2,2022-06-07 22:07:59
VQ1mS84oUdY4YIYNKHU5zp661lv1,2022-04-26 18:28:01
VQSSf3CjaGbPri9KtHyNMzLGo4b2,2022-02-15 10:37:08
VQbqWgSO1QP4rJayclISnyNwWb02,2022-04-09 00:58:37
VQgWJuVhIpfoCF7J1kcm23AoiRN2,2022-04-19 19:01:15
VQpi6zgw0BMqDfBio6e2LOHd4TS2,2022-04-24 19:04:13
VQs2XE1M2KSQkzZ6LZFCRCkslOF3,2022-05-13 12:57:30
VS9vToo5IsbQTmJkg9Dgh96jQ8k2,2022-04-12 07:36:55
VSOxmpPF1JZffg0UFbkjPOBHTwl1,2021-10-29 22:54:38
VT1oOJRpPVUK31KASHRKY4c7OuJ2,2021-12-17 18:24:29
VT9xeZH7lkPL2VbbRBFjmQDcEA42,2022-01-31 01:18:20
VTHsZLtD4HZYo73Yw1v1laSf0h13,2022-02-24 03:22:19
VTTHkY7xP6Vhk65Pb5UHX3Im9do2,2022-07-29 15:38:15
VU3CFTtgu0hIyRJn8kY1ZdqR8gB2,2021-10-24 05:31:02
VUB4T2dFX9PhB8b2imqXMyDpUM32,2022-04-10 22:49:28
VUJKarGA9oStVOF8mHaDQayFYoL2,2022-05-10 16:31:29
VUVZxciaXTOmrduaieMwMzJzYyb2,2022-04-22 12:04:11
VUbutHx6ZMPq6cHst7pE6eOmcle2,2022-07-25 13:22:45
VUfrPRwsUvgS1Hiw5EdoEDBA6JJ3,2022-05-15 08:11:05
VUrwl9Kmh7YbhPfZxb33Z887wIo2,2021-11-07 05:28:14
VUy6175zwAgmtPc7KVk0GrXSHEe2,2022-04-05 23:56:00
VUylQXgMjBVZClpXzMEslgn3AoF3,2021-12-02 08:53:34
VV9jDiT4djSw5vkZTpTJi6PXmE63,2022-05-28 20:31:45
VWQ5XMUz4RQM5MjI2W3xeAzXcrB3,2022-01-29 03:12:04
VWTZTnDDkBPBnQ4LAuf8eB7fa1F2,2021-12-02 03:36:08
VWnLuTN9jbRVWgpUMtcXpTmTvp13,2021-12-19 14:50:14
VX2qssFNKTVr2sAsj2PkUJ4ZE1e2,2022-05-20 15:28:58
VXChJx0DVNXDRTzyXrMffNKo8CJ2,2022-07-23 13:58:12
VXOkmi3xkoRjbbPRk3fuuGjDWbj1,2021-10-18 20:46:52
VXQfeuBesPT1OsVl9Had9MAFdZ53,2022-03-24 16:34:36
VXQhGVa1tBZcpELEwFaJ39DsBq73,2021-10-29 19:41:46
VXulcZN5XscuuI3LcJsK2SJlT0k1,2022-04-22 03:02:17
VXv2BFXvochwW9SFcLI1GGnKjv13,2022-04-13 03:35:10
VXzrUUiLOpOW5gfPtQPmhgr9by92,2021-10-12 16:24:05
VYRvQdkp99d1WD6ZdL8x9hxcbU93,2022-05-01 05:36:55
VYXHgq7Y6OatsH11o5YBh1OG3za2,2021-11-24 05:29:56
VYmhMHAaCoewTxAcoSwHlZuqe7B3,2022-04-07 00:41:38
VZ5WVLCcHtOQgAzBATcPpsSHBdG2,2022-04-11 08:16:17
VZ9cR0dq4naosVaju63ebenFOUJ3,2021-10-21 03:44:48
VZJCyfXfCLZQjCUZOolyVOlFobw1,2022-07-30 03:06:08
VZxVDHF6PZQUPQHlj0AQBmJcOH83,2022-01-02 09:16:43
Va2hAYJy0aUiZA3gyn5KikqbYSN2,2022-06-20 20:53:59
VaPwREEk4FR0u363DzKXaaOCrU72,2022-03-22 10:36:14
Vaq4U4rJhlgPJ1gTupV5HdW9vqu2,2022-03-26 17:35:41
VarpmpMC5dYifzoKwcZHX90elWm1,2022-04-16 20:03:39
Vb5KquGPdtVFwkn9DvIss1rZbQx1,2021-12-05 02:22:17
Vb8oGRX0MjS3hLzaWQhVkokWOIi2,2022-04-03 10:13:03
VbUqKQ7wqveGLojIEGc0JLNqguY2,2021-11-03 19:13:07
VbZb3OLKrzRCrdUMfDe2a685eyx2,2022-06-03 15:26:45
Vbb4Hyoxv8YrK5MBcX8FEA83ecs2,2021-10-29 15:19:30
VbchJs6ohlgAvbvTClUbzCJ8ELD3,2022-04-18 16:36:34
VbhQ5o0k6kgMlkSFXjOZjr3Wi9L2,2022-02-23 00:23:33
Vc5GoKe2i8gRvGsGkVfDOETYB0P2,2021-12-11 07:43:19
VcBVmpyvDON28JPGxcKImdxgZg62,2021-12-10 08:02:07
VcfwFNtpFISXOziiq79VO2AcmyV2,2022-03-26 08:44:22
VcmySEIEaihFjWql6se8weASkg43,2022-06-01 04:52:07
Vd87U38qxgSsxrwNtXlZUyFymp92,2022-05-27 05:33:12
VdDPgwVjRxWosAeiAIZuvRLYfyh1,2022-07-25 16:26:44
VdKywaT96LgMHVHWXQJeDhrEcIF3,2021-11-30 16:06:22
VdZBmWrUlfdNtEY559wnBmNuUnS2,2022-05-23 14:04:45
VdeLXJaxfZOKbsfaCEA8HVHAA6S2,2022-07-09 19:16:45
VdmV4hKoXMUSm9wc2bbHEjw41HX2,2022-06-16 11:17:19
VdqesACAZigcOH7MxCzcoavoi0S2,2022-05-08 05:43:28
VdwvXPGcs6Vbg61OYyWp7vSsI9E2,2022-01-24 08:46:50
VeRSEOKO19egCoXP0FFeMi7Tnfj1,2021-11-25 12:54:16
VecZF70h0Of0kqZkEc1V3SBhQh62,2022-02-19 15:36:49
VeofECBLoIdapwUafkXm9zAmfng1,2022-07-05 13:27:22
Vew3gTdQ7WXUknfNBOPEz8Eygyb2,2021-12-25 10:19:45
Veyu5ykWr8a0BYCIY9fdC4ZP0pw1,2022-02-18 11:50:17
VfSvVbKOvzX0loMsgcoPyyJWvA73,2022-04-28 13:06:48
Vg3jPDn5JZTALHgvQ9BeA8RNdsH3,2022-03-04 18:43:35
VgF3twxufKfd5JsN2gTBWJXNGat2,2021-11-18 23:02:26
VgMnLADjrRRMTIr60HGUJXs66Pr1,2022-05-17 21:41:18
VgNUx5PnEmf30hOqnTvZsNNtMIG2,2022-04-17 10:38:33
VgWj6TVGsJN3eeT7fIGfWrFdGVf1,2022-05-10 04:56:30
VgaULxYVGgb13gc5xV4P9y92C4q1,2022-01-24 18:15:30
VgbOQ3mJUVb11CLz9fpWUcoPD2h1,2022-04-22 23:08:33
VgmOgRvrrdcjizbwubJ2ywhbzw52,2022-04-05 13:57:46
VhZYISmb1jQWau9kCxGHv3VeCwY2,2022-04-12 15:05:41
Vhi0MFxirqasqS2wFzynIcTAWJg1,2022-02-03 00:24:02
VhlEK7di0FWGaoWgb0Vlg6FduPx2,2021-12-24 16:59:41
VhtPPMVsRFhCtCvZxKX7rSZMTRQ2,2022-04-14 08:32:54
Vhuq7BM58GWDEU3JCpRDdqeb0Q53,2021-10-22 22:28:11
Vhv1kee2Moa6OUcVWdc0E319J122,2021-10-10 10:45:43
VhzwkGMeIHP52AQ0nOcyu0Z7Nku2,2022-03-10 03:44:26
ViBikm2eqiVZdVeYEpcC1INOxxE2,2022-02-25 17:52:58
ViMfT6QKOHUs7I56SqQgpMc1xHg1,2022-06-29 16:22:45
ViwYZInT64P90eItJqjtVKauslq2,2021-10-22 13:26:31
VjAGoCCHtbRPHYCOaQnlMc7JEOw1,2022-05-22 08:29:46
VjJPK6CoJ4SrlhRgmGGJXCIBZNs1,2022-06-16 12:37:30
VjMFSrDmTohkTMjoflRg9KUx4xC3,2021-12-06 02:47:54
VjNUJSI7AvYu9ocwxFp6CriTz3c2,2021-11-08 14:42:08
VjSKNcydh9VbettQY5QQUzQCxu82,2022-03-29 05:55:32
Vk0hYRmpRJXe3kn73TIU8Sjg21J3,2021-11-16 17:37:49
VkAQhGw174cHoX6PkhIZndADdor1,2022-06-28 23:45:29
VkQEJTZBzpOcpq6hwUfnHbPUaDX2,2022-07-31 12:07:37
VkdyLD0HDeTpkA3H6sCDKXxdFJu2,2022-02-13 05:20:27
VkmY5ek160PyfY0FuWVlgxmphGT2,2022-04-19 14:47:27
Vl83ULx6A5WaAwCt8JlPlOBfXhI3,2022-02-25 01:08:21
VlrkXBRWvna2oOCHgIqN5vPDBiv1,2021-12-24 17:25:17
Vls891DCGAaRMePum5pm9RadvG13,2022-07-19 23:57:30
VmG7uAAZPmYI3ZOKeULpigAeOIw2,2022-06-06 04:25:53
VmVFSPyeDSglcjY5oVdOBESiLjW2,2021-11-16 18:49:59
VmdZALhkqoS6rAr0q1pgalTOz3L2,2022-02-20 07:35:24
VnCFRECHKVOxEWeOwzoiJxn8jsk1,2022-04-28 02:09:14
VnO4q7maRTVJ4u3hxCj9Nql7GHV2,2022-03-05 03:42:31
VnOkjxm4aFNUs4FDcEF5ZN4yoSU2,2022-06-05 08:43:48
VnbT2cEOrYO9otkKwhQdKLLdAKq2,2022-02-10 21:44:03
Vng7cdS7FCbTokLIqi8hwCV7xzx2,2022-07-01 12:45:03
VnsOyXa9TZgQgkwDfFmUmsqa31l2,2022-05-08 14:18:21
VoErGf4dI3a57OlFkhVF4VsVpJ42,2021-10-22 12:05:36
VoKbz8kgdBUGI17BzkFn2D9zHLn2,2022-06-24 14:22:04
VoV2QwYAuiVE0qCNVIIsfFEcJxQ2,2021-12-28 08:31:46
VoWfbvuKg4QHoGopi94FfZa2yon2,2022-04-16 13:31:07
VoizwwUzITauSKcwjbAC1biR5VH2,2022-04-11 16:37:06
VonCxZLNsKcSiUJSYz7ZV2gyWvo1,2022-06-21 15:25:47
Vp9QPatJHdPNUmvZ3BAGWw2tVKD3,2021-12-26 09:06:33
VpLK6eIwmUUjKghopDgk1GOXefM2,2021-12-20 13:10:30
Vpbl7AuZH1dj4wfDMLfCP9gQdDV2,2022-04-17 05:08:44
VpixodJ4rTZ0EZxltisJV9bGM8C3,2022-03-21 00:18:09
Vq2eP9H0FoeVsQJuPbW8y1I8Gkn1,2022-03-28 02:56:25
VqCDxegdrYVA0yPtiGkzX5Zj7wB3,2021-10-07 23:47:34
VqSvHYcZdsMbSI2MTKZpE9oGxp23,2022-06-24 09:16:46
VqWxLcveXPhwGsTcCuYHQuccCgl2,2022-03-11 17:58:38
VqcBPz0dx2ZynkVQJN6BJ8Ki8No1,2022-05-01 14:02:30
Vqh3wG1SOHMnedkSYFoFYEHbS5r1,2022-04-19 06:20:45
VrANUy83l7d4ZJxKK3TBKQWUKip1,2022-07-22 21:14:12
VriyIUPq48c2uCNkcc3l3oS00ve2,2022-05-16 06:54:42
VrlQ1MkFzuRUJYIpsMS2FxmbwfG2,2022-07-30 17:47:08
Vro8yZmprHbAOIyOCPOZWXVot7j2,2021-11-25 11:58:24
Vrwz27Kh6bTnptQwHEivD1wZaVr2,2022-06-24 13:57:39
VsgnkrqAjpeDOmyZSEhhObc73Qv2,2022-05-18 16:24:00
Vsq36XJpdyW6nOjKfq4rRG8E3Ua2,2022-06-01 23:43:24
VsqLWxJS01fw63WT5jCNS0LVXSw2,2022-03-18 10:13:28
Vt2ttxmDDzRu8z3NB3BL1FW2E0q1,2022-03-25 13:11:55
Vu4mcAkdjvbPYKnYszRQdANnD7r1,2022-04-01 10:32:21
Vu9f1DWDQtWwjtFU3TvpSrW0oj93,2022-03-26 16:13:11
VuGbyyd48BeWIPxjRIiEqYyTYZ23,2022-04-09 10:40:53
VuLsqMx3KvZA3UkTdyOA9Sey7oH3,2022-04-17 00:13:59
VukxtP4CweWO3T3C15lLPNexV0D3,2021-11-28 05:57:08
VuuqSmKSXYOAclSYDpd0yPFKvZD2,2022-07-24 21:00:31
VvgjuQPlR0W4KTiQ7WSezWUBuYH3,2022-03-09 04:22:45
Vw3Eg0V6i8Rij0eF1nx2LH5MvcQ2,2022-04-26 02:13:50
Vw89K5SKIfbmkeZUUDxTBUP4s0t2,2022-01-31 06:11:38
Vw8G8A0EOVXs6hGn74cyeMEPoMi1,2022-03-12 17:34:53
VwAAXHwQuFhoqyireDK4Sg2S7wE2,2022-04-24 09:22:24
Vwkz9pBGicgwCOQmywWbvRNoiAe2,2022-06-18 16:54:30
Vwvey4l4t7NGYZ1V2HoSpAQIukm1,2022-03-25 06:14:51
Vx9HQUH8gOd7lCoTzRHkkDbp3DJ3,2022-06-27 19:16:25
VxPdRf3rk6c1NhDkYyRQsFSsazD3,2021-10-26 02:33:16
VxRW5p90oRdBtvCGVlncUxRPRew2,2021-10-14 13:44:50
Vxsufh6SMLVTvnaSc1ub6emXdV42,2021-11-19 22:31:57
Vy0PzTF9GCYSw5CKqGayEHYQfhW2,2022-05-30 13:56:44
VyMJD2gO8faXrKGx24r73KeaXkw2,2022-06-14 13:56:37
VyTZUQVzdEaJgF9hL6kMedWGI6d2,2021-10-27 11:53:35
VyWFfZokY2bKJxHXnfV8J4F1PWg2,2021-11-18 00:32:06
VynyqymubCQkfx7DcAOTSlJFH2g1,2022-03-07 16:39:33
Vz18HvkAQMhDHeH9IB1V3IfMT1H3,2022-04-30 11:30:23
Vz2A0nuV6MbLg5WDFL7MKKeT1nb2,2022-04-11 15:26:40
VzdRodMuefcyD4pKhpgHQqepotC3,2021-10-03 05:31:45
VzhedTfVkaT5RDyXvBxh2q3FQRC2,2022-06-13 19:57:10
W0C5vWXv4lZRIHKOfDT4NapsRer1,2021-12-19 21:11:08
W0LLITufgOdsdQ0nnWTlGbFHect1,2022-05-11 12:49:13
W0bILQ3UYeNFHV55VCm04j5npys2,2022-05-06 18:44:22
W0sQPb7BcEhU8rJWyXBv02zKoKs2,2022-03-07 23:03:06
W14b4357lwX0R92rgVBXnDeTPX32,2022-01-26 13:57:22
W1F7ol82vSNLd2LhsobsyjHAfth2,2022-04-14 00:42:50
W1YLFfPtvlaYTbjn7c4FlmBLkom2,2022-04-19 10:20:47
W1bd6Dvj4Ua7Sap4WtQHQXO8wNt2,2022-07-14 21:57:06
W2KPadu5RwfzUuXonMr07sgdJpw2,2022-06-08 09:22:52
W2UGV2B4gMYAptSYd5TG1dGeenv2,2022-01-15 09:37:47
W2ffQWwFjvPggjX3WdjqnN0TA1I3,2022-05-24 10:54:54
W3DzTbx3HLfwfnuOw2N1IIaR0uq2,2022-03-23 03:08:22
W3PHFVJBbYcKMnynfV0crP53LKf1,2022-05-08 12:59:14
W3R6193kyOMQqYORGfmujyeJqja2,2021-12-12 13:57:14
W3WKWvf6R6M8oSLNs6K0zrtIwVF3,2022-07-31 08:35:41
W3cOu22mEkeo4a5liHaM31he0jD3,2022-05-11 13:07:32
W48Et2lywdOFGRjTzgJBGzsM9E53,2022-03-30 11:54:59
W4ApqcN5uQZEHFi4OS1VvvsnUJJ3,2022-07-03 16:50:44
W4B2sq1SxGWil3jd4payJXwKxr83,2022-05-24 12:38:57
W4CMP3XM8tYzBQMrqcbm2vbUXMo1,2021-11-16 04:15:24
W4O9yl3t1mZKibaGLJ45AJpVoSH3,2021-10-09 00:46:26
W4SlSr70eNesFUPnGEEAoIdAg8v1,2022-06-27 18:02:27
W4lB7e6PX4bLXySX67Irx5XLiz33,2021-12-04 02:08:37
W4uiQIdMu2Q4u4FSZyUXggCs2QH3,2021-10-31 16:17:06
W54FlajdT4W5qbThoU2n9kSMR852,2022-04-20 01:30:18
W5AYrPLMHlbhbEmf6xiZBfS7kWF2,2022-05-21 02:03:12
W5Dh5BllGBRnDTSpsLMfGNF4bG22,2022-02-28 04:28:18
W5OOWN9LN0WsP3HiHaH9Gwh7pN73,2022-01-10 03:51:55
W5Zx1O9AeuRxbuI2b0u4zX5GQ153,2022-05-09 08:04:20
W5keWulypYNzS4r51qGoOcmvenl1,2022-02-13 19:49:29
W5svVSwgO2VWA2hMTYQomEiATTs1,2021-11-26 10:00:12
W6Bf5Je5UqRgQLLXt59Bik8nQIt1,2022-04-27 09:25:15
W6Jg8vJNlqfRD3quvycsbzHGKw52,2022-01-06 12:12:47
W6ZE04VO99WQSTcX3plt2hVPxS12,2021-11-23 09:40:39
W6hRqPLNXXaNQDJHnfErEyvxwlm1,2022-03-07 02:36:07
W6nctXhU4VNI4VHvK2l2HwKZp3E2,2022-05-02 13:36:18
W6oIRmFCIrNPOPrgjiyVUNnPGKa2,2022-03-21 11:05:16
W6w8TBA6o6agIezFAQVLBz9C6MF2,2022-01-17 16:32:00
W6zL7qDFWKV6GN27omS0tqZapup1,2022-02-13 19:24:05
W7S2GzdVcZRhpKnLlH8nJPGaUVe2,2022-03-12 17:30:45
W7ljnt20pyajhKBAobr69IwfZP13,2022-05-05 17:30:49
W7rGW6fJjAf1n1FhKBOZc2bcmvX2,2021-10-18 07:43:54
W87YO1HTgPe6kJ3kmcJagGoeHwT2,2022-01-15 07:54:07
W8841QQJXmZ15OGdRgQZNguuujC2,2021-11-08 11:38:41
W88JqzvCnKXJYLqskZ1kLGYZA753,2021-12-20 13:46:18
W8FInosYqjghqzncczaQPODLKGZ2,2022-06-20 01:21:55
W8HlflUtSeYHFSppKjafvtJTFeA2,2021-11-07 00:01:02
W95gNB5rV1aOA3MBBU3pBA5bPCw1,2021-12-29 00:03:56
W9SO7AIJWwRMHlhFzAUKqoJ7TPL2,2022-03-17 05:09:27
W9UBtLNEg5dpklyY17jF08mgfmX2,2022-07-20 11:11:02
WADU3EpYoJf5DpN9PZNiCFg0QkG2,2022-06-21 09:35:03
WAIVQ43f2mYKJBhjiwMTrhUqjPz1,2022-03-21 18:21:11
WAL8XH8LSChrr6Ylhs6AX4SS2Yf1,2022-07-31 11:31:40
WBCvqVRfbIMK1DglMe7mmYjd2482,2022-05-27 15:12:10
WBDIPJjT9RZoeFvzZImgxhsClKR2,2021-12-04 14:06:27
WBE2cQLa1DMTEYC4D9vUqWcDjRm2,2022-04-26 16:11:08
WBaB603Fl3PyjcgnuxhSHsdmrN03,2022-02-13 04:28:17
WC8lY9ekkBQLydF1CPXRIH5PB4C2,2021-12-09 01:58:30
WCUECiZkSxbxduDLgQK0l9LY6un1,2021-11-03 13:56:38
WCV7kP1d0ZWSVzrjJ0wajahPMTe2,2022-05-01 09:02:10
WCVeKX2deCgwjRgqDUZqT5HRpi12,2022-06-10 11:00:29
WDVJkPxwrvbDqesw5ly8wXka9o22,2022-06-16 16:23:30
WDpohE8RJ9Usmt18Kao8HVOTb8c2,2021-11-19 11:56:13
WDviaeHuY9SdLNrXH33iEpy4jOy2,2021-12-05 18:47:03
WEMyWrM3fohP9Hj9mAquPwVPwAx1,2022-06-27 16:49:05
WEVYgtAV6AQVGN7hFBl6eno5Vpu2,2022-07-07 23:12:56
WEgNybVfkKdA20BGm7HKjhefMQC2,2022-07-10 03:01:46
WFBC0ETq2DNxP3pC76PXyVHOE0T2,2021-10-15 05:06:39
WFCbkHBGoKeVWsJsxXc2A1f5ZFe2,2022-04-20 16:02:20
WFGut1Pj3baCRpuRu5mxTkE9QVB3,2022-06-17 06:04:30
WFZ5aNB8zghXgMd0T2ik1g0CMvv2,2022-05-29 23:34:06
WFnRHKw1YWNJgLyBcMkPx0ULCX72,2022-05-08 04:50:33
WG68xDPcC4eOF6UHc9A1xVnkczk1,2022-07-30 06:03:18
WGYJjbQ6mWOO3F0yRxj8xsikHN53,2022-05-31 10:14:58
WGZ8aYWVfGU1XGOtJazbYu9CxuA3,2021-12-04 08:51:34
WGk1Qqg32HdmUXxt2NYXBY2VyCR2,2021-11-30 06:56:33
WGqFYuheFdT9MU1pJq57wtg0gyl2,2022-05-14 15:56:16
WGvIVM9qKQS0XCngwa0YsYeTvSe2,2022-01-21 22:26:57
WH92Ao3sMDPPfgYxRwJT8dFVD1p1,2022-04-22 00:52:41
WHAd0XG3dKffmj1wi5vFoh9oimF2,2022-07-31 05:37:55
WHDRLIhTtFM2oiY1DApVuaicpbU2,2022-01-28 04:56:53
WHZDKYu8wVTz3Qrb62OMvDunn1p1,2022-04-16 11:29:10
WHaKTBbLTXOn3BOYHYmjGJlAcbu2,2022-05-29 03:08:59
WHhIlNDDGUS1rwUBI2fhhpigAjG3,2022-04-18 04:03:44
WHpvi2T6KJSkUU7D85ubYaIF3JZ2,2022-02-16 17:35:25
WIFFl4ODScZWUUvQf8rrmaqzzMs1,2022-05-17 04:22:45
WJ3YlbYi9KWFnFthJ3MC803iLcG3,2021-12-17 07:52:56
WJVQueixCFSoxCeqcOFy6axubfz2,2022-03-04 16:58:21
WJXo1DHmBGPfb6t9wT9qW75rKQz1,2021-10-17 21:17:17
WKLO8rbBtSTz7CH0yJkn1y08e9g2,2022-05-16 14:43:33
WKWAOiUChBVl0fB63M6rOHlxNS83,2021-10-22 13:26:23
WKaLJEM6J2Ut2tYih4wilBZVD3U2,2021-12-16 23:07:56
WM3NOIhCh4PHkzH5BK86MlVhN6D2,2021-10-13 14:12:03
WMFUt7G6IoYdmRLacRqfowE2PMb2,2022-07-30 01:24:42
WMQqFKlRb1hh2BNnrluwkEWJ4S42,2021-12-07 01:03:01
WMawqAknuhOVR834WHOjsocarV52,2022-02-27 17:37:04
WMlhro35s6bCtnvXchhfPQKerMD2,2022-01-20 19:52:00
WMmmmLHiY6etJY3cyB3YRW1fNJs2,2021-10-29 13:00:18
WMrjoQIGFzPYsu5euEL4gh6Hw693,2022-05-27 13:20:28
WMtb5FZUaddtCTjZSTAbOudVyKE3,2022-04-19 09:52:27
WMwsS1MQTaY5LDZIfVgx6VzTfie2,2022-03-25 05:21:46
WNKCEjzrV6guGzbJJcEfnP1zjIr1,2021-12-17 12:08:27
WNRcNVR7LAWWNYvmh3jnykvdAN02,2021-10-04 16:11:41
WNgU189uZadzGI5spyerlcL3Skx1,2022-04-08 09:36:45
WOo6i3aH0nXlCg9nBTZzGEAgTXG3,2022-06-14 15:08:07
WOqgEv6405b44wf5RfXlkkJxuZ83,2022-02-18 20:23:36
WP0xhmHgkAeuQctjyyCoPcPhfHI3,2022-05-08 18:42:48
WP7CRWgzkeOPc5vq9Q5elThfWw22,2022-05-01 18:23:57
WPGwu7ba6QSWBmluSMD9OnZ9TQM2,2022-05-27 11:57:35
WPJTSlBApRYcOOIghYM0F9ILkxG2,2022-01-11 15:25:08
WPSlaFUts3eOiGo4pamZFCoPTiR2,2021-11-24 04:26:54
WPXbPcolE6axZ8RmIveuGbHawxG2,2021-10-04 21:42:19
WPk2s3rJjccqqrC1RDz9MDnAMoB3,2022-05-30 14:17:25
WPuydUd6OldviSORMjO9jvBCOiF3,2021-11-16 17:11:12
WQ8HEfdKMUUhR8IywUvRC9ZDyJU2,2022-03-15 16:25:03
WQ8J7Y6lM9UFREcH5hoNUr4e3k43,2022-05-14 14:44:09
WQKKjV0asfWi2Zpx9pNHegGQc1A3,2022-03-03 17:07:36
WQuOxSiLrcQaNCkQg4rr91Zwv822,2022-06-07 03:15:39
WRkyJ79xZtbOsmA8IFovxjLDr7C2,2022-06-26 11:03:03
WRtWCwJfP5TAcwtxjN3oRUl1msB2,2021-11-09 06:26:14
WSFzH1J9MjhFsfiw2US7m1Wtxg02,2022-07-03 10:21:32
WSzhFkSqbATabaCEy7OaZWED8HR2,2021-11-27 04:09:16
WT0LVFfDuQTwXew4aofyWa4OrDD2,2022-03-10 14:18:52
WTHxkdBp6eg567GAz0XyiNmhWXV2,2021-11-12 05:00:38
WTNS4ws5syUquV3x4gjm8qax88k1,2022-05-03 02:31:32
WTnq93DrzwZPYu1iHnq8yKQyAgK2,2022-07-28 17:41:04
WU3OrawmTMM6YtTswQVoHBpsxz83,2022-03-17 06:49:22
WU6MfcuqXgZeE2WQc5y8uMNEdH93,2022-03-02 12:38:18
WURipZyW09YFjzqcRntOutgdrAN2,2022-03-07 08:04:49
WV9WCLZBCyaIW1R5bbojJp0oj9t1,2022-01-16 16:46:45
WVBoTq40d6ZXcnnBP6P0uSFuaN62,2022-03-29 02:37:35
WVHnVXr5iqgifq2COKw99xL6rkH3,2022-04-11 07:03:21
WVIBPGM7Fnfp3A1haQPrUWHhl0v1,2022-01-01 03:56:41
WVPgFXmklghU7FTPjFR1NS2LGlo1,2021-11-19 21:32:01
WVVlfddxCjXD8qnGZKUsWtcmoZ13,2022-05-25 05:12:41
WVfHZBc55wV3UVH7ayA8rTzG8UD2,2022-06-01 10:28:41
WVfWGXIUAYagAvoGWjxNC9g0TXJ3,2022-05-03 09:21:30
WVmYWxUSnXbaMQI1n61xpL3RMie2,2022-03-03 12:12:14
WVrBVCrFXcXUnMDbaVJvsqx48VC3,2022-04-29 15:48:44
WVsWDMQ5YqazaJnERzRWI1DGZU32,2022-05-28 22:51:18
WWJchKnjvMTO9U1aJcPZRVftrdH3,2021-10-03 07:45:39
WWJcjX0aKIWasGZsiTaD0raI5Jh2,2022-06-16 03:23:01
WWNatCu6IdRSFlK7YUfULvwTwSY2,2022-03-16 17:59:47
WWZV9Ek9yYVOj9IAnBgnHaRBoyk1,2022-03-27 23:37:58
WWZpjzIZgJdgvBgnLIpsD3K8leI3,2022-03-23 08:53:57
WWpv83ZC25RSRzSy8eR3KyvZdoH3,2021-11-20 10:57:32
WXDpwTIASMeFIR9ZqIqXEnply4m2,2022-02-13 12:30:28
WXG9E7uY7LPuSLntAinUSL6gJVQ2,2022-06-15 16:29:07
WXLANF5GtVbx9TThqmPhmQwtcuM2,2022-05-28 13:04:08
WXW6Dpfr40auPRmgftKR61KFgoS2,2022-02-04 03:14:57
WY8dUYLOTFgiaR1m7l5YJdZHhsq2,2022-02-19 13:48:13
WYCYHEzxuNM5gz9FdbAmSuarESw2,2021-12-01 18:16:40
WYDcHrBNTmOCHGZW3wsD5Qao6pJ3,2021-12-06 23:39:00
WYGvMpue4aV5KLWSdineFIq5b9I3,2022-07-26 12:29:23
WYkJ9Oo2cmTitOckO97BnabYTKA2,2022-07-10 17:03:30
WZ4cPtZ3A7QvUEr3nTMZ29TtwL33,2022-03-09 15:10:57
WZCIurNBtkO8QE8U89csSjllple2,2022-02-25 15:14:07
WZHeVr8ZejfdHoS4D2cabyOkfFi2,2022-04-19 14:35:48
WZfK28UMMgQYiaWKSkGpTHdT8CN2,2022-02-28 15:16:25
Wa1ibYm127dcfpibtkMDXRylCMu1,2022-01-20 20:47:18
WaYjk8fJeBTdQct0gZTF9IFQTdq1,2022-04-26 13:19:20
WbanK0RyxIffRWgGlM5m0HNiQoZ2,2022-05-30 12:22:10
Wbj9CyIaZNVB7xJLAgv0lVOUTnG3,2022-06-03 07:39:05
WbmaAYDs33NyQ2ADbEgsQ7CnmIl1,2021-11-27 10:29:04
Wc4whn2KXFdGVyugd6WR5N5QEIO2,2022-05-31 17:21:01
WcOr8WCUAGY0u1CyphDxCV7hGAq2,2022-03-27 17:17:11
WcpjTNAajRW5oPC5o34Goc487Md2,2022-02-24 13:45:50
Wd00N4MGhnhr1OrWszVWZMB5YN33,2022-04-27 19:28:15
WdFfn04iR6VyH7yKiqitK8z1zb32,2021-11-25 02:47:57
WdL0dXEpRaPA7iQjo0A9qFHJFFv2,2022-07-07 01:45:42
WdTg6DkRsDXgG6cqrFk9nw0TtBK2,2022-03-30 05:55:39
WdZX1zRvz1gBiL4PEoLTfMhRrzv2,2022-02-02 23:39:22
Wdlb4gPefuZJCLES4qKoMgpHxey1,2022-04-27 01:17:32
WdvnnGVhzwarpd5fQYKNzl153Tq2,2022-05-20 13:13:51
WeV0otBKpvat9GQGJeY65E0Mbt32,2022-07-20 05:12:03
WeXv3cV6VQdvROWrrbKNrn0lXQ23,2022-05-19 05:04:03
Wec8B3Oa1sQgQQolPZ2wVzTXfSi2,2022-03-28 22:26:32
WefayG2np2RGVISnE5QAyIZDsLN2,2022-03-15 19:52:17
WetcKdquKKeM6eJWivHm3y5XFFq1,2022-07-08 19:00:48
WfEy6RIByTcHdkfoBceqFxNfSxh2,2021-11-23 03:00:03
WfFfyD9PaJQGvA6z2iYihvb1cj93,2022-07-31 05:15:19
WfTl98NALfZpni3PUJL5WwRXWlf1,2021-12-23 15:01:34
WfquMBV2PWed5EcqOH89yjpIbNI2,2021-11-26 23:21:08
Wftax1ayFIVEnjztxbqxi1aN6Qm2,2022-07-13 01:43:06
Wg0C62UTRegK2ycb46aAaz4ErpK2,2022-01-04 10:38:26
WgXumN5FE3MJkwY2vruiqr8CvQ72,2022-04-18 01:05:10
WgiSYnN0TONbcr3Zs4MklFvCBPW2,2022-07-28 06:09:12
WhFRtMCfs6YrspJuBcOOHAa1g9p2,2021-10-04 02:29:37
Whnedngdn6f3AqZDwf3QQM8MPS02,2022-07-18 08:13:00
WhsBl4C3nUMZRMMehq9lmZivx2o1,2022-05-07 15:50:03
Wi4EzoeiRdNlLft20r9nf6bWdOA3,2022-04-22 17:02:23
WiMeAUN2H1QhXftnbNIGJbUmNmo2,2021-10-17 13:13:38
WiWtT4wIJNWymuxPmNzFA0tolf02,2021-11-15 05:52:44
WifAXwkMcXTI7J393W8SaM2YR8B2,2022-01-09 00:42:39
Winj52W6QidDBU6a2xKmxhZdSbw1,2022-04-01 02:19:08
WirkD0UnongvAtbRKKawHZCZ60H2,2022-03-02 00:24:35
Wj5dyhMfQUNOyNG0hB5fyqUvMUl2,2022-07-31 09:06:34
WjELLVmoqrP9EVt3FRvaOnQ1tzx1,2021-10-25 05:32:54
Wjh3mlPLj7Wfvnq4ZZs0idgx1VJ2,2022-04-09 17:50:43
WjsbHKQ9XBTnCF0nSrvvF8CAEGs2,2021-11-12 04:25:01
WkNKV1tRdwRoCuy9gL6zGS05cHq1,2022-07-31 12:09:49
WkkSLZly17biISK1ozg2rAmbol73,2022-01-31 13:44:46
WkmkmqoQmMUJSH7fMkGuimLSvW73,2022-04-02 14:38:24
Wl5PpHMxzFOKO3MsC937CpSe6vI3,2022-07-29 17:20:11
Wl9MvDvfFpWQyzKQQOKIYq3BJnf1,2021-11-16 12:51:03
Wl9neAfaqJMMYm9zYzplgGgZ61y2,2022-01-18 06:28:45
WlHv7foXPNTQsbiGwbr5LrFbqng1,2022-06-15 18:53:25
WmcIy2TmkXOZM15A87fQw5Mymqn1,2021-12-01 13:42:55
WmymmGA2V8cBeV5nGxLp6cDLJ1y2,2022-05-03 13:12:34
WnTVayXH51ZLb3j5GdQlIF19PbZ2,2021-11-01 15:09:41
WnUy0ARWJ4XFeBoJvV9WUEkWAqu2,2022-02-20 16:04:43
Wo0SKMNNlgaE5Pg4nH7J1LMjmCz1,2022-07-30 12:22:03
Wo2YAGXQkxZ1OU1gGKZOaANO05o1,2022-04-01 09:01:06
Wo3Bgtt8n8eHSfQg1RdOM4t0SH03,2022-04-25 19:42:36
WoPabvRzkQe5op1zoImVsGNhpLr1,2022-05-18 00:57:44
WoPihlLEfVe65Unprry58U8c7Lf1,2022-04-17 13:13:20
WocfSYGl8qhfhb7C9vPffg0j38Y2,2022-02-19 08:52:02
WorCvpp0z6hkw5dsfby36LhBjGG3,2022-03-07 05:11:22
WpCrEx3e2SQHysRHC6jU1aYvWMG3,2022-03-31 10:54:22
WpJJfKN2B3aePpL3ERxxGGt6vxs2,2022-07-06 03:15:14
WpKHAa2wwQhSYpMQygy0xPk3WhJ2,2022-06-09 09:17:08
WpTqULE8CWMHD9K1u72phUD9tSI3,2022-02-20 05:47:07
WpYxTMI7WbhuK8mVP3dmS0O1oQE3,2021-11-16 03:53:48
WpjhVm7AioW5TFJLKiRzzGjeYyl1,2022-06-01 06:57:15
WprNVPWqbsOsECgu0JPygJ5u1D42,2022-03-22 13:14:26
Wq5Ud4qiJNf75Mdta0oQ24nqYag2,2022-05-26 09:26:27
Wq9uXb6ywHbPhvvksTm2xaQyLww2,2022-03-25 21:06:24
WqA5B3mmlHVWLnjpL7zZkZ43SE52,2022-05-07 03:51:12
WqPzqzkWCVc8AcuSTftrKjaJ5Cr2,2022-02-05 00:35:49
WqTo5NPoSPakHQ2O1NBwA0yFur52,2022-03-18 16:21:42
Wqq4rGedOvQ697w3pXLf7j0H35G3,2022-03-06 03:20:29
WqxD4OP55QgWQAPTrnuRfLJDLcr1,2022-06-14 16:56:30
Wr1V0lkzcVgVHwKHtPOcwXYi6Ak1,2022-01-21 10:08:15
WrSimdmepmOE4NFYsz4qAhMElLr1,2022-04-22 06:31:24
Wrn30LcG5YVmxVoZu7qVNNnm9Bt1,2022-05-24 09:13:27
WrqZdJRqcpa6QttTKjZlpclaMrp1,2022-01-18 18:38:41
WskdguWlPPcmprE80XZqaYMFver1,2022-03-29 13:50:09
WsnyhPAb0bdnll5RFfgatmGCGEd2,2021-11-29 01:28:27
WsoY341zl7V3Yyiq2luXZKTSl3J3,2022-04-04 08:14:58
WswdGYhJaHWqhu6UcGzERXMYwVa2,2021-12-03 15:11:12
Wt7NIT0QyPdnIR2tixMefVdQRjy1,2022-06-14 09:38:31
WtX2zCdOJgbf6KiP6GsHQIY5kWB2,2022-07-04 11:43:23
WtcMVsTbrIdtMukZcmctUTmYXLg1,2021-11-07 08:34:07
WtfdkntlXpbLgrZgemwCwVsABqX2,2022-06-02 07:20:10
Wts2OO3FLDSH69PfvwTXoqsObak2,2022-04-25 22:19:35
Wu3LkZSnZWYufk7uUp5noRQtQj73,2021-12-13 08:14:19
WuRNkX7iCTNp5NjnbfWp1OFUZlB2,2021-10-16 01:23:14
WuTLNtv0UfWjIfnUlrzZd8DxpJx1,2022-04-12 13:54:08
Wv3xHkjrgvWO8yxhrlMaL7P77Cg1,2021-12-22 21:20:06
WvTsUYkKjYhhsymN5kdxVOBNCMl1,2022-04-12 20:34:45
WvXlaOc8HMSlQhRl0UReADS65P22,2022-04-01 08:07:20
WvwqhDMbf1V1RJggXTKcWHhtrlx1,2021-11-20 04:46:13
WwoJ8oGmQhXcTVEMon7DvLVilGH3,2021-11-29 01:21:54
WwtT3025CZYcn1MAEuL6Yzjb9ux2,2022-07-26 08:59:41
WwwWmbnCgsbCFlzARMBN2mpCOFx2,2022-07-29 17:52:17
WwzAxOQmgkcSwP7OUYkOEDXEEHh2,2021-11-09 23:00:39
Wx6liGNKuXexBrWZvZtv4jCVL7t2,2021-12-20 21:04:31
WxFYkv8KxFTAHHlTmfypG1sJM9s1,2022-01-24 14:40:25
WxFc1YCHVDd6UotZJIrPKzRBr0y1,2022-01-18 03:24:36
WxHV9iBFkZeTCMITnuXowLlghhl1,2022-02-23 07:28:32
WxKKwUdZsRgM8CKz8bwsG9o4xnl2,2021-10-28 21:57:14
WxKgNGQRmwZX6MkwsSEru5RmMYh1,2022-04-17 04:19:51
WxPikBopY7PEC3Fc0hBDcX4VGtJ3,2022-06-03 20:19:27
WxYaCDrp0wR45qqWFGYZHQllbmw1,2021-11-07 20:09:48
WxfR5FAKy4Rx5P1mloSDCnoq7cV2,2022-01-14 05:04:33
WxpJoFGWyPT88njpCLt7D7gidgh2,2022-04-24 09:55:04
WxqMVmWiv2XZPPqFm0dz5AfGXIA2,2022-03-22 23:40:37
WxurnuhhuZSuRrbhPgtMYyiZ01K2,2022-02-23 20:46:09
Wy7jFOI8m2WhJtBwhRi1yy1hxo12,2022-05-24 11:57:10
WyGNhUzSsqOx2ICZ31hlZM1X6FY2,2021-12-05 04:40:46
WyLx408AaaWaXOadShFo0V4w8YI3,2022-07-26 16:39:30
WyQWye37V1WB0JbJVWmzNhaBrkl1,2022-07-24 16:26:03
Wyj4f93SAnb1x7qLdCjs1nUqFSh2,2021-11-25 03:44:00
Wzece1XVPFfI6jzNM8NfOcnRHZA2,2022-02-12 00:46:41
X01l44GCmLMhXdPLeJOYo3CeLF23,2022-07-07 16:35:53
X022yRQCPmaPRnahl7M7pdt0gH92,2021-10-30 12:53:33
X0F0E6s5JlXxmgqNCX3JDt0zX9y1,2022-05-02 06:09:05
X0S5u3vihPWtK2JP8RdLPzfs9u82,2022-05-29 15:54:52
X0kgFxw31ERtXeby0XKjhgcxTXn2,2022-02-09 17:05:59
X1APTatdE5X5GJrNnuXOm7VCUo82,2022-05-14 14:32:42
X1vJjLIG9vR3ugbpbHvom7Z1u622,2022-04-24 02:22:15
X2o8QmdX69MCUGbYFk703K4WQlG3,2022-02-24 11:51:09
X3Jifzzjt2UTm1r5PJtaYhzooVs2,2021-11-24 05:16:25
X3LJBBkHarZZjhKB6G4H7AEkoCl1,2022-07-29 14:13:54
X3OFXedsdWVfVht13EAkdXIsQeY2,2021-11-07 13:21:34
X3ZD3XmD3PXb8lrDhkNLvboMObB2,2022-03-17 13:51:38
X43Gno2x0yN4m7BDMwVxCwlU4iF3,2021-11-19 09:42:48
X4KjShI80acCUi948x3piQND0r93,2022-04-06 02:09:49
X4NGWeEyKYUN8cS9zikpxaJH2CG3,2022-06-23 15:55:48
X4aYXYolNKg1JYuCoKq1ZsqdF922,2021-10-23 06:33:25
X4duu4vFMQbHLKGaYtQwwNmufh82,2022-05-04 14:16:43
X4h3ZdpmFeT2LU1TLTjBcSUvwNB3,2021-12-06 09:36:18
X4qeqXLMjmgwN9d2kwTJMHTJyQB3,2022-03-11 17:54:05
X4sN8WsvGHflVr7dWH516Jt6xIF2,2021-10-28 16:22:09
X4w7n8nB4sSm6Bq20IaBn9fZDS73,2021-11-21 11:42:33
X57caSneztewIiiYOqtoKYGrZT92,2022-07-10 05:10:09
X5IlMkGBTOeHNrVQcTejsCQrOo72,2022-06-14 15:23:05
X5uYT1IIfHTUpyQpNuHMzTVjDBy2,2022-03-25 06:17:36
X68dYLOtnMabwjGHOz8nXV7cPYi2,2022-02-17 16:35:17
X69lFUSoxvTTRrb7TPbBVinpDxf2,2021-10-27 00:04:16
X6SzJbBP5JQPf5tw4U7mXvQzoIg2,2022-01-03 23:33:09
X6TtzNxDdhSXe9qrbr1SCNFe8OW2,2022-06-14 11:09:05
X72S78eB3ETJqLB3ynll5hl6GV12,2022-06-26 10:31:07
X7aQDAGVEgbnNNq99kwAXK3iq2Z2,2022-03-12 04:35:21
X7eHlNcFzSWkNr7UExGN5Yyb8Rm2,2022-05-25 06:42:28
X7rDgQG01ORX3g8O3rNwlCK9iTa2,2021-10-27 13:13:35
X7tjtCSCpBXNgkKTxeEaluP2RJN2,2022-02-12 23:05:19
X8GvJeQgdPXh6ntDIe1QmIYCNB92,2022-04-11 11:52:56
X8ICtFBGNCdKVj9GFBp69FX4ZpC3,2022-02-26 04:20:28
X8IwK8w5F3ariD6862MuiJw3OhP2,2022-07-21 17:28:06
X8JIkDTkVZV3ss3BjySc6pHHwxg1,2022-05-16 04:49:16
X8YBPzR3xEMZoVIzmDiaRdS3rBk1,2022-07-24 12:50:00
X8mqsFYL5ybRxrwfziLayzvNUzl2,2022-07-06 20:36:34
X8of2NaFDgOPJ9lRXxrMT04enmT2,2022-07-10 19:20:37
X8uyGM1hzeTiWRfsTycUBsZmd4z2,2021-10-17 12:17:55
X9JGJUWFNbTg4K9BiAddwRVdd9U2,2022-01-27 04:50:50
X9S5BUy6stNTsFmhJtEipuhLdz82,2021-11-08 17:56:50
X9yH3wH9SmbsvRc3JI60DAqoH113,2022-07-20 13:23:43
XA3FGMFTepNA3nTQyYVuSpcr0h13,2021-11-29 10:24:47
XANrcsPjPJhvEYZfizaxgDla2wZ2,2021-11-12 00:47:17
XAQlAIJwagc200qaKQTu4qdVkmy2,2022-03-16 14:51:30
XBOnkGVxLANZzLxR3VdFObTcAYy2,2021-10-03 02:03:03
XBPJkgHguXOHdsO94pkZeo4IUaX2,2021-10-18 23:32:50
XBZ5wHTGi1aBR8xZXHUxJ43rffe2,2022-04-30 14:25:00
XCHDe84BjQZxwlOBSKQnPMxheb83,2022-04-02 13:48:01
XCMuvDQq3bVw8kSC2LZBYDFuviJ3,2022-07-11 05:25:09
XCOxNv3rTNN8YLIVOj87rjzoZWd2,2021-10-02 00:49:45
XCPOTwF3CfUNnE9SYcHAemvSP6w1,2022-08-01 04:43:11
XCsl0nhC6Ch05zNXJ5GGIJUoHsA3,2022-06-04 05:34:19
XDhnXpgv26RwyuHky2oe3BPpSfl1,2022-04-21 06:12:25
XDiKQT9M1zgA9vDRqLhpsa2GpCQ2,2022-05-11 04:03:37
XDmLLBGKaSONwbNP0vNP8oQmm682,2022-02-22 15:25:17
XE09dBKbP6MbbenSbsfgN6PBp5m2,2022-03-26 17:07:55
XEIq76GKXRX4ptbezEZtF6vhQ3z2,2021-11-19 11:37:42
XEM07v307CQeasTU7OusgDdoW4E3,2022-01-26 06:22:51
XEUhrLlXvhfxioLeqBmCwqNQ92D3,2021-10-13 00:40:26
XEUv2lJ33hMHt5LD9qrqj3uFsrA2,2021-10-16 14:10:15
XEZAa5mZb5excro87R5g3F5l5Ei1,2022-04-21 00:13:49
XEZIQDOrBUSHv0AckQYcpqJ12cE2,2022-07-06 19:29:47
XEh6aCbgWjZnKGzuI3l9nk5qvcI2,2021-12-29 14:26:04
XFAuCAsVXqXAjr0L3i4Z6pttkfc2,2022-06-19 20:53:07
XFHqDPT9uMQbi5zsvbowvmDhimO2,2022-02-24 22:12:04
XFYTpfoVttMxAMg1h0QoYWItViI3,2021-12-28 02:14:32
XFgCbNc58Mdu4gbL0cPu6JOjCUM2,2021-11-08 14:33:48
XFtpSCBvPgUw9hMq650DiWFuUT63,2021-11-23 18:39:29
XG1BeYskfrc7iI6WMlz1mtyHfVp1,2022-05-16 07:15:20
XGTaMa76onPSHyI4tFA7xkQ010E3,2022-01-19 10:33:15
XGUGhDEv85Tmy4Kke0ousIzxWPD2,2022-03-09 11:55:22
XGm3LEKJKRX8QYzi7Q4qocu57I42,2022-05-29 10:15:23
XGmAXwMrcbN0Og6B0hnBzRcLhIq2,2022-05-25 14:13:01
XH1Tsv5L3BSKmvO4I2eyPmhNl0E3,2021-10-06 14:28:38
XH6HmKK8pJMVpm0yyKIILGneM4z2,2022-03-10 15:42:17
XHWtQtEwywXrQklSnK9Gr6WQGBM2,2022-04-30 16:12:27
XIMSwXb0RwT7gu5G8p8QEpu0VwE2,2022-03-22 04:43:52
XIO9kGnKr9VMm3Dzwg65Tos83Nt2,2022-02-26 11:40:11
XIZ1k87iD0WVN1lbCdnIkzOUafk2,2022-03-27 11:23:27
XIoi8ZUqyffnGqE9x0bc8ttzhPl1,2022-04-28 14:29:23
XIv4lxizOJhjIsJsaRtVFU2Asor2,2022-04-05 16:34:11
XJ34JscqYGgEEhpFXjXwM8UKW883,2021-10-26 20:19:13
XJIJ53zHzdcqmJa8WHs0FXk6IPa2,2021-12-05 12:30:57
XJJUH5EtY2PLItMIpKH7nwU75g32,2022-05-17 11:55:34
XJR9HjnWuzTlSE4QTo0kAycBYfE2,2022-05-27 03:15:39
XJiTTrkAOsg3dDwZiOSedMqQHjx1,2021-10-03 10:42:29
XJltd0JQS5P6g8R0gu6SfKWDMYr2,2021-11-24 15:38:10
XJqZCDf8CYWTd5A8JsjgCpz6fqn1,2021-10-11 05:59:08
XKJYFzysCLdPpPPYupmoSm2fPd93,2022-04-30 07:18:44
XL7t0IrXmGbIvks06toDBoPOGAB2,2021-11-06 12:59:45
XLMu2JLUhFZS8BV31j16KYFhr6U2,2022-04-04 13:52:03
XLz4AqQKw1haSLqfY5H5DPcAJBw2,2022-07-01 04:44:53
XMFkNvETZjdz0a0GBwiscl43aml1,2021-11-24 14:23:00
XMPlRMQQxnePS8D0qM5Ggkz6ned2,2022-02-23 03:26:11
XMWNnOS0eNWlUFwUpZ4YjvaEjod2,2022-04-14 15:41:58
XMkEKlDh5AS2RvpeGKVxOunltWA3,2021-12-02 18:48:55
XMlrNd0w9NXb3Nl6ybVWFVs6IsF3,2022-02-27 12:28:55
XMstJfV7SpUz5BAIqEelYG4V7fK2,2021-12-17 01:30:04
XNFwqO7qkuRa7cxnMZCgmasHXm63,2022-04-04 15:47:45
XNidCpS7GTgRE5IkmzAcSGFtguc2,2021-11-25 11:17:44
XNprz19rDSaB6CPTQ1Rky8gExUA3,2022-04-29 05:49:27
XNwYMcdV3fY4AB39J0F6DSgsnnY2,2021-11-16 05:48:59
XNxZmYKfwZU8miZaiVDLjjpmrLM2,2022-03-24 18:45:44
XOBKP2EoHYervYtR2WDHpg5B2rE2,2022-07-25 01:47:40
XOCVWiPqGZR8c8MKmrv50qI6dAl1,2021-11-25 14:18:12
XOR7dVuretNIQu0jdtmejyl7uAE3,2022-04-19 14:02:23
XOXPYjZhDGe7lr8QJeY7WijgiJF3,2021-10-28 16:47:46
XOcg64RtV9gG3yuCgnzwSSo87cq2,2022-03-24 00:21:54
XOkXSgBsvOVM1Ltc763b4sASrPG2,2021-10-22 13:25:58
XOqxqGZ5O5QkCv5NnEZeo8EgXYM2,2021-11-21 01:40:08
XP2WBZ4hBVTe9rEGPwjXAc1Wus62,2022-01-14 12:21:03
XPDRxttVQcgIi1ep99zcLCbWzHG2,2022-02-26 21:35:48
XPfbjYxvuafvG9Os1695DtW7tjn1,2022-03-22 06:48:28
XPkT0OTRdgad7Avi1GY7Yd25BeU2,2022-03-03 08:41:52
XPljOQFGouWzSwFBBNEYmHjj7mm1,2022-07-22 13:02:40
XQ03LKedDahZGZe6ZtPU38s7X1T2,2021-12-27 06:14:16
XQ3qZibfMHTEYHkqoCm9IjnoS5o2,2022-07-16 17:03:23
XQBsDcOGSifm9n1qp6gYiVQ56w33,2022-07-08 10:33:58
XQLZkIMNoTbcNdHqPmYiYP5mOxk1,2022-02-25 23:40:39
XQQgVEJPa8S1SdBtvrXXVR9NL1j1,2022-05-08 05:53:13
XQR5IHl92mXRaLn6IDJdYC0Hcro1,2022-07-17 15:31:30
XQVAdfBzOZfpQhs4gN1kRD07Skd2,2022-02-20 11:07:59
XQqBGzON2KfLRiCaAKatR8Nw9jK2,2022-05-27 03:13:24
XQuNrWPPqYPGBoAMxqzWkli7Jdt1,2021-10-03 07:27:38
XR3s7hjzb7VaxKup4wxtkWR25Tq2,2021-10-07 16:32:23
XRFYiHfl0Jb0cmusfkFaeXT9JBu2,2022-02-05 11:45:20
XRnYJoscYWhmn0os0KJ2xRRuQY02,2021-11-08 12:28:24
XS3bIvUd64M5feFViJhV52OYxag1,2022-05-13 20:17:43
XSFe0mmqACVIOV4GMnGfflCQ2rl1,2022-04-13 22:10:49
XSHNriBgrEe7BTK3VQigD3UFa0u1,2021-10-06 14:55:37
XSIzVdyqRIVhjEmwrwrpkmwrjJI3,2022-02-11 08:08:32
XSjRGBoCMLR6Nqgfrpxf90W50IB2,2021-10-31 13:58:30
XSsQIimd9wR2nQLWCuO9LYRiIjA3,2022-04-23 22:58:07
XT5XgzSO5eNXllK8mpWl5SauNso1,2022-05-07 16:08:07
XTEBJiKgLhM97H0YonNPQVD4S4n2,2022-04-27 16:47:49
XTbLxtNXuzRFVfjEYD5mjU3QuDH2,2021-11-12 22:02:12
XTyuey6MbQMiNlFTZYTfq0jJMfk2,2021-12-19 13:29:42
XU3vrodgeSRNk4N9xGnljRcH4GD2,2022-03-12 06:17:45
XUDDqxwT7ASyf15tbRBipSoNwNk2,2022-03-05 07:02:15
XUF0rIOAxcOAAVgBD5u3JZyPLOY2,2022-02-27 13:15:07
XULFTQU6zebcafmcdhDPf1UgJVj2,2022-01-06 04:34:43
XUVAskrtk7SZ7liMBYbxbGSZg5p1,2022-04-17 17:07:03
XUiseNiOgqZMNQs4u80s63XlAAp1,2022-05-31 16:38:35
XVFymlDO5sUwJiukJW07uxYc8iY2,2022-04-17 09:31:50
XVNnNXGVlmY1pR6LXDEPku5tL4j1,2022-04-04 06:28:06
XVOr9XgWOAN2ENSN3XWZI2nSdAz2,2022-02-26 14:40:43
XVjRjU24iKRUkVuSnJJgmyYzvRl1,2021-10-02 17:04:20
XVy4EC1lipZU6CDV1DBJu9XTPuH3,2022-04-02 05:47:37
XWA0rMPYfZUxLAA5ljHW0oO7Dto1,2022-06-05 08:43:29
XWAZBkisZqRNAXszaXUPG3pVnTw1,2022-04-21 13:33:54
XWI8mnfp8sgJKmRExuC1Ydo7bS23,2022-02-24 01:15:13
XWKpZfWIxqXAoqQd2Inqq1j1KpY2,2021-12-18 03:09:20
XWYNb3aCshYkHKBzJ4q2NJSJrkJ2,2022-05-04 22:19:33
XXLhBjIF0iXXnJxwOsJ2yeDWyBf2,2022-01-31 08:00:14
XXQ7fFICEycsthFAmGiJkIBeahe2,2022-06-23 19:39:30
XXSdRIGLmJe2dpXXX62Pn40g0Wp2,2022-05-28 01:12:07
XXk5CxmaLebuGt5BMUycphz5Ez03,2022-01-14 23:35:34
XXkYkD34zxTG3TK1ofnHJE8ud1D2,2022-04-22 18:15:47
XXwCFNzvQFZhwnURJ071NbEfuPd2,2021-12-29 13:02:25
XYr8RNJ4dYdkexz0sqYUIdlDjuN2,2022-03-03 11:47:11
XZP7iBdoHSgjx7QHRFZ33mndxD92,2022-04-07 04:22:42
XZTLXxHrneXOGfZCTEXMD7NkP6f1,2022-04-12 11:54:57
XZddVaWPreWewZspRfiN4LkxcsK2,2021-10-03 19:40:25
XZkO38cwfOMMySXzgNk89sZhRBq2,2022-04-10 23:05:15
Xa1kinrH4wgoNU1zwbDTM0fmi8F2,2021-10-22 18:08:45
XaO7HiP2kwTntOxMYn7TSWHJpHv2,2022-05-21 10:40:59
XaO9zgZLMVNdPaaFppnBTHA4z383,2022-05-26 20:53:20
Xah4UYBbvef9K9CaT7DDqJZga4W2,2022-03-17 07:41:41
XahYPhmpgSeyruyJ6VDg4fpBLRe2,2021-12-19 03:01:18
XaiotLzoGEOqDcdA4BjAnWd3XEB2,2022-04-05 09:16:43
XavzDFTXZvOCdZBgXksm1t58o482,2022-05-14 18:14:44
Xb5YEG0XYccinjaG4mjZwvuIZIz2,2021-10-06 04:38:01
XbA1mjZvtmR0DAeiG3atQvJbIoh1,2022-07-06 09:27:34
XbTFBgcws4OvywHqvnBxRoOpv0A2,2022-05-10 14:59:49
XbfLuZLhj0edPQdnN7lhXh00Cbt1,2021-11-20 13:54:59
XbvX1cxhzQMgKujYOfRJ3eVp4dK2,2022-08-01 09:06:43
XcBnZlMdw3ZKwyW8CSz1QcxJBCp1,2022-06-26 07:43:16
XcCIe3hlYCbjFLdDmqkQQEQbANR2,2022-07-14 09:48:39
XcDRgoy9MnblAC2IW0bdHDJwABz2,2022-05-03 04:55:12
XcDRyp4ANNcRIvSmRHjFtbyocRr1,2022-07-23 10:18:28
XcGxmQR1RaaI4S5ZzH7SpjzTeKP2,2021-12-31 00:44:51
XcQ4Hy5C2NQfe6KlPUJvZpLB60S2,2022-07-24 13:42:19
XcV4H0wvcqQZpUCt317Drf6TEsT2,2021-11-09 11:40:41
XcY05MD4KMZ9SFyYGjRRojiAMHG2,2022-05-14 09:49:57
XcgS7Yk6c2eBclwOAPTWBx2Ito63,2022-06-09 10:48:57
Xd8ld2w5F5V0LkVGNNJTkeLD9ua2,2021-11-08 16:15:26
XdBI8gCB0AWqB2p5gjYdVftVqog1,2022-05-27 09:52:51
XdCG8Bw7hsW5YLFpRzai8xX9mOr2,2021-11-20 18:35:56
XdXOiK4irNYDM2UAnSaa2G4rxLk2,2022-02-19 06:55:58
Xdii369JHFXLorMQwagRx6qRg0u1,2022-01-15 13:42:38
XdwPwci1ssd0QutC3wtH4oisYAa2,2022-02-06 10:14:41
XekOM5nRZPYxbHqONiQRprhXyoo1,2021-10-27 04:50:07
XeqkjU6Tt4atfJ92vGtTP3ZmlI03,2022-02-06 14:50:29
Xf52MtNvheh7LGCkEowRciQILTo2,2021-11-24 14:16:53
Xfg62s0Od9W6LcPE2GawdUu4Kwy1,2021-10-12 17:51:23
XfgZvDVdjNYFGDm345neIbXVjCS2,2022-05-04 11:14:30
XfgZxAvQTqRK0JyRyxvKRnolJMO2,2021-11-02 02:27:59
XflUo83kewWhWB8jaaBw43Qhq6Z2,2022-03-28 14:02:39
XfsFRlvpX0dVXOrYm2ERXRpW4Gc2,2021-11-20 11:40:06
XgHbOtxvoMNgarrtADu9SqNbhR33,2022-06-21 13:54:07
XgSTVgmFAgV9vBgUVAYjuOSTBK32,2022-04-09 01:57:18
XgWvO9z6LdRrtoT7TPWtmRL2hDP2,2022-01-29 17:40:00
XgbVYZuteWOAZEZpYd6Q5qB0X3e2,2022-07-24 05:44:41
Xgj68vrTCrRPJShuXMyy9exw57r2,2021-11-25 07:05:06
XgyCpI9e2ahqVVfOM2CFyzNFAkG3,2021-11-25 18:51:46
Xh8XLXNXJzQu8126oTlBZnTwoy02,2022-05-22 11:21:46
Xh9r2KgJHcNCAsPYStoNEDCED8I2,2022-01-10 10:54:05
XhGJ3nKsB9a8ZeTGPPf8VBaZpI92,2022-03-05 20:45:26
Xhirm7hZPIOwriwRfCQDHObCo7O2,2021-10-19 21:27:02
XhqgMcWFPNSgrvqZPKqgLj7gRIk2,2022-01-12 06:31:30
XiBRh3DvC0h12aFMt3qVzs4qIza2,2022-07-29 05:12:00
XicSI2UNfnb52IELSwKpO5RdKCa2,2021-11-28 11:31:21
XisNA98GHxR6vROSXw88pkhi34E3,2022-04-30 12:32:04
XiywLCulhyNI3b8C1OSRYJIBDe43,2021-12-19 16:11:53
Xja05hC9CDXwhJuZZxxYRF73ke12,2022-04-23 08:01:56
XkB0PwEzBNfJ33PHbJRrt5Qypx03,2021-11-20 04:55:55
XkJyOLQ3TXWE9zn4NUlXzd5vCBM2,2022-03-05 23:10:22
XkVczwGt4JWiRXclfFDd723Facp1,2021-11-25 13:49:52
Xkafm0x2IcQvZYTxQ47cn1YBu3T2,2022-05-03 08:17:17
XlAKvI2WlnSEKbOJNM02tIgI6cW2,2022-01-22 17:21:31
XmDhk89zFTRgphvToImjRgVPnKr2,2022-02-25 16:38:58
XmIzixJWmKdHb7mEUyrsI7BywO72,2022-05-08 05:29:17
XmPMKMYnI4hjXCxqe7b9qUUoPqq2,2022-02-02 09:42:03
XmfnAp9jjmXJukmEJlJENxGXr4L2,2022-03-08 17:23:15
XmoH9v4r9YdqN9LTW5Dlt1XBGqC3,2022-07-28 11:17:18
XmsiWyXkrhU8r7i7Ps8zlWWsyv23,2021-11-08 05:22:36
Xn4w41HcoJUkgjMLqLReGItH0Sh2,2022-07-04 15:20:53
XnCyKqcYjcVdD36H5l0bY94gkhk2,2022-05-29 07:12:22
XnDAEPdthkPgULo0S3qZvcjkF9M2,2022-05-13 00:43:37
XnhB6NemFLahio1iPWw9ZwggTx02,2022-07-31 15:28:07
XnrEGzrinTXzLYop22AO742j7DL2,2021-11-04 00:41:44
XoCceNVrgqhR8qWQndkL6wcLTDy2,2021-12-27 20:45:41
XoDNxLbNVZcSbMREFos4Wi1rifA2,2022-02-12 15:52:28
XoPepGEJl5g4pQcHp4Ky67kCyyX2,2021-12-21 14:48:45
XpCoD4ClYpNA4bLdl6TX8MykIt73,2022-05-17 16:32:39
Xpf0YweKV3gPGWBVCfOaq3LltA33,2022-05-25 09:28:28
XpoOhin1rmhzR6tNuHRGj9YILmX2,2022-04-16 08:21:54
Xpos1rS6oeRKQHgNWOxolmlfMyf2,2021-12-05 10:04:13
XqfORAmyWQYNOT3DoekJ1nb9j733,2022-05-29 10:39:24
XqirUcVuichBYYYjGnpkx6CG7vq1,2022-02-12 15:25:10
XqqYRkSgPZajfeLOdFmcaHjRuj02,2021-11-15 14:19:09
XqqgGlO8TOWXTjK9MkYNXo6i4KQ2,2022-07-24 19:23:34
XrIpnndy8bcDvUwkpMx90z6BKQj2,2022-03-19 09:05:02
XrZYld47qdc3xxHOrzYNU4yjll32,2022-06-08 13:37:21
Xrgu4eNOA9VCBkMGKteEndwuC6F2,2022-06-19 06:35:58
XrsO0y2godN26PeVZol0ofn5t3w1,2022-03-21 21:38:00
XsBiHzwYSwYvl7mOqcYksKwIm1M2,2022-04-24 21:44:03
XsSPyzN9DDSXLpNYcZuMQfDpVqC3,2022-03-20 17:51:38
XsXrsNJoXJa5jP7M0cfkC8OYDv72,2022-06-14 07:50:13
XskHFVAX31hbueH0YxfP7Yel9hw1,2022-04-04 07:06:33
XsuzepHidjWcisN2V3SXKHa67en1,2022-05-06 07:38:17
Xtr3o7d32XTQ3CfgraUt1kVqxAF2,2022-06-09 07:44:19
XttbqjyKhAbgA9cFBsVwp1hPO1h1,2022-05-29 04:32:14
Xu00OoPKXqUL1olubayG7Rgwro43,2022-02-18 19:13:41
Xu3UagLzOKRBq3yQZ7wMPd29Mvc2,2022-04-19 12:23:03
XuLO7GAkxOTn12inC9C6KSiCN943,2022-07-19 03:05:01
XuOcCYpURCQt5yE8nYDulcyfrWz1,2022-03-29 13:49:08
XuSoDd3qiJWQHuXOOHJJmJPeuCF2,2022-01-28 08:12:40
XurKsgh1YHPDgwtPS8AUeiliqpH2,2022-03-01 12:31:07
XvCpcnwhtuVUvKA4e4iv0U7fKmO2,2022-04-04 23:21:29
XvKYBHReicXhNnt8UtsZFpzLMSm2,2022-07-28 09:37:09
XvLZfysUI4OcJdMcKKAF6pVN7if2,2022-03-14 19:39:02
XvRoT1AyyMhfn4MxjeKfOIV5Rmv1,2021-12-22 07:26:14
XvdI43UPIJgqS8sAPwfg81xfOI52,2022-01-15 23:55:26
XvpCkzA1FpcFpgKA3J6Lt7m5WiR2,2022-03-05 01:56:01
Xw1C4LUlJnSLM82K3wFy4S4J39s1,2022-06-09 13:52:09
Xw3PrwMKfTUf3iLranvYvbUABTr1,2022-07-01 17:33:52
XwVjwz0cAWZ7nUIAaYDngeep8fu2,2022-03-22 12:55:23
XwY5yWXn9EVLK4M2ptM5booHkkI2,2022-03-12 19:57:44
XwxmImjZOBaeytfNDc86HrppHmE3,2022-03-04 12:05:05
XxPCPLQ2nTfAT1Allhh8d4bcNmf2,2022-02-04 02:28:08
Xxp0ct0coyYeF1bWpgQweuweSV42,2022-02-26 00:04:00
Xydy7QDUraZT7LzRsAzS3WeRVH63,2022-05-29 03:38:06
Xyi0j0NZTCgMfIUHvaHHm7rADZR2,2022-01-14 21:05:50
Xyibm7AlfeSkDUhukESaYLCRJT53,2021-12-03 16:53:39
Xz4NNfy5tgcLr7FVIbTDQ0hIKR83,2022-01-29 10:57:04
XzXjX2p9t9cN4fAyrnzVhpqStpF3,2022-06-15 05:42:01
XznT7YlrH3ggyv6aGPJuNelNYeC2,2022-07-31 20:02:18
XztjgGUCxlRXHsG37wgPe491iZs1,2021-12-06 20:19:34
XzwZ7Ngw36NgglULhLAbpf8sgfA3,2021-12-14 23:25:29
Y02bM4WhZfZWOO4dXvVj4UsHuK32,2022-07-25 05:08:52
Y0aPp5cQwffSaJ9nAXhFGfkDKE12,2022-04-09 07:08:07
Y0nUcrpKROYf5VcuOeucyG6vp9b2,2021-12-07 00:19:44
Y0zKJrjyiMdnqo8HVYdOrD28y8Z2,2022-04-27 00:01:16
Y18QswVz24YtPhsf4MwVhfVPCj82,2022-04-15 11:10:51
Y1kqO1FcWTVvUPMSXCsAb3shgXI3,2021-11-07 15:23:47
Y1rVeAQeQyPhNshghHO8Ky976ey1,2022-01-16 16:11:33
Y1szOpZWVjSUSbuW1g7MWubXbR43,2022-04-19 04:36:18
Y23CTDlCOnWqNaGwa2nmuMwpZ6I3,2022-02-13 15:35:24
Y2Arc83dz3PRFhsy5QkeIDjuV1y1,2022-01-28 04:08:01
Y2Mk1LdGIqeeRQICQY2XhvWpMCc2,2022-06-05 09:21:39
Y2aF48PsjqfUpKf1ATU0HMhQqMH3,2021-11-10 06:34:16
Y2ugUrMtNVXO2bFM7gvx8JynQWD3,2022-05-18 06:18:00
Y2wLfPZ0ebMQtZ3YXDumzaFIer32,2022-07-15 21:24:02
Y2zu6M2R1hT7uZwXdbEUmfr3FDD3,2022-05-30 15:31:43
Y35x5PL8nbgDVmckApxST9p2F1P2,2022-03-04 22:45:08
Y3cLUD7VMAWDpOoQgNPGvtkPUnE3,2022-07-31 10:16:43
Y3h5DpWWqVQz0Z00FrVJ426WwV82,2021-12-17 11:13:07
Y4L6Z86plTRT4Pmq6Gx0RN0TYMr2,2021-11-28 12:11:05
Y4Z3Y55QAKalYxwiTAKluO3vxUs2,2022-07-15 14:03:23
Y4kZmlkasvWGYIkfZj96BvxRmMZ2,2022-01-03 16:44:30
Y4plfhnZB5ZD5BKor3YsVXYCia52,2021-12-26 09:59:45
Y5vJCht9GPebzdbygC8xpICLFYD2,2022-05-17 12:14:20
Y61uHz4y6EZC9ioWpdwBg7J9YCk1,2022-05-28 11:22:17
Y631eJKUU3Tr0X2F5aEobRerNa82,2022-01-21 19:54:08
Y69K614xEuefpnBzzJHKuZky59J3,2022-03-05 14:20:43
Y6CyswgdsSTn5hEKlpOP2aqYTm52,2022-06-10 00:52:23
Y6IkpfwSFPdH9ey62fttCTonVpq1,2022-03-28 06:49:54
Y6Ujt8ou52cSrCQekEOOMBe3ey92,2021-11-10 08:14:53
Y6bliugXmEZcp2BaWy4grQBfnfu2,2021-12-28 13:10:22
Y6qKynigegbd6OJlDPjcoAVkoyv1,2022-06-10 12:13:34
Y6uWILzFDZg5gbNk1oGeCFQl6YF2,2022-03-22 07:16:45
Y7dg35rRWDVxXtsltHPI9W18IUD3,2022-04-09 08:15:30
Y7sY4LWkarQpdyIt7RTeOXnTyUB2,2021-10-09 03:10:54
Y7sorf2gEZRyRcvdXemE08x4GwH2,2022-03-18 23:55:26
Y8Fh3i2ms1av1g49f7AHKji5GHl1,2022-04-25 03:15:13
Y8IHanc7KObcwDY1d987WZpJMn73,2021-11-13 11:31:51
Y8NkkfWdFPMUtNDPPhesnENlX2d2,2022-03-27 14:15:12
Y8jTcquN5BZDd4BaKzeihMBuoL92,2022-05-05 16:44:47
Y8to2nAfMWc8PYeVakQHkcv9FEH2,2021-12-18 22:09:10
Y9cT1ezLt7QXr9s398M4xpWUrSc2,2021-12-01 13:25:11
Y9waDLF5SmXDn19qR6xIWkF7m1u2,2022-07-17 05:19:32
YA07CYfgB5fPpBhTzJ6nWmTGseq1,2022-05-19 06:51:06
YA3JRcCHCnREyDDtHmHtJOodGUI2,2022-02-20 09:51:00
YA3lYJ3o17bccPewUocDksiacyE3,2022-05-05 07:13:48
YAo7WOgsBdMeQv8pnquTmLqEdpd2,2022-03-04 21:36:51
YAwfZISIJHMuFSTGVhwGoAFPB2I2,2022-01-21 09:51:43
YBOr4NKBjLaFQqwK2gmIimHEPQo1,2022-05-22 13:25:51
YBRp3qTUH8Z6Yv7rv2IRMIYF8QB3,2022-04-21 14:32:37
YBmruGPIwEXETzdcyGRN0lcTXGD2,2022-05-25 15:10:38
YBt0PuV00aZ4RJvWs3xBQz2lkkn2,2022-05-31 04:45:19
YCJYwyeinAQvgxUd8P7Pe46oS2k1,2021-11-20 11:10:44
YCP1S9PzFEViVYPFSOlq4h0Lo5n1,2022-05-28 16:35:48
YCV8HPMy1pcpECeanmvPpm6RjDy2,2021-12-24 13:29:31
YCY6hAH7UTSNibxUmWLFrtdvtqk2,2022-02-03 09:09:37
YCdGl5KvWtVvW34v06Se71urxR72,2022-05-22 20:47:25
YCoqlSo1D3WmWboypd5dSGFFsGG3,2021-11-01 23:35:18
YCqBUVodnjX8VbNps6MK0UD63SH2,2022-03-10 04:18:22
YD13VC6EtFShwrFQcEPIxLt85HC2,2022-07-23 13:51:02
YDBiVsf5kOQrpZfnHMiSvL5vfAp2,2022-06-27 17:44:42
YDIhykxuQhbpBPEOvSFh3rR51fD3,2022-04-14 07:56:02
YDQUsSgBEbgTDbg0Uuw0HMjVe453,2022-05-28 13:45:21
YDUoYXhlZdgah80hTCl9vhWliGl2,2022-07-26 03:09:20
YDUzGl61PKVufoLxcGyjW6iQHV73,2021-11-27 23:23:29
YDVzZrozRZN5qNRHXcEGcIglA212,2022-07-18 20:44:52
YDn3ECWJ23XEJoHrANdpmvvdc3S2,2021-12-13 02:34:54
YDxP83WdfsUYoxZJCXx6oUWlS6g1,2022-03-08 04:44:16
YE3rzmcf4BTWyAhg5O6A7hDIqfo2,2022-07-25 03:25:18
YE7p1inO0wegWa02K8MrnD0VsQu2,2022-06-02 11:16:36
YEDvzFZdJkeBPOdSDzpQdWTld653,2022-07-28 06:56:37
YEMIlgTtdGWPfXWTnpNWGPA0pC63,2022-07-28 15:43:43
YEeFtiZErGUNla0z2wY5XwLnJ4u1,2021-10-17 03:49:57
YEvBHDyqS6RgxcuFhIqvd75lieu2,2022-07-28 13:35:29
YF6IH3nHARN1EGyimBkKlMWCKrP2,2022-01-05 14:31:27
YFP2u9GOZpNa7RrOCxTw0auPi173,2022-03-22 22:27:55
YFXYcDkpZXT3jHalJ3L2Eg10ahv2,2021-10-17 03:07:18
YFaQbhO1CJbOFyKjOcfKrGa7SHr1,2022-04-12 11:23:57
YFpFlbmaL1h1wdKu3fhvDG3vKxD2,2022-04-05 12:12:55
YFwHox3lTDSJT00SCTmKWqZjyqF3,2022-07-30 17:19:55
YG1hVYC19cf6WrqokH5Jq5cgLYd2,2022-05-02 03:10:36
YGCf4raZC7OV4Ee8WGRrp8TvDni2,2021-11-27 11:34:34
YGMCTv8uStVEWwV5IGUgDh0QWfa2,2022-04-14 09:36:27
YGWXH84FfQULgiEmJVVdU2xzhnE2,2022-03-19 02:07:21
YGcPzdCDuiavosSnemBeDfcgLOc2,2022-01-14 05:36:56
YGm7rBtRl6af3WerIZa0YuiGkDm2,2022-06-06 15:47:16
YGmf4i0zl4O0lyevEYCM3Ymsrr82,2022-07-01 18:12:06
YH6iH33MB5gTSbpxCNbZW4w7aDB3,2022-06-02 21:05:38
YHAlHmP8HVhBOO0IoRFh0id7MtF2,2022-04-19 21:56:23
YHBNbV5EznSlHfj0obmm0Dv2JCh2,2022-03-14 21:28:48
YHN3WmB1J7bQDnuxPLBFeYNQKMz1,2022-04-09 04:28:56
YHce7jaErCQ8djSc1uicM7NN7yB3,2022-05-01 07:19:06
YI3smfqAX4bjJLOjII8x0pm119x1,2022-01-31 11:52:42
YI8GmKoashTCfnsdCiKvzxAW10B3,2022-05-12 01:37:05
YIGSxnAPQXMDhrVSqGZMY21WFoF3,2022-05-03 15:06:26
YJfpitQuetRxYR2cw5ZvHAEA4Zt2,2022-03-09 07:50:17
YKCJcmCrauda0jfFPqFsWtWVsE12,2022-02-10 15:30:32
YKRd7wzDQBSgHjNCTtivhSi5LtK2,2022-07-20 07:10:20
YKSmlHAu1YfckoRFUNOShnbaAXk2,2021-11-22 12:40:06
YKcXKhChBtR7IHlrTxHDajDodrB3,2021-12-26 15:06:25
YL5IKua06kVcHBsSqRJMlQjk2Fr1,2022-07-02 12:29:44
YLOiKSQTGHQb42l5xl66vCMe2Xh1,2022-05-03 15:01:11
YLZVhSzz84VSEoAI3YoEJ6ocNfC3,2022-06-19 12:36:27
YLfDuWh76MUP2wuzutc7QIItrpg2,2022-05-30 23:13:25
YMMBxPizzEdFxhR6SoG0QbPRqcb2,2022-01-24 11:06:05
YMXzNcwVSHgNDN3w3xPa3ZjLneI3,2022-07-16 03:05:57
YMfWtzFgbHcZYizU8CuM9tXwlUB2,2022-03-25 11:28:02
YMn0Hq3fvWRIxh0RXj85XGsPxup2,2022-03-09 11:55:18
YN6b5NWJQyOVOnmLb4wj707uSja2,2022-07-04 10:39:28
YNIJuIjsEyM43mFZB7KMygDjVev2,2022-05-14 04:46:33
YNZPgCnnIDVTMReZ48BKndviT0u1,2021-10-29 10:51:21
YNi4jV9aXga24CITspB2XHFFkrH3,2021-11-27 09:59:05
YO7c7iSw4PTGhkcoezsut0sLebe2,2021-12-20 02:47:15
YO8jTJjlCQTQgAlbaOOOEPzijNc2,2022-03-10 21:13:20
YOBGYcGKQoP6uHUQi6OSsJNNtS23,2022-06-22 04:08:20
YOOYT7VqKXWM2QY1acVrURhsOGF2,2021-11-16 15:39:55
YOpr10sDdWOiKBHTONTvJ6HBRx83,2022-05-09 03:04:40
YPCbTA74s4O8iKRyNMFQ6z9eTkQ2,2022-04-30 13:41:56
YPCxEkgeZAaFihp7HgHNQiU66ku1,2022-06-02 09:29:48
YQ1keSuQFfSTFxH8WdeA3YuoIWk1,2021-11-17 23:53:05
YQ7p9rZhTtZJqUCi4ca0q7J101O2,2022-04-23 11:30:24
YQ8IrmgCqGhlgrfKQdEHxjO8x2c2,2021-11-02 13:19:27
YQTgrE2KhVTJQFK7xevW4MWVguG3,2022-04-17 12:31:24
YSc5sULjffN94fv3fdj3QEopS6f2,2021-11-27 15:29:59
YSzn4hFXn2TxdUo9CIpCAoZ45t62,2022-06-24 07:56:02
YT85zxK9poRV2DEZatzhAXj45062,2022-04-07 00:36:43
YTg7DgZNELQOhuoZ6dbWMk5CpAU2,2022-07-28 18:08:56
YTkIruD30jh61OP1nQTMZM3ad473,2022-04-09 04:19:12
YTmzUXTBZDQA1ZmA2UmPX5XXbTf2,2022-04-30 13:38:52
YTrSqiFMRhS19l8j0X9pEYZdlXv2,2022-05-25 05:30:14
YTuV3SeAO8POTqUwYJZ1qjEb1pi2,2022-01-20 21:23:09
YTuVV06VyKZS10GwkzDloopkvbb2,2022-02-21 04:18:09
YTwBa3a7FDWNbOvMGAow8WNzACN2,2021-12-28 01:15:57
YUIhxhnkyycF9ZbrCcZ5Il4FN4x1,2022-03-31 23:14:38
YUKTxClDvyXmmMwOKJeujNdlG902,2022-01-16 19:22:43
YULmDwjo66SvX5tDXUa0npLVmqv2,2021-11-29 11:26:13
YUPG7RNpYoULDUtdDGDq2yXjAMo1,2022-02-22 07:41:01
YUQ9CLzce2brhboOcIoMFTtc4i72,2022-05-09 14:55:06
YUzX9tEeC6fpBLjmyYJnpv809aJ3,2022-01-28 05:17:33
YV4UBy3LMTg25h8R6vXZC6ix3jH3,2022-05-01 22:16:38
YV8vbK7dB6UgWX5TRcJcEIfPsEj1,2022-07-21 17:12:59
YV8xz5ErYeUyE9QjTOuvv4A10ir2,2021-11-13 22:06:49
YVPyYhv6ZEQTKqttWKmXqlTqoGH2,2021-11-11 16:35:11
YVYBDFgW15W693ttFLtW4KuHO6z1,2022-07-20 09:20:50
YVdM0Sg9i3Ma3k3QArFuXOnVK262,2022-03-12 17:01:27
YVkaQzbfjTSZ7jS42z0g92zGFsz2,2022-03-18 20:09:51
YVoxwac407M8X1NKzhLSUuopBC62,2021-11-27 03:41:55
YW3ZkbBmRrh8wFxf3l8LklbiD1G2,2022-04-16 04:40:04
YW7iiy6gC1QXeL2RYAYXLgmfH0Q2,2021-12-05 02:13:25
YWLE4WzjDgfUaHJSmkFUEut7Wql2,2021-11-16 18:22:49
YWaQOjcS4YhEnuEDjPkKzngldBm1,2022-03-05 11:37:35
YX15K0qp2DfSVDT8JYNaKnNZugc2,2022-03-08 16:36:24
YX3BPlqTqSVdMUzmDuNv7wAt6Rc2,2021-10-18 18:33:39
YX6yaNt7j4YmlaJ5hIF9btqh6VA2,2021-11-03 18:04:25
YXD3GD07ahV1le0r4VvPvf0iv4Q2,2022-03-12 18:15:50
YXm6GCxYrPbVNutqA0nZljS2OaN2,2022-03-05 03:59:02
YXnHV8vnnTPSotfVDhoKt3VoKIS2,2022-03-19 05:23:09
YYEhfc1w4ARSjABwKJ4RVWNLxur1,2022-07-03 05:38:12
YYKyoMvfTdSWhtAZrImHzD59JaK2,2022-06-18 02:48:24
YYPd8MtvGKTydUsbEAqnb9o40oD2,2021-12-28 08:29:23
YYZbOapQV5he5jys66YuFzSkibP2,2022-04-28 02:02:20
YYgTyUonROXbQRroh1mmQ5sNZQC3,2021-12-29 04:07:50
YYk3BjEdzVTB2zUVkYeFddXZPYN2,2021-12-30 06:54:01
YYuhU4k5KPgzOQuXxJ6eOnU1EF32,2022-03-04 11:50:27
YZQfd3TyrdZws0vwLSIZ7lsgeIB3,2022-01-24 13:49:15
YZRYhrN3XLZDeLQWA7YGeyIPnD22,2022-03-28 12:25:29
YZjcOkmqO2O8kc48NqhrQ1m5D7S2,2022-04-23 18:24:20
YZkuNxrRFqM1keAcjFfnEa9dJEf1,2022-07-12 04:50:54
YZr44t6ValVHKj2WbPUbiJB2Yr12,2021-12-16 08:57:43
Ya16UgZoTZQXuijLepkH51MTY2F2,2021-11-01 22:51:28
Ya3KbWLcIzMxGYE4mPdg0mDnuBm1,2022-03-28 06:56:47
YaTn08GXDjXmgSA5E7nxT1j5QMk1,2021-12-22 08:35:52
YaXWZ0vJFrOBdV3atCPjQpejqBf2,2022-03-18 00:28:34
Yb7gbNcjW8U0Tc0cVtI9f1pCEXA2,2022-01-20 11:30:57
Yb9F5y5krqe68A2YDMuU9d1sJhz1,2022-07-19 06:41:02
YbXshIW81ybQF8pun9ln7hCpFyr2,2022-02-15 16:30:06
YbZ7oWuHzFfNQ0Xk0b0UminAGSj1,2022-02-01 22:05:38
YbooLbvR18cxYxO2mxjh99Lwb1V2,2022-03-12 20:57:08
YbsYAYWEnYNrNmzn2AycgoBrNep2,2022-06-26 09:51:50
YcK6T24mHdcZgHFw3Fc5JL5CY483,2022-06-27 03:03:18
YcqWflOY9fgs0nwhB9thtDtUJoW2,2021-12-25 10:57:55
YcwDw8CKmNUvnymonhjUo9R4WY62,2022-03-20 21:31:29
Yd8Fnd5xP6VAV3gxNSHHmywLnLp1,2021-12-22 08:26:49
YdNspbCxhYQXPeekuxVSW2pAlZM2,2022-05-06 07:16:22
YdhggwVujtMyIZZKJc0ffvndMMT2,2022-05-01 12:02:23
YdjxhMobg9VCHCYscKYZ3Ben7642,2021-12-08 08:59:31
YdrSEnI2vyLTSObqZ50lk6QPBl92,2021-10-09 10:40:35
YdwUEC0EZpZYM7QNct5DcehN3L22,2021-12-23 09:12:31
YeNjjg2Y88OCAVqaHnXqVBSsebl2,2022-07-28 19:36:55
YepROAG3eDe5YUqCGVSyrhCcnQr2,2022-07-24 23:20:14
YexHBwtPrdNFxYhn3EobpqZd8Er1,2022-07-31 14:39:49
Yf38TEaEW2QHQcMcDGJYZAm8wDD3,2021-12-17 05:55:00
Yf7gmlVknvU9Zpmk7rn8PmtwQY23,2022-07-15 23:32:27
Yf7oJqbIUjVhbyej7E8OWgTswNB3,2022-03-21 15:41:41
Yf88oSERWePNMH3I3fCMM1Zd3202,2022-04-10 12:37:19
YfKRTm2A9aVjbDmW3LLsB93lPfo2,2022-01-22 23:57:42
YfU8GPH3o7cEbtcgEIzxR2XHyn83,2022-01-03 18:49:19
YfdIv2PQSVasKSS0P8om5vdYzgJ3,2022-06-03 03:31:59
YfnT5rVgxlYPyqX09nuIMTj8CtH3,2022-05-05 06:07:12
YfwgbPbr6HRDfPtM8Qab7WZsBi82,2022-02-28 11:04:09
Yg9u0JT6cOPoXCMUphDVeEyyUA03,2022-05-28 20:50:28
YgPSD8qRY0VBqjfKMkBxkS0qhSl2,2022-01-13 09:11:43
YgahmsNNnVV93xBHwR8XGHVGGFM2,2021-10-24 06:13:18
YggMuh5E5SWEN0AfgQyHdy2K86C3,2022-02-20 16:33:55
YgxImzoVxVSDjmkLGDC69kpm3Ul2,2021-11-01 21:55:20
YhNiEXP0KhVLf3nabXgyaJM26TJ3,2022-05-09 02:58:19
YhlbCSRm9fPfashyIKIZu6Y18222,2022-01-01 22:55:08
Yi4INRskaTM1JnfFy4ryGfUNIvX2,2022-04-29 13:42:24
Yi9rQcc6pLZplZ0KVrGuVGVCPp13,2022-06-19 11:44:48
YiSuxVjH4BNAknpX1yzHPWrPySv1,2022-07-31 01:14:15
YiThBVSD8lNdUyICq6nOJRjPYhJ3,2021-10-18 18:25:46
YiUmDxwXVQNfU1mbK4hz9lZ8zg93,2022-03-03 05:13:15
YiV9QRAKQagEYut1YWAnF7IZ8yT2,2021-10-27 08:29:23
Yie5iLnLrtcMeRptIK144DutCLg2,2021-10-22 17:03:54
YimDtzNep6WaAkzEgJ6vgHYDXd92,2022-06-01 06:38:13
YjAPJf2WYMUFOKUqvEO5krwoMOB3,2022-01-24 09:15:14
YjBOpUGIisdlrvMsvdAVf0Jj9Yh1,2022-04-21 17:21:42
YjeYDmwa1QQyjZiuGWfrH1yhWQH3,2022-03-04 12:03:12
YjrGfeoHfNSIiTSOoMzoOiewc283,2022-01-20 14:58:43
YjxzPhUoFpTVPwc9ZXH8IfPWh493,2022-06-26 14:51:07
Yk2ksvAwschRqKAnha1nTWUsWDo1,2021-12-09 10:45:46
Yk7gTN6IbTUupOcZQCTf5jULLHw2,2022-05-02 15:51:23
YkExz464ZOOJqXAkT6n8boPlwa92,2022-07-28 05:36:43
YkUcFrqUzYS0x7u3PNgReQLcye53,2022-07-10 20:18:06
YkVSORCuWwZiKSPCdXPEIBGvqV93,2022-07-11 08:20:18
YkiHCoP9o4XEkncBU5zLrDT0gFb2,2021-12-27 19:25:30
YksksT2YM5NYGp9PNsirtbSAIh73,2021-10-13 12:09:28
YlM9T2EdlfYZTvoGIOfMADXMdZp1,2022-02-01 01:38:32
Ylg4VWMu51daHdeBWA30JoQEtUf2,2022-03-07 09:16:37
YlsxrWTANCQvXGnqEgEJ4lMU6sT2,2022-03-07 16:16:33
YmQ5qqk6RaeQQTLIAC3PPPWq2qW2,2022-03-28 14:53:37
Ymfxhrj1yqPbGGEZP9nYCLwHGjG3,2022-05-23 17:14:17
YnEzOjBcJZW9FqxBiEbTDZAuHVh2,2022-05-25 17:00:53
YnP5qKeXNGYoR4CkscgzCzrX1Wp2,2022-05-05 03:03:53
YnpPyBnQQphvPWBvkzGqFayLNs42,2022-05-24 10:36:00
YoH9qW7YbURINUSO4DNphZgjf572,2022-04-17 08:20:03
YolPnGqOzuQ1Hi8GPcauUKBmCyE2,2021-10-31 16:47:35
YowHrxScwnMp61pqPRCxwnAtpIE2,2022-04-02 09:18:18
YoxwKyaVA3dm95jAwcfqFMS8gb42,2022-04-23 21:15:14
Yp5m0K2xI3TccmhHf10wZtbiSBP2,2021-12-30 03:17:59
YpA1BPy2cTZuvjIV3sUULg6kp4I3,2022-02-03 01:18:30
YpFLgCqezVNpkLx34HT0Lxd3IPo2,2022-05-24 08:31:25
YpFVTZL36eeFlzlO7UxOu01wgBF2,2022-06-18 02:10:44
YpMEtgKqCGPuHPbW7MyrhEoyg102,2022-04-22 05:34:25
YpVOUCyJhxfDtCNB9mBJmstr2yr2,2022-04-14 12:12:20
YpWxsNgZU1bIGwpO8sMEyXkvhhU2,2022-05-01 23:56:13
YpXrO5BmYTbRljoHSYmr46pSuZS2,2021-10-29 07:54:06
YpXzn4Ga9iPivRMeQfAA9gAVEzI3,2022-03-21 00:49:25
YpfCYBecVrbbcaGIo9Vg78NpwTy2,2022-05-22 04:38:34
Ypo3dGziqZh02ZVhuTjn2Pa9BRH3,2022-02-25 12:47:50
Ypu7VhLv77Q5Zq6VKO9efL2b0a33,2022-01-23 07:24:17
YqCkO2zis9YK29IhhZkH1y2d1e42,2022-07-21 17:51:17
Yqdt5EzTydQi8puAB8albEyRRL53,2021-11-28 05:06:21
Yqo0ZdwevaS5JheTQ3jXwwxpt302,2022-05-28 07:28:35
YrVBEsaXjNSNe7IJ7mxKBhkV3Ji1,2022-05-19 09:51:14
YrgGxAOR4fOkLPcLsCGC5uzlPW22,2022-01-21 14:42:03
YrnATtBWIEVjY0GHIfyZr69GO6G2,2021-10-02 03:10:53
Ys0o06jnhFY0jP33BUpFVmaEic62,2022-05-25 12:17:50
YsG2WEaKsnhpx5Mf0UgXkMZkvKj1,2022-07-25 11:14:57
YsKMl34s3VRoPhHUHZV8n2lcMbK2,2022-04-11 14:06:43
YsQCHkYMttShYBOdBzMlr5vkBm62,2022-07-05 21:46:03
YsRmucsLhBe56fe6NEHXdV2T0ak1,2021-12-28 14:38:11
YsneVQ6mejgP0Tt93PZJ9GTQqEo1,2021-12-29 08:57:58
YsqwNumhTdeEqjvkaoq88ByfTry2,2022-05-10 09:05:56
Yt6S0grzS8ctegbwBZ0RhFaMdho2,2021-10-09 08:32:49
Yt9lNyKBIWdlFf20i6E22L2Bthq1,2022-01-31 11:50:51
YtoHOD0wRrVpHl5qftY6b9pA5BI2,2021-11-09 01:13:44
Ytq6FE1UyvRcRxAac1knYVYELSC2,2022-07-03 13:42:07
Yu038sS8yrSWxMSESTpfhI2YL342,2022-03-06 22:39:42
YvCi2hKxhGaO7D1xi5TyHaFmchO2,2021-10-17 00:35:25
YvE4EWYS6wNOXvWKGplhhjgFU4R2,2022-01-05 05:05:13
YvJ7hAWi8qR0kqTMW6f8xkwYine2,2022-07-03 14:16:56
YvLFhqM2aGYNRIgRNkowfZpijpr1,2021-11-18 13:16:28
YvLdLBc6x2MCgQ2bRtliCz1tmgf2,2022-02-17 05:12:18
Yvy6MYjHHqS8RMAtb1EVNSqAk5t1,2022-03-05 12:00:14
Yw5XuLzPEFVeOf3fQVlEyAXVaVO2,2021-10-05 10:03:27
YwcOAOVuyBRCM6fUiwlGYyO3gXM2,2022-05-26 12:26:28
Yx3eeFmOLfTWdchASMcM50hiAJx2,2021-11-24 10:17:54
Yx8gXV6vo1SH0qA9r04wkpHpTZw1,2021-11-28 11:33:57
YxV52GtUFQQxHPRJwgxD3ohzXTv1,2022-04-04 12:22:46
YxWjwBtwyTXXVKdi3rBfyr1Je2g2,2022-07-26 08:16:55
YxbKwBPx0JdSFrtt9mcuP7BkGyj1,2022-03-10 11:21:20
Yy1JPopd3fgBTrwpErB05yW9Lhk1,2022-06-19 17:42:56
Yyol3o37z5dsMLbmtIxT6od3bN62,2022-07-24 12:23:01
Yz4h3sqVhDN5R6Mct9reEezleOx2,2022-01-06 18:56:13
YzRMTzUKyzNoRPoOFdAxceCvnjc2,2022-06-13 04:44:39
YzgYlvDdX9QMvRIE2Gi5WySYssn1,2021-12-14 11:46:39
YzxPUFIfDLTyWslFtsJx0v10zME3,2022-03-10 12:38:37
Z076w1ciuvRNo8fV2BdVe6kZ2Y13,2021-12-24 09:33:47
Z0QNk5zfzKhE4iaxbwv2Axxlt0p1,2022-01-17 14:56:11
Z0ejjIYzruSvl7He8BP7ALVyQnS2,2022-07-17 04:27:32
Z16ozBhSp7VlDS1ZuIluxrPfYP32,2021-12-16 02:54:23
Z1IrsOpA83V0Zf0RYOIDFcS91Qm1,2022-05-07 06:18:15
Z1KO5GAgSqfNd4ifi72O8PmWzo72,2022-03-02 14:05:13
Z1N9ivzvDBayr0Bezw2vTo9CyzE3,2021-11-29 22:33:29
Z1UVf7qgGZT9iC1PuSFWU2NscHG2,2022-06-01 08:22:48
Z1Y7sTGSf5R72TtgmGGRNvzW9NC3,2022-03-26 04:05:12
Z1n9cW7JXtPHNGeFE2lKgXguz9f1,2022-05-17 00:53:08
Z2WEqREKhOMHCKRlJ8ffr94ZZ202,2022-03-05 08:03:58
Z2lqkeUT2Zay5w46RomxRcSJW622,2022-06-10 04:20:42
Z2v1DhnKdXVX9mI2lQ5ijRe9FFP2,2022-07-22 08:36:09
Z3Ybf7rDYANlDJ8b52gA51nOCnN2,2021-10-08 01:16:34
Z3benEgikMePHDIDNazhMJKKCav2,2022-03-01 16:03:41
Z3jnYKBCgjcrxsae3TQnUG5y6fj2,2022-04-19 13:51:25
Z3nCTKm8bFMz0Woh16PEYz8FPgA3,2022-07-05 15:29:36
Z3oEsKFXvFO0GmvqjALYh1bD1VF2,2022-06-21 10:09:23
Z41hClMhkAeA1WgQZqyWIo4wMh72,2022-04-04 07:18:01
Z4d7F0D9MLOXK36stkhQX5ZcPSf1,2022-04-06 16:33:20
Z4fn3f1OCxY3CeOgKx2Da6rKDgm2,2022-04-05 12:29:07
Z4lZFSkpWoRgEQeBSK7cze2JxT43,2022-04-19 04:49:50
Z4qCnUxtQ0gS628AD0LM0xBklyp2,2022-07-28 13:04:15
Z59imfXhMjh7lAlpM5IIEpJ0n3k1,2022-04-22 06:54:04
Z5ct7UAth0P1xOzKEMgbTvqflwy1,2022-05-04 22:45:41
Z5eqy1gEGsWD0PESsEr7ejnvoi52,2022-05-14 04:32:37
Z5pq6Z2DPpS32AB6JT49GJ59m5p2,2022-06-01 02:17:33
Z64ErPCFYHS7oMsIWmYV2fXoH7f1,2021-11-02 10:30:47
Z69vcpR7XGaxLtwnMi6trGlZzcv1,2022-03-28 16:21:03
Z6WLPtCa75VCEisVre9aVIukNxc2,2022-07-16 05:09:30
Z734nEcokBQgmfnSltTWzgzLY113,2022-06-22 02:31:40
Z73phU3OHLaKU2PwKDI8jvUqXPq2,2022-07-20 03:22:10
Z7pKeG55kbhmDvm3Bf2OYGHld0X2,2022-03-17 05:28:38
Z7tjcVXIuhNkhFbU4URN9COnLKF3,2022-02-22 02:25:15
Z7yxTj3WKWWKLF0rOivKb4qIYcB2,2022-07-26 14:20:33
Z8SQTMfZutXjwW9cYgVLurN73ZE2,2022-01-28 17:41:56
Z8mjiheQORXm2AF8KNPyk4DsHyf2,2022-01-31 06:35:59
Z8oLsoeNirXP0kC114d5R6E5IUR2,2022-04-01 11:43:31
Z99YeFlDgpMMhNnT0T8PNhe8qPo1,2022-04-28 21:38:26
Z9PyN3zbnSWhH67ZjAeA8h7ctre2,2022-06-12 12:22:54
Z9SSunYR2UOgSizSIqXvPc0U71h1,2022-04-17 16:00:13
Z9Wdk9akjyWppHetCp1tiEXagQo1,2022-03-01 16:58:30
Z9XotyKnM4QT9yKJD5ajqaMv6SI3,2022-06-04 02:10:50
Z9YG9flf3SQhdBjwPRsF5K64I6w1,2022-06-04 13:59:49
Z9hl8lJTzlhDVDE7WPmWj2Brz6I3,2021-11-06 10:41:32
Z9kF6UcEV4aL20NVpL5GG5b4IvB2,2022-03-27 09:15:22
ZA6W6BpLrQT3defpiggEIQtEUC43,2022-03-13 16:56:57
ZAN84t9gmZaODJQQchAhRurr51Y2,2022-06-03 01:22:40
ZAcDgLBCKebDQaweLNo47ckNgpy2,2021-11-15 08:45:23
ZAzAE20hcrQl37tkbtsx3FHbdEl2,2022-06-17 17:15:19
ZBj1PGmQBINrzp1i79UJ2a9T6U23,2022-05-12 19:11:06
ZBs7YzHoTuQ6HS2xKEmwdHULaAM2,2022-06-03 05:10:42
ZC1zcy1bjabXv30ftbWrHjesCsA2,2022-01-15 00:06:53
ZCCaY5LbIROFbgmlS6r8IQAqp172,2021-11-07 03:42:07
ZCPyqI2pq6fEwJkheYrdJFb5TW43,2022-05-04 13:55:09
ZCQsf2Xnh7Wn2Jo6RDEeicV3Klq1,2021-11-17 03:10:19
ZCa3bZbVCxUsHLXXEsQxCmk9SAG2,2021-12-27 22:32:49
ZCck3u9NocQ8QfLl6i6fYyelFo23,2022-05-19 14:00:36
ZCcysb5RdqTKXm74jOmJYz9noCQ2,2022-01-29 19:20:13
ZChFmPQBzDWGvm4JsETWXZ9Cp5S2,2022-06-26 13:40:18
ZD63AQDEtqUHwItS544T8xfm7853,2021-10-25 11:50:21
ZD6nuf0xxnNPgr1kfIXcvIUZqFC2,2022-05-20 23:18:12
ZD8qbHZygSgmvwppHDaTG8t0hGm2,2022-07-17 06:55:22
ZDPOi0eJICWMgFwyZSxCqLmFmzz2,2022-04-15 16:46:06
ZDSsCvv8hJMCph54zvn01gpOc2l1,2021-10-30 12:20:48
ZDqgShIkChXGzWPIq09Fwcxpfe62,2022-06-15 16:18:26
ZEarnpT6ZLNAWdbXijb5cCbfUqP2,2022-02-04 00:12:02
ZEgVf5XnhLXQ6F63ZLtD9pzZHgJ3,2021-11-15 08:47:39
ZEmpJaFoRvSesGjxB7hTKgR97522,2021-12-04 09:39:54
ZFPXnAOVK5g1afenlH1ww92YZKC3,2022-03-13 05:25:59
ZFpWmkXYknQ2C2ww41lnP6B78cc2,2022-03-26 08:53:43
ZGF1R19105Qqefcu1332L8cyE4o1,2022-05-28 08:53:51
ZGM965qsewQts418NSAYeZcDXGQ2,2022-05-28 04:41:28
ZGQJFlpiceZn5NsdMv5dqjVHkBn2,2022-05-11 11:18:52
ZGXWVJbVWuQ4QNaYo2uWSChjBeX2,2022-05-24 05:17:29
ZGb5jV2qjvOZuO0pRKCmisqOXM12,2022-03-27 08:48:48
ZGbPTXxu7Udt4Y2nNQd9zmESzvG2,2022-01-13 08:40:06
ZGbztBM6I6cbg5a2yfCM7xJbrU33,2021-10-22 13:26:41
ZGhgR3aF3JVG6kqjEYGNqeDYYIq2,2022-06-22 11:04:29
ZH1G5wR5A9YzLUFAzGIOk4VBuqp2,2021-12-24 14:29:52
ZH3FYYbD82ZffveVyNEHZS6oC7H3,2021-12-01 11:25:07
ZHwYsUeozbVTwrMo4Vd5v9oTN2z2,2022-04-01 19:56:37
ZI585jvQNKYxRd2fEAuoUjTqxXk2,2021-12-07 11:39:12
ZIL2igdGqINxBsKfWOdlTovxcfp2,2021-12-14 17:19:13
ZIMl2dbKu9aCaHztBUnbugrZeQp2,2021-10-23 02:48:10
ZIfsag8sX4NcgQ1gptNQPqFYNDj1,2022-05-13 11:01:09
ZIoMXPUxKZRSSHwY1I3puZUz5HM2,2021-12-05 00:44:48
ZJ2wXIHQYdNAzAsZ8XnF7Qg6ldj1,2022-07-21 18:07:58
ZJssU9Qhr8PYphIy4RefoXrK5pm2,2022-01-22 23:40:04
ZKEoXZWcFUdwZCYrNsnuPf6vv3H3,2022-04-04 15:20:39
ZKN75vo9PGMTy2WoBlBup6DXjVA3,2022-01-28 11:49:23
ZKNajVqLVghzv6FBhHiifEU4s9n1,2022-03-14 02:17:26
ZKRkVPIdETb0xf3DS2xsPpg7Jdt1,2022-06-26 12:23:38
ZKa3ThGEMuZBt3QJEvENCvSVHbx2,2022-06-20 20:18:40
ZKkC1FigxlNkcod2RBfW58Iqk4p2,2022-04-15 15:58:26
ZKsmn6mCY8hXyPT2cOqFCZpDEOp2,2022-03-24 22:53:49
ZLAC0CcpJbay9w8Wu8JpeKXXvXV2,2021-12-07 18:51:41
ZLGR26a9HieGGYyBbSogOyNDiDB3,2022-05-24 13:04:15
ZLlc7iHrFtWvnlxPTtZzJ1W41ku1,2022-01-06 04:41:17
ZLyRBDeHrmNf0xH1xhot9nPOutQ2,2022-05-12 03:19:37
ZM3oLRAuWKhgCAzh1voUxRnF64D2,2021-12-01 22:47:44
ZM84O6vtgmPUJoPEEO8wEXPpo2L2,2022-04-21 07:23:23
ZMcfVWWJX8eg934VBPOcfJlcERt2,2022-05-31 04:56:22
ZMeksJqDLyOpVQIogQBB0kBAir02,2022-04-17 13:07:43
ZMgTWuUqq2YESgqaD7fYkZFSGIl1,2022-07-05 11:36:54
ZN1oXV2rsvZ1NIiXQcxidxoWkZf1,2022-05-06 06:18:44
ZNBK3ZT4I1XPhdG7f9MCYc2t3EM2,2022-05-06 13:24:09
ZNFo5tWVaeQB2EcMbJcP2MdKC1z1,2022-01-04 18:44:41
ZNeOT79zVlUeUA0N5rTO786qGP42,2021-11-24 04:41:00
ZOBwDQJY7SM9yJAZQZfomMsX7nI3,2022-07-09 14:50:45
ZOGHPcXaTobRufZV0BpmglbrXkk1,2022-06-05 20:24:44
ZOGx5gTpNHNnmhHleAMfegarNMC3,2022-04-07 02:01:35
ZOlQrrv0DRZNNMEWdGHpJB0nTMe2,2022-04-05 04:53:29
ZOmif03hVNVLhngouoJNKCK4OOb2,2022-03-04 00:03:41
ZOq8QufTqITzkgd2z3hNeH3ZcRb2,2022-07-14 19:36:56
ZPQ9rlnpobOecnvGKk9wadtfD543,2022-04-30 03:22:23
ZPVz1RMHSQVEmvmlQUS6FmQfVyH3,2021-11-23 02:06:37
ZPeG1EgPQVUgHEoAeov5Rtj6Frj1,2022-03-04 11:31:18
ZPfOKkWsqzW8DtTYr5j7zvbQpMo2,2022-01-14 00:07:03
ZPqoPLz0VgbsHjv7AQ5d8XmlgJa2,2022-03-11 02:23:25
ZPvklwZkrRc9Vy1Ein5NfiRQSZo2,2022-04-21 22:47:13
ZPwo5fRJFDPbfplzyTBz2bkxwDK2,2022-05-15 08:06:36
ZPxFruri9TUIYskbySb3e2k2V703,2022-03-31 07:51:47
ZQIb42F8Fkbayv8k3V1tCZOf4L83,2022-02-19 08:46:53
ZQK0VusSBLP3UOolqdVgDmolH6X2,2022-02-17 12:20:46
ZQb0fngPOoWMAFBTVP4fs17tVRV2,2022-06-02 10:01:35
ZQoBEPBAVZZn6DNotgVerDy3VfS2,2022-03-23 03:04:40
ZQrIZkuMq3VUD59Us5BQQIrTFbl2,2022-02-25 18:39:28
ZR4fOxgm36ewZMEQJkS1ch50Imp1,2022-06-20 20:00:37
ZRBLS5n3tpbrQwWIDs5pVstWMbP2,2022-05-05 18:43:28
ZRSLXJaUUqOOHz78PcALLm7F9q93,2021-12-04 09:23:19
ZRYFt8ScczSvJ6VCiRRPui8ymqB2,2021-12-09 15:01:58
ZSB7w05V3ChLPQjKH8IulmQRGEA3,2022-05-29 00:46:11
ZSGftbL2oQcppR5o4gaaDlyFZUi1,2022-07-01 21:57:30
ZSpDeniIsfUyU4wYSs1G10loUx22,2022-04-27 11:44:57
ZTS9EhZ8lhUHBSHkVokxX4XfdvE2,2022-05-08 14:21:52
ZTb493MbxKUE1eKEEDn6lOKKdsP2,2022-04-30 04:44:37
ZTh1TS4aWyMBBm5wDABCrzEOADF3,2021-12-31 01:35:13
ZTlU4l2EoGU9jXktLx6wKJomIqt2,2022-07-21 23:13:50
ZToeIO4EZUWlBuKjbQBiZKp8Mxi2,2021-10-21 17:12:59
ZTshzrRh6BTf6B7M0RdxyBegkjY2,2022-01-29 08:42:07
ZTvpg2SrApakObgu9MruPh6OvJq1,2021-11-20 18:26:43
ZUHFoRhOXBYYEkt7N7iUwVhT9YG3,2021-12-22 11:30:59
ZUTag8k7lZNVzovuRtAVRUQMQA12,2021-10-10 16:30:56
ZUl5b6LRSzS2RAIFAeUYY4Qk5MD3,2021-11-07 12:30:12
ZUqtSnBot7f96quhBkZIdWGf2d62,2022-01-09 04:00:01
ZV7zr5kGfMddcJYCpESA7UQhFBU2,2022-04-30 15:35:49
ZVHJGZaAFacZGmhkUHJJTIhESkm1,2022-05-11 22:23:19
ZVSW60vuJiNcOvr0jmYUs5IWPgg2,2022-02-05 02:30:07
ZWgGLMQIgYOLAQXZoycLfPor0S02,2022-04-20 01:57:20
ZWiqPNkaEIaITSUifpwTBRuKlA42,2021-10-18 18:37:26
ZWqe9x5TJtYnHR3In1oEdCq8uwY2,2022-04-30 23:53:55
ZWs7RV9o2DXYaCQ5ZdTKZPAntYJ3,2022-06-09 15:35:34
ZWwBlBSYA3aNXOHwA5sYBdCp9Zu1,2022-03-28 17:51:50
ZWzFV33FuiT3PfZi8kQWP7mZeFF2,2022-04-04 02:34:33
ZXJtIDlvpAf8tQZyED5QDJwXuJq2,2022-07-28 13:55:31
ZXN9rcQfCONeDqsp67k1DUKHlED3,2022-04-17 17:34:33
ZXNIwO5N3fhQywMxLx3BAjKFmsD3,2022-04-12 09:39:29
ZXQtOZEaT2NXCrEv9yswQxgqnVu2,2022-06-03 13:40:10
ZXVUoTUhpYfuTO2ubqFaTT9gGgH3,2021-10-03 09:43:03
ZXeNxjVASXMjEOWeqTQyyLUMbeG2,2022-03-03 09:12:43
ZXhkJXysN0doRKE9qzWCrDXLGOn1,2021-10-16 04:37:07
ZXq2IJBwx9XCXdens6yT0cOAdEX2,2021-11-29 18:34:20
ZXv5jY1SirSPzJUUNkIOwa9Fu742,2022-03-02 07:22:57
ZXwavY4DD8PIudoHghNKhznHn582,2022-05-23 17:18:26
ZYJGFjEjHAQbyn51FEiU88o0KUD2,2022-04-17 11:49:14
ZYbNlKijLObShWza0AR1JVD8ZkX2,2021-10-30 02:35:23
ZYoB1x6mO4cHxxpJb38qjMv43P63,2022-02-13 22:11:44
ZZnaEf3qREfS1gNylN4Iotpwtgj2,2022-05-03 06:19:04
ZZsDfauMFxO8HtfINLDBDlGeaqR2,2022-03-07 17:51:45
ZZzi2Aop8cW1eBTfrkCmWQghF9i2,2022-04-01 18:14:48
Za20ooiRHYVXYQLHaJqTpCjNM5i2,2022-03-22 03:22:15
ZaJY6E87alPRsv3R02v4CWLNdGk2,2022-03-23 12:27:13
ZaO2akT46FZ3ZM8kCj8Dr9cBC4o1,2022-04-13 17:28:11
ZaTQCbR55rZ88EQPvivCyQmfLRB3,2021-12-24 05:55:19
ZayFEz4Z5tZo5o8sjGj7YNaNuUy2,2022-03-22 06:43:28
Zc7vE5oSYqYRaUceSTyDtIMN5Fl2,2022-06-02 09:25:14
Zc8dtE4NadSMeGY2Ij7NPzL1b8s2,2021-11-07 01:25:12
ZcCwy1ALycRu9plXYg1YLtZzOoi2,2022-07-03 12:12:41
ZcKxYrkP64fIU3MioynKc2nog3J2,2021-10-08 06:25:06
ZcVPCtk7Jjdjp7RduGR4bTEEfhx1,2022-07-22 08:33:45
ZctA4I6zpETZlS2AYQbn6d2Gzdj1,2021-10-14 17:55:24
ZdFQKbXObddAtb0xYCFYyzRsoTx1,2022-02-06 08:17:08
ZdNbmeo5sWVBVhmvzaz8wOK0p6v1,2021-12-20 21:18:13
ZePVIipB51MZl5cma64NgLCOciK2,2022-07-23 16:45:21
ZeSF69epFrZZ7eR2mMnZCe3neSQ2,2021-12-21 18:37:26
ZehridlMjMZLIgGgLHmQZhhIPtp1,2022-01-22 17:29:47
ZfAOJKcWb4XkLcL4rLJrPyoa59M2,2021-11-20 10:12:37
ZfJFZTZqQGam3QGAGcJEhSOyxZA2,2022-04-13 03:41:15
ZfKZGOysNagRfqBkS2yNPy0afZK2,2022-03-22 03:18:42
ZfOSVsJpU5bjIJU8162SUPQCeXl2,2021-10-27 00:36:10
ZfOpQUXkxgOto2IEmblU5AV7zGR2,2022-07-24 07:00:33
Zg1MFbNiJ9QKRwBfLdtYGV38ftv2,2022-04-24 05:04:33
Zg3pF3VELnesOhyCWqKKQx02NVU2,2021-11-13 02:14:50
ZgDaVQ7T9IeTr7PTjySG1kGAfyy1,2022-05-08 11:01:25
ZgDz3xTlCjfHADXJuOP7ybONmcQ2,2022-03-21 01:29:43
ZgJl33Qw1PP66bMszOEq61SfElx2,2021-11-25 06:34:03
ZgRjYu6L4NhqVaY3esHBnNtogg53,2022-02-01 12:35:07
ZgaJmVyAxRdwVmWIwQPJWdqRuAZ2,2022-07-24 23:29:29
Zgc6IVjF4vXPYDaLS5rS4aWUBmt1,2022-05-11 10:12:47
ZgnDg7tOEyXnJmrUOBpeEX1rO9y1,2022-04-13 20:28:21
Zgoo7jctplXUvNqsOQ9hX2J19V13,2022-03-03 10:53:20
ZgpbQLaya0brJUZJiCyYjwZnI6T2,2021-12-29 07:20:11
ZhY9jYaXKCeFonLXW4lQjw5UPDC2,2021-10-23 15:55:37
ZhhWPxaA0ehtLsPHJYTouaaAFcf2,2022-02-17 07:50:29
ZhlCLj8hB9WJIeSKQeNX1v0INeX2,2022-05-19 11:26:19
Zhmlgw5RHgSOsbNZQx6yYgLEKWE3,2022-03-22 10:06:48
Zi24OqpGP3c0DORotoycuJpyKpx2,2022-05-17 16:15:07
Zi5DnILzB4Nkl3iCL6v2vYRGfGy2,2022-04-30 16:01:57
ZifzJzwGSBPnpgitsAwfmQctozN2,2022-03-15 10:44:00
ZjHUxLEklQeixsflN3M8ecc3I0X2,2022-05-23 15:34:31
ZjNq8m3EK8TsV9odYrz3oKMV27d2,2022-04-18 07:44:23
ZjdB2f3kDebZBI9IT6oopoYi2Ix1,2022-03-12 07:05:28
Zjn9Zc1uOBU8kNw8oG0afpJGJGC3,2022-07-01 08:30:37
ZjrxIvbsPEf5YaaS1ARuMX1C8Ep2,2022-03-16 13:37:27
Zk9YcSTJ97XlmbDejnwZyoB2vtO2,2021-12-15 08:36:12
ZkRavtWuTDMCf3ANoyb4qjqSyR03,2022-03-05 21:40:23
ZkkiqYCJkdQJxsFjG2SgW4XYl8C3,2022-07-11 14:20:10
ZknFKqL2gvNmYukjnBhhXJLJU7q1,2022-03-20 14:52:36
Zl80O7x5b0fFvteOx3ghngTunEQ2,2022-06-28 18:35:10
ZlCU8zxdBhdrU46WawvZFlPFD5C2,2022-05-15 01:31:03
ZlFBDT10SWWr6v52lL108wg6RCq2,2022-05-13 09:55:06
ZlcZNpKYYfdHySaswy67q5q5otn2,2022-04-30 13:28:19
ZlemdBItvjOZ8YBsLku9ntBfOZ02,2021-11-08 18:02:47
ZljjffBn8DPViQFiAj3UZETFJAC2,2021-12-07 21:06:19
ZlmZjqLfFkXSZ6SPj6za7krLwpA3,2022-03-09 08:01:25
Zm5Exuff9jUaMwh0k3DiCGt0jPB3,2021-11-30 07:54:28
Zmcoxz7RC8YXrW18sjPGNVgHKgJ3,2022-03-08 11:52:58
ZmpEZpoLDtc6aBwWp1caE7v1Eqr1,2022-04-13 20:57:17
Zn11DEVtMhbXlIiFtnGc1eaoPFn1,2022-05-10 03:22:21
ZnDNAzQ6DPhlg10RuMnFd3waTPF3,2022-02-25 05:05:59
ZnIo6HEZakReyAeNCneWgGQtWt33,2022-02-17 23:02:38
ZnT007UbECVdCwtYzCMGUqW844g2,2022-03-06 14:55:27
ZnXVNMIdFPN2L29sGlBv9r0dXWC2,2022-04-05 18:27:54
ZopCXhrTcGSl4vpp3lzCzVVMjeM2,2022-05-29 00:48:11
ZpAJwOY6t3dit1gm40T9e0YGlEA3,2022-06-29 01:32:07
ZpXD31NgmoSYiMZExqgivtTV2CV2,2022-04-06 12:15:58
Zpcu94Cc8acPiYbJB6hgPR88fbp2,2022-03-27 21:59:57
ZptW5WLT78gjLhsh9qjJ1f4ILg32,2022-01-09 16:39:53
ZqAjnEjjVQMz1R5SZmUNaSLPIfh2,2022-04-03 15:36:02
ZqBFOzaimnVbdPYxzzW0Jmu4iCA2,2022-07-11 01:48:17
ZqnREzPYYddxKxStzZuy5W3i9AH2,2022-04-22 05:31:18
ZrBLD2cY9dWnfKPdDJbhpzRwQBD2,2022-01-26 21:16:09
ZrEFV0yUzGOEWnrwre9PRqxXoPa2,2021-10-08 07:03:28
ZrXLVwrFySeAp8J6NSqOTqBVm813,2021-11-11 18:34:37
ZrtLqraGSCNQwlEokMKVQ7qhHDg1,2022-05-13 00:26:15
ZrtTkRiOLVhi6ZnRp1gwVM3pD1l1,2022-04-19 08:12:54
ZryDnG2NELhy4RZj5UHIE6zPpM62,2022-04-30 19:59:50
ZsAZLtQ62nPbBVsA3waz24jKmlH2,2022-05-12 14:23:12
ZsdIHEOqr0ZgwsIhaLHIgfxAZI13,2022-03-19 13:06:45
ZtykOfNJwOMoSMVJbGiZ63RJCGN2,2022-04-18 05:23:26
Zua9TyZBIdM5jI0f3fCExgZjzcv1,2022-05-27 13:59:11
ZufnU76KjcPVcjRn8GdceKeq0Iu2,2021-10-15 19:13:53
Zv3uhsdzXLgPzLclnfISzkRfcYd2,2022-04-02 17:45:18
ZvoppOUNoibVMzES8grki7iDfFF2,2021-10-11 13:56:22
ZwAp7p2BoUeMvOB6eSwj3FFWg3r2,2022-03-05 02:39:31
ZwH6OtkcrhdAbAau6ucSjalvcBl1,2022-07-17 03:41:16
ZwcqMED22Nb1UNjUDGMBUbTAT4m1,2022-04-17 05:38:06
ZwfwpPq2ETbIfgG0i0BTyMMmlIy2,2022-07-19 23:53:09
Zwvu17ggUudPFAuQb6B7i4S5Dow1,2022-03-19 11:00:44
ZxCMgefBUAZudunw3SIYbFUZR1j1,2022-03-28 09:54:18
Zxh6hdwbepUAbTdoJC64n45TfWq2,2022-02-18 06:09:09
Zxjg5DyMsuWIXhtuFoKk1uxCeOq1,2022-06-20 22:43:11
ZxuGJjdRvNf7BvJiLlRNI3hpHdC2,2021-12-03 08:33:31
Zy4gLoJk2FOw9bziHqIcUFDyqQZ2,2021-11-29 20:14:01
ZyFM3zhdFNaUW4rW2sAT2hdM0Q93,2022-07-13 08:32:02
ZyL7z8Dx5FW5NkgHUEZIJuzz7ep2,2021-12-08 12:03:33
ZyODHW8BRJP4ubBjQqvJRIDtB9N2,2021-11-02 09:00:33
ZySUqcS8GkbgA6mBOMQX7uU0r7R2,2022-08-01 05:58:53
ZyWtZ0Ze3zdf8jJESetjLKtOm592,2021-11-09 14:12:35
ZyktxEBSkAgyXcJ0HXfCcF9jGhA3,2022-05-05 07:38:20
ZymVFUkLVTcF10jnDbJLP08kFIZ2,2021-12-16 15:03:44
ZytK8MHeNyTgQeyGeel903ohQMt2,2022-04-17 02:52:47
Zz2bOwRYGVWAILgPrtxsqovNnsA2,2022-07-29 14:07:10
Zz3C7znXeHgkN15rm3WCVzO5zCh2,2022-07-22 13:10:53
ZzKQJvxaTsM2hsgj7SUwFXgVQE33,2022-06-03 06:59:00
ZzXixrVMEsRsuaLGvRaHmv9Wdx13,2022-04-14 04:41:05
ZzhcQvAO2GZN14dSTSntzEr6JDn2,2022-06-05 04:05:49
Zzo1XevncTYuopLf6LvaHlfQHYx2,2022-02-15 22:16:20
ZzxNV631qVZpFGHRqgexu8duuXx1,2021-12-10 13:54:56
a000JwXo8mZdbzZjiT3kL0CofkS2,2022-04-13 06:29:59
a03pi6HZGAOW57Vg55qj4aSCjL23,2022-04-04 20:44:45
a06JQZvotqWDN6t2fOkeHKvbzdi1,2021-11-02 15:18:55
a0A5IyohLYeEYKB2ol5o4SVqL732,2021-11-01 14:04:43
a0HozbsDONSzAjzjdyCY6cD95SD2,2022-04-13 10:26:43
a0irGNxVT9dXkfgsOWuRXpHn7L82,2022-07-01 06:25:23
a0xgWPZXxXNRvHMmGMfy5k1Uv9D2,2021-11-25 13:10:17
a11wmo64mQPTLLQ1lDaaHNLyTZM2,2022-03-19 00:44:57
a19vwHsPSFXvGuQ4yr4bx8fIVJm1,2021-10-14 16:20:23
a1XLhNJcUVcDZjr8nx8m1G48xkv2,2022-03-22 11:55:33
a2blGQyhR3egysXeKUA2MO7TpYS2,2021-11-11 15:07:32
a2rZBnuSySXq9qtDGmEAZd819RJ2,2021-12-26 11:59:19
a2s2pmlW5uMF3eST1mF0Xv60z5z2,2022-01-13 20:44:49
a2zyfc1cwKbMQg3Ywn9YNHWdr0C2,2022-03-04 11:45:45
a3FJhDFw3obaYDPhWDNjJXuzOCV2,2021-10-30 15:46:29
a3HLZtd4eSWa5o4PoR3uo6V5TI82,2022-07-10 02:30:26
a3HnSW8njhQOEa1JQHjzavgIjTb2,2022-01-09 09:17:58
a3x7SbRg2vbBnuT6MJRMsIoblSs1,2021-12-30 01:55:04
a3zBtKcLkiVqkJroAGY3rTZxSDj1,2022-03-23 19:18:03
a3zntOqbzGbQwVMXeK6guu7Wiq42,2022-02-27 23:10:41
a448LpZPiXY6BUIOg69Quc1FO5J2,2022-06-11 04:12:49
a4BmleYmrpSBXSYSy3DMgMV88Wq1,2022-04-13 17:08:55
a4LpgtMI1tMa7OnSAVIWOpOLjMD2,2022-05-22 07:33:55
a4Saw3eiFzWxEyVEcTKpRvcZ5ai1,2022-07-12 02:13:35
a4WzTAs58pbNaCsBi3Wa3gkyebT2,2022-07-23 09:32:28
a4b237ToLBSq2hdXbyigkaQ3nuG3,2022-04-02 05:19:38
a52qtJE082UudMrTUWwWwIZJb5H3,2022-05-07 08:09:38
a5RSOU6k9sPOImsnCcM2drbhLwi2,2022-06-20 02:42:54
a5yXVJZbMXRfEE3dbGGgOxK67Dv2,2022-07-26 14:41:08
a6GpPORHG7MSP8XyCCT24hTaDrn2,2022-02-11 02:34:36
a6TKwXmsZIZhyUtAINg3M1mhJVN2,2022-06-12 08:55:11
a6U0jxIAuOckUkBy5Ts7IfectMI3,2021-12-04 12:02:11
a72jUr75HOZVZzhnTZ5EoqSny1d2,2022-02-16 06:01:17
a73ycQakuFhloZbedOab2SMPnLi1,2022-04-10 19:50:11
a76bgdjFSMepxj2wRqdV5FsmrMn1,2022-03-27 07:12:47
a79hF7sR09Z3BUpKa8f9f0qHhtv1,2022-05-05 22:10:55
a7ELGUb5KlV1a6LYGOdYFYXfIM93,2022-02-01 02:53:40
a7hFSy0Ir7bi3OdHb9DKMFZVtgm1,2021-10-16 04:44:12
a8tZWIt5QlgJivkfghwobPDYsY63,2022-04-02 15:51:41
a978RHYYf0SCpIHDlLjm4ghIr2h2,2022-03-21 17:56:22
a9Me3DK4LjOGSsnYT5wMBx5cSr82,2022-06-11 04:04:13
a9oSN9bNAofulzAvqv3aGI0RYdp2,2022-04-26 14:57:23
a9pF8b0jxwNZxBo6Njizo7cUYw53,2021-10-16 02:20:50
aA0fWlCsUHQFYr5k4mbUycY3wg02,2022-05-09 05:41:37
aAX8qoT9plaY5G6POz32iuBBtYg1,2022-04-12 18:49:01
aAXw95Bv0pP2Oqi4yCnVZLnI9573,2022-07-02 08:52:06
aB6zLQ5I2ndasZT5FTtb0wdatEE2,2021-12-23 15:05:21
aBaScqQzElX9tLuejuYCQ2ZjHtD3,2022-05-11 16:48:08
aC6uHSWo8Pa0cTUjwbUId2PZVrp2,2021-10-11 12:45:43
aCCY7i14wbeNQJJlj8xZGOIcgGO2,2022-02-19 13:14:13
aCJI9geGVbhAmVNn9PADb4SDCpr1,2022-03-26 12:57:33
aCLuW1Ve2macY0b0JcIJ2nf8FE23,2021-11-25 13:24:26
aCaKcyKIGve1aglKeAu17ht7Wwi2,2022-02-27 16:37:33
aCdwl9AMX5cBDWSwnbvDGnpbjud2,2022-06-14 20:27:28
aClWGChl3Bbxz4i4Jkpj3BO7jBx1,2022-04-17 13:28:49
aCtAFbM7ZigNtB5nQxc7txkbqLt2,2021-12-11 04:59:37
aCuFwSidnQWU4nsgs3MswamVPBh1,2022-05-20 10:30:44
aDQE1VeSWfOAPg8E6zHkm6P7VEq1,2022-03-26 17:12:23
aDobiFel9cgUyMN8bE6VHMUQGd02,2021-11-12 09:21:22
aE5cAVw2z9QjPVygAW37dgSEirX2,2022-05-28 11:42:38
aEoMZTh8RGSLQZIjROncWxPbx563,2022-04-16 04:08:17
aErjlR9Y1CXa8f9blBqPPkh5Icg1,2022-01-21 19:24:43
aF121Ho1RYOmCtemLCL1y9kpZ8g1,2022-04-17 08:39:26
aFeFrz5n9bMp5XCt633qkFswxdy2,2022-07-22 14:11:11
aFmOMvB9xoMBf1gvvaJLlAikqDa2,2022-01-10 17:50:27
aFnGHOsgU0SWs3dGKzGkL1Os2ev1,2021-12-23 05:41:46
aG849wBYiYZWk59cD1KFAl73g9z2,2021-12-20 00:50:55
aGndi1JPy9WcWY5GuVlrIW5kYIH3,2022-06-19 03:44:57
aGvwBqpGxJV8TztY8UC6LZ4ZkgW2,2022-03-04 07:10:53
aH2FpiZkXWNRMmLznj6UgRE8MuB2,2022-04-21 10:42:38
aISemnlkfIRh5OtSug5sAReBACt1,2022-03-04 08:41:57
aIzHYrA5SrRnyto4TBB8mOPtp792,2021-10-03 02:10:46
aJOYEi1aSaQ2ZYyyte5YZwhcz123,2022-07-30 21:59:20
aJzybwvcb7M1REEEBoH3h5Bk5fS2,2022-01-09 21:14:28
aKFJlvfch9SN510dAzKurp88bDW2,2022-03-28 19:55:42
aKRtu6etCiQiVxVQJPgBs0rLJI72,2022-05-08 13:42:34
aKbBFNX0eZZHXDNZ0U5pS48aoKx1,2022-02-07 22:53:48
aKgfKVIWS6OyCnsM0xMM3tUSJr02,2022-01-05 03:42:28
aKjNbGYtGMOV1WUBFo7ivcRb6BC3,2021-12-21 14:55:20
aLMDhuZdv9WI4OBvBW7bKjWuawg2,2022-04-03 17:34:36
aLMe7lNQv1UfCv5CKpy5WxOf7KF2,2021-12-17 10:49:23
aLzziSzkStNI0GvOBYDQqrwRsaI2,2021-10-22 13:26:07
aM0621imUAdbC6wYaZAicBRArwb2,2022-02-08 11:40:45
aM6MujSArubdETZvtYI0cljRzD02,2021-12-06 15:37:46
aMCyrcEQCKhDF75g3LS0JiIsI7I3,2021-11-07 07:11:24
aMEj56w6rbRjsSYsQxxokU8yzxJ2,2022-03-17 12:51:12
aMrqNyUYtzbrPLqmNhK0Jj8XwyZ2,2022-04-05 07:41:40
aMzXrufOrKfhqPgQSp5600hpCn63,2021-11-24 06:33:14
aNDcMV2mXRRmenlRK4rafWrKKdZ2,2022-06-13 11:47:50
aNZ88YX2zTNTGsQ1XEZAFY4LWMf1,2022-03-12 17:43:34
aNbILLZMX9VQOdf6bfvZh3UKYA32,2021-12-06 15:33:00
aNkbtpvMp7SHsgGHon3XixhWvce2,2022-01-07 02:00:42
aNkhbBRsZAbrEwfhiEsOffWExGA3,2022-07-09 11:49:21
aNlnfUksOiQPZkisn9Bt6Y8cSVF3,2022-06-05 17:05:40
aOKCuCpOfWQ0tDQ1yqVCEAPmCf63,2022-04-11 20:31:21
aOd0gUt3UcVwGdBidiAyyrrJLJe2,2022-06-24 14:58:30
aOvnmtkparQFXl75vy1nLDRbk1M2,2021-10-20 16:30:20
aPJgUhhnupP8CeEHeA64uoErnjM2,2022-04-04 02:02:13
aPUrOiEVbGWfOSnRX3tnGY0o68Y2,2022-02-23 18:10:07
aPnbfYuy2oWz5fKk5C95uldFomj1,2021-10-05 13:21:16
aPslfU4rI9V6I9H2CecCOUYNkCo1,2022-07-20 20:01:41
aPt2CLFMS1QmbxPyeP1JJGmEQEg2,2022-04-05 14:00:47
aQJWixH29UY1qRL2H6DeI0pn9Kb2,2022-03-22 15:52:46
aQYg3OpBoeTuZde5JK8MLRj3qS52,2021-10-19 20:35:12
aQjdNUiyQgNliq5V1KmCuS43TqG3,2022-01-21 11:44:41
aQnyqseWz5gqUjGKlAvoQqGxQZA2,2022-05-14 04:04:34
aR3m3B5NKebw6UHlhslufyixJTD3,2022-03-12 05:50:36
aR95eXaXIcPJTu8KpraBsUKbRd43,2022-02-13 01:33:32
aR9ynUN9rEVRCotWFxtRfSLy0Zu1,2022-07-24 19:56:58
aRk0YCx1rth4kFbsGcB8sZTTGdJ3,2022-05-06 14:43:43
aRrFZdMi7galmNDF4btpwk63XQ23,2022-03-09 06:01:07
aS314jZE66hsMEp0E2wevF0Pis43,2022-04-19 04:47:46
aS7sUFsn0mRJGUYXO9QMiLqoePl1,2022-07-20 04:57:57
aSDjhei7XSOCZwwYI5haRWoyYmW2,2021-10-24 13:17:24
aSK6CmWqthZleRJcrYZ51MQt2AJ2,2022-02-16 03:52:38
aSTdxuwi76YXn3Q24e220joi1fM2,2022-05-27 13:53:11
aSVZqv4mMXgNlp09s9EwCd6chSI2,2022-04-27 12:49:09
aScH9acJSYe7xeysBBiOlW75hOF3,2021-11-04 13:06:47
aSjW24W0mrVlm8WQ0i58YmYpwB02,2022-01-17 17:27:35
aSltC2UBjudSQoKJ2zWTPU5wRWJ3,2022-03-31 06:37:10
aSxvytNdfTeoK5dB3DKWADfhB7b2,2022-01-31 12:41:57
aT875XJQwXQPNoXBXmcQkw7TheL2,2022-05-29 13:31:15
aTFCufs1nfdFNeygf1E4JlA7Wak1,2022-04-24 13:51:57
aTY7ALAAJHgqERkyOuhfpqrNgeI3,2022-05-01 03:08:14
aU4UizEQ0aWnZvZuG3HihuaMNAk1,2021-11-02 09:45:11
aUUdT2YNunTcTH1eysPcfuC25hP2,2021-11-13 14:42:28
aUcTfypKtRWR6aWDCYKQ5EKNWb83,2022-03-15 04:36:19
aV8v1QJAKDaoJB8mk2oIPeFx8jv1,2022-01-02 02:10:13
aVRHmukODDMTIXfwBZAdat4XTRe2,2022-05-01 12:47:01
aVUFVJjKtgaWzYoH73MJY3Lf9Bk2,2022-05-16 13:54:58
aW25bhiI3xM0bugiJdWWVeQPPyE2,2022-07-31 15:48:48
aW4PkIBpvrYAGpirifBmXQ12Plj1,2022-04-03 21:08:14
aWJhtaQ67CORjeLKrRI1tohDFj33,2022-02-13 10:23:29
aWMcbSqz1UhCErFt5CIiWynOsfk1,2022-01-23 21:23:30
aWjPYxVtEOMZ8rVz7ec8tkqI3YK2,2021-12-03 03:02:06
aWwqoy5g0yYotsZxUDwVBbgfikT2,2021-10-09 19:50:21
aXIGfmi7mbf5l2Uy4iW1VNgVzFH2,2022-04-09 23:49:29
aXdSofCcUda0RKBkKMymEZlLEw03,2022-08-01 12:15:59
aXuUgKwkP2ZwyWybU0HZWPEJ9am2,2021-12-01 09:21:55
aY3rLmAXzCgBZitrp3ixPN2mjjA3,2021-10-17 04:08:32
aYCZ4EvjiCbVZW7J964ZdqtbyxT2,2022-07-28 20:25:41
aYSMlLRj5KM4kqJMvQUHkG0UarR2,2022-03-18 13:04:26
aYUymZoQuIaQ5FB5nPTctvIsR0O2,2022-04-19 05:03:44
aYttr8dIN6a5GFfB7hqWB0Ey5Lv2,2022-05-28 01:51:03
aYuy5B0y14gCVWX5ZPIUwL5Gxa02,2022-04-27 17:19:05
aYyick0zQQacYjUlR8bj8OIlopp1,2022-07-20 21:43:54
aZ7oqihg9LY8IAnj0buzFhGba1G2,2022-01-14 19:35:15
aZIwjbxg9SYBsiJP8lqBiuPDyvi1,2022-04-28 15:19:23
aZRp8ovpR5RPFGpeZ3b3QcUbpnL2,2021-11-24 04:46:35
aZiHqYGtsAQfNBooD1nkyM9PZ2m1,2022-04-11 03:15:55
aZoCEK8A8xNOZX9J8jTXzfk6YvC2,2022-04-13 17:34:10
aZpl5FaF0dQOFJaH5DoKEqsLFJA2,2022-07-17 09:55:39
aZuUrdPynFeNMWMmDyLAguXIs2o2,2022-01-11 15:18:11
aaCyRKXFLfdT5p1GK5m6A3OgSNi1,2021-11-13 23:58:07
aaMhpOGvsxS4udkYFu5RZUYLyS42,2022-05-12 00:47:17
aafwXhjABkSLAyZCcYlb90fsZAx2,2022-02-21 04:10:39
abQxDN1DdgcyREjD6QB9nXyvvT92,2022-07-12 05:53:17
abSg95f2uPeMInbAH2n7Q98uk1g1,2021-12-27 15:35:49
abYIuGd0TcRJDiWETh9obLeMU4N2,2022-03-07 22:12:43
abbWX50uAePw0dxK85CrsG10cAU2,2022-04-18 07:28:40
abgE9tpB5bZB1OGZqBDtWOksnO82,2022-05-19 01:07:41
ac2cgNO0JlP78t47sUXyeHgnqXq1,2022-04-13 20:03:43
achJLBNC8zcZsFRoaITpiBMoTUG2,2022-04-23 11:15:27
acjKJo32fgdPSW7gLPsN3HMTte12,2022-06-19 03:56:26
ad7tnMK1W4SQLYLEnLcNN9Ym8Y22,2021-12-22 22:16:36
adIeQXrxtIbBaXMjFCt2pNoLSx22,2022-01-31 07:41:40
adLfqTXGcYZvJtA2CPrrpd4fegg2,2022-06-06 10:44:11
adW3shrGA5bmpxFpXdzw1PYsfWq1,2021-12-02 08:16:01
adblJsiY0QXoQ0syXyZpNkcGOsB2,2022-05-24 10:38:04
adcyvduKPNY809OfaB6E8sZxYvX2,2022-04-14 04:11:22
adpA61WfaCZ615krh393p3rb6t63,2022-04-03 18:08:33
aeAoDoKgUTMlVQ0AiUbBxAK2Swa2,2021-10-20 11:03:09
aeL5YLqTP8WesHLmu9gy5HsbDvn1,2022-05-15 23:31:13
aeQA0ULR8Ch5ip2lTm22Tyff5e23,2022-05-22 03:29:58
aeRt2V378aRqpZicNHYX2Kxobjp2,2022-05-06 08:53:49
af4xhy1LWDVAVs203mbQzk6YPmi1,2022-02-19 01:26:53
afA0oC8jsyNUHBUag2teYOEb2C52,2022-03-31 23:38:14
afB6X6JTCFQvAvzudLUq6PqDSNt1,2021-12-03 01:02:05
afIHpmsfXsd4UgYDNHhZORsw17F2,2021-11-14 23:19:39
afezyFK2dygUS1a0duvGrb1axQB2,2022-04-17 14:08:14
afhSIvouWaQkHJXsM5hVzBP7CoE2,2022-03-05 04:15:34
afqNTcnaDQaG4PsZUc2JVlrMt9M2,2021-10-04 06:25:03
agH7ItzmFCTzrTnx7f05NZo7bni2,2022-04-21 04:11:59
agofLVl3BjUrDKoRuSHVTvJEt4f1,2022-07-25 16:32:01
ah0YPT4NAZa69ZnDb0yXJSxrnoI3,2022-03-21 01:46:19
ah7YTNOHuwQk5syspb3addP7o6N2,2022-07-18 15:02:03
ahUYHIEJBIWXLPOfGnOK1AjKOKA2,2022-04-14 02:46:04
aiRq7kCZWDQwXtmzbQPhrmDWViF2,2022-04-16 11:44:56
aiS7eiDLCAbJf9W3r26d6xuvIKu2,2021-11-27 12:17:30
aihgXKCNs1QK5b46cKklmHg1lpz2,2022-05-11 22:02:24
ajAXVLu2mfVDggBuJNTYFEXmth72,2022-04-17 12:36:25
ajULkDsRGpTCbtgFnu8DEzFKfaL2,2022-04-21 12:42:49
akQJET8l42Z5BrSypewkxnUoYVa2,2021-12-25 00:54:09
akUnyLJ49oXKl3chtf11ZsXsKdh1,2022-06-28 12:02:29
al0REgesyBW0kF63GSfUC7sAoUM2,2022-06-10 15:00:01
al3rZQVIv4ZYUYBcxL8nq0zCwkX2,2022-03-24 21:47:48
alMaQsjw3oX4bhqvupFIiMsEpGf2,2022-01-15 14:40:40
ala5ykMdDdTpZnFJ7bAYZkGVn2c2,2021-11-07 16:01:22
alcVIxLWfGb2SUZ3LEjoyPFfDkB2,2022-03-04 11:14:55
aleWt9xVzoSmQCc6vZfbeO9Ojnl2,2022-01-07 13:31:26
alrgAWzmKwTzmKUViY48TT9EtLt1,2021-10-11 13:36:35
amOsWMoEgrhOly5JkxeBEbQqVkh1,2021-11-24 04:49:37
an0sMfyOVYa8wjh5PyZC59QL0ob2,2022-01-31 08:22:38
anIfNxjqoDeRezLGPLCSwSF76Gv1,2022-06-12 11:21:31
anTMrfSiO6b9InbjQGzpwWHt6xz1,2022-06-01 08:42:26
ane1M9eem4Vuo2WsQmk3cHPHFTf1,2022-04-14 11:49:15
annj2RDcckaXVbmDYTwVKgviG7i2,2021-11-29 06:50:03
ao4bBfUpQXNNUMBYrFrfhD174Fy2,2022-01-30 02:04:08
aoRaLf5piFdH1RtdYI7XiRN44V33,2021-12-16 18:12:24
aoVRBdjMV0P6PqnPTRLxarJ8E282,2022-02-12 04:54:48
aorTUCu1j3Q9k3wVQGx88xzTgqu2,2021-12-21 20:42:46
ap7TKK84KlYz562Vb3r15k6CXnd2,2022-02-05 19:02:45
apbdGlgzyMW23cgbOPY4qGrMOuS2,2022-06-08 13:45:10
apfXKGc3rWTXQRojaK5llZTaVgg1,2022-05-01 08:59:41
aptwOFAZawNoLkhUdG8YVQN2sIH3,2022-02-11 00:35:38
apuwqnRTGMNTmymaLreSL3SO0pk2,2021-11-01 03:15:01
aqAKTznTszYL69a2cg3NNXl9HAH3,2022-04-30 05:55:47
aqG6WwxF9HQSfDlyQM8XttZMbUx2,2022-04-06 02:10:17
aqOxjpPw5UVlrMlD3sZva2uEwb83,2022-03-29 06:34:48
aqy0eOynE6V9sQiNVYxw6TyJuH23,2022-01-26 05:52:45
arUJ3VGAaYfcR3mUZO4u8XWo21p2,2022-03-24 03:55:57
arlkqYfdZQbxGV8OZBuWtxGgCPk1,2022-06-15 12:09:18
as8J4FA1gpe3IU9WLPIwJIJIMmw2,2022-06-23 02:41:47
asbIpT5W24aQ83D2Sq9IIss4fCv2,2022-05-23 16:21:28
asxRPCWELgbolb20ZSLiAqRdlqy1,2021-10-29 23:06:15
atJm1owR4ZQX2F08eMqQo8SnOx42,2022-05-07 02:15:56
atKOxF51i8aZTRFth3t074pRwIf1,2022-05-15 16:27:48
atjPOx9p6CM93gvS0T4ycEXc3Ug2,2021-11-19 18:35:35
atlEC5BAR2WUkwA1JhAjL8VMuE92,2021-11-06 07:32:52
atqOOrj2XGVw5FYfAq1INTjxUe43,2022-07-01 06:16:43
au3CuyfzAVauvQcKwp92NKj0dnj1,2022-05-08 23:27:03
au3LUPosG1QhoEUOG5CR5ExlVYR2,2021-11-06 00:32:31
auF40pCoGUR5Gi7vxqwReGSCaP52,2021-12-21 16:14:14
auwEjbonzJSgU4NYs75YVcr751C2,2022-02-28 14:21:11
avXsCJW1SPhxlUrz180YzJp6ZK02,2022-01-02 18:17:24
avZzeVNObrPjRjhchzo2iQfoaHG2,2021-10-04 07:32:59
avhku8i7FhWSboktpv9DJN2ewIs1,2022-04-24 19:41:45
avkPypQxdLOzRbEEhNKRLeEik6K2,2022-05-28 08:59:12
avrUklCE8bNC9mbXZVIdQmjAdml1,2022-03-02 04:15:19
awKEQxZNsqUFDTkyZ5Xvw6VQiUt2,2022-04-19 08:49:02
ax47luMT8VZTwcZMxzVUp3ZEc6I3,2022-05-24 10:26:35
axYf7Rj3eQOPUrH1Ci5aARDenpm2,2021-12-22 16:58:23
ay7ID9qs1wVh0RtmQKK4MvzlWCp1,2022-02-19 06:41:05
ayd7SDphkKVwCKnUn6iVPnQ1wF22,2021-12-08 14:23:18
aynFUmWhSccT3MnjGKr5LTx9CJI2,2022-01-30 08:22:40
ayng65VDX3aeVY5zKjgczClsVQf1,2022-05-24 13:00:18
azUZKvamltaPlDIC5mpMNZsHPfi1,2022-04-13 04:45:42
azjKbLXo4wPzgdDdkEkeEBkP7bx1,2022-03-20 11:38:16
azsmtmBaGnNJwJslLBubY1TCAu92,2021-11-18 02:10:04
b0A125O2YccTjxcBAc6cD0jRUvE2,2022-06-18 09:10:23
b0GOtH33gXarahVRk6iSIpEmndG3,2021-11-29 10:09:52
b0Ka0ne8sbhBXaCAJtZy4Hgr4Hz2,2021-10-08 07:16:42
b0vjgVfOd5SsKt1sgrtrkcLv95d2,2022-02-12 07:54:51
b0vmyNQq0lQRTUODjt9UrqiRDEG3,2022-07-18 07:35:51
b14giRxOr2ZgWwrG9KBtpG20IZD3,2022-01-04 13:39:21
b1Z7Ld3TsIX3KPv69DTZXphdqjh1,2021-12-11 12:24:00
b1aFe69aiQV38WeMqPz4gKEM0gc2,2022-04-24 12:07:10
b2BZ0QsbB7VeW3IenGo3BmmeTGq1,2022-03-27 06:48:47
b2Fsx1rSfSThfs6CPN0kGtzDE2C3,2022-04-09 12:18:49
b2W0AngYbdOZtcjSgRbLlH4Pl1s1,2022-01-13 02:29:17
b2fh5ihYlDajjhLq1jD0cwxov6q1,2022-02-21 14:30:15
b2qxWBx78AZ1Fka3WMlQmfxsgKP2,2022-03-13 13:51:46
b2qyTIEoYrMEhaSy4m0ey4yv0gG3,2021-11-24 05:24:31
b3A6bVnlZTVdXzYxwXDXlWI4nOq1,2021-11-07 22:43:18
b3Tjf9aCdEaz2mdUF2CF9Dhd9eu2,2021-11-14 00:56:07
b3blkeMjqNU4aepOZ8QNmygaJp03,2021-12-19 14:15:26
b3owex4wqyZTKKaKc3qzIStZHBP2,2021-12-14 22:25:34
b3rpOHRiQCNL82WOEPjgLApZErz2,2021-12-22 12:06:39
b3xxsWPkYyYFTcEFdVHYG3DSlIn1,2021-10-25 17:18:20
b48Yca9pnshXNGaUnJHwigpKCVk2,2021-12-22 07:42:35
b4QuvDRA0Jbfbss2a2114Z1tUPq1,2021-12-13 00:52:11
b4exMGeUKzcNo0BdNYDKfpi6Na12,2022-02-20 11:35:18
b4hsUuomfmf159YkBBzzoBKM5Go2,2022-06-29 14:27:26
b5J0XKOLanhLLXlZ5w1OzoMLGrX2,2022-02-06 00:09:54
b5NGr4HuZyUjmyqADompLXc3t5l1,2022-03-29 08:49:57
b5godOyBM2SgPECXHoNPVvW8QCu2,2021-10-09 06:24:51
b5xL4wzEJMgcNySF8241otcwzpw2,2022-04-14 13:19:39
b69wUB4G2vUwkhrh4ROhb1lRgBJ2,2021-11-09 09:41:12
b6jvP6aUqgeykhSSuMrprUHrajl2,2022-03-06 01:02:06
b7oGTRRr0dNBpDVErir6OCSwjln1,2022-04-01 06:23:39
b88xOgRHVPRALqP3SPRcXW8mQon1,2021-12-12 07:29:05
b8B0P9b4LbU7M9uJerPsSzbDPxy2,2021-10-17 09:53:34
b8X2QFMK8xVynkjDUAVO9XZpzBd2,2022-04-19 09:14:15
b8eXWywgYPhMF6fxtB6vbtxBlL43,2021-10-08 17:32:01
b8xBsI30vtMdDRgCk15j9ik4iR93,2022-06-15 13:57:33
b9V2nTW93kUNOr6PZF8YUaV6bYt2,2022-02-28 08:09:04
b9qoxXBgdXeSAvknhzeXfJmT7Zg1,2022-01-21 11:49:16
bA9hcfwjf2aEAwAsCEIhtPyJI803,2022-04-25 17:39:45
bAwdNJfTCcWhrtpCCDN732TlyqI3,2021-10-16 15:02:02
bB53Qkuv4ger46J93QXfs9N8cZC2,2021-12-17 15:04:19
bBOc1qwU5oMr58syBsRqmheSemm2,2022-06-03 00:26:14
bBPKAbR7frMTMR2JVNE4H4depWl1,2021-10-25 08:48:43
bBUTEEOjgDbky6DhBABcPhEsTK13,2022-04-24 13:11:44
bCmVLP6hlOawkhoXEe3cx0lDu7w1,2022-05-22 07:57:11
bCw4Qdhe7Vdp9cqjDbbYZRLHBpI2,2021-11-16 12:24:38
bD0D2Fa7LYROXBt7WzrN7sGs3Rv2,2021-12-31 05:05:59
bDEjl6qq4zbWcSCwiv4D4mnAyTj1,2022-03-14 01:36:46
bDYQAuLVMBaSmAcdqYLAMYHkbvx1,2021-11-20 04:05:46
bDvUtWDdH0OF1ozSe3Bux4NnMRo1,2022-05-10 14:07:03
bECiCmKumzSl4ybrXoV4IdMrpyj2,2022-05-15 01:35:04
bEFOGQ31BONOIe83rvisdfgB2iJ3,2022-04-03 09:10:07
bEPU5V6UttZOxV419YTD4UbQyYy2,2022-05-15 00:07:50
bEXYjysDhkZJw2gTmSqMAjmH9s42,2022-04-27 12:45:37
bEbcOZLK9qO6PesZGsoLDlDlWjp1,2022-01-22 10:42:05
bEcvWugW8ZSFSpvGFiePa6T6KPx2,2022-03-02 14:11:06
bEnWzxt4rYNTFhVOKf6NZLW5Nnn1,2022-04-06 05:44:10
bEuNueLqPjggOJJjmFVZDRgPW1I3,2022-03-06 09:05:45
bF2jq4MlSZY6nASRn23dMtMGjnc2,2022-07-03 08:55:47
bF3l4LRgMPXIXwZZMhvqOtmL17y2,2022-02-06 09:40:47
bFH836wrstRwwEOaR2llowB9DeB2,2022-01-30 11:34:59
bFMFwTSLk5QIcgaVlvRcFZthf663,2022-07-16 05:20:57
bFi59qn654a56kuMuV0U40Y2eXs2,2022-03-18 15:28:07
bFiuxhb635O732hN0j6LlswbTBm1,2021-10-26 05:05:01
bFk2otF1GdSsZSDo8C8QH0IVjhK2,2022-05-05 16:42:21
bFm8CKd29ceF60knCBPnSsHZP663,2022-05-29 02:18:48
bFpQLHezozXzyYujAlEgjpAfqup2,2022-05-14 23:34:20
bFtPM4WnRwfnKlKGnY9uOuDDlJ82,2022-05-21 18:46:37
bFw9d5bbTiYNISyCah1Jejv9Ltk2,2022-04-02 11:19:51
bGZAMCv9r2WM5TNJwtQ83fD5chw2,2022-02-01 05:24:38
bGaYl1Y7Y1UvfH3uSh9NtG9qupr2,2022-05-08 03:12:04
bGgxNgAWgkQWhZ06HZF4KQHO5PB3,2022-04-17 07:46:24
bGnrfdepgqRdwth8Y6OhApFMrKC2,2021-12-16 02:10:33
bGuEW5cYgFTHNZ8hknyPcaBcwNk1,2021-11-27 01:53:10
bHSmGDfodlWFCLo59DMkzI9nfiz2,2022-05-01 12:01:51
bHVSNI7BcxM35Rf0mh5RiTWMAAu2,2022-01-29 16:36:08
bHqlvKW0hjfjfwI3uyD9RV4xrpF3,2021-11-05 13:33:43
bHu3T7OrfxN6fMuMjTafbEuIDNG3,2022-03-16 05:01:25
bHyRDORlKsMQNN4sHElZJJPjfvo2,2022-02-20 00:14:45
bI2iMM8g2mSaezRpxiK7LBgHurR2,2021-12-18 11:03:00
bI3qqYA9s5RFNWWsdM4vDErof8M2,2021-10-03 08:18:05
bIDeNN58RCPq1dwxSegbFC751I73,2022-04-10 09:50:11
bIEd7wIdVXXmgXv4EiKFoCFCIvg2,2021-10-28 09:52:31
bImLMhlv3seEEsNluOikQX9gOc52,2022-04-12 14:50:24
bJ5E4jY6CdfMXZ43UkmF3lyhtdi2,2022-03-19 06:48:44
bJ5mvQPw4dZhCogtNjcHO9vgw9o2,2022-04-26 00:13:12
bJTWuP02KaQOXS4hyFNZ4TZFSmk2,2022-01-31 07:01:14
bJg8CwGVYlOL3ma7eatB5juX0O73,2021-11-11 17:22:20
bJlB7VkMvOYISZ77jHhcwJjvEFx1,2022-05-25 21:25:25
bJlb4jvwdES19CGzeZ9x8LfZwFW2,2022-06-19 05:13:03
bJmudS8J16Vu514hJyptGByPmIV2,2022-06-14 13:30:31
bK10SUQXaDd7xOSxHcQNrxQWDu33,2022-04-16 02:40:47
bKE75NncEcdlJNWcl464DNuC9fg1,2021-11-25 13:32:21
bKLg0tbKdRPf2Gv0DyovvNVgzKl2,2021-10-18 21:11:29
bKOeGDVbmzcTIwSaxdei8usuMB83,2022-03-06 03:10:54
bKb67RCM7tUiDtDM0XUv7ZVUY1F3,2022-05-10 15:05:17
bKi186UTZGPn9IMi2pS5Mj56bkB2,2021-12-30 23:04:22
bL2GBODlEgdnhXi26CsEoc9yy8G2,2022-04-29 14:33:18
bL8jn890fcfUYCZll67vwK969vd2,2021-10-21 15:05:39
bLOqE8LeBDQdKFEI9NnSl7atgMt2,2021-10-30 17:07:07
bLQaOh1oKdWizMBDATESERwvpjs1,2022-04-17 12:12:26
bLlL721WwaabklfpymNOZCxyo352,2022-07-01 22:53:44
bLvyER74rrMQhqngssvdeQb2Ug52,2021-10-09 19:54:44
bLxDSE1rXRYgj288P3wAW5mTZlQ2,2022-02-24 13:47:22
bMCJof1jplZD87E8Y7OxPk7nKXB2,2022-08-01 04:13:57
bMN1o8i1kLdXbDL6kcWtZLGcz9S2,2022-03-18 03:11:17
bMOkfXZQfvPguI4j9ia6OVbGtR12,2022-06-05 13:33:19
bMgXHPC6ZMUjVh2JdmeeqS8qgYq2,2022-03-13 05:06:30
bMoU6n43oWVfkDFHT1fd2LqnMrJ2,2021-11-08 21:57:12
bMtpSzEq2WfF1t3W5gMzjVFigA52,2022-05-08 17:39:12
bNQk99r2qQVjIwLfbZulihWaxUY2,2022-01-02 18:20:04
bNViT4n2UxRcwn8WHWaroT0vUjO2,2022-04-02 23:39:45
bNYguSmpJsYKe8Ltuhavql9ozCi1,2022-04-18 15:44:44
bNgvtAPQsrQM1daSq5oQ0JfOMaz1,2022-03-17 04:32:47
bOI7baeF4ySBSyqY5KyTiUEkpYU2,2022-04-09 07:33:07
bORvHkSWtiVdIHBbNTPJWg2VVd02,2022-03-01 02:07:32
bOcKUfPksddoD2i5Ya0HWjj8tsj1,2021-12-28 21:06:18
bP3KcnGHZDN2WJgDHDVmLrTu2HJ3,2022-03-04 14:35:16
bPBX5nV1c9gRXU711JfgwhbUytU2,2022-03-13 11:12:09
bPEuYzvjQffdFUA1va7hvbMK7zb2,2021-10-20 07:14:07
bQ4rFSwhTWfzYqMfSOXNtc7ASN43,2021-12-07 07:02:37
bQ848xZyFyWi3xQrh3V7E3TSWSQ2,2022-03-17 04:33:46
bQ8anlvpFiMyuzoYuHnaNchyBWT2,2021-12-18 04:13:07
bR9jZ3rIyjcDUgbykbbiI6bcCKs2,2022-07-18 15:23:59
bRThxDoL0ISnfmpGSbq8zEsg77s1,2022-04-10 01:05:24
bRzUNjEdFJM9Kmp1PpQXPCcQPU93,2022-05-12 13:36:56
bSOHPaqKP1XqC9tzFO3tQh4qT1r2,2022-04-11 11:25:54
bSxtvQiQLbMV8cD29v2fwAMS2m73,2021-11-24 08:11:27
bSzNOexP3EXpCVq102zFA0bP40F3,2022-06-06 20:31:20
bT7AGSr3zfPlsgq6jqOOR6qLtWZ2,2021-11-03 13:07:33
bTGJDSWKhdXA1zXYFvdCep0wA7D2,2022-02-28 16:05:10
bTYZvRIz6xQnODf3U7vbrB5fFa43,2022-04-12 13:31:39
bTZMThyVMNaOr6WrRv235OrjOCj2,2022-05-16 11:35:50
bTo7R3aq9qS4uFCw0FmaViK3fph2,2022-04-29 20:20:07
bU39riSSH1exp0QlX9GnrU3S9Cc2,2021-11-02 15:16:08
bUDy57bY7oa9pBdUj1eTT7zk2Kn1,2022-01-25 02:45:20
bUFW0v8TicaGmizzNFpaSCAMUcC2,2022-05-29 01:49:05
bUFY33CCsZb5SLvMugCOz0r5Zg03,2022-03-09 05:32:18
bUO0qCIRxOR6Sk0HtUGYA7cMNSo2,2022-05-04 10:35:41
bUiQ04ViFYQMRFBhW2Yp2YmFmfq2,2022-04-10 04:38:56
bV2Nl4ITjESDeHudhSCuo5ntlUk2,2022-07-13 05:31:54
bV3jLFJS6Kb6ZsZu7eodWknSoDo1,2022-07-23 12:35:32
bVQLAGZTyiaDYm9CM6iRyM25ioo2,2022-04-30 14:57:11
bVQgFLGvacdKtryqk9H1zFjbaJF2,2022-02-12 01:08:23
bVRH7GXtW9bdY8LDsToE9mYPRIL2,2021-12-11 09:41:43
bWLnHxL9dgTegXHcKXKm9saEZ9b2,2021-12-23 00:56:52
bWQhU73oD4NNTqxbrINlCj2yKn72,2022-06-02 05:39:03
bWUIxa0BlSR7fBEQdRj7m7BQ7Qu1,2022-07-15 01:47:40
bWXBBsqxkgZDXZsCUwAI5XFloVl2,2022-01-14 22:35:16
bWbcOgu9ecRH0DesIrkoNpHvl5g1,2022-06-07 09:10:43
bWsYBbmJNKbICjamQ2DzOvKK9lT2,2022-03-27 03:08:34
bWunTyPm4RdEtDo5RYxFYaMcNPt2,2022-04-07 05:19:21
bX0ZxpZJ3iWsv6l5C0wfVlYskt63,2022-05-02 10:27:41
bX5WyLEgIBdMbztp5hbLpAnXa8E3,2022-08-01 11:24:02
bX63605L4UPagtUnHblaKO3aGZY2,2022-03-18 00:56:55
bXHn4LxEFGYI2rAMcj2CvzFiToi2,2022-05-15 09:57:17
bXcXDNcQHsNuvxSS2vRviCyU36q1,2022-01-28 18:47:20
bXedfJjcpMOdOsT8YqpWy618FT33,2022-01-20 05:37:30
bXnL48G0guZObeqUroaq7aNuGPE3,2022-07-25 15:35:12
bXsY2Gi7wlN4BYBXmaq0Gpqaqt33,2021-12-01 16:53:38
bYF1CyjHgieLsRFzbLBLFn8zjmy2,2021-10-26 11:06:47
bYHf5scD3KciOV5gRKALWc8vYQz2,2022-01-02 13:15:25
bYI3MxhMcBXIsmb70gJU63fEPdt2,2021-11-07 13:49:13
bYTuPpdXiUQGpuHHb3odyasoMt33,2022-03-20 22:19:12
bYcDrABQxENvQFEvuxNsPJxCyJB2,2022-07-31 13:46:57
bYq9wGo0CucFO3KOQwjioG84ZTu2,2021-12-09 14:16:28
bZEUzVUN9DQ4vBFOcCcN3KN4rl23,2022-01-21 15:06:58
bZlEtQDqnpO4pTa2LUhhyTPt5M82,2022-06-10 01:43:44
ba2i3I1vKeN2ZR0XdNrT8EyMbPw2,2022-03-14 04:11:02
ba7a8kOHbNMbk4XfS7zXoG5RL5F3,2021-12-30 02:01:43
ba8pvLoWo8f4Klfh9p0c6NlnZY82,2022-06-21 03:35:41
ba9EwoJ5aPg60gakitNCADIVa4s1,2021-12-23 18:09:39
baAxOL1JeLdvGdItStXY3AX6rsq2,2021-12-12 10:43:42
baF3JGrCiDez7ipBL9GgE13vVSJ3,2022-04-06 05:14:21
baH6frU0hAWxhi6DR5lj1JRJ8732,2022-05-26 16:12:03
baalmLjKKGbORVTQ0cUtINn27M23,2022-04-14 12:42:43
bafH35ECmiUQuIUilR1eJY1cERF3,2021-10-22 13:25:27
baxHuaEPX9gicvNuZaIcWVzh1GK2,2021-12-15 07:35:16
bbqwlhzNfaOi2n9TNgU3XKEilly1,2022-03-09 03:35:34
bbtxPPn3A0c3YkeAW3M0KORpn1W2,2022-04-30 14:02:26
bcAMNZNBd1YoerLVsRlSQ644RTH2,2022-06-05 17:14:55
bcQ6jA3CabW9dWW9nuxjivMJwuL2,2022-02-22 13:13:40
bco98idVROZbC7SVf9L4l09carD3,2021-12-17 13:53:40
bdF5Ahj9UyWzByCydQ5k20GFHK42,2021-11-01 14:38:18
bdJcAuJTangPcsRx9VESLyxwDDv2,2021-12-21 21:07:09
bdPeU1bVTUQLahSF82AdDhuw50E2,2021-11-30 09:57:43
bdm41kzVUtUrmnY6qqFkKYzkB9C3,2021-10-19 20:09:31
bdtiKm8RVRPquHJ0RA8gVDduxO22,2022-04-23 02:22:58
be6w5Q1iYJQhXwZycwQgOymyIqr1,2022-05-25 06:03:15
bep5UoGKRhXJkMNaXnJ8Wyj4Toi2,2022-06-19 14:35:39
bfJ7zqrAcuNjwVMFWPzrE4yWasu2,2022-04-28 09:47:03
bfNdQLixK3RxW43DYKgrbSzTgLq2,2022-03-14 20:19:05
bfe3eN5pYmUPRNx6v871bRErVQY2,2021-10-17 08:33:29
bfzBAdZ1HaWqlbop9KE4rhwMu6i2,2022-03-28 20:58:47
bgD3sbdPv1OBT6jRG5Wdh7tsGb33,2021-12-06 10:53:10
bgH94SThMLSE15GdxaxCBGWOOCJ3,2022-04-04 12:20:31
bggIdyJ82SgyuCKbpZJxFUbsWmi2,2021-11-21 08:03:59
bgh0UyHXoFQwDOtQgJkemlwcPpp1,2021-11-24 04:50:20
bguQtaHlcHPTy5BY8GwaqVVRfrD2,2022-05-08 13:37:33
bgzCRmBjYdMCTW6wIl7rncZaciG3,2022-07-18 09:50:14
bhMJjoEkclWDk5EsBgGI1rThJxl2,2022-02-26 14:10:55
bhPjX2NzyfW95qYcm2abMCp38ck1,2022-04-16 21:08:38
bhTfiYnmVyOj2RFzSP31zLfJVv02,2022-06-20 16:33:20
bhdqcg3FnHToQsqhdCxJTX4Q6V73,2022-02-23 11:12:40
bi9O7xjLxVY1oV0VyfiThHl4Ul72,2022-01-24 21:44:10
biF7OzUVXsTscJE7a97LIjTrwh33,2022-07-01 06:29:26
bicWXLlNOoRFjdVoh2QH9qumvPj1,2021-11-29 21:25:49
bidE34rd5kMZvMoMfCLcFX51M6p2,2022-02-05 13:58:03
bijFq3Xwm1eGZIVzwvd0VfilU4g2,2022-04-01 20:10:01
biwPV5xU4JZshvyjjEVFUifSYyo2,2022-04-02 05:44:30
bj5fzzwzSqQ1hUvSdgevll5JMWI2,2021-12-07 10:22:30
bjFhTjb5oPNmnCULhmDFSwiNeah1,2022-05-27 17:16:44
bjGNoxaEx6h4TsmyxcnUAAjrKKo2,2022-05-03 02:31:20
bjX1uMstuzR4kCeqLnLKKA2T18g2,2022-02-09 13:05:07
bjbRW99dyhfBZR7Zh9kZNfkiCMN2,2022-04-09 18:09:47
bjdHntlWsoPfHSFhFpfsja3HQgC2,2022-03-29 21:48:54
bjhwJxUv1GXKUzS08NuwWW72ogN2,2022-04-13 16:22:44
bk6b4BQZW3S0Nvaoik5ZJhrEGGK2,2022-06-30 19:17:24
bkaDQP9Ru5YFaV600vAftbhvKuv2,2022-01-05 21:12:57
bkbFCHLBvUbHGl6i8S1cgphy8L53,2022-07-05 19:38:50
bkosi3YqvGZsAK3tHzeymcRebIt1,2022-01-31 01:50:24
bl3eXEEZcSa6bon267prwY1tKkP2,2021-11-14 22:42:57
blGroyTr1TX7lSgwed7SRSSvlDi2,2021-10-30 17:25:09
blg8lJGDskQOC6TsNKZqmp3mIQn2,2021-10-03 15:24:50
blhXU7AgbXTtIaPTJpofC6wCWzi2,2022-04-17 11:26:02
bliyteEuwnVtNpDwFe3akUlbpHz1,2021-11-21 11:12:37
bmNyVSKYwqPX8CEvSb0tApINT0V2,2021-10-05 23:48:43
bmRpCHWsSkWPkvdcEjWRAGdDc8I3,2022-05-30 05:10:01
bmSeuap3WDg9WdKQGtRZt28FMCG2,2021-11-29 17:09:17
bmdzALZfJqYEtI2xDwHEAI6XdU53,2021-12-26 10:30:18
bmly3HJ7bvhoHbVWuDpZAK1GsvX2,2022-03-04 03:13:47
bmn31DRQ6BWx27lSudv8n76RbOk1,2021-10-02 02:51:16
bmr31SYCJ2WErPobOdOFaL93fw53,2022-04-16 12:13:40
bmwtb3I8MjYbOaMHycINfQFKTPS2,2022-07-10 09:35:17
bmzHe6if5EWOyzTLaLZtkBGaP0y1,2021-12-23 09:01:21
bmziXQdwnZWNtWYdmw4GBl088WH3,2021-12-19 16:56:43
bnF11OSCLrXghDaUsdZmRmuaiMb2,2022-04-11 02:42:12
bnTOZ73S3rWsjBKgudTxdzQ0M1g1,2022-04-14 08:26:08
bnYUGN1iApMqFZXAc3xZmsAiWmc2,2022-03-19 09:40:46
bnnnpSDaYievU0bWxRj9xuuc2qR2,2022-04-17 04:00:52
boJAYAh6KWNDEZIpsiJGzszXZol1,2021-10-03 22:06:08
boaW48wZe2M9Qs6Hx3OUmxcD53m2,2022-05-09 13:45:21
bofMTuIRUGRLPrlDHTGP63monpk1,2022-01-26 02:35:17
boqpCU3QraONvpOpkMPFtCn6Cvg2,2022-02-13 14:57:56
bosgbmd1hDS7NGBXJzod2lvXBdS2,2022-03-05 11:01:21
bp9nNWLLk6ZA1szVB1s8dYiWaQE2,2021-11-04 03:22:05
bpHEXDYevKM6u7FILXn7YVSPNBp1,2022-03-03 16:42:41
bpnfuJj5WYd0VHNkI4F0MABliwk1,2022-05-16 17:34:42
bqDjykzVdkcA4mmsMZjhfw0X7642,2022-06-14 04:38:19
bqToIn9mlwQx5v1qfbD438uPBIF2,2021-10-09 14:12:15
bqZTwCplvsVKRyo0NVK2H4evfMJ3,2022-05-09 16:19:49
bqiI6cicKcaBqcvq47x7B11X4A42,2022-05-30 22:12:48
bqmHPpIaE8RP09yDBJNlAD2oXRf1,2022-07-10 14:16:39
bqmIyliJl8RJ7SnmR7V6FCkDLeK2,2022-06-19 11:03:40
br6MtNag2lbLYJEhZEZHkvGIGgd2,2022-04-06 11:11:23
brEkvVTtNoXi4ENqGx5aDsc574m1,2022-05-29 00:18:59
brFTr7lHEiNuF8Q97S5PWldZXh03,2022-04-30 02:25:15
brgUpxcwArWqg4AJZn7C3kSjDgy1,2022-02-04 06:25:57
briD43CozqWN9CTQISYTgFD6Rj42,2022-02-15 16:50:53
brtsdVA3nxNbBh0NYhfc99vEuQi2,2021-11-14 22:12:13
brw1pcGfNCV8zRorUReLJrgyuxK2,2021-11-22 08:55:41
brza9gZF4FaVI7fhSwGlMZr8LfZ2,2022-04-21 14:00:48
bs6Z2LCM3IPKWA5mrYGYx00JTMX2,2022-03-30 16:01:51
bs8oxLTxWHgL5IbxeT0NIZGUGfn1,2022-07-31 04:19:54
bsK6FS5rLihWrPkNWOHOX0t0yFc2,2022-02-03 14:16:46
bsbGwLtCUCX1bH1TbQUzaGbFmrx2,2022-04-25 22:17:52
bsynF3Vm9XdLP8ZichgkDQBJqB53,2022-05-02 06:45:56
btOihCS0plZRs5kD6SMFH5p9pmF2,2021-12-22 08:45:21
btdREEIfw4bEFlIRXBN8e7OC6843,2021-11-05 17:18:28
btgLcV6njRgiEEil80hwwABW5Hn1,2022-03-27 13:06:26
bu3bX01NxMX8rlnGnZyHVZaqJVa2,2021-10-10 08:15:53
buUUPdqYQ2ahPKk8trwPSJZjJ5W2,2022-06-05 08:19:12
bv7vnXzELOUgZB7aDqtQeuZoEB22,2021-12-17 09:51:36
bvUqClsvMNSUk35tdG9YwIc6irw1,2021-12-27 11:42:53
bwe4HHOWencXmZd1ugigm8Xyisw1,2022-05-28 07:04:57
bwqa9F1uKzaIyNljFBSoZ2JqoH32,2022-04-09 11:26:15
bx1txt40iSTMCnCIRmaixm9M1cD2,2021-10-16 06:41:19
bx4NjyDKmsWrJlNeAVmFzOu1g8I3,2022-03-25 12:54:01
bxF3ty5X9tcZvRuniHfsmMjpTfr1,2022-04-07 22:43:27
bxZCh6ZrAJVdA8KZxKaN3ZgOOH53,2021-11-10 18:34:03
bxaCO5YYpqgtu5M8WpSHZuGkfQi2,2021-11-06 04:30:50
byMIqUyl3tYeUdniDSyoYej9Y0Q2,2021-12-24 01:55:48
byppoKArEyMQY1BCksL8ZXPuJLH3,2022-02-08 04:12:10
bz5uD6IgMcfaIWqmfw8bx2QuMlX2,2022-06-13 23:43:20
bzCLr76zMjNoUWIhv8GoA6pXPdv2,2021-10-28 19:43:37
bzSi7prMsbZHBL4VlOHjJrVvGNv1,2022-02-25 12:51:34
c0JRtJlBgZc9jjuhApOFo8wSSwf2,2022-03-28 11:54:25
c0PQEyc4xyQJw3YAANmsdXKxli52,2022-05-03 09:35:21
c0dcX4a9RdP8yTzzGAFe34Rq8ae2,2021-11-15 15:12:14
c0nDnqUEJXRMonta8NXgc3K0h0n2,2021-10-31 14:39:34
c0um5SzVHbPwH22OPNYbnxY3zPE3,2021-12-22 11:16:39
c13ApTgJqOchSkZEcN1fg5KL5ph1,2021-10-27 22:59:18
c1AT5FcSsPhmtXaE8dTYDbnJnS73,2021-12-13 15:11:36
c1IQeWMbSnXFyswEWIR9ZAOk13E3,2022-01-17 01:47:25
c1LB9WfIeNcdmzRBQGjaiHxKmKh2,2021-12-26 07:19:24
c1zYQW4RCtO561SfbuHrOaNCRtm2,2021-10-29 12:23:28
c234Ya0PiXMr1TvXXegGybN4DIv1,2022-03-10 08:16:50
c2EJ5nBlmXcSuEjPjYf3dt8ZzbV2,2022-03-10 12:09:27
c2HXT2dZNrRrUXigRVHZI5QBPCZ2,2022-05-10 21:09:17
c2U0UFrGX0gJJ816w8Tw0LN8WNK2,2022-03-04 07:59:50
c2U5dVdavoSx3hKXXY9X3fhh3W12,2022-02-11 14:20:08
c2gYpVGAoUMRFmK8nmFtTrv7Mkm2,2022-01-17 18:21:07
c2m8Hj2RqxadXVYwcmZnfr4eBiC2,2022-01-30 08:36:28
c2vKsDyJ6adTXdtuUoE6QJUAxFH3,2022-02-13 05:21:43
c35wvJ1kjcbazBUcjQyOvm0kdZC2,2022-03-19 14:59:25
c3QsqIxmO3WMMOsllYA9BqClEZ72,2021-10-20 02:11:39
c3mt1MgPSwT1LJY3YjAjxh5uznW2,2022-04-30 15:38:04
c3rjI4if37dA9ZFRT8r9gJSw1dv1,2021-12-06 15:26:07
c47MsGKEpxPlp1Fpp1DsS8g2mul1,2022-05-08 14:20:30
c4HAUioMPPNBdcGJZuvjFL3Zusl2,2021-10-29 19:24:36
c4JoycKizacJjXpYi7SaWyFSBR42,2021-11-07 08:34:30
c4dwQYOHa3M4fVTYGKx9Nyz9wt62,2021-11-16 11:19:20
c5OQynRVvlTseCNMNNRszlP9Lpk2,2022-03-22 05:28:31
c5cFDbsAftWD8LH6ncP16dK7Nmr1,2022-02-27 16:56:14
c5d1doRLiGSbhELGxul9gYgPfgm2,2022-04-04 15:10:31
c5hgmdJNoJPv1U3tW9sk2raCIt63,2022-06-20 08:37:47
c5meeGGoybWuq5fmayI8BdnTbwu2,2022-05-05 15:15:02
c6GrcKb06nemaRbbGcLOsLAA8Zp2,2022-02-06 12:52:55
c6SAU1U4faSIkvEraSpsXtSIOIE2,2022-05-05 21:45:13
c6YGpGKCD6Ru2A1CE8Wf5nK3DC53,2022-01-29 11:49:38
c6tJx4RmsZfnKGQml6cru7vwLKh1,2022-01-14 04:24:47
c7DHCnglzFSZcf2xL0gArEmnTfK2,2022-04-09 14:37:07
c7HaZWgpcLQILa2rxQYBYBpWH5r2,2022-06-19 15:11:50
c7J3mURdKyYdc57q8k7W4T8XFaZ2,2022-05-14 06:09:18
c7ODEa0aKtXiqFX7Xir4Ke6SGFp2,2022-02-07 06:55:31
c7cX2FmXizSNzxef3ittKaCBTry2,2022-04-16 10:59:02
c7dzfXEfs5bz24ULItWTyHKDTR63,2022-05-02 13:31:28
c7nyic39ZtUHoyF4Wrfklep1Bhp2,2022-03-02 00:31:15
c7zjc3qMQ1eoJgvvrdFxM2EFION2,2022-04-21 09:22:24
c81ACzEL0TVJuFO6L7nlT9lKdsu1,2022-02-24 06:37:57
c8F8SHl7HjMJMbXnRe4MVSRgUwv2,2022-04-28 08:04:41
c8Z4HLOZ1xXaFpBlWbcjPv0W6bE3,2022-06-05 10:38:22
c8tKU2wssrUoLnzGiFBv22fBTDv2,2021-10-19 09:06:16
c8vlthpsJcbu0ens1aMoINxFUML2,2022-02-03 19:56:07
c8w7LDsrBRgI4xVLc90rvvy3u8b2,2022-07-23 21:19:24
c9HaiZKNPOY9zas8OppvqTFFF2m1,2022-05-09 21:21:59
c9PG2crPmZM1aWIbF1FZVJucz8h2,2022-02-16 11:54:56
c9iu10tjwHTWl11JGASQg2oNVGr2,2021-12-13 07:13:59
c9pexC5LN3NFIagqLXUgeetFBjT2,2021-11-24 23:05:20
cAK1YSRkwkf4Tg2Int2pehlvSL53,2021-12-22 23:12:11
cAO7cT7mPjYeQUt5YZIujxJUgo22,2022-03-15 06:30:17
cAQco1kfwRaU8F80BZIxcIbAE4I3,2022-04-30 10:45:10
cASVAMpk4RPE8O27quWhtF4HAS53,2022-05-30 07:40:00
cAhLWJ7mO5PRawMvEHnBdvZhNE93,2022-05-19 13:11:05
cAq9OMQ1JmdSixkATArB85TXxs53,2021-12-22 21:32:23
cAqdJW3J2bXTbBSyzsdouFITJ1G2,2022-03-28 20:08:57
cBYsDkSEVJbjxCNyBs20X3ZzoKQ2,2021-12-19 23:40:25
cBfkzDAnRBQ65RqcVeN8cR28CKG2,2021-11-06 16:40:25
cBt52PpJ8vYWP1sKlYtXsWAnvfY2,2021-12-17 00:48:56
cBv0XHNqVEg2eXAXXYVGuNrLSdY2,2022-05-26 14:42:38
cBvGH5Rjr7cHZSAI9HUwE8J1mIw2,2021-10-21 14:58:18
cCU4HWHpx3XVznmKoyaeRCPtMxB3,2022-01-17 12:11:57
cCj4icUQvhP51KHzEMzCwEofsJX2,2021-12-17 08:26:02
cCrWIEiJN5WU1lXUUkK3eraQ3kG3,2022-02-21 12:59:14
cD1u7gylrpXNVKHT3x5unxVg2gQ2,2021-10-30 13:23:10
cD6hOF5WZabj9560nZYPayQcLXI2,2022-05-29 07:27:56
cD7vBl0QhKT1i4xaGM7uQp05Y0j2,2022-07-03 14:09:23
cDC0si4BkkVYVpKh7wNDyYC3IOO2,2021-12-02 00:34:33
cDEXD5vfcRctJLC4pKwW67vOPPC2,2021-11-29 00:59:23
cDWx8FTnnVbd5kY2HgSeMoPyevW2,2022-02-02 09:29:13
cDXtwRULTxfGia0mGVuIOjUld0a2,2022-07-23 11:27:20
cDm6sN6d05flfJxNIyKOveSCcOk1,2022-05-16 11:04:13
cDmM9YHHvgWDwXayL8ZorhZjVsA3,2022-07-17 06:55:52
cEAiizMWbtV0r5I9jfr3xZBARCE2,2022-04-29 09:26:39
cEQA3AXFsRQvgzbss1YxIZP6hPu2,2021-11-12 11:09:50
cF2r0sMUUOSZumvdxTWkUetJbTJ2,2022-03-15 07:21:52
cFNNwPVw9qPgJ7Xm2csrThDsMut2,2022-03-06 10:53:22
cFRc9lWovbP7oQTqVnAy1Zt7WLG2,2022-05-04 14:52:14
cFTWdmxli0aQXbHOiW6ezsfYwyE3,2022-01-05 13:55:24
cFY5HRNqwVSX0Px0ZQCFAlLXC6H3,2021-12-23 07:48:49
cGD0KEMnkGb1BprnawbTtsw9fTx2,2022-03-28 10:31:39
cGY5FXx0IoWPPtH1aXtekWJtULx2,2022-08-01 06:01:21
cGv3EnC3VyT0XRKPclwC2YJUJjs2,2022-03-24 06:04:49
cHcreR6yvjTpK8KiMHHtErjbNxd2,2022-04-16 17:40:51
cIAYjbsNhZbzSmxJB6CQwsKPEMI2,2022-06-11 04:41:31
cIAkK2lPv4W86Gnhm0E5JaAKrU02,2022-04-17 10:36:07
cIAmutGmIwchF5mtnyE7Hx2YMvB3,2022-04-27 05:54:20
cIPUxdJDzffCpSkwD6NOUdsegXo2,2022-04-28 06:13:00
cIgjijPyOMUfcLhdu3771Ny7upr1,2022-04-06 05:22:48
cIqfeVoWK1OOj76N9fZs08ViGRr2,2021-10-17 10:16:52
cJ1Oer5JfqOFU08N93idipXscIQ2,2022-04-05 14:31:28
cJ88Laf2OCfPpgWcOz3uRFbfYU03,2022-05-03 09:13:22
cJEpiMsJW9UPFmm34r8ENhE5s1k2,2022-04-13 14:12:16
cJVkOeN0e5feCmLqlp2RuVgzICh2,2022-04-08 02:25:05
cJvxknPhQSU8EDnPtnLKj41wXRC3,2021-11-17 04:19:49
cK7t2BbUJEhfMw9OVaQLdhTKBy92,2022-02-05 14:54:29
cKHdrN8w6WPIzghihYf6w2e2skU2,2022-05-23 03:31:44
cKhZhlayouPZsEG7vDgz4EDU0Ax1,2022-03-10 12:59:20
cKq8Bj0AKshH441hilE1eNPlEPP2,2022-05-21 07:20:19
cL1uJ8AJqieYBYw9C1KZXMDCagd2,2021-12-29 18:37:43
cLEtYso4XWRk3ylqEqQuddbs17k2,2022-05-26 22:34:58
cLPqXGleDNMrugBxLhuc7ZBC91J2,2022-03-13 00:03:06
cLeEBa2dcjUpvarx7ETuTTkAy7p1,2022-05-30 22:07:19
cM93Q8J7LTMjlPnBBFvPtn4wdbg2,2022-04-30 16:51:32
cMI31rAc6thhtdoAagTUfRo6PoE2,2022-04-23 03:48:05
cMacA6schIb0l7vFca7Gn8kW2EC2,2021-11-19 17:15:16
cMoXaWWx41YJROe1VamfVxZIfYU2,2022-05-27 02:26:33
cN0uRhIG0veP9ScEQhDrYa60Bx73,2022-03-24 06:19:43
cN8pI6AExIP44bhza8GECqBwA4I2,2021-10-29 02:08:20
cNO5CGnoyeVXC2iSiOwFSKviFPj2,2021-12-21 07:02:11
cNRlM7F4mObaXrpOd0UQk3TewKL2,2022-03-22 04:54:51
cNSX9gO6YTUi6gK5X3ZWljePnel2,2022-05-12 10:03:48
cNY7CciHICaDCIufUdh88T3dbJA3,2022-07-11 17:16:27
cNkULUpzzRYXIwxWtKlfohVkBsT2,2021-12-22 15:48:24
cNnZCMG88LY6fU5iybGbrOppptx2,2022-02-09 16:22:48
cNxdcEs2VlcS4odHy31e90DsB6o1,2022-04-29 16:51:40
cO5On1vp8qRBduNEN2dtqIxbCEE3,2021-10-14 07:52:03
cOGgt7rppCPKhmUB0gITBmpkh3o1,2021-11-14 01:08:11
cOGrJMGSkPhJ7FO1rZWgsADUMcz1,2022-06-21 14:55:27
cOJRTVmV8EQCyF6sW1HnuWfePos1,2022-05-14 10:09:01
cOVzyb1PXbackCcsrCSbFwUFidO2,2022-04-18 00:14:41
cOX1P7ELS8R84uLc5KHqhslfXU23,2022-07-13 21:20:52
cOghF1Q8bcfukhKv5s9uxRK3PZV2,2022-04-21 07:53:38
cOn83JNMLLN0ACjDXs8z50ulhDg2,2022-06-07 12:31:24
cOo5TtH9VTYFyPBMWffi3bTQqoE3,2021-10-04 10:25:52
cOrgUaRfNnMQozRrNT2nXJTGtAu2,2021-11-28 04:52:50
cPE8U9T7F4ddglj91yNy02UddH22,2021-12-12 08:55:05
cPNMbqhWXQe0sI1L1RxHlqZzfiJ3,2022-07-02 12:52:04
cPRkzfRbTsSMXoKRUeetVnnNPTw1,2022-04-01 05:34:08
cPaqqrU9CpWL2s1oUjc38wY4HjS2,2022-03-22 07:55:22
cPfswVK2NBhdpNSKVa3jRu2iZE42,2021-10-02 18:38:27
cPlnnigLCbhRhPa3fMyngv0puF82,2022-05-03 09:49:44
cQyrTAvV4XW4DFeHSypOxBIlZWw1,2022-04-23 15:16:11
cREvBdlcaddU6PLXmncpsbJ3tjh1,2021-12-22 08:30:23
cRSeKgIDn8U6bUKWdnZYWYQOH4C3,2021-11-04 21:16:26
cRW7IaKd38hm9rdAVMOLIEAV2mW2,2021-11-29 07:19:23
cRWoajmFogUVuPbQFEXx2Scuu7p2,2021-10-18 00:31:18
cS7hzFsL53Opsfm0rtmO44W3pGS2,2021-10-04 06:06:07
cSNz7v6ie0XnKNxcR5Kxaze8wVd2,2022-02-28 07:29:26
cSgeBVijMZOTXBSM2nxjVTmSwP23,2022-04-29 14:43:47
cSqTpxvn33TrZSwVBXdADKcpi7j1,2021-12-17 11:46:09
cTDGiL6PUHduICjlkOT3FYj7Thj1,2021-12-11 08:36:15
cTOPPkxO1AgPfim3VTqCfLeP9zm1,2022-04-28 05:58:30
cTSE0lUQI7hTJ8r0N97Css32w6P2,2022-07-25 14:21:25
cUlNwxfL5YgWwX1DylTowH3gXD92,2022-05-09 14:34:15
cVn1b7sCwFdLuuusS0CP8NZYpoN2,2022-01-30 05:16:30
cWJUg8meYzbsVsoWSNyqbdswPmR2,2021-11-21 14:00:41
cWJaUF6lnfbByf6OdleWxipivGF2,2022-03-04 02:04:43
cWX8fvqNlSYYKCz8UpiJbqUFZuq1,2022-03-13 02:04:57
cWa6Z6q5CkeKBLa35h2UlBC7YAz1,2022-03-26 01:28:41
cWrVMCcom0VWkrAxSjPI2zAbGah2,2022-05-22 13:27:54
cWtWtxlKpWgX7KMAz5WIUApwDfh1,2022-03-20 11:27:11
cX0MIlrbldWWmnQkcFpQ5KCc9Un2,2022-01-12 17:13:07
cXGfA93La9brtbvY7Trd5SXZPZ62,2022-07-02 10:47:07
cXPUEayrxEONDHbaZGsQwCrPwAP2,2022-03-28 03:52:34
cYdSmAS7VkN6TG23aoa0cyYHevh2,2022-05-03 02:50:52
cYmz3sYoj1cQqYuje84eu5KDPti2,2021-11-21 04:19:13
cZQhkxFX1Wevg50Tx37NRKomKCa2,2022-07-09 07:48:25
cZpShu4FEfY4gwbWwhYdGnXqrtV2,2022-01-21 03:02:31
caF0j1zgvQQnwy8vGVposCKn4aI2,2022-03-13 15:00:14
caH9z8PV77ZqBVDqLb7IMSQ2Di53,2022-06-13 17:43:14
caHCPUpnwpRTt2MAO6qF4KO0CPC3,2022-05-04 05:38:33
cbRvI55RRVXTmrsQ6eJyv7RPTDi1,2022-07-29 08:57:11
cbfjPmlLTzgF8yo3NAAQv0rVEHp1,2022-03-26 10:43:02
cbh9YWIqbNfIJgpTDY05HB0Axco1,2022-04-27 07:54:56
cbjtEjITEOebaQlwAWMv3DaD0vI2,2022-02-20 00:17:20
cbw9ZeC8WSbmAhpMZFiGd7DDXKO2,2022-06-02 16:25:16
ccDsHql4S9WfHhxsrXQDgE7IxG93,2022-03-12 04:18:09
ccsSzG8SvReZnfEsLGQ6YgQGZ2p2,2022-05-15 01:22:39
cd4ULBeLYGbhM1THwmbvUoobjfc2,2022-05-05 02:17:20
cd6ROQJcjkYR8vypfJ4v9aS0ODD2,2022-04-15 06:24:08
cd9yOygLPbXRye2qzIJH8EmCJUF3,2021-10-22 14:52:11
cdWxz6zFtFe2kToKhZxHO1ot6a03,2021-11-25 17:36:28
cdwGIAMZXUhzlEHYcWx9jagJXet2,2022-02-24 14:23:53
ceCCXpciOeQaNr77n5pGZXQ8LHy2,2022-02-03 04:52:39
ceEVvR1nakTT1bbecqP2yfCZ6JX2,2022-05-25 09:59:55
ceLaWOLjvHYYY6Fct2C9WiUlLXO2,2022-07-17 17:19:01
cfK2Iofb3LaJv0dgXaLcdiyrF6n2,2021-12-22 10:20:25
cffWgTCHKgX8QIVLf5vDHFv9NKq2,2022-05-29 00:36:44
cfjN3Dl6USadDSJ5dQuX1zEhs5a2,2021-10-10 07:04:06
cfjxXiZl5ATKymtRHLoqxAPf7PF2,2021-10-10 20:53:04
cfpIZL7cCtZkMt18y6tLmthwRx23,2022-05-24 03:04:42
cgGPJpMLs5aRJbMSVjxHOsRutcm1,2021-10-19 18:28:29
cgXMjJvrznQt69YZkuvB7q1x3CA3,2021-12-22 20:15:22
cglFELF1w8RDSyHTd63L8MVzT073,2021-11-26 06:34:28
ch3EfWgmsbTRLhzoTVXWaxOt39q1,2022-07-04 16:50:21
ch7HqO1KPYTmLM4VCntcmXI2YJk2,2021-12-02 11:31:03
chCRScKpBtO3oNnKHxTK1Ua087I2,2022-06-09 15:47:55
ci6yyxcSErYhlrdCXXLgQqY2LPB2,2022-03-28 10:58:23
ci8GWYR6c7bR6LnJrLDZ8lVL9Tx2,2022-07-22 16:52:10
cigphu5g5nXZpsSJkXxcsJ1uaEM2,2022-06-29 02:08:37
cjO68B7yDHhWkQsdf4OMcfIqyO62,2021-10-18 00:52:49
ckBx20svKVX9YAB1PxQhxVnrGLx1,2022-04-04 11:50:03
ckE0AOY94QhGTnbp0XAVHcOLlc52,2022-04-03 16:20:28
ckUDu88SXlMVNuWeiHe0KHMAYSd2,2022-05-31 19:54:04
cl5XcJ3hW4foFLx46kpPHblh7zn1,2022-04-30 16:55:10
cl7J3f6x4US7GNvWbEVYdXlPjDn1,2021-11-13 22:48:49
clCLYuhFprOI1zOvmdDn6jTpauq2,2022-04-19 04:57:50
clFXdtSRJNSAlDPuLUrsmfdw93C2,2021-11-24 08:51:16
clKS0jmGN3ebZB4j5awTInfVY2P2,2022-03-06 21:00:09
cldWk2y9tlXYdMD4PJqufLf1LEF2,2022-04-26 00:17:01
clhqeQmnXPcuTAVsbvM9QEwN5432,2021-10-16 11:11:03
cludComjkEZLVKGN3UpufpOuaZC3,2021-12-22 12:04:34
cm9RCjF7rSgOBm87EGJzgeqVg2G2,2021-10-04 23:12:39
cmHvWfmu5pcQB66dMGfX9firQOQ2,2022-06-19 03:01:06
cmR9FSI6qTPA2Z3F2Cd0l64wyNU2,2022-02-25 05:08:28
cnCbqMF2MlPgUFAMWbTuTl2BCbc2,2021-10-10 11:12:35
cnMtbyq9HfNxxvMeF0Cm9pSEV2b2,2022-04-22 04:35:10
cnYYOzMfIQa7Y30TD1UOcS6Yivz1,2021-11-14 08:36:22
cnkXNuW62nVwsrJ1lmXUDEVHS0C3,2022-04-13 11:57:55
cnrQBa25kcMc5QBWkuVQow3vGEW2,2022-04-18 05:26:56
co2xwSic4jOnVMWbMNDAJglyZ8e2,2022-04-13 16:02:44
coNa8pwQJCc5UsYckrIB3vkHXoR2,2022-05-10 03:30:24
coaK3ZU2ObTeNlngzjK33R6nFLH3,2021-11-08 16:37:30
cpQs5rSpBDWV1x5FhLkbHa2FrVY2,2022-06-01 12:20:30
cpd7m1jeISXnHYdaHOoUOutI3Ec2,2022-05-01 10:09:51
cpgc9AuPAzOyBmmhjR18UUPHvHi1,2022-02-12 11:36:29
cpirKLj4XFe9xgZhYGTmBxTX4Et1,2022-05-03 20:09:42
cpyt49OqtVPzpY3ON4GA8YK3lml2,2021-11-28 04:20:11
cq7UbOEmtlYwK64zVUa089nXZfH2,2022-03-06 15:23:02
cqBD8hbXGsSjZMU1oYTjpzCZHhk2,2022-06-18 19:00:35
cqKa7j9kjjeR0biR5wLBkdCQNM32,2022-02-15 11:49:07
cqsr83AN1kT89zcnpq4ANOlqa3g2,2022-04-12 04:41:22
cqwmjnAxGwUQvnEZ8vnAmA2emVj1,2022-02-05 03:39:58
cr20k83InxRxVnsEmRVBRhODvgI3,2021-10-15 17:36:59
cr7SXWeYNLNSHKIoNPpg236fn0r1,2021-10-17 04:04:11
crHJEW5vK1Ymd832y1wkWlSwxj42,2021-10-25 19:11:49
crN74BcoNCTwEeHaS95b9RARwLE3,2022-07-02 18:44:02
crSY0qg8vYeAz0NtV6YjVgJdIwP2,2021-11-14 13:20:53
crWMEuEsTiaCwvqveK4MyjU7aww2,2022-04-27 17:36:37
crXnxDv1kuhSP2gVzXYwltq39sy2,2022-06-15 01:26:22
crggKrWDqqMbHQOIqepaWNvCHIw2,2022-07-22 05:04:52
crnhlgWDcNa6SA1KsFWuX42xK3E3,2022-06-18 08:20:27
crsPqRqkqceGCFDjCfvLj5REpVZ2,2022-03-26 13:23:53
cry139ugBjZx8XyIrt8xOAp7Bnp1,2021-11-17 00:58:43
cs1SCHRjjCe6oXw9y0FIb5d9JXi1,2021-10-20 16:23:15
cs3ZIBGWQYQrMQvSsq9vjPmDnuo2,2022-04-23 15:54:07
csGVJkEF8dbDEoO23FRRB0pkaE73,2022-03-18 02:14:05
csH7YUDkJfdXsc0rwr4NHpLP3yO2,2022-02-13 07:28:53
csPTQwLNGabICv9WXJ3cA1i1jwL2,2021-11-25 05:13:08
csPwfEjLX2bjGXEe6RwoeGRSOZJ2,2022-03-12 14:42:50
cse0htiR6NUc6e90fdmWDwdeCr73,2021-11-17 10:14:41
cssPP9vC87Sv0WjAx4S7kUI8cZF3,2021-11-02 08:08:09
csuBRG35CAUI01EFKjw1jUTVkS53,2022-05-26 16:40:10
ctS1Xm8ibTSV9wdZiH9auF2XeTY2,2022-02-24 09:40:00
ctlAgpYEj0gQPoWEsII7W3dka2z2,2022-05-07 04:21:38
ctpiMlBL3uhU0fcLtAhnH16a5D73,2021-11-21 09:06:53
cu1P4g2nYhYS67vZ6Ht1t6DqET03,2022-07-13 13:01:10
cu2ZPurU5qbFS9UmNoEi6QGKuJq1,2022-07-13 15:44:06
cu85r48veRNtVRBsqcbQlcLstwq2,2021-11-12 10:45:04
cuKyWcZRcThZwBSXxTSPxCrigLK2,2022-06-19 06:12:46
cuVLgqYaTMbix9ctsQpcEPf4Oub2,2022-06-29 01:24:01
cuZRuMFNPJNs9o8V23FEbWu6mey2,2022-03-06 07:14:31
cvDR7wUmCJhf6QuksLC4Xzmk6o02,2022-06-29 11:10:49
cvNP8pj3ReOrGQrO9Nnp2J8RbeQ2,2022-06-30 13:38:32
cvbxQeKl5ePuJFLlHyNu1caXUPc2,2022-05-12 04:10:21
cxHaReWCWzTuITrpglvHAUqvTnv2,2022-04-19 05:22:58
cxKvDLUKEAN5kGsx9zhfeq0YoqD3,2022-02-15 12:38:29
cxnQjpDHS9XP6le17BCNXuBbueG2,2022-03-12 23:06:53
cxskULk1vdVN6bnBmVMPTpUOtKU2,2022-04-05 16:58:01
cy4lvabprRSkFld8wv2ZXEYaKlg1,2022-05-14 09:31:44
cyEQaALQUCM0I58GCR2E6Mj6hOh1,2022-05-28 08:12:16
cyFFzQSmmTgldXRv06H9LCENy1i1,2022-04-16 11:19:12
cyYgUSAY0DdgkXkuvHwNa8J6hBh2,2022-07-17 07:11:18
cyt9kvc0EtbWTph0dGOKjTWebVm2,2022-06-15 18:52:14
cywjGsI5JngUOqxwbTJeTo5xSzh2,2022-03-26 23:46:11
czNmiku5HhRcml4AYvylGiNSZOu2,2022-07-05 10:28:27
cznhs7ycrSVbl5snSZbX9PbZJO73,2022-04-20 07:25:59
cztpEOvZhdPbv8jr0FqaaQkmJCq1,2021-11-27 11:29:31
d09m4LZvotTsh6ooCBI07BJa60s1,2022-03-23 10:40:28
d0FzAiq2Omc2BhPamHswuFi0VBz1,2021-11-06 20:58:08
d0Odg65bdtSgP4AFAuLhAjxZrN13,2022-02-01 23:50:16
d0Uy86jVAZRwmocIZC6iY6hcTqj1,2022-01-04 01:16:37
d0iazdtjkvTNVmC31q7xhornqOY2,2021-11-21 05:24:24
d0z0D2h5ulbRRNDR9IVrJe80XKR2,2022-01-10 14:29:04
d17P1StwRJaHcp2vfoXHS9ujwr13,2021-12-29 19:38:52
d1Hd96rEgsZ7wXmwY5qryooZfzk1,2022-05-12 05:08:27
d1Hhi65F2sP9qJkiyCQibn62Nso2,2022-07-02 04:23:15
d1Hn3U3myJWTxd9fzPSpNXq02HG2,2022-02-08 07:33:08
d1idps52A3N0eHBhmG6Dy4umFbI3,2022-06-05 05:46:31
d1sGOiG83vXf2w16Mjc0HS96lnJ2,2022-03-27 09:40:05
d1wz1r0VBeMztnl9v8AzRqUtbxM2,2021-12-14 16:02:40
d276F8Rog0XtEmSjc0nkYm4NU7R2,2022-06-13 23:54:01
d2nMzRLeg3eo5h3p4gy6zR8Pkpb2,2022-05-25 12:59:59
d2xHxtTO4SOU8PMAn3FDfLgKtyF2,2022-05-15 14:27:31
d3BO13MnlIgH2RymyittDxDt1Ki2,2022-06-08 04:36:32
d3JE8mYeG7V5FA2D2sDnScNS1Kx2,2022-03-18 13:54:26
d3MIrhVJCHS9OVGss1ni6YhpaBT2,2022-02-16 06:57:06
d3kwx6CqFoc8lSyLDo8kLp9nx1D3,2022-04-17 11:41:52
d3tVXK6F25N4cBs71eKTRmsrSAY2,2021-10-13 23:45:45
d41lSbAi35PftnFIVp4FCpWTyqN2,2022-03-02 19:29:24
d45OExspVqahhQfKeAn7Yd77CVl1,2021-12-23 23:19:20
d4WdZYAxaWffedMvGAgcY1xuBcO2,2022-04-07 07:53:23
d4r3kGGEBKXh7vy0SFMjYN18Lnu2,2022-04-23 17:47:15
d5XR59ysfqSd1nleM818Xu1lZvI3,2022-03-28 07:06:31
d5aYd9b1oNe08C8I4jP1DcDuoUm2,2022-04-24 10:54:46
d5p661fOU6QoYbTsMIbJ1KebTpJ2,2022-05-16 14:26:26
d611iMQCqGMOxal74jQ0fod0was1,2022-02-28 19:31:23
d6nZLMIzNCOARDwpjiMHiTkW0qr2,2022-05-27 05:06:56
d7CAFufExWUOQuklrq0bWu2e8Uc2,2022-06-01 10:44:34
d7TZ8OLMXwNPMENBfR3D2bLHTXu2,2021-12-18 16:26:26
d7iymqEAsCdGjXDxNyEQLpiJJR92,2022-07-03 09:20:50
d7ntBhBrYpY3z5rmybiQb6Jf50x1,2021-11-03 04:02:16
d7um9ROAC6WWIvk7kA4tnOEs9xo1,2022-01-11 22:18:36
d87vkC4r0qMJEJ5VTgtYiSHWEfz2,2022-07-24 16:33:09
d8MfNcCeAXddrg1JHuMSvKoKrEf1,2022-01-11 00:24:26
d8YvO8bcJ6UV4B399joIrjP3kdu1,2022-06-11 04:19:00
d8ZUjl3vLcVl3ul61dFZBKRBsRR2,2022-05-11 02:41:03
d8eFtX9KqZNS5KYPJHC8nkzeiZA3,2022-05-31 08:28:42
d8rWsjkAYShmeBXCaFuYSYF8Q922,2021-12-08 09:40:56
d9HRcAmPw9hKbBcqokkIHV5bbI03,2022-05-29 16:36:27
d9WiUhXRgiexRmurymbU2apY6oQ2,2022-01-02 02:24:34
d9jwTuzuxselrzZvyMC7jCenmMF2,2022-03-14 09:46:41
d9uZMus2AUNQPqpAYO6uufDg8v73,2021-12-22 10:57:13
dADbolJmgIfS8z1463sEyNyahZN2,2021-11-01 15:42:21
dARhdLKjjmdxlShNg2MlhHjEmed2,2022-01-18 03:52:57
dAV3IBrvvKgRiCekeRRZUkusduv1,2022-01-13 00:36:28
dAWOFCt33MdnSvowPBq0f5RbHzI2,2022-04-19 14:01:18
dAiNDee2fkhH1ebtvV9K1pvn4Uv1,2022-01-24 21:32:30
dAiXd7pXzuRrpzZR8nJOwL38T3g2,2022-05-24 09:03:46
dAozlW7ANZZmoO6UU5Py6wFlPSy1,2022-06-12 03:37:27
dBPADAtGeuhrJuaaOMJbMWawkMI2,2022-04-15 13:30:54
dBQRoSlb6UWGiWRsHfycg0C7J672,2021-12-25 03:45:10
dC30IFSocCaaLsrqfN0QvEAArux2,2022-01-16 12:30:33
dCOUzhnqAuf2PyksCvLU3fO0hKz1,2022-04-25 21:52:05
dCeVRNRjA4eM6Ndo1WmQu3BDmtt1,2022-04-01 12:49:46
dClaiTCyQNfQuxW6P9sZrfSNv3I2,2022-01-15 01:06:09
dDhjbWyvSvRDHpkSKpSVlZqTv5j1,2022-02-15 08:01:15
dDpL0TwX8mhK06PQHuBVbWgcgev1,2022-01-23 03:16:42
dDvVsKCV5XPV2tjOhlivfNw9Jhj1,2021-11-26 23:29:46
dEdW8GNH5lM05v8r0l2lhGnhjQv1,2022-06-05 08:34:20
dFChm35AGGUzwf6UTQYLJ5Q1opC3,2022-04-16 04:11:23
dFJJXUd5m3RFS64I0D0GYdAZfii1,2022-04-09 15:38:49
dFWWVxnpd1YGRoXn5drUdVaGId73,2022-03-12 12:09:28
dFWqyCR5OjZJNTTUfRwIMI7bqsJ2,2022-05-05 20:48:31
dFZbYnIqCnO74nUMK00HryVWWNc2,2022-04-12 10:01:35
dFxBjCatNAMuBngAxxEtIzkwAVg1,2021-12-19 04:10:08
dFy09NMGCUMAEpMVjoGTtFee1Eg1,2022-03-07 10:27:00
dG8l1adq76PtivG6tzyoCFhUUbm1,2022-03-14 17:51:59
dGCkrEcjJOSeUOP44t58jTbJ89B2,2022-03-08 04:54:52
dGlIImWm76ZfYeK4khI0VWaRW6k2,2022-05-01 06:49:44
dHI2j7OldeUoerjADx4GFGY38EF2,2021-12-20 07:39:22
dHLMG4BZpuODBmhi2VT1xTDKs3w2,2022-01-05 15:32:25
dHSFtFsCthgwBa4tGzK8BmW03jb2,2021-10-18 04:25:15
dHWtLuCoCJfdMYtS4lzCKc52k4H2,2022-04-30 14:45:01
dHbBrhxgtTShLjWaEhhO3CwlM9C3,2021-10-25 10:09:39
dHjrwBf5JMObPV2mEUyildsbGm03,2022-03-28 11:17:14
dHolRfy2Bob34NgKn5HRYAZen783,2021-12-09 17:34:57
dIPCeyBRxtaXO8PwVDYF6w2CW583,2022-05-04 07:39:46
dIPnnwm9coPrVsVowwlgCUFMSpE2,2022-03-10 03:23:44
dITqNdOza7bKXYXk9bVV04KKbb52,2022-03-16 03:37:39
dIUO0w17rvWG2bNioBJ3C8uzyuD2,2022-04-29 09:44:37
dIWftrR5fuOZqtMe12kctN7ndel2,2022-05-15 13:11:43
dIindJXXe3MzbE5bHJyihFEtWIz1,2022-07-20 06:06:31
dIjLiniCW6R2Z2UHFkV3YnyXylx2,2022-05-14 04:26:04
dInd3wGDMlSb5zmLkBRWOCzpMAo1,2022-05-05 07:33:01
dJ9QbuxurSVZYz83kgwebBYfSKS2,2022-01-30 11:39:56
dJ9Rs7TyZMS5aLKzUpQm1WURkHa2,2022-05-23 14:57:15
dJF4uv2Wuoa2Y58Wo7VmUUUoe8m2,2022-05-27 21:57:49
dJGqvXbSikbQRl9dgKbZgR5yvc03,2022-07-12 17:35:32
dJMF2RAtfvQjiGqrRnZxNBx7GMl1,2022-02-25 11:53:58
dJVHly0uYnc8Dca2Lx38NE83WHl1,2022-06-24 02:03:08
dKPV0LFZrPdoIBIu2vkiwFRQtUB2,2022-02-17 03:53:39
dKZi7MbPEUh29TBuj8kyerphLSB2,2022-04-11 15:42:43
dL2oCOHvE2MjZiixbCtmqyu1ra73,2022-02-12 16:27:57
dLAtW4Wbx3OCbgIUX4dHjrDoVTA2,2021-10-11 04:04:55
dLO1zerFaeRZTojeVU5u229TaQm2,2022-01-14 11:28:20
dM66FlRnrzgPRjmB3zygc3cYMdm2,2022-04-19 20:29:30
dM7sjgAYgogqbC5sluLi8wA8lng1,2021-10-22 14:23:49
dMCZYjkyJUbzT3SbKv1cucl1hD13,2022-06-24 06:03:02
dMYWHtGc2KVm82T9eIMQCpNbysV2,2021-10-25 06:39:13
dN67fCpAlkXta1G9fzYff4bdJy83,2022-04-07 18:07:54
dN9iIo5EnhbLn1FnbcBxbyFefr42,2021-12-04 04:07:34
dNLaifFtxVZonAOYY4CIb2gM6N42,2022-05-27 09:41:39
dNLmeS9L3DZGEXQUFVoI4c6exUF3,2022-03-27 14:38:30
dOJoDyjpKBWbsAMa0ZFHBxPcWAV2,2022-05-24 17:21:04
dON57Gthz3bg5XQJCMiPqejswxX2,2022-01-18 12:59:28
dOSxmmhNxJaDWUXyvFBweWTllSj2,2022-04-06 11:41:47
dOWNF8pIhYNwDu7jCEuNmXrKn6c2,2022-05-22 00:17:39
dOceDxoN7oPAH0zSDPGXd4n153V2,2022-03-09 01:27:18
dOgfs727UwVZ70HT6kNuvse0HHm2,2021-12-27 07:43:08
dOrbIGajH4cmsyhvSUUmNIBTqPb2,2021-12-23 09:57:23
dOuzVFE84DTYjfUAIfWFWhkgiso1,2022-05-31 20:39:54
dPEHsBTZFAgcKzM8ZbZ8vdMStTs1,2022-07-25 16:33:24
dPZxpIyBLkVKOKGjcQhwwsORPss1,2022-04-14 05:39:13
dPb8Us6bxrT4uquBD2ZQoO2Imth1,2021-10-29 18:51:03
dQSRB0gfETZsCLpJu30mUdGJJQF3,2022-05-03 11:23:33
dQj35xcaoQh7Z7lCgXhj3YcMikC2,2021-12-24 20:16:26
dRLn05r8aXYqhEtBdPZAriwQUU93,2022-07-31 18:26:01
dRR0F1pQeoZ1R5YnInp7DoUKy643,2021-12-12 14:01:35
dRzWdzQjKlMyVSK7U2vG6963SPC2,2022-02-04 16:36:15
dS2wzgOJEfTWpbeaCizbsmfrRSk2,2022-01-04 23:00:39
dSTZQNXtG5R3qYvagZUiENXd9IK2,2021-11-13 23:13:37
dSfwdzAQfJWwnzyLeJIRW44cjSO2,2022-03-19 07:04:28
dShKiL9IlaXoSoN9aE3isZICq483,2021-12-07 10:16:01
dSkuqLTF0vRvHYVGGl4OYHNXV863,2022-04-12 05:27:33
dSmlPQWhsDW6Yx3dDWIYbGU2nQ02,2022-06-19 16:31:58
dTAnekcmZ9Nk7xLWk2o0xnIRri43,2022-03-07 21:23:30
dTSIPYhe9Qc2m1eEVOsih8p1Tr23,2022-01-09 21:29:01
dTTcI4xr71aJwmp13jUgE8Zzmy12,2022-02-06 15:42:37
dTWH0gbjGfbwsgTfBbEndhMHoFC3,2021-10-05 08:23:52
dTeMaaGqedcyvrtczWIEQFE10Fk1,2022-05-30 07:04:13
dU1ZVj4QhySBizYTwyULYmFnsep1,2022-03-09 10:12:56
dUOKcausWoY0FqvAIEcguBJ0XjM2,2021-11-21 08:08:31
dUXxMNzf1dTuT9dNtJ25nN4NzOT2,2022-03-10 05:06:03
dUgWxi5yWPTXPoac1BGuytxqk4J3,2021-10-30 03:11:47
dUtcKnpNG2RJKCj4jmQ2TMV95zM2,2021-10-19 05:08:41
dVO6zsHSYSPeV8QdRHFbFFGJh4n2,2021-11-16 18:17:51
dVjxc7NetDP4sQf7KWC8pW9Qtip1,2022-03-12 17:38:06
dVoU3IU4kIdI0HOt3FjB5FnWFCC3,2022-04-30 04:20:48
dVvEDiKFlbNH4OpDVeJ5tdQiYA72,2022-07-11 05:36:52
dWYDyBWk5wU0EAIUiuH0lkKQPAf2,2022-02-06 09:35:44
dWmEmqigdEPMhzH1qEPsUMy39Iu2,2022-06-20 10:40:07
dXBO2nEodQWKHQFwIb9clTko24B3,2022-03-22 14:24:00
dXBuawmsqeXvO99FuQkPbV7jNvm2,2022-05-23 23:10:15
dXVcI6ZIcSZHHISbGAzo206hr6U2,2022-04-06 12:10:48
dY0y7XKolgYNx7ZZYdFfCuQjovp2,2022-01-04 15:14:55
dY2v0vtMe2STNK3cDH3ajg5K0qo2,2022-07-20 14:06:57
dYCc4EsoIgOahYQEePCSL57eA1n1,2022-01-09 01:11:45
dYqFOv0QEFhPB7WWuOVlgCVsf4x1,2022-07-29 03:29:58
dZ9zP5a5niSONTV5kteZ3KQNeVw1,2021-12-10 13:59:17
dZBMSJOABCckwboh1X9SJFMuIaC3,2022-03-03 14:05:54
dZNANTdzK8eZvq5ZHvQoyBgMt5U2,2022-04-16 05:10:49
dZeydQRiEtMF3iUDjHQtnrqLUdk2,2022-02-02 09:00:44
dZiNu5YuXwSSGLaefHTwLPkY7gn2,2022-04-27 01:59:44
dZjgLChLTOgYRv5eT65IhUBs3LJ2,2021-12-26 22:19:08
daK4WMB61gZK8ZB4Sq26ZCvWnY03,2022-06-09 13:13:53
daUPO2eycZZaHpxGpWTLO03ze0H2,2022-03-03 22:37:12
daWjGoxbRIgEKUtQL3rXx4QvqTS2,2022-05-09 13:29:02
daYWlyq4dnRRhzgq88gZpor2c8y2,2021-10-03 09:58:38
daYZVfBBpONGvoggELxGtzMO2Zw1,2022-05-11 14:49:27
daseoI7ETYb52eG48XqdmGMpxIf2,2022-04-29 14:37:50
db2MqXOHAQSLXaOHBJjJDtbCnS12,2022-06-08 12:06:05
db8JK90Qs8cdolOokBMB4WfmuGL2,2022-05-17 08:49:39
dbESNpLIupe2kf2LTOLTm5OHPje2,2021-10-30 08:02:50
dbOSo9aMbvMfIaaySQgc0IvtRZp1,2022-04-10 17:22:40
dbQoMOh5hSVT76F4X5n8JvUDD5A2,2022-01-06 11:24:27
dbXCY0RM2HeYzrZbwRiKJJxSIWK2,2022-03-23 14:42:18
dbg9lXwftENuLRABwbjqxDSwNAG2,2021-10-06 07:51:46
dbiGzsjblgTH2iQYl4VAXb8dgaf2,2022-02-28 07:32:42
dc1IBRFohzQrazsXjFYMwGfVp3Y2,2022-01-20 06:52:10
dc4U1iwHjaY3NNEDqRzDb9cARnw2,2022-03-11 15:41:38
dcYelbF551WOCN0NzRXa6UWdz5C3,2022-04-26 12:08:56
dcvniuYj2CRunTtB4bkNWUJTYl72,2022-04-17 10:28:22
dcwdH4fIOhaEUI8H4T6cisIbgng1,2022-06-03 08:10:06
dcyAXFm6cgdQ82gypqly8Z6ebRE2,2022-03-23 23:36:53
dd8ZUycEjDNX7ZlRqUU3oPc6jno1,2022-06-26 06:13:41
ddDi2FEkrwcs7p2u01ZxcqFFMbn1,2022-06-01 15:13:10
ddSjx6TfF7N4zDcHvsLxJgie5Gj1,2022-01-09 18:08:43
ddqr2NgAsrSuatFKFwzsbwW2jdo1,2022-01-05 04:49:55
ddyiixN9AxZcLuWdvP9uC7tLw443,2021-11-10 07:23:25
deGoWl6cItRxTqvVedTyN8et0LH3,2022-06-23 23:30:16
des0ffJ1J8NIPRYMDYBjRJDgebR2,2022-04-27 23:18:54
df2cYKt14ieePz4VrDA6oSQfi3J2,2022-03-29 11:43:11
df4BwHlUdHdO0JOa5q4qWmhVKmb2,2022-08-01 03:08:07
df63QevoXCcvsrm5Yi8I5PkjfMr1,2022-07-23 05:05:02
dfP5OiZxxVTAO41qE0URFNrHNg12,2022-05-05 12:28:18
dfTvzmFMF1axhNvXZSk0eggxELA2,2022-03-12 07:35:30
dfWYQMupmbUo1J7njJ6LhTmgQEn2,2022-06-28 03:21:57
dgCB0OhnkxMDgbc8BfYgv5cFbSB2,2021-10-15 21:57:11
dgIdjRogIOMjyTYQDD1IlyTTPPI3,2022-06-16 10:37:58
dgJ2Zi8XiRZV1Z6fILCh2uYkaam2,2022-06-15 08:25:42
dgbf2sHmWgQlamOEPqNOUKoSPkd2,2022-07-20 03:03:16
dgkiGn9Px2VJ2RgJoDsICgyNec52,2022-01-03 23:52:01
dgmPGw443URbBX0DsCJqMTj7Qiw1,2022-04-24 07:22:52
dgqW8Ws9ZJZLQMDoMYfcGwENtAx1,2022-05-29 00:23:00
dhS0YyTJ0ugqE5Ra5Kb0nCp89py2,2022-03-02 16:06:31
dhVFSZha2SWUElBMDoUgK0INsGF3,2021-11-05 06:00:59
dhdvhBA4j6UEXxt27IM8t3HMnVQ2,2022-04-20 20:06:00
dheNKnEa6EWA8uT56LIqBC2Oh8t2,2021-10-13 01:55:56
dhqv3icKTEVovmWF318rNpFNkYP2,2022-05-24 13:55:32
dhyg6uQUWThc1smw0d2U1Xwvfer2,2022-01-01 16:40:41
diBqEvf08cWDYZpyrIFyOpPBhLs2,2022-02-13 23:08:44
diGnUerEZbV29JCqa0u0QoAXqPO2,2021-12-23 02:48:39
diJ115rebwZ7TtgG529rgDbf8Hq1,2021-11-24 05:25:37
diOGzYHXY7fgjpZnkS63dAF1KE43,2021-10-24 03:56:33
did5YSAcVSXa1Qxz2m4AlikcNNH2,2021-10-02 08:42:16
diqNiZBFNndjrumTEg2AvSv9GSC3,2021-12-14 14:57:31
djmQlWIBuDS197hCPL2zompnO822,2022-01-20 16:45:32
djqqO22KhyOOuKddhI49X3EaOS22,2022-07-22 12:37:53
dk6r3hgJdae0XIxBvcHqtU6yuJt2,2022-04-15 16:13:53
dk7sk42kFdXRTjc35JzmG0kXYw53,2022-03-08 23:11:53
dkDOi4eAG8hwojsvkdxyDs1T2hs2,2021-12-12 16:55:13
dkHIT0L9HhQcVNH7AtoNt7S8vow2,2021-12-02 14:22:22
dkKbaAfzI6fRkW7FvkYrr38jLxD3,2022-04-10 05:16:02
dkNTbM1AzQQrnkDWLJtXlXTit023,2022-07-30 22:11:25
dkRJ1ECSEKZZdElwetsxn01wdZ12,2022-07-21 02:13:58
dkeUf0MaLETNY4HcFCIiIejpL432,2022-02-06 08:53:17
dkxqIvoQbkZCo0UtQKCIMacYc2U2,2022-05-04 10:56:01
dkzOtCEjymgtONnev75ndj0JEAB2,2021-12-30 21:49:05
dlBorQNltgScpr3nNv45zgOH6CZ2,2022-07-28 23:50:42
dlez5qX2WYZT0cNfCXLhj47c0gS2,2021-12-20 07:11:07
dm5Epajw3EOQpyLUq89nuRiCeTe2,2021-11-04 03:51:54
dm7Hw2W8mMexbw70tCzPcpmxdsR2,2022-06-25 14:54:06
dmDP6qZVKEar5IAky5ySNCqeFin2,2022-05-06 22:31:06
dmEhHG8CFCXwhlcE939eyDTA6443,2022-04-14 23:08:34
dmb9zJHANwYxcdh0z8IM4vRd6KI3,2022-03-29 03:09:19
dmoZB6UnMqcuNPDe0X8pAhTTGFg1,2022-06-12 08:57:48
dnEasDz2U9PJSbKBOU6bDt8OxtW2,2022-07-07 17:45:53
dnHVs5KOEaSzm8dc02EqC6LznEw1,2022-01-25 15:42:37
dnKOo7eCQ7PFPUuIHnQcuppBltA3,2021-11-23 05:56:53
dnMzYXtWcUPq4VByZoPrlXJVzZ82,2022-05-20 07:07:26
dnh4b9221nMLHphzYS0G6XOZ06u2,2022-07-10 19:10:49
doFYIDxkclYOb5m4vFunjAJgWpq2,2021-11-06 19:28:03
doilHFovsiURC9lxFfQdkX4js1p2,2021-10-27 17:34:49
dopsa3ykkjYpXqBLorPCSQobHB22,2021-12-30 02:20:00
dp2hzGuDXDbNjjSQ4CQqmjHKhYi2,2022-05-22 04:27:54
dp44hZefJlf4Pw8nKSOIn8nfjAw2,2021-11-07 12:56:20
dpzpeYNDfgatIX6UncLAoHEiGiU2,2021-10-09 16:35:40
dq9g2WIzQBNfQAfqH0wbtyA2AnT2,2022-03-04 01:19:24
dqJR7EEQwfQQfTi4Fy8l8Qsj4hj1,2022-04-30 18:37:23
dqSOHOVdhkU715pJlh8W3h3iC092,2022-04-09 01:06:41
dqV8nTfWFaUdo3jCGO2J6gaYr8V2,2022-02-25 08:06:10
dqbQX4ez1zgVUVVWFL6CtbQ4bvC2,2022-04-14 15:04:21
dqyfK3H5enODsYlK0xAGPyHbKLg1,2022-06-17 18:09:59
drOqB7lyUPfXpKAu7MFZtRq06Yg2,2022-02-24 05:43:06
drRYvgSlZPamIXvbXpj0x8R6QGu2,2022-04-29 00:02:31
drUdEkYzFgcAouePk7XCAq6tPGK2,2022-03-11 02:36:38
droBi8muWadh7jurblYhDwX37VF3,2022-03-26 05:24:18
dsVaQrkmMOhCREkSJWOtHdzi6fv1,2022-06-18 20:14:36
dsfrtoEmMXgh4JMA6UJdE8XUX6v1,2022-06-22 05:12:21
dswar2oeQmNPssKn7K3pBufXIvf1,2022-01-27 01:17:49
dtGdGgUsT5PJwdmvr5uQ0cjHaQl2,2022-05-07 06:21:04
dtQPw8vScAZIy6DeWeBrW3BJo2D3,2021-11-27 15:59:50
dtd0vw051tMFKxHXEaEo8IWhXUH2,2021-11-10 15:41:27
dtpsJZQpTMPSY86vGh7cq3jHdPE2,2022-03-26 06:45:39
dtviEyqxhMOPQOKbaA7yKK0aPCk2,2022-06-15 08:45:24
duLm9PEjVKPmXZEFLewPTuemOu02,2022-06-02 19:04:11
dvBSexkuusTQk2WW0lTMrlPynZh2,2022-05-02 09:04:56
dvJHjpbO3EYR4EYUI6r4PYGGkQq1,2022-05-17 13:33:47
dvU9LgmUS8WaM0S6kU6oPtIWJrK2,2021-12-15 04:04:25
dvhjJNPNIMXvTFnDtrI5xoUYW3X2,2022-02-06 03:22:05
dvnC9IkNpveA3vXusMqC8GAf5xS2,2022-06-18 06:51:59
dw1rrRnK0AZgJpL0a2zjryimmLo1,2021-12-24 23:00:45
dwAECDzZdtW6VNwgsdlF12vkm413,2022-06-13 13:04:35
dwb93Ve2mXedOKz1lyuE3oWsxDs1,2022-07-09 02:26:42
dwckftrv6VQ3pbbeEBUI1XF8F9s2,2022-03-30 13:41:31
dwsMpSSqekfNS5vrpKiGGfyXUao2,2022-01-14 07:39:57
dxFrkf9lyHOQBi9zlHe1pTSHXDN2,2021-12-24 20:19:27
dxJyI3Ez5qS2Enybywpthe4MZI32,2022-07-19 10:48:17
dxlQX2MI1aZ8xmCv5OiNC0yInyz2,2022-06-23 10:11:39
dxuFey4E4XXnCPfB7LAdENyMd7l2,2022-02-03 09:57:19
dy7lkflLo5bEYnETKI4E3aUCVNF3,2022-03-12 02:01:51
dyUdQQRu3Icwvxw6WtqN1Pn9y3F3,2022-02-06 01:35:42
dz1weSKi6JXhMLtCAy1bXPlWUu32,2022-01-30 16:39:59
dzYCcBUR19flUhAwyBAruxsvdNd2,2022-04-29 01:42:06
dzjC6JwEKJQe7mohooJA4JCgCQ83,2022-04-03 14:59:28
dzrnIy6KzHWtpIiWWlbVXkD8ME62,2022-01-30 14:21:15
dztbF3iALYdN7ObrDY9guLineOU2,2022-06-01 06:41:04
dzz5eBRdaeegcRidOzO2pzUreyY2,2021-10-28 10:36:42
e06UWtgWnbaabgBLf7TGzj29e5M2,2022-04-25 10:44:03
e0INEXEAG3NzRVa1I1jRjaxh0Ba2,2022-05-01 03:06:29
e0XZr30HzFS6H9eYXOv5x9GuZxE3,2022-07-19 22:30:53
e0i1PdzEPZMYY2iwMJnEmqWylRr1,2022-04-03 03:17:02
e0xLEamjT2RyzGUs4JJ0cnRiQhM2,2022-06-02 11:08:05
e18hO5ChX0XAnk9ouDTCSLeu3BX2,2022-03-07 14:03:17
e1RxJyzy7PhNFw0usob7CMlYeMi2,2022-02-02 17:29:01
e1brlz6oNYeBnNLkF0ynjVZ6J7k2,2022-01-03 11:31:00
e2J4QoytO4XSIMoJkoCtC7rfSUW2,2021-10-03 12:29:26
e2JBawShZMUQgOeV6s9yutD4uet2,2022-06-26 03:05:20
e2cx8evhZsUNeXMn0fJWCD4x1mz1,2021-10-16 14:54:52
e3S6bx0SZ9gXuIU8riBgqIiWoR03,2021-12-22 13:29:49
e3h939Ho9LVyCBIhh3gzYLzXtCH3,2021-11-23 12:46:41
e3tk9lcfSxPvo0GQWr7tHelBJIG3,2021-10-31 13:11:54
e49pm6mqtzYhxMpDWwJXgBbhTVY2,2022-05-12 03:56:57
e4BPkbhW1sa0TS3YgnhbgMORPEb2,2022-05-22 12:11:17
e4GUNkDkKDgPrzgqN6Wwva44PjI3,2021-10-19 15:11:29
e4JMIw9Rp3QnaSeCjsCKmjMwJKV2,2021-12-14 08:26:21
e4QykFjXmUdaTx4ilPKimCelryd2,2022-04-15 21:18:23
e4VCJ3TogZZfZ7DWMXaOHtAqB4r1,2022-05-24 17:36:02
e4t3bIvQzNeMdohTexnsEig2Z9g2,2021-11-07 07:21:41
e4vkKKQxmBPlW3G5WGC3cxfZ2gr1,2022-05-07 22:50:05
e59pMJMuAHTWlnRQAnvha1vNKvr2,2022-06-04 10:46:29
e5SiE41OfGajJpMDRRAG6PPiYXf1,2022-03-17 10:01:26
e5vffCS8xNRZk4Z1J8qmZLzFuMO2,2021-11-15 18:22:51
e61w05hRQoftbW4xdY7cSYetBrv1,2022-03-07 12:17:02
e65zTh5paERx2w2SxJa6ME2eXdF2,2022-01-19 08:17:22
e6Hf29Me0vXQH3ETvolO1RZGKS52,2022-05-08 06:51:21
e6ITr5pxg6RcpiH4qOtglSrdoxB2,2021-11-09 13:13:52
e6KJhp41jUWRevvhJW5GWPr17vx2,2022-07-01 16:11:37
e6quOeagrrZSAQXYvw7MXeu8Iw03,2022-03-22 06:21:10
e6t7bwZI53dYYcVswAQB2Pt5gBf2,2022-03-14 04:01:32
e7WbXvBGzyUcTe5lh8AFz2JsDfv1,2022-03-14 02:54:20
e7cysDBZIEe7ZZvd5l1rSGUWcHG3,2022-01-28 03:47:31
e7lNsYAYHpOunZg6RsKJwPF59i73,2022-05-03 07:47:43
e8AfbnDDcoR9NdaQ29vDu0Eeh9i1,2022-04-07 16:36:13
e8TjDTgDtJffNN0e5jnLoIzcCzJ3,2022-03-18 08:24:50
e9WFKnLIp1WEIKHv0xRbwWPehVa2,2022-05-05 07:37:20
e9ggQaaYP9QezBFgpmEROqOXcsh1,2021-11-07 07:33:11
e9iaU9N6AZM6MwdBXO665KWxbdE2,2021-10-28 20:51:06
e9uldrBtuCTg6JhCvcRFR7z0LUy2,2021-12-17 20:03:01
eAC2ppmyhzP79Rs2pAQEEfuZ2cy1,2022-07-25 09:04:16
eADOD7dq76UnbTObLeohsKxPyr12,2022-05-16 04:56:01
eAMc799AfuXHluYXp0uDhpFLqNz1,2022-04-05 14:58:20
eAd3usZRtYhwatWbbyUizDS2JPf2,2022-02-28 00:12:05
eAuUJpH35SUfvLt13fevYgwg9Js1,2021-10-08 18:06:45
eBdEN6v4fxeeSMVl2cK0q8lYvgR2,2022-01-28 05:59:32
eCDXEMCjnLhZZkoMKkbGRJO9qgn2,2022-03-03 10:06:35
eCaosbd6ZjWkjrhMw7a2MwI1qQG3,2021-11-25 14:43:37
eDE8rlGFWnew9olqPR3e3I8S7EY2,2022-03-12 13:12:48
eDlNLVRY5gTdYH8UA3lEqqAoV5A3,2022-07-02 02:08:12
eE1ZM9WnD4Z8Xpvvb8Uv62k5FY22,2021-11-15 08:37:18
eE478B0cJSSf4J26Es0DYpIQPjD3,2022-03-17 04:23:34
eEOPtdztxAOtLI25sAiOnCkPSlp1,2022-05-13 09:54:03
eEVZa28HKWVocNqCA1VIeOMf4QH2,2021-10-26 02:38:40
eEWyxhXNOoNMwV7OahcB3RqQjcx2,2022-04-05 15:03:54
eEhaNAAAAfglkll3GNkBMIT2tLk2,2022-07-07 06:07:59
eEltXqC5Lxh8HhFf8MwLIiwEJ3f1,2022-07-22 13:08:16
eEnONl0l3QX9bnORd6m5wuQLXJk1,2021-11-16 14:56:00
eF5GzNZtdHVsMow5t95Id2liUMy2,2022-05-24 13:07:24
eF6pl4yf5tfHH828zpWF6eMtFi13,2022-04-17 09:50:19
eFHj2ZCQJMRZJvWP26k2N3RfYQf2,2022-04-17 14:17:01
eFR47zzL19XxS1UF8ajde1aYwVr2,2022-06-19 01:30:52
eFVLXRCFLzWKVxhXbKxsYl54qvS2,2022-05-05 00:06:20
eFX4aQwvRUc6H0rXB8PFTMaDfE53,2022-06-04 07:28:09
eGEioKbcrGOxgRMORkahlG5qecE2,2021-11-11 17:13:33
eGXvDSnLSEUi2keyoGAm3otMBTq2,2022-08-01 11:19:07
eGbS3A0CgYZvLm1w9dyyjNFOpf93,2022-02-02 01:50:15
eGf5SdVJ2TdhJ0T5En9uy9OdHlB3,2022-02-05 04:58:30
eGu1P8zOFQMNIgrlOIyQz8mQfvB2,2022-07-26 21:34:00
eGz1eBqKApTFEtEmMmsGXiTx1wK2,2022-03-13 08:51:01
eHPjegEIkHSDScvLQhMSIo8uVQH2,2022-04-06 13:46:28
eHWtOgKqF2SADtwd2AUUtOBUaBg1,2022-03-04 13:23:59
eHeHzNlGeaRdYl3Ut7dHCcNCe1Q2,2022-04-05 14:15:04
eIFJWjwjxchzraT7Pf072mK0VjT2,2021-11-05 12:01:42
eIHuleBz8LMbpfiSshbM4UJCyCv2,2022-02-03 13:23:05
eIRoxJw9GiaG2o3CqSKRLtIwAYC3,2021-11-30 17:18:55
eIZTUniThhMSZscbKU8rqERynMl2,2021-10-21 23:24:05
eIio86JJWDbdc4McDxPlegbnLBK2,2022-04-04 08:23:38
eIwg8YuIbgQDXFPxlpMiNIKLNbo2,2022-01-02 19:50:25
eJNT8uyTfoXL2GmfBLruejTCuVK2,2022-05-31 20:11:27
eJOc0oAc4AMkrXo2N6zFlsyc2IB3,2022-06-23 12:42:59
eJWaoziOcPPchQPpnZUvWTlVLQD3,2022-03-07 13:37:05
eJprJGMB0tVLXIEIQwPyWFqwxav1,2022-07-20 04:39:03
eJyVkhTC8Idcz5okDtUPaNdQWq63,2022-01-04 11:28:15
eK8aLM3nGyTzpMtO6K8H8Czb3FC2,2022-06-03 07:03:02
eKMWe4WiWcM7dEW6Z5VBid58oJl1,2022-07-21 19:29:28
eKUgy2h0hhZc1okPWaMFWa8rtmr1,2022-04-23 02:01:13
eKVOC7wrZnZBuB1Ko332umzpMBA2,2022-06-16 03:31:08
eKZQzwHfZfcG7s19i0uXcyFy5wg2,2022-03-23 02:54:02
eL4p7AnBbhURXVUk6kCYMxZN9TB3,2022-04-28 11:58:22
eL9G4atIMmWBlKcUizlScFBBqfB2,2022-04-20 21:48:26
eLA5TXR4gUOhhFZNT3SITsJ0WM02,2022-06-14 10:12:26
eLZKPXyN5Cf7Ky2LjNJThZ2jLjr1,2022-06-12 15:33:22
eLhHpU9ZblYyrRxEklXQmLpgrTw1,2022-01-17 13:01:44
eMF1VthCcwURKumQ5XMNttqqRbB2,2022-07-09 22:31:53
eMS8yN5sBReoBnRhWQMhfr9cDWP2,2021-10-22 18:09:16
eMX8V6HAPAfsyxQhc2foG3Gi2WV2,2021-12-24 15:37:01
eMaDOBLTs5Mz9LPTLFZy2KT3LxB3,2021-10-06 02:38:54
eMd63o0V5NaEf6muhXBICm0dFdf2,2022-04-19 11:26:58
eMpjYfKmsvWv7aPbYnhAPGS3Pe03,2022-07-30 15:56:25
eN9UUzafTCbjFBxonzbbjglVBcE2,2022-05-05 01:58:32
eNC4FmGSjcQFDKPYc2MBORWnk7A2,2022-03-09 07:31:39
eNCcVxtwcxUbwAic5z1P1cWDNf23,2022-05-27 14:23:39
eNMV0i94B7fkdkzx3GbFY4Frn3m2,2022-04-19 09:06:45
eNZvnPJBZEMtGExeRaHqzKUbRIW2,2022-02-26 10:16:47
eNv4SOokxCfDEAVadba9fGYq9N12,2021-10-21 05:37:57
eOQqrFrj1yWP5gKxfJ8DApIoWXb2,2022-02-26 13:30:42
eOb2KvTHL1aOepJOpZDJaQbj6cS2,2021-10-31 03:52:22
eP7kC9tqE4YMXw1OhJo0p9Fpshi1,2022-07-21 03:12:31
ePPBAsgCd5QBKSkEw6NQtcYhFsP2,2022-02-23 01:14:22
ePY03aJSUacu4xswjWWqad27Lol2,2022-03-27 03:56:36
eQN2nozJFjRyYP6hFNcYK0E9FU52,2022-07-24 01:12:22
eQUbbKQ05reUT2fDyNtzqYsDMH63,2022-03-22 02:30:16
eQVtZWbBZ1bVvuAXJLTpUgSJcAG2,2022-07-14 08:22:39
eQd0mdeVLQYb966QnRPEjGrAxCu2,2022-03-07 18:55:23
eQytoEGzIxXBkYLg2jQxK2u4y952,2022-06-06 02:16:35
eR66uE0PihUzEDeWyg0u66yZHWk1,2021-11-30 10:15:09
eR9fPsONYJWe5QCmqKAzQJoMDqY2,2021-10-04 02:38:14
eS5OQasnr2ZNrKF1gjHTblgK8h13,2022-04-28 13:32:53
eSaf2sRV3ke5zCsJlcEYtsh38CC3,2022-03-22 13:38:23
eScqjMyuMOfU4kOkb61iS0DxXvn1,2022-05-11 06:37:30
eSz7QNs5sQdZNaeXdYjcVRGibtg1,2022-07-29 15:14:27
eTMsTNlBDBSi35zVDseyI5ejKBc2,2022-07-27 11:32:03
eTV1B94GXYNCD0hHSjGNUlw4iXh1,2021-10-03 09:05:25
eTino77OfhhDS96eEOZiRIEtWlH3,2022-06-06 14:41:18
eTv7aGj6vEOY3VOIhDBpbiFy1iI2,2021-11-17 13:21:44
eTzvoYpRq9gA1EEH2tFVjJ6z3jR2,2022-03-04 07:32:45
eUazNmPhpqM5f7LD9epnIRba0hJ3,2022-05-06 13:16:58
eUjfVnoNBJNcPcYinj8jAqHrCWw2,2022-06-03 16:29:21
eV2mSMSrgMR9Zrchp4jjwFjotmZ2,2022-01-27 07:42:18
eVNas8a1xdWxQZ0dTgRgAxn92cq2,2022-02-10 09:16:19
eViHWHu1b2cLbj22ZTGT5fum9Hj2,2022-07-25 14:46:09
eVkLbo8XGNgvXA9d6gTG9L5ueQ42,2021-11-17 16:25:07
eVnJIo5GZGd3mdldVX1sCv7zNAU2,2022-05-12 03:38:20
eWFvderfVXP7e7xBW9df04zbLtR2,2022-04-30 13:56:59
eWWV5oSkdmRjrrMSOgtFkhfOGSR2,2022-03-02 12:08:35
eWlqn8c2oKONN7bJRBrdmfhA66H3,2022-03-02 12:05:15
eWlzXcq7h7OQVG17z4gdYxPzTku2,2021-12-29 13:13:21
eWtrM5iW2uhTaGLrt4krimeBNbw1,2022-01-05 13:22:43
eXGq9JHix3R0PuMPSXNExVyPKBs1,2022-05-22 12:58:34
eXgiXFVSkAeBPGcrxKjJrRrYFoQ2,2022-03-19 16:40:37
eXiD7BSZmPYIsA4CN0oasbwQJFe2,2022-04-11 23:28:52
eXvuqbjRskgpgH6jU7jafKoKPUi2,2022-06-18 06:13:47
eYDleM7FN1avFcPkBvScueaDTTG3,2021-11-10 08:29:29
eYOz1443PrUBAxHInm6yX1NK7Hq2,2022-07-31 08:03:07
eYlT7CVOQQN1MxbzGtvTWn47uCD2,2022-04-13 07:55:07
eZ2YPwHQ0mR8j3CdOLIn3BEY9jz1,2022-04-11 15:45:48
eZ8GKKS4fAMCvTHW6KHKvgPu7OD3,2022-05-09 21:07:58
eZgB2Q7JRzXw1WV0PuDZiHgZfAJ3,2022-01-09 20:44:38
eZiYhu5RvmXsTOlShY7IcXKjG4o1,2022-07-27 16:24:57
eZmWFos4luhjrpc5xMVdBMvFWoo2,2022-02-02 08:23:25
ea6RMWK8LmazTyMJKkzRRElXS2B3,2021-12-11 10:17:05
eaP1bUtWOUYTFNX0gHhgjLGM41J3,2021-12-12 18:59:12
eb6dd11WTEWNs08worntQu16rAE3,2022-03-19 05:44:57
ebGgFpNkj6YNtIQbVhKnPmDPIdj2,2022-06-25 12:51:46
ebUdmo8HI4dp1j6aJ1XqpQI3lVf1,2022-05-07 10:08:40
ebXC6ngzPRRZpjXlZYiU0ScMLSt1,2022-03-08 03:06:38
ebcFs1TixRQGLCi4PWlMMArK37r1,2022-03-11 06:56:31
ecaBomHPPIZm5738IBE6KMrCaJz2,2022-06-17 14:31:23
ed4w1XVoxITSnxnuQIHTwjTymCe2,2021-12-06 14:09:27
edJxzLKcN2b6Y3FT67AhDHaq0jO2,2022-02-23 14:25:52
edhTjtiIDsZtohGCgLPeZPxU9V83,2022-02-15 22:30:10
eduiVUlP7RZDmaxP8pZZIDSpszm1,2021-12-24 09:05:37
ee0s4K1OPYdwYKlVILkW8F5UYYj1,2022-04-26 22:27:01
eeTho2wf0nR3c8ThjoYIh88lxyM2,2022-07-07 07:19:42
eennvJJg9yRtAY2uPEXELtcmQ4r2,2022-04-01 11:57:26
eer58D1jzdXY8zIX5M1cAY2Cexb2,2022-03-28 15:12:42
eexnwT1mkpPCM2UhYlYP4KxEVFx1,2022-03-08 15:31:52
efZvJQteIve5980WhVWrGshUuC63,2022-04-02 01:46:49
efpRGTDuMYcezdw92pB8ygs3t973,2022-04-27 06:18:35
egeoh8NJUFV144b5GZMo08EpEiN2,2022-03-18 05:04:14
egoxB2sqbJcFN0WBLgpnuDr50Wt1,2022-07-30 01:02:53
egyM2rz0ZcPLOWuH0Qx9gS5A2352,2022-07-24 17:00:51
ehNG0PxKgXbx3A8gjmR2u5C4Gpf1,2022-06-22 16:15:45
ehOYGcrztjXyH6yUerEykAnkUzj2,2022-07-17 20:36:18
ehq6lUnZiFaEKsQHCeoTdhuxFh02,2022-08-01 01:06:02
ehshsHgI1CMwqgiZcI0onT5VUEz1,2022-03-31 11:34:56
eiKZgaEk1mWqHxvy6K1ZnmsdIC23,2022-05-18 16:19:17
eiXRHWQzUiXXqWi9qrjquawQ8Pf1,2022-02-11 09:21:47
eismNfDvErdOcjkLqtPlhAMVmHX2,2022-01-02 17:57:20
ej8ySLWp3uTpH327yKT1JzlYKxG2,2021-11-18 22:10:35
ejM3UWMH3hM3EJkvMM0Mkwv4CBh1,2021-12-26 21:50:48
ejXuLnUxrZPx5YZUUFiT6WiZoEK2,2022-03-18 13:15:51
ejendxBltyVVkeTokVOp8bAwJWZ2,2022-03-25 03:09:26
ejvKmIvVjjfBq8S0cXGCBZnwcyJ3,2022-03-19 01:57:18
ek3aRJORnIeMC3ISaptUsEh2HWq1,2022-05-24 17:41:42
ekLgijpiPEZaMilnlCHG3rgWCOH2,2022-03-02 04:12:41
ekY1H5OTAgfPg6YnjdMz3VuJ4dv2,2021-10-30 22:48:21
ekYOSaTZQANVGBK6tl58orWWY3J3,2022-04-21 20:28:28
ekdHgu8RvHTjPJ274qCkHl0wX8B3,2021-11-24 20:36:29
eknyBnErLGgJT5IV1TcQOIj1q812,2021-12-26 23:20:27
ekpeNFHWksXSNMNFotdduaHscht1,2021-10-23 18:20:48
ekyqrySzdwgvbezhRuchxPKsKqG3,2022-04-15 14:29:37
el6CYCnAi9fmYklytqn8m03NM5D2,2022-07-28 11:07:39
elkoyxyL2hfjjZP0bHZylSbSA3B2,2022-06-11 16:59:02
eltnOLZu60cwJXVFVoagectEyhS2,2022-04-30 21:39:14
emGLJWzFgNRUFgeBXd6n9dm9yev1,2021-12-23 16:16:16
emhRBiGeIxXLosVZNolaRGNtOwJ3,2022-02-01 06:12:53
emo2g8AJajafztBC3hmZYuVwRE03,2022-05-24 05:39:10
enqSmodJoJecHQ9OE9a1L0MipyC2,2022-04-27 19:38:59
eofSYxcpwYeTAIRWfEHBoXLf2Hm1,2022-01-08 11:22:16
epD76HSTC2cDEqdgCStxKVirX8B2,2021-10-25 06:50:37
epDrGkJA81VQBPbXWjhxb3oEjoz2,2022-04-15 13:44:14
epE1935NeiZt4AL6csvzm54Ye832,2022-06-07 16:54:00
ephppt6OjIPQXDgC4YUevL1LRur2,2021-12-20 01:20:47
epnimzDkHJRy567D5y1g7OBq4ti1,2021-10-08 13:34:04
eq6RA2rXvwfKIncrAFAa2avKZQA3,2021-11-19 10:54:14
eqAimZvIS8bLENMvpqaWIMgk0nB2,2021-11-24 16:57:28
eqgFDt4IJaOvTiBPAERrCljBuxR2,2021-11-21 20:34:10
eqt7F1zNBNaCCCRiQ0LVIsgPZDw1,2022-06-19 05:09:40
eqxTnWfh2Vgo5iZIB1PhNh9yL3n1,2021-12-04 17:23:59
erz8fsS1dfNL5bRx6YRjsMgcw1I2,2022-01-17 12:32:54
es8Fvgzf7jMt86DZatBF3eV7i1y1,2022-04-05 03:42:56
esNDaiJZ9MPQjw8OHb4NMxTGDye2,2022-03-12 16:09:24
esNsQwdAFMPJ27xWgppPGvNAuln1,2022-02-23 07:34:06
esPa39CPmxdDzMDt0nIorBTLK5o2,2021-12-23 10:11:01
esWqJeMuXNhhCXYUqnE2V7YYS053,2021-11-06 06:00:20
etEhVMfxSWbsRzL5FogieKcvXNK2,2022-01-18 10:52:37
etkRSDihjGhlBG1HgxKqnu5eBSz1,2022-03-07 05:29:49
etoEek7FyqZMst5NPj1JqjebXkC3,2022-02-09 19:52:05
euTu3gRnmoSimE5nae5JA1tFRTh2,2022-05-04 16:38:50
euxs43VrWIfyQEFwFsjs7MWmTWC2,2022-03-28 13:28:16
evCVGcyDomQPqjO0mLmZ57e7YY02,2022-07-05 12:34:57
evMz5QpOFxcqmiF0SRIJdD3AOkH3,2022-02-01 12:49:55
evWpmY4SsLOsPvaYPWvD027xpWx2,2022-07-02 03:35:22
evcWNEG9EeXSsIUWAQvPH40raxR2,2022-04-06 18:19:40
evhQ7MJQEKX65KlFi31KJ1JoQSx1,2022-03-15 20:36:34
evwoS9JNjLbtRMMG9r2npMtRPdR2,2022-01-13 02:39:49
ew5F6uG3mORZH6zc68Tfp2vJTV02,2022-01-12 08:52:53
ewJ6V3WSeeXbi88hZKWn9mrkIw32,2022-04-26 11:15:16
ewerD4mpVwdJuBoIGVFwucF4RLd2,2022-03-06 19:25:19
ewhluteAVhe9ldCr0BxWex4Z0YA3,2021-10-12 23:11:38
ewvE6vBZ4oWjncwhqtAyqWpele53,2022-04-03 15:27:42
ewvQTtJktuXLm0unBwax6nCJsq22,2022-04-16 19:38:29
exIK1jwAOdSOn1c2Zz3Aauj4any2,2021-12-07 10:16:05
exeLuhJSAVREph7pyM1WiUJGRzi2,2022-04-03 19:47:53
exxVqK2GFyfH681xDhVmq8b562t2,2022-02-19 00:41:44
eyD2hH14iRRWAxjJ4YplEcuYMPu1,2022-03-18 09:30:07
eynWDzWRnZOV6TkQgBgiWcEXTmh1,2022-07-29 11:48:45
ez4P7xToGwTjbu32UAXzvponaqH3,2022-02-21 09:20:47
ez8gHMw2EzXHOS9y1RqEFhnrf8h2,2021-12-11 15:37:49
ezPi0aUHnmMhMyS9FW1IZ2NPR9B3,2022-01-20 09:14:05
ezSc36KUeicDR1nT9Or3Ohd6qHw2,2022-04-18 08:47:53
ezkgkpuDMCRMhg7Q1UoqpEElhnJ2,2022-05-25 07:00:49
ezm6C28Cb6OssWusPCTs1JXra2F2,2022-04-18 15:09:19
ezzBfEfF5fMCCBw7EY5jVbVgBHi2,2021-11-09 12:18:53
f0A1FO1RdJgVnlNteLO1Xeh4NuU2,2022-04-30 14:43:06
f0G9OPgoNhbxmqzFSP6vcQjsYoj1,2022-05-09 02:16:42
f1DF8qgV4WZJDGuC3LOzQc4kofs2,2022-05-14 12:50:42
f1N21HQOkZYm2XimqaE6IpwFae33,2021-10-03 01:11:56
f1PkWEFl9qUEWC5mLXJwNpjWjH43,2022-05-15 22:33:50
f1RClzx5uvUdkAlfEV1n3lInpeG3,2022-01-10 01:35:08
f1jRGyCLk2OBTgEkmghSZchXmGW2,2022-04-05 13:38:10
f1kMhMmfLyN4tSjuXmMGORoZaAY2,2022-05-24 11:57:43
f1rbwrVyB2NlnjUzqgyrWjVCN8w2,2022-04-08 21:18:31
f26PJ5N5pib8TK00UyeW5blufYy2,2021-11-24 10:50:21
f2FOvJCXmVOOfBvx48Thgc8XIaF2,2022-03-19 16:58:34
f2FvkkQsaqPYANhfturGtvs3Qu53,2022-04-17 06:22:39
f2qq4kPIQfPv6QQ8kP7JiEZMsEY2,2021-11-06 21:20:28
f2rP26XbY4hy0cvEea64xG9xmWB2,2022-06-17 10:08:26
f32dK0yQFyc6pJxhUlO6DvZabRz2,2021-12-28 07:19:54
f37nyW1ZM2TQ0vWPEtkwo8rzaQD2,2022-04-07 11:16:35
f3T4lcObpXYyW6G3Acu7Tq8Y6BM2,2022-03-21 17:50:17
f3VhXg3K49VOSBNYdKsd7b8vTw22,2022-04-18 09:16:30
f3nvO6CtLjTlgoEdEcVZLOB7Ty42,2022-07-12 07:39:27
f3zOTyUqnaO6XpZDG7YRQaFxwxY2,2021-11-08 02:26:17
f4E8V7uwLHNG7l6zoeF9zJvJ9bl2,2022-03-25 03:24:03
f4XSBo5LzLgX6x8tBlzeT1jkrlT2,2022-04-23 16:46:57
f4al2hwgkXg3uZPWT7V3f8pSRn92,2022-06-27 16:48:51
f4e2rOL2kEedquxeV7IAG5U3M3q2,2022-02-07 07:19:16
f4gEHb7FYDS8Hly2OPrvxiXuee53,2021-12-14 23:33:09
f4rX86URQhMmXrXGrGW7EKhYkEa2,2021-10-29 15:12:47
f5IMrk2eS7Nvi39XRDFKfAc07KF3,2022-05-03 01:18:58
f5ymdd3GUscHp94H7hG4ixZtCz72,2021-10-06 10:31:06
f6GW2BwjNuRLL8D4hr22gFO1wTp2,2022-04-30 14:10:57
f6JsMmuXpyYqNQW2hMyD9HRPN5P2,2022-03-25 21:37:10
f6uKzBdupeVDxfMChxVIwsFMopC2,2022-05-04 07:59:25
f7DDUWngDlS0CXD6hkeaMSs4yQh2,2022-03-02 13:22:05
f7Gy9D5m3jcA0dbQoqB7IU0CG1u2,2021-12-07 07:12:07
f7LsFKLFuKd9yLVQoX8xBMAHs1p1,2022-04-07 08:22:05
f7TzdKoaXVPhfvodiNMwRuif7J83,2022-01-02 05:34:34
f7gfy17vH9U1NNahRbVo9u2QS3I2,2022-04-16 05:35:16
f7kCRGMgtSXaQgh6mgQLe3ztT442,2022-03-25 09:00:55
f881xotBQpQAR5BaA4xOE2AQoFO2,2022-05-12 18:20:46
f8LdHTRo15Vj5YYLc6SZeRiD5ch1,2021-10-16 14:19:02
f8WAsfYgRgMWVDsOrSOcq9eHuxH2,2022-04-03 09:59:03
f8obWcJFjRSaPAuWaDx2DwxVm0j1,2022-04-05 09:37:13
f8omCKqD8NYAGU1H8y0kbIjyNl42,2022-03-07 05:38:45
f8p0aY6RPvQnmTeEEDvj9mFApTH2,2022-06-13 08:08:46
f8sBaXpjnyXszgjeQ596OATyqJB3,2022-03-13 04:11:13
f8ysmbbcdkTj5QRUwQYfsxpm0gF2,2022-04-06 12:31:56
f91jXoNwGudqn58sXYrXMvEsE0I2,2022-05-03 09:15:53
f989HPXe60S0j1iaH2aq20F9dr92,2022-01-18 04:06:09
f98ui6CwAbhU02DJDLroI6mh77O2,2022-04-08 17:49:55
f9pc3oelJ3WolYEoC81jNjGsjlp1,2022-04-13 18:11:51
f9pcEq5WsTZmjl9EAG1VDlTJZ9z1,2021-11-04 17:52:40
fA57PxHw9ifwwpS67vokUnsLVqd2,2021-10-29 17:12:21
fA9Qf4b3F5cBiGMUEXv6MC4igek2,2022-07-23 09:44:42
fAI0R7JqndOtYS4na7LQOv8IrEj2,2022-03-21 10:08:54
fAoDWeDy5ihOgaS5Z0U2MW7WlkJ3,2022-07-30 20:43:24
fAsYJW5JJzfO1a1UBhUPDj50adu2,2022-06-01 13:41:34
fAvocYZKptac91ow8xJIp4Ryes83,2022-07-30 06:30:25
fBQAnwboaShxvdP4oi7hWez2fWi1,2022-03-03 16:38:03
fBdDKaMA9tfqhQYaUl8zTH0AcuA2,2022-06-25 04:19:54
fBjeUKW94GRMUFn2dTG0HIAtd493,2022-04-21 03:59:36
fBlf5oWFx9gSUcfupreSlTKnd8s2,2022-03-28 03:13:44
fBnvJ4ST2xWs5Ggk39ko5ro7hlr2,2021-10-13 12:59:15
fC35L0tcqJcJavDtuv9XuzvbOws2,2021-12-03 18:43:31
fCDKcVNgoeb6Z2C1lVBdMr9HRo92,2022-07-25 16:26:40
fCXa1D8h8FXiIH4Rr148iI2iukl1,2022-05-29 02:14:10
fCXpme8LbuZaYwXw2glZbcTdhGp1,2021-12-04 17:33:25
fCYBxNdEGDMeUDJpsTMyzuW8XX03,2022-04-13 18:03:57
fCgsakGtmcVxUXgOBom58H5IcTk1,2022-04-06 15:42:30
fCjcBQ0EyNQmPCXAmI5IzQcuVwF2,2022-04-03 13:20:01
fClmOj23Buc51txY0QTat616mau2,2022-04-24 17:05:30
fCwGP48D9acF53I96tJfkgxF6ds1,2022-05-08 10:10:02
fCwQxmUr4CTzpUhRmCStBdjFLWd2,2022-05-29 08:16:25
fCwfoACmNghJfBvdZXFah3ITYDN2,2022-05-26 13:05:17
fD0jTZaVtEMPz5BPV4ltYzjrpjw1,2022-06-27 18:04:48
fDB4Q8SBlsbPzsqZeL0a6jK5dkL2,2022-04-30 11:29:10
fDLhggpI7ThPsCWJUq4HQfmpspg1,2022-07-28 11:10:45
fDTq3j9LzhXDuwarvcJMNw8hdHG2,2022-06-27 09:55:53
fDbhRvr8xXbIucvlCC2jJNOuVGf2,2022-05-28 23:42:15
fDtmsk4tm7gKwfPjplraH5OJRMo2,2022-04-29 05:27:52
fEx21YEsUURInW1BMi6WRIioZtP2,2021-12-29 01:32:53
fF1JIKUwBwg7IkWbHC8CO1JxhLZ2,2021-11-25 02:02:31
fF6BKSK6F9bcVcyGqlSEmrIC1z23,2022-06-04 21:19:01
fFGRLyHKTvYDympBYDkmRpOtb632,2022-02-03 12:11:39
fFPjSjVBSLVRos7TESWCCK0D43q2,2021-11-21 03:30:52
fFl02rIr7cRi0KdfFANWZBc5ENs2,2022-04-29 20:39:24
fFvE2fejzSejMsOezkeNTVMEQZQ2,2021-11-21 14:08:04
fGPVNDiMnkalcFzoQaMZA71IDSG3,2022-05-04 10:36:05
fGUI969DMUZNssSmmfVv2llFcIi2,2022-06-27 18:42:34
fGx0MsS6JRQQ2Y4UrwtJ2BbuuX92,2022-04-06 12:48:38
fHKcJtAroEX3Or79V7yL3Kj9r9A3,2022-03-07 13:09:41
fHgkrmJoyVf2DmwBXbCcOsA5Jba2,2022-03-11 16:38:07
fHuKSsmJymeXlLUKDmQYBs9GUNR2,2021-11-30 06:27:45
fHuaDwPQ9rfRoHEW483QeUxJrff2,2022-03-12 14:09:11
fI3TiYq4cARaWuq7O1ynYb5MhN02,2022-06-08 05:39:26
fI6CQ60yWmWZdy49DEzM0ioC0to2,2022-05-10 19:37:53
fIE7b83W3khk7BeG80KxO5uNG0n2,2022-05-25 09:14:08
fIOn8qKnEDP2VX8qRUjqLtv5vL12,2022-04-22 13:47:56
fIbctcFIaOZm8vjSOQdVcdHjskr1,2022-01-31 00:40:06
fIfxwBvuC4V40tHocGNbqdwhPCr2,2022-04-24 20:53:35
fIy13Z8dp4OQedWeIAGPMVGtMy43,2022-04-17 17:26:08
fJCWQm4VBPS5ROcVJJzYR5E8Kv82,2021-11-24 07:13:11
fJvdKM6694af9qW4uqnl9mu4YUs2,2022-03-05 17:23:31
fKYnVVhccDX0F9vlwa7mwHUjfnL2,2022-06-01 21:48:35
fKcb8qVSAEeMquxSwAVR9TnlWT12,2022-05-11 06:01:25
fKsbpVLQeUQpJaBxXBo2zZPpxm72,2022-03-30 12:29:32
fLY9skq0Dyfxj3n3hWwUGNbnc7k1,2021-10-16 11:41:21
fLdH00iyz7avu1skh0NvC6nB5Rj2,2022-01-28 03:55:18
fLfxUC1JHjTW4UU939d2AY0aUKA3,2021-10-22 21:58:30
fLsH09c8tKQEm3hSxGNB5t2Gas22,2022-04-03 12:39:26
fLxXFFLexkWCyL70dVQYRCSRiRP2,2022-05-31 12:17:25
fMDmIEBLuqZHe4DFLuvWFnuEoaw2,2022-07-31 13:52:39
fMV3AViSc8ZIcH2uzYbaXaea3Vm1,2022-01-30 22:17:22
fMfPOCcR6pSI4ZqgMgkJPdNNmn63,2022-07-31 06:22:15
fNagdQHX4PWXm5E8GixSO9tKWZB3,2021-12-16 11:48:59
fNbXkEOZjVN6qVU1Ol4V8O3AxhI3,2022-07-05 18:41:41
fNmuxjkWJsczSTxa2ob0HkJ165z2,2022-01-13 23:05:18
fNyKhb9P9XOAtCXSh49awXQLTyw1,2022-01-29 04:49:28
fO3Dpn7ldaMhwnkTlaxugvCDHOm2,2021-10-24 09:08:19
fO9jBbHVN3Py9kjtdE8yyDLSBRm2,2022-03-28 13:57:58
fOI0cF4pimXHh8UDMvPsJvbVEne2,2022-05-20 01:59:59
fOIuefzzuzciIj4iqvlsySSgVpp2,2022-01-25 16:35:54
fOMguK4LbfPSmATebNfREE6vnez2,2022-02-16 09:58:52
fORRHgWDLtYfEj1ObRz5bR4eSvS2,2022-07-02 21:39:15
fOS6YZWE5HfMrskZPB9zKOreATt1,2022-01-02 01:09:09
fOxyQEgHiZUnKr8JqF4aMxZWdPA3,2022-07-29 15:35:11
fPtqW87YQoWU4ss2KPPCKKN0nwZ2,2022-06-20 13:56:10
fQSSYcd18zWKiRI5kWEEK9YUlDP2,2022-01-07 21:10:25
fQT1ldR1JxVAO6OMQcWFXYAy9iy2,2022-03-24 19:41:49
fQceusMD6WSkl6yPX4aOM8btcAD2,2022-05-27 17:24:31
fQzMPcMW3XSuylNR0u8GykO36QS2,2022-07-19 10:19:13
fR4Uic8zkXRBcaqqYKypgcGoaEb2,2021-11-11 09:55:10
fRKgKePLSmVatIGf0ZqlQFmnzcz2,2021-11-01 22:31:09
fRhXG9WF6FPsgr6oIuxWGBIcJhq2,2022-05-04 10:23:11
fRpW94t8VFTi25sQL0LDB4kb49w1,2022-06-24 14:22:03
fS3LvWe8zCXyAbVFRaG9LjjY8ZJ3,2022-02-22 04:45:53
fSazJxDkzmcToyjAqvc9kDpO6IA2,2022-04-01 17:13:54
fSbdSz48ZZXmIx28PQkyS4QnrVl2,2022-07-15 12:19:08
fSvhiEZJZnbGo63gLIuPTPtOxwZ2,2021-11-16 23:47:34
fTHOCQNrDIMPJvuIGIeC6faziZu2,2022-02-19 22:40:18
fTRMOFBIAQgSL5454eR2xk9mgNI2,2022-05-08 20:14:15
fU6Hw0Vh8lfcNEpsSU6ROicelhX2,2021-10-08 10:46:19
fUIKh8IqFoNs2NKVdPwK1uQMLE83,2022-02-20 09:39:23
fUPjUhorJBb3PG7lvqfHR5n91Z12,2022-05-30 23:59:52
fUVuKYk73vXcJgHbtV4YLaeXDpp1,2021-11-09 09:39:37
fV1YD5IgKBVBlwcaSOyinhctgRY2,2022-06-23 14:54:57
fVaJ4umjc6VGvnSxBr14Btphgjr2,2021-12-28 17:46:39
fVwEGnofocQYr5vdagHx0KgCVZg1,2021-10-27 14:08:10
fW182Plt7rZs7nKMvYsVdckt3ll2,2022-03-02 00:22:56
fWkbUdlipdfPG91nvCoPA4aGx5q1,2021-10-08 20:04:32
fWoqg6GRUqdAWVkcixVaYyoRJ1H3,2021-12-11 06:19:48
fYN0Dbp05Ehzo5RCzPUoZnRpiHS2,2022-01-24 11:22:46
fYSgE0zZNvWcfMul7GAOualFvNz1,2022-06-22 09:11:10
fYfV79DoJDejdUlpsQTS4dVZm2M2,2022-01-01 12:34:27
fZG4m1Vl4GVgWqxU1k8Ffhv0LZr1,2022-04-06 07:07:57
fZHyLWUb2eUGwkm8ZT66m6px7N72,2022-01-06 02:16:47
fZUk7WOagGgNFbQVmtbQRPk9Efw1,2021-10-10 09:14:22
fa6y3losj1T5Uy0eWabtIJazLB13,2022-07-19 05:45:47
faH6bgqGTogMtU6TfNK8h3nsW1R2,2022-07-27 02:55:37
fac8XQstJZSO28Gh4aphz9kzFKx1,2021-10-30 08:12:26
fafPfdz8LWMwVL394KSxZJnS89x2,2022-06-11 08:40:25
farCCw4nFHZIZnDW7VDqYz427qA3,2022-02-18 18:53:39
fatbVJzpKDafBpC3K41M2MzY4b12,2022-02-19 14:37:26
fayDPscS4GRZRVitfpDsG0HMPg23,2022-07-17 20:45:33
fb6ff9yyRoYQ2H4vmmCNTA3cF8V2,2022-07-18 04:54:23
fbQMwMXAPlXuVoTpQAo81LBYbLc2,2022-03-04 14:32:53
fbS6TUJtrRXRMsJdepXAm1jYhC42,2022-07-11 17:30:33
fbXppOnmHQM1TAYOUUbjhNaLsNG3,2022-05-29 01:36:59
fbbhuZJDNCTxOfchgQJ6fVqnpQd2,2022-02-27 09:09:09
fcGdErlVb2Ms1hME7UXeQuwWkyj1,2022-04-23 23:03:11
fcPO1HICNLY09OElWZReD2rJWFh2,2022-03-17 12:57:02
fcV42jDL3ZbyROyaFIzlzLiQaxi2,2022-05-26 07:04:38
fcecZpW3iCg0rDC9y2yInDyENpG3,2021-12-22 06:08:42
fdFzz4lYUNNmGj2V3sRpT9d6WBn2,2022-04-10 18:35:12
fdXT5V2BhXNNzdSBIhxc8l7jqjs2,2022-04-23 08:19:13
fdYitgxu00cCW0c5G5IuRmv2pos1,2021-12-25 21:11:12
fdmroqNvvHNpuY1wfEx9kx31ttT2,2022-04-16 03:28:24
fdvYzDqzUjapNZ62uARx8IqY5oF3,2022-07-23 17:36:27
feLmvnQDu9gyugUs7NBUbFmP3Zj2,2022-05-01 18:47:24
feS1rGU0vCZpfHUUxYfKsHNmQJa2,2021-10-11 01:42:24
feWjFdIKcOZMYqsPQ9H3cGJWqwU2,2022-04-12 03:59:48
fed4eUu7nFRZdmcAQ5kLWjXuwbr1,2021-11-02 00:02:10
fevijcqEUMOCyqlh9Zt4sUPGE3F2,2022-02-25 15:45:00
fex46PAiCFZvjB1rdxPpKSdttSr1,2021-12-29 13:31:23
feydpwgwXZO9waBPFSfrOUtVUdq2,2022-07-18 00:36:38
ffJxbwZYOKPZJRnRARyYckAbPSU2,2021-10-03 20:33:35
ffmmXNqmm0RlldpqbIKI3IJmmm22,2022-07-06 05:52:08
fgaWM7y56tUPPOinb0nGV2TwGUj1,2021-12-20 04:46:59
fh4jH7JkynMhRaeYQssewVoRVvT2,2021-12-22 12:32:41
fh7n9XlqtQbb9uduyJD1XLLPBP93,2022-03-15 09:33:23
fhaKU4uGZXeW4bOZOAULqDQBqev1,2021-12-24 10:03:36
fhpDRhkeSVe188JJU2Ivj22ufb93,2022-03-31 08:20:15
fi23rlzV2pcVCpwXrpXBDpd2CCC2,2021-11-29 13:29:01
fi5Wa23zfzc1jckOBmuXesqnYJg1,2021-12-24 12:34:15
fiFjYojqg3fQkkiLYNh02quVsMz2,2022-03-26 09:25:40
fiaY5BYoTaXkQvFhmv8IfetzyOO2,2022-06-18 23:51:58
fit5qIgSYDTPspQPbwU28bDLWAA3,2022-05-17 02:22:22
fjJsbdxbZNVSxk2GjP59EwgVYX53,2022-06-15 02:19:09
fjKLhbCs1pXXrMhckHsMTaD2zyk1,2022-07-21 19:27:54
fjXPHktbdKbSx3MrkRp6hBysOnz1,2022-05-05 11:04:33
fjk9I5lqxMazguMal2uM1mmEOLO2,2021-10-02 15:29:48
fjll1fyMSRZhgXHj7NWPRlHYdXj1,2022-04-18 01:05:58
fjsxmsOC4zacviTouOEnaa8pd8a2,2021-10-17 07:04:40
fjvr2LuEt7MGwcHTMUxyEVSUFfI3,2022-06-24 14:20:57
fjvwcwZTp6h7sgoHbLnkYRgase52,2021-10-25 11:18:53
fjxMWBzcHWOPwim08gx9Eb23XQo1,2021-11-13 08:27:17
fkAxMJ8MyvQCD6jMOkT4d510Q5N2,2022-06-07 13:25:15
fkH9aaAvFPXhqHAZlawIseAwsTt1,2022-03-26 07:47:30
fkbUycFnldS2rLJAm92ljHu90O62,2022-03-01 22:10:50
fkzv7CwNKZdyU56GQpoQWt4QSYp2,2022-05-05 17:17:33
fl2YhU2iSra4RjYQsyyc8Ha08jt2,2021-10-26 08:00:57
flLRL9i3tjXrlVbRxyboYvHLjAf1,2022-04-12 13:13:34
flRhADTJkZg2J0RuSLhsObNB9Kr2,2021-11-28 15:50:48
flWtowxQIveCj0l3lk7z03WP3Hz1,2022-05-29 02:41:00
fm20fRpUVTRUA5UQoSLirNVZpSk2,2022-03-24 08:49:06
fmLmU6SW7qMth2a2IXJBjxB41uo2,2022-04-03 22:28:04
fmNfqYv6wYNjUE9pEzQd5nR865a2,2021-12-19 11:37:43
fmTQmz1VBCNTKzVPKLihszM6koI3,2022-01-09 13:11:28
fmamMJOtQVUAWI7VRWXkMXg9EE33,2022-03-06 02:26:02
fmcNC3gtYmeSblnh8XFdkeE3L2t1,2022-05-10 05:59:02
fmkSKZKUmsT1xwtQzO54gfZsU1p1,2022-05-01 12:46:37
fnBFfQEVqpXHsyQ3ZTM4dyFYy8h1,2022-06-09 15:35:25
fnXfUO0MiMW9U7Qa0KwrgGh3joz1,2021-11-13 19:07:00
fnnMGUjaleaXnNUWIV645vs67uq1,2022-06-04 14:16:47
foBbKRePp1ga3uM3Xb9p6l82BMk2,2021-11-25 02:18:38
foGL88a0S2RK1ZoubXmkp8aIpDO2,2022-03-02 15:18:36
foOVEWjvHcfJzRHXaCsgCDikZD93,2022-07-27 14:47:05
fof7r0rxNOYZWEsS9FxCMG6zzjL2,2022-01-29 14:20:24
fovHjvIJKydsmb8qKvF6nX2cH1b2,2022-03-16 09:11:36
fpEE4cIHFIcc9nIBi8hrnPnRBH02,2022-03-27 08:55:34
fpTekIDox3ST5zaU9P5q9svZXZT2,2022-03-24 09:09:59
fpY1UrjmczcB4lKQQDzgnBelkwD3,2021-11-10 00:06:19
fpYjmRSzovdp2uYVuIyX7RDxxY72,2022-04-19 19:49:48
fpc4T099begG62GYUPb5kG1gv4j2,2021-10-06 15:20:39
fpmGpjvhHBaUzQsT1QIEFHyNtUJ2,2022-02-05 15:19:54
fqGXMEGj0dhAAcH4qEA8PmIu4QK2,2022-04-25 06:34:28
fqHOf1vd8DMfMIzL3cWBwDAIKEF3,2022-03-15 12:59:12
fqJ8BjWx1hVhKgoHfXp0rXXOb9G2,2022-07-26 16:57:47
fqLJhYfyrvWiz27ARY8Ldj22Mmt1,2022-05-31 06:47:51
fqMFrxLA3EeHthdk3wp3j59HBQx1,2022-07-20 15:06:15
frC8ciWDbGOCuPoMj4fP9p5wL0O2,2022-04-20 09:59:25
frGGkxiSKgP48Q5KOACfMls5A743,2022-07-22 09:58:08
frMsfwSegvUM3sg7NYBl5eRcM162,2021-12-18 01:57:03
frbT4zF708WMQcxJToSKYVoKN522,2022-06-28 11:28:10
fs2zrEiST3QKTuIWr7nPTLzYMvj1,2022-04-23 13:57:40
fsOmPrD3jQWIQgrw1Kb8LLSAuSk1,2022-04-17 03:52:34
fsiWhj1AaeZ34M6J40Z4P5iko8X2,2022-02-20 13:50:55
fsuoIfGKsYWuEh1usqgrjZmCOSJ2,2022-07-02 13:49:48
fsybaF1xZPWzqH9sYUoflZ8DBg12,2022-05-18 13:32:50
ft47WCzFKFSPgEMsarxl2yXhiuO2,2022-03-17 14:54:32
ft93UasD2EQHJf5JYdpZ4f4ujY53,2022-04-05 22:28:50
ftFoVrAB1hhpGmcL0yAtxX4aC1e2,2022-05-17 08:05:53
ftQn7vuMEZRBbuFgKeuiBcmSaRz1,2022-03-18 18:50:07
ftX9S21y7FOQPoZAvjppYe6Aa3C3,2022-01-19 13:33:41
fu8Z0COKN5O9nFPRmFKgjMiCSKj2,2022-05-26 13:42:55
fuDb6xLJ2DPLHHDTh8dCZyE36Bf2,2022-06-01 14:03:57
fuHdPzaKFZdv4nINiY507NCtIqI3,2021-12-14 13:16:57
fuJxtyL7OkhttEJiijEHXhP9nOT2,2022-06-19 15:49:46
fuk02osh9tWRlgOoMu1kUOvacSG3,2022-03-13 08:38:58
fux0RhQlEiQspgFIOhXNVNXEaWr1,2022-03-08 04:12:28
fuxCnMeRiQQgAMY6CdGRctPb28g1,2022-04-20 19:29:39
fv17LqPy1XTnilyY2AIomNl9P8B2,2022-04-16 17:57:46
fv8uAGHmZDgrOz1hMV6jJyaODMz2,2021-10-13 07:58:03
fvnq76JXrBOyK6q7gqm6b2WqPbV2,2022-03-14 08:46:18
fvp9ZxYgDCbqppfm2thVatpDHT32,2022-05-20 01:00:32
fvtekgqtGlW0m1ZZyH8LgsWLi523,2021-10-22 14:43:02
fw5AlD4idoYFaWOHF2RNnHy6sv83,2022-04-17 23:11:42
fwDrsexebRa56zgzjAOnN9sU3Bk1,2022-05-01 02:21:49
fwhPYtdJ1ZOmNebDUn0eYGIVWiy2,2022-03-15 23:29:34
fwvZbA2rZNPgaPSgALWynZXCO0B3,2022-05-14 07:37:17
fwzPiO8lzkPJDJ4wsppQDu4rAeJ2,2021-11-14 00:34:25
fxSxSvvuWiaNNat42bAO9V8GLLz1,2022-06-16 10:09:14
fxT8HUKNYZZOQsHo2mBZjzp50Vf2,2021-12-12 11:04:21
fxUMtqqlvtY9EHkDTkd2zEor71m1,2022-07-30 17:12:24
fxiIszemm3R5r1B8mJtoCVol5te2,2021-11-25 08:05:03
fxtpFK1kjWRAhy4t8RkY9AH9uOt2,2022-01-08 18:10:12
fyXFKD2CzwVTsI1CBHABt1qsDmH2,2022-04-16 10:55:52
fyiRNYFljUfEzvRie48zJ3jGvYA2,2022-04-17 06:15:00
fypiU6T3RMdFn2nYnBQfYGShQK42,2022-03-09 06:23:32
fytB4PfLBiPwsjsdUx5VrgeceGa2,2022-05-16 21:42:32
fzBGQzgmxhWWZEdO6iKV1XJ4CIO2,2021-12-18 08:29:32
fzFt4kb9hPX6xsPSYu9YHr3Rzrp1,2022-05-19 12:34:53
fzXQRbSQQAWFjkYZzYLcqjgO1Fy1,2022-06-19 11:08:59
g02P9B929xNlMKycoyL1d0d3EH13,2022-04-30 09:24:16
g02oDFQlhvUGm4QBcDtuXHwtcdE2,2022-03-19 17:07:23
g03MHofyBodavLZvMFMwomOSz7C3,2021-10-22 13:30:21
g0jOYimhPBf6cLytVFdvbLDdLwz2,2021-10-27 03:55:24
g1jwSrXJWKUZNx6DgYLOPCDzTsJ3,2022-06-05 04:28:35
g296jv9kbxcN4WhGDMPQmtMMjSm2,2021-10-25 22:58:55
g2NpWmEyPrQj7T02eZvxnxBglWx1,2021-12-19 18:05:40
g2TNT3sndaTv2e5udPwb9LeMrZh1,2022-07-01 12:10:49
g2h9tPb6qFdwAs3VwldTF9EGhWV2,2021-11-08 05:56:44
g35YGQYxnGP4yX4PWWxlwlMbpcG3,2022-02-20 07:45:20
g3cqFoFzJFaUU4nqdUdjQdfybmb2,2021-10-11 15:16:59
g3qBPumCBBaMO9XQFF3vjT68v5A3,2021-12-16 05:31:40
g4XxV5yYcbdNyUvn43c05IZSX6b2,2022-02-04 04:09:23
g4uCYksoHHfPznRR3ZWQG68LqIM2,2022-04-22 16:57:08
g5I2p3egtfOv53ypgKxmXszJ97D2,2022-06-30 07:52:02
g5Mnvwp1JfWRnECotlPlDUDbcsh2,2022-04-11 14:34:48
g5dm0xcNcAh3Hrc0OYR9etc6z4j2,2022-03-20 08:48:18
g5ozNOT1QWN9SvGqZkLplBXoukI2,2022-05-09 11:58:42
g5w7hH0dvZPmYQf8HOywFuF7Zbq1,2022-05-29 03:31:49
g64Av0HCmHZe1sFaeIDY6rii86y2,2021-11-28 06:28:34
g64Lm6VfvKMkcoRN1bYtiFYK6DF2,2022-04-03 08:41:40
g6Okc69soaQNhLmen5aOYy2oqeg1,2022-04-21 04:20:25
g6cb0X1ZpMQunycSZAe8VuiomUL2,2022-03-24 13:20:25
g6t6jCD9sHRq7t1nrdy2y7rozu53,2022-03-17 16:41:44
g70ZGk3UKZe3t6hLw62KfL2VVB02,2022-03-09 14:15:09
g8Q8Twe8BxNwcR25LPrJaUl00MH2,2022-02-08 09:24:03
g8R6HLpclLY0c1fLSlOXzvxG3mj1,2021-11-08 20:46:46
g8bNQajOdISYhk4wrLOCRhro1GF2,2022-04-30 13:48:36
g8r3V1pj2vaCST9hlxOmwBseVF33,2022-03-19 14:14:46
g9bg5NGayeQAW7v0GZLGqd7S65M2,2021-12-12 06:52:45
gAArDktzaDSAbiXSKPvkcYN5Vvl2,2022-02-20 12:19:14
gACjvJpJuRe79VvbiZBu5xQyS5H2,2022-05-17 00:13:18
gAr2wWTPz7gCg3rHlrVrvaP7qRL2,2022-03-09 17:43:47
gB3WCqrGyuXDcA1HvmB1qRjIGuO2,2021-12-29 03:53:33
gBdq2Bt97ed0kEHfwkuX6iAveS43,2022-04-03 14:19:25
gBq5CtJrhSWNWppPhnwQoaBLSdn2,2021-10-31 04:23:40
gBuV3DCL7te2T1QiQPSMf9P5Fhv2,2022-01-29 06:43:55
gCkRqkacxwWWUEDaKwuLQV8UKSi1,2022-07-17 21:09:37
gCkkanYcS3Y5RFtvKYE8qMtGOnk2,2022-04-28 12:35:11
gCtljcQLRWM9OIx3AtwidMgNSUo2,2022-04-28 07:40:48
gDb2rNb42ifxEm5wwL7igAqhTp72,2021-11-25 17:25:42
gDkUGZ8ZvBMxYLXqTtbWWVVTkS42,2022-06-01 00:27:46
gDw2Cqloy7TgO9SDsDaSH5EOcZC3,2022-04-10 03:58:53
gDw8Q1iLAzZCF9S28FyRFiNr8Ai2,2022-02-25 22:39:32
gE15gnFOz2TKBVboyosv2DsZUnF2,2022-03-29 15:45:14
gE5193EMvqe1xvT8QDOEcwIFyRJ2,2022-01-25 01:41:09
gE5ZrpmpcvQ89y2n3bWI0gsxoN42,2022-04-06 19:56:30
gE68hTZ5sTXDYuz1Fq5Wgnl6iuJ3,2022-05-09 23:54:49
gE8XCVefY2Wue1UgpVTX53u4rmS2,2022-03-12 01:31:51
gEBWQC4gVSeUNH3wKsGdFfMp7ID2,2022-03-01 05:18:07
gEDIqqIAyUQq9X5Xvn2JiUmCnk42,2022-05-13 10:11:57
gEJysX7RAnSMSDQ9rFd60ZOX2nM2,2022-04-11 09:54:42
gF0rraeaV1SM3uVcuZ7asJ1hCUs1,2022-06-06 12:41:24
gF2wc2J9mLZrR11J90A5fcAt79X2,2022-04-30 14:23:14
gF63kwR6sNM7Ca7jZdhjK72anp43,2022-05-27 08:19:25
gFZXxKs1nXcWbzObr4QX3IBc57J3,2021-12-22 09:52:50
gG0XlKL8YKTX8AhAMugGPB9aW7q2,2021-11-15 06:11:13
gG1LgoTT0BayK2OQHxf2kfAxD612,2022-04-18 22:41:21
gG5loy6z6pYTf0nFN184cL68dlQ2,2022-03-19 16:08:55
gGJM0yFsegUU1q58QpFPGIDj0AB2,2021-11-29 16:32:30
gGesZxyhjrUecZplKjEXJmSwvaB2,2021-10-06 02:09:47
gGr0YH81jxXtISRZCdP2Sh1RyAH3,2022-03-10 18:54:48
gHEwvVH0Zrew3xt2rCsgPDjkTP73,2021-10-10 01:03:55
gHX5GnmvMidAJDM15CrJ2ilOC5e2,2022-01-25 05:00:48
gHXzC6S4Aug1W3uwRnA1uTChE3j2,2022-01-04 18:14:24
gHoSQHBrawe20h3JNfADBGgRtF03,2021-10-03 16:54:26
gHrrfbJnobfBKZlkGf5db4qAn1p2,2022-07-30 16:49:26
gHwhKeXcXzOqnpUzQ98s79fNZsr2,2022-06-10 21:25:21
gI2bJpjg9xSP91UoxNNKjNe1oNO2,2022-03-20 17:12:05
gI9215ChaIXs8PSMOnAvdqWpxW03,2022-02-09 17:02:58
gIHp5N3QglgiTELoQjtQn1dMqyt1,2022-06-05 11:41:06
gIIJkPgB7taLubD8VFA8zV6MOMU2,2022-04-25 12:51:28
gImA87yutITTEglTL6txowCjkdy1,2022-03-28 15:51:55
gIni05OkWFakqAcHBxvadJW6TB63,2022-07-08 14:25:51
gIuuOlbTXETddsXDlYCqk9TJ0r82,2022-07-06 10:12:46
gJSuqMIrWdXAOGl8n2NtTbZlHyi2,2022-04-17 23:05:55
gJpepgl3gTQvhTKlbLf7liTpScu1,2021-11-22 23:21:49
gJzI8ulh1yS24bJoEsDMmWyhEtL2,2022-04-11 16:08:28
gKFZQp2oxbM7cWitqWxGbdAZGAX2,2022-07-02 09:31:13
gKL2uOlGDlgVumpBFqyz3TZa93Q2,2022-05-09 16:31:40
gLi2igloWZZJAZDbNtVae6rfNEt2,2022-05-28 23:12:27
gLyaI01oPjheQwq0laMzSOBXoJ22,2022-06-06 06:52:34
gMO9gVpIkxZ6vLPe0ItogxumR6h2,2022-01-03 18:26:09
gMkDeuvKYlb873p27g9rxJRxhgD2,2022-06-03 12:27:32
gMufxTOncQcwsrsanJ9Ps2COpIA3,2022-03-22 08:30:10
gN0srhLz7JYFoc14dhCQZeAQXWH3,2022-02-28 13:02:41
gN5Aizb5UZO6S6uMo9SUg2BawUK2,2021-11-18 16:58:50
gNQ199A9ZGQOjR3aOLEJqj23D2U2,2022-02-13 01:16:55
gNbfjeZnhHQD51zqVcLSjKixIiI2,2022-04-08 10:42:57
gNlqQma92qU52uIutDG4f0YIgNB2,2022-02-01 23:38:35
gNrp4HxA94U063m7q8zh59g4qeL2,2022-03-02 08:51:56
gO0QwavYpNYa6AneYAj8YltKwka2,2022-01-16 06:34:00
gOCst8wr4TfzIsVB137zXBNK2mg2,2022-03-16 00:11:15
gOuNaXdpMLccSuAB58BanOvkRJl2,2022-04-16 12:39:42
gPHs4XkOXVZFeGPZCyrrsaAMzd82,2022-06-07 08:43:21
gPIYrAuZKrNZACT4DXSufRzrEEg2,2022-04-09 17:31:57
gR0ay5Ic22beJZ6WyTgXSFTos5O2,2021-12-26 03:31:52
gR4w6EN0y2gYwBYimzpXHWCYk6A2,2022-06-03 00:06:40
gRITqJricWPl90GelVq3LzUSEtw2,2022-05-24 10:26:53
gRRBjc1hhUZkCZHzpBDbXcIg03B3,2021-12-31 08:50:05
gRTjyNdjDSZXLHRiTlkbO3mPUV72,2022-05-09 10:48:43
gSFyUVXXDfSQFxEG2YhhVssFFPm2,2022-01-27 06:42:53
gSccD3rT2FdmNPn7W1XPbE025un2,2022-03-09 06:59:40
gSgVwhCjqTTpI1siLI2EWWiNJKU2,2022-05-16 10:10:31
gSqry8IsK8d7WOak9WOrZSmyavj2,2022-07-02 21:35:38
gTRhcL6RQ5gZE7HJDyvE1HF3Zbl2,2021-10-28 12:10:14
gTovBaYguCPSHB1n6MO5Y51vEyz1,2021-11-08 22:47:31
gTtAAcnJE7XDrTzUFQsbyzJAsDi1,2021-10-31 13:49:29
gTxqx3gfSSeclbZCk6EWnnAYXwi1,2022-01-04 10:15:13
gUB9GOZVRsgQOfQydYAXkQA0lmy2,2022-04-03 15:14:48
gUH2P2VpW0UQ1tcqL0IgAugyDb73,2021-11-16 01:51:39
gUPdCI3D7kRRCqTf1ayYswRYYxv1,2021-12-08 04:53:48
gUsdbi7wznffMkquoHbi2iev43D3,2021-10-09 01:14:08
gUy4btZsFkcKGK6Vzw9DYbxqjnJ2,2022-04-09 03:31:56
gV4AKDmBcsaVt8CUQqYNFrN0HM53,2022-04-15 05:42:02
gVFusMBTgYOy2AlEYCQr54Hzj7P2,2022-01-12 09:40:05
gVfJRfDY23NNKSSo9BA3QzakTiv2,2022-06-19 07:29:55
gVpd7euHWrXfsaF8wQuh89rcSyy1,2022-04-20 12:22:21
gVsGJcyjs9Yo7ByZkzr7BX6bT873,2022-04-09 17:04:43
gWN0qBnqbzVxme5AAkMe04yiwei2,2022-04-12 01:58:23
gWt9Hb65CBTcMBViEkkk1cEXT4z1,2022-04-02 05:14:12
gWtDyNQw2nhkuoIzvugLJIPq0xd2,2022-05-20 13:30:50
gX1VSSyEINgnAVHnBWccwMtp35m1,2022-06-08 01:18:11
gX2NDeu5gCPTTrBizMqDXO6s2JT2,2021-12-25 18:12:59
gXQES0wVLGXERQRlPPnUjfUOY3b2,2021-11-25 18:36:09
gXkSztnam0Tk74yTx6Nz53ljwAg2,2022-04-26 09:47:19
gXv0w8U7DcUMxGLABzA5fP6FM6l1,2022-06-02 11:47:45
gY1ItVoeWyWLM8CFCXOj0Rh7Cys1,2022-03-15 08:34:45
gY1WNIm2IzROHlyBiFMRDGxZASy2,2022-03-16 14:01:10
gY9bhY7Q5lZZJzkuysBAxmEeFO03,2022-05-08 20:09:57
gYMK7O3r4ldw6Z0e9BMYefbrCa92,2022-02-19 08:06:32
gYPK4sy5kfXxQ6ofBiP7lV2VXT73,2022-03-05 16:15:47
gYRuWouDPESc7yLnqr03UCxmFZZ2,2022-05-16 07:45:35
gYV2UaoiJTNBuksBRixsBzKdkIm1,2021-10-09 14:32:17
gYjGb4KKcoRQ2HYfDZ2zjsDTbKZ2,2022-02-03 16:35:00
gYkWod2CpQMd9uiSZYoNt21k5iF2,2022-04-17 20:33:58
gZ3HqFUwxEdwW2FORWopOcpSiNw2,2022-06-03 14:37:04
gZ7BjeErxod2z59DabkBgYBX8Wj2,2022-07-22 23:19:37
gZE5ypOM74hY8P6IC7O2BBJobOx1,2021-12-31 13:50:10
ga1DKNFOXDRj2J4CAGrYNRt7k4J2,2021-11-17 03:36:17
ga4IfHp83QOuzrsACDssdye9prR2,2022-04-14 20:54:50
gaIdjzH9kSY5UkqPd9uJCp9J0FU2,2022-04-18 23:49:19
gaQWGl9GjYMW0USuNgpjLcH4Cjt2,2022-02-07 16:00:03
gaSChcNwFFa1F9pWY1UBDixaNlV2,2022-02-14 16:13:55
gbdn4PnpYba75mOgWN7pRjknTkF3,2022-04-28 09:59:40
gbl2lQFiOoQdaiBjuMFafp4PpmE2,2022-05-22 16:53:17
gbp3Nem8rzS0iuaPWEvH8ltVIjI3,2021-12-24 04:09:58
gbzCeddLX2PHBshpvC234bIBkcu1,2022-06-29 12:38:12
gc5naYxunpfF9MTCfWNPX0skGyn2,2022-04-16 12:02:36
gc6zwgKSdEaAjGIBLmOZ72zNf8C2,2022-05-24 12:03:24
gcREbrLfXafl7dPLCzzkplSqul63,2021-11-17 14:38:31
gcTtGVxD1pdtMMCwfxqD94tZWnx2,2021-12-28 18:06:19
gcjt8AP3c2asbfgu6sBipf1WK5g2,2022-02-26 14:25:14
gcyuGKaIsCbCIjQE04BInUTcZ4m2,2022-03-08 22:25:33
gd9x1pgEDnZFcK8t9cgQKLtxeh72,2022-05-16 03:54:01
gdwobUG0RgTLzWM9UwHURNc72DP2,2022-04-01 14:22:41
ge4WrppuwdVWUjJFb4NEt0UISsV2,2022-03-14 16:11:22
ge6Yk940rwOL7HqSXT0N9aOA27n1,2022-03-20 09:18:32
geMp1Y03zwOWWOsoSrML0LC1cgm1,2022-08-01 12:30:56
geN6uRYFb7hU81lz7Sl8FYbdgFj1,2022-04-16 09:42:51
geNULW5wyqREERL4uLN8HPH3wmF2,2022-03-19 16:56:05
geOVKx4s5qScZoqRgLzFla2gYZx2,2022-07-06 09:27:33
geOzpUzIwqgbEhNd9end03Ex0EN2,2022-05-09 12:22:51
geVw4KHEmBTTpUPArByVt4nXbv72,2022-03-09 05:10:45
gex32Hl1EuTbQxQGiLZHKwWpggK2,2022-03-26 03:27:58
gfTLCr1UFwcR0dEqCfEVHCvXbCo2,2022-02-07 23:56:28
gfUQpBNTHmVMXjFnRHU2lPX0EPR2,2022-06-30 15:07:00
gfr6ck67HLNrcasB2m5hBJsGUy33,2021-10-26 18:16:02
gfrNS82ZRrWaCKwva7tMsQHyhq63,2022-04-04 21:30:26
gg6nytjDwsM5l6V83eDU8hKNTPA3,2021-11-27 13:45:03
ggEpGk05vyL5NNN283ScUmmWhmx1,2022-07-14 23:18:42
ggI0rjjnkJZruF39qivUv8H5KUr2,2022-02-08 22:49:24
ggjFKMZCNHQC9JrFuJHRK9y6QnJ3,2022-03-08 15:56:41
ggxCmUOZqTUDlVPV6Ib16F71rOh1,2022-05-23 01:22:52
gh0P5wDY8GT5Y3wtN8Vi189LcXB2,2021-11-11 01:34:37
ghH12Cg2oYb8MXC3hpcFF4JLHOC2,2022-04-26 15:25:28
ghm65W9bQocpXqKZcMoax8cM5X73,2022-04-24 23:34:14
ghwNBKUMjUZcnJHtbQNe2q7GcT72,2022-03-06 01:16:07
gi6ZAmt33IWcpIJ5rgZ31GKhYg22,2022-04-30 01:14:12
gifIpf8A6dgG2MGLTHhmKyCdrzq1,2022-01-25 06:47:51
ginjjxNShQVO4GoVunYwbIqRqe93,2022-03-26 04:29:53
gipY5sEXxuWLVlskOa4KAzHnPdw2,2022-03-30 15:11:37
giuKI032wdbmnvs2H7dK1egWaJH2,2022-06-17 06:38:45
givVG0zEu1WlqalHKY1EL8Dsx512,2022-05-22 18:29:04
gjAJ3ORYXoMLWbxOkXSHrGypeB22,2021-12-01 03:23:56
gjLzfSsiP6UY81J5OXQ7i7rNJGh2,2022-03-20 08:40:18
gjVX8Tuo9oc5HczKmvEpG6SwWms1,2021-10-30 11:35:03
gjkQldYqXUf7GUWkVQPR4wO4cVL2,2022-02-26 09:20:39
gkTDSEeda3gSxyWyxFvj6rscUCH2,2022-07-23 06:48:13
gkXFpXxBVXaGBMTsd4u7lq3dBgg1,2022-03-26 05:34:02
gkoshvk5s7SeDVfYyqMmDBDblrE3,2022-03-10 15:11:21
gkovTjn8QlQrQAHJhuNah77f8ly2,2022-03-31 03:49:49
gkvYvyIbH3T5QGGqzyYIBJSKgLo1,2022-01-21 20:51:13
gl0xWwrfq2dH3JeTi8KOZMYkaTf2,2021-12-23 02:55:21
gl5mH36coMba6tXLmdPrCK9qUG92,2022-05-09 07:16:29
glHYeRQN4FNG4v9EQsNuvjPkNa92,2021-10-28 12:20:14
glYcsJLX5pQ5oSBZYV2syQwe89T2,2021-12-07 13:59:58
glbKG0SSyZOYsNPxnY4fvUPWhcg1,2022-06-03 13:19:52
glmQvwAK8IeZxnU6f39nW9vkfq33,2022-05-07 00:47:03
glpnLbc6HwVFFx3OgURjC2n7H9l1,2022-06-14 18:12:31
gm1gBcyFUPND6v9d7iS1DtvlBxz2,2021-10-18 23:56:39
gmCj6avp5GVGg68HK0wexZWulrz1,2022-07-28 09:31:46
gmJNdK0a9BSjrpIUHQoaM2PeM8e2,2021-11-28 14:27:13
gmPKrtevVQXh7iCMPq4WHNgRxl22,2022-04-01 03:21:55
gmQx7jTJasU9K5lcTc2anfSQ04X2,2022-04-04 06:35:33
gmUsfrIBppexAenaRP302nGVv5d2,2021-11-30 21:52:42
gmgzEveFPDMpKKMeLSVcMWvMzeT2,2022-03-18 22:57:56
gmnxsChP9tT7wkwW70GtOpw97bI3,2022-06-12 03:49:56
gmsila4QI0dkSmUZrUJgoAiaBME3,2022-03-29 07:04:11
gmzHHGArD9VOYC88Xc2hmWVCWFJ3,2022-07-02 16:19:31
gn763O0mcSUP06C4qlhHbPMXHFw2,2022-05-07 10:33:41
gnCEZKVry7heUMDDi0Ec0UDxviI3,2021-11-18 12:48:39
gnFasiRX5hbAL8TTE8pJQt5M7HJ2,2021-10-11 20:59:57
gnijfk9wnUPOI4P5zQtQb4UN7c92,2022-05-16 00:05:07
goGQQKeydJdR46v9FB4vRyfs2G62,2022-07-07 08:45:01
goP1yRoFoQTVPVa3AxwnLQVrrGb2,2022-01-22 04:21:32
goYFEyLr9mOdVXhVIzKVQ9VBsBP2,2022-05-07 08:21:41
gp3MfU0tzHgrY4TaRHJXHDqsObD2,2022-05-21 13:19:10
gp9EzLERLMeWRnU5aaE2XZshjes2,2021-12-21 09:23:20
gpSWNddfX9WLhiXK9X6ZH0ncR0m1,2022-01-16 01:59:11
gpvbKV35p7T6m2MbC5sqoJg3Hl02,2021-11-28 22:55:10
gpyWiSbYfCYz4zHzFP7UmyYCyt13,2022-07-07 08:39:23
gq0Ltc5PmFTX6K2lDR7T9Dk0wc43,2022-05-28 12:17:01
gq7fwPiD0BQY9a2PHgymRdhlbHj1,2022-03-27 02:32:14
gqREqNOLGcU5Ey8bhnFGBWgnHiH2,2021-10-12 20:46:21
gqiGsiJEHjNVHIudiHDU4WNzhsI3,2021-12-14 23:37:46
gqjP3ZB98zenvplSgf2Wq3flVb22,2021-11-21 00:37:03
grJNkS9JTTQXdg5dTMniL2uQ8z13,2022-05-29 15:40:58
grP0UhThtqRleMIiLfRtdnHKZLR2,2022-06-19 02:00:54
grdt6kWn8RaFDTLos31sci20p4b2,2021-11-23 05:08:24
greSqoTj9Ygtqw2gr3qJrsimXKj2,2022-03-24 01:24:49
gry3x2KsIGXX4OmW3UbMcxCqVLF2,2022-05-23 14:21:53
gryzjebvHdScxdK0u62HiVweOC92,2022-03-22 02:53:57
gsBBeKiVl9ZCK8nnfspPpkVDUs12,2022-07-15 04:17:33
gsE4hNVLtQcnw0bWiiZesMyJm9B2,2022-02-19 16:16:21
gsPC5yUfIeQD9z8X4oM7ZsY3MTv2,2022-02-13 07:25:11
gsVy0ZkkNKZa4Lg6U0hlngDUNCj1,2021-11-26 19:55:55
gsb3EvBQH2WJVsib42t288Lb8t92,2021-12-27 13:41:26
gsqp29M2WfUxI6I9DAXYh0MsWIq2,2022-03-05 04:01:06
gssujXgvOiWH8d1tzrtrX0xyWE72,2021-11-30 15:52:18
gsv2WiIfxWPdSENLXL5w2H8ou1h2,2022-06-05 12:51:26
gt10FXq3pGMchgRpSHaDVFlaDuN2,2022-06-12 14:20:35
gtIjcFHRuxNY6T1H4BXM9GmTTUs2,2021-11-28 19:02:26
gtKNjbG9vZdO7wZRoumnDRL1FbH3,2021-11-07 06:50:04
gtPXmVXsVSe0rfavUbjSidpvaJH3,2022-07-09 08:48:20
gu0et8W6ZBMmnYvLW0sLj6eEbbo2,2022-04-05 12:42:48
guDXKMWSQdedQmeGqe3dSK5OMBH3,2021-11-01 13:31:37
gux4q3PVKERlqvz8751PMULGews2,2021-11-19 15:50:06
gv521pmjTuS35490D2HgjqtAcHb2,2022-07-01 16:40:30
gvG34vrRIAXPKR17UTpAUEcGpmi1,2022-03-02 15:40:03
gvTNOSqU41TeavfKMudWwA2uro63,2022-06-06 01:51:19
gvWE3L9PAuSEGi7VVfJqFLfpcJG3,2021-11-12 18:04:03
gvWrijaEx5UOpzfXwwv2Fk4VkAs2,2022-01-15 22:37:08
gvawiSAI24h7tfqVHe3Mm4cOHRz2,2021-12-08 21:31:32
gvfHmWgxL0ZmFJRuHKEg5mlYyrf1,2021-11-04 13:56:42
gwT63mTrUngKc9RtIsrzcSVsNQu2,2022-01-29 12:33:46
gwWbb5GXliR8VgetKpLbjhHgVAj1,2022-04-04 00:07:56
gwYQLjAujkWzIb6yG9SlgtJ4Njj2,2022-03-14 07:57:52
gxbMOnLwfMUdhBNXs0gzUrQIN1M2,2022-07-20 07:10:27
gxkknNYgoiYrQeWhxVxS2VVW6jw1,2022-04-28 15:55:48
gy3tSXymMLT8akkkRNnWnSjZieM2,2022-03-11 10:26:02
gy54ynhjNAW6jV3YBosUm0o0PSg2,2021-10-12 05:55:58
gyI1IDwgFJOvDqAS1yYOTpenkDf2,2022-05-24 02:13:46
gyQrt712WfhBfOr2g25nfYuwC0F3,2022-04-25 20:23:53
gz6L7rzGMHPJXKpJtbFLQl2K3342,2022-01-13 15:40:05
gzDDYrIqP7OXStrSd09l9vRZ6Lu1,2022-03-18 00:55:31
gzXOnsgRvZNFhSXt58ynXqCqriJ3,2021-11-27 01:22:40
gzeL3VIewoTE2nT7hwen1HIxceR2,2021-12-01 06:49:36
gzgDjBbSbCho9NHI0IiC2xKxzXr1,2021-11-27 01:32:58
gzx2xEVFMEb4RZIAOj975aBlYfs1,2021-10-27 21:00:11
h0AvWCcRUoPxOLsPbfA3k626MIc2,2022-03-17 05:20:16
h0BKbPfoHnUv0WNkKCKZvbB1P0o2,2022-05-01 07:56:49
h0Di0pvNNnQPyQGreMEt8QpRSfv1,2022-04-21 06:40:03
h0G1siXBTsQ9oJZqPaSM7wLwt1r1,2022-03-17 17:12:30
h0pvVBWaH7QLPFAQGwzP0RGnH2X2,2022-05-17 08:31:11
h10B8r8YJcW6ZFuL0ujfAZlMGxM2,2022-03-11 14:52:14
h22n0JP2Mgfzmy8aQzLXYQhhe7P2,2022-07-29 12:44:12
h2RsFaJ38IV4cjyZ44HrO9SpmWg1,2022-04-21 02:21:08
h2ZLw7eJlzfyy58n9Pu1VcILGXP2,2022-01-03 03:51:27
h2fEEG9rpjh1bDOdPdKfh1HoWLg2,2022-04-13 00:36:56
h33bArEHjBYjCNaWwgcr6GGgVRi1,2022-07-21 01:24:32
h3JGybbIE9d0ZyGF1YBecvAjwms1,2022-03-25 05:51:13
h3ZXokH2fLTCha2gd1LXS0JGiYm2,2022-03-21 18:36:13
h3vLuQDiunZpVo5HAGjfFtTTN9D2,2022-05-10 05:27:53
h4BCvbdvUvhVMM2x0Srh3rMBy6J2,2022-05-24 11:27:20
h4CS9jokwJQTD1Bwfp5927BSotL2,2021-12-04 11:58:22
h4ezpnkszHhT4qFGPurVgsl9hy02,2022-04-21 05:21:56
h4j67mhrqhfuVmKTHVXalHrsW2P2,2022-04-19 17:37:11
h4mihtxVLmZxtCZg01PFbd5f7Jl1,2022-06-08 13:40:52
h595sijLAKemi3mZsSVOdrCZVqu2,2022-03-08 12:58:05
h5GvjkUAu6WzQQUoNbPPXcGGZgF3,2021-11-01 20:23:13
h5HiavhfO5MQ2xTK6KhT0MKyuwv1,2022-03-17 13:26:21
h5TaMhLnqwYnideE0VvxH8Zx4092,2022-06-25 06:28:29
h5mFpAU6cRbW2L1KH0T1ZRHbATr1,2022-07-13 23:09:22
h6Y9AffjaMPj9v9awnDzUEf1Ajx2,2022-04-17 01:00:47
h6t2uxAef7M1kxe0hJqXwzbOxs13,2021-11-22 16:41:15
h7B2EKeQ7McFFu5Ms1TpzGvZXda2,2022-04-03 19:55:06
h7HVeWxsPsgsMObjenXJjL5Q1bt1,2022-04-05 05:43:27
h7OGkxZLCSckdG1NI832tBEnHeu2,2022-03-20 19:19:00
h7SoWllVHKfNWM9VFsxEFeLULNm2,2022-04-18 10:52:12
h7Uxi64szYQ63ZUdNJ749zXkmIu1,2022-05-01 09:37:46
h7W31jd4QXcLy9SSthFHHke5C6S2,2021-11-19 15:41:33
h7x1w66N0mcXB6BI3FXQLy4rHtC2,2022-03-28 02:31:44
h82gSN2YEvN8YHYNWPCwbZHnR6P2,2022-04-13 08:24:03
h83AXtywi0OKgUPLaKB0FCEkYUt2,2021-10-03 09:07:01
h8JLPsARRThuRdNuuINGpyyuYlX2,2021-11-19 04:28:59
h8O0Tg8Z2cZNWRlIGSdy5a2FeSh2,2022-01-01 08:06:13
h8PX7BOTNkOoUFBvgywTOJipNO42,2021-12-07 17:23:23
h8flytKkpiX5rLOdCODOW3tPHLz1,2021-11-23 19:38:08
h8kVxvra16alTKZltwd1iZ1WhrZ2,2022-03-31 15:13:38
h8pos9ba2hMj85aRmumEkO8tpaJ2,2021-10-06 18:40:29
h9019cMsJsWB5kIUd0WbxeOrgRn2,2022-05-05 09:17:00
h9NrjER404PxKe4PwCD1ErvRWzk1,2022-06-10 06:21:29
h9iXPOUDbNdWifs0FOgyL13jGyx1,2022-06-20 04:24:09
h9sgQNZWJ3PRLMR9iCuEWnFSgG02,2022-04-25 00:48:40
hAMNaJH8HvUMExUvA6cyg0qGFGn2,2022-03-20 05:03:47
hAa1n9CihTYQE1yqOPjV3dU5odk2,2021-10-15 12:32:29
hAmcIAfzWmVOs8ZPOVfUXrsa1Yh2,2022-07-18 16:33:49
hAp0i2fkcBQkIwGJBvkXCfshIo93,2021-10-04 02:16:59
hB4Ds5ETQsZzO8FLDcM35DZuc8n1,2022-04-17 07:44:05
hBBPGRffOcbie7loUPaeyYflebG3,2022-07-23 16:22:45
hBVO6OujweRcraYltI5gAUFatjJ2,2022-04-15 05:01:05
hBmskq5AMfXn2XHkU6vAkeTTQQY2,2021-10-16 10:28:47
hC13OaFUUyMTbrxH9Ml7X8xcx0n2,2022-05-11 15:08:38
hC7PoQl3JJOZ1FKJiaZuE0vezQz2,2022-04-19 19:22:22
hC8XcQY8VyOz3UOwyhs63rWc9SM2,2021-12-17 08:00:40
hCDGEOitnYMqwT3Qsyac0Y0vPO93,2021-11-25 15:13:50
hCGE4tau6AXLfWYcQc8XsxA9pHE2,2022-07-11 13:54:52
hCV9BTUQW7QGXujDOHqPCrmYtrm2,2021-11-03 01:31:52
hCz6hubXVZYSHzj7w6aRTlX5x8S2,2021-12-18 13:55:07
hD05t2JPJyPiA4DgbGwalicLVcx2,2022-06-01 01:20:29
hD8f0FFk0mVcoWjPUFrfc4VhsuE2,2022-07-18 10:05:40
hDMW9qovsDWNE2K0D0tYCTTh2rn2,2022-07-04 07:46:57
hDhVFcSo2WWB54Nj037ZEA3JmWo1,2021-11-11 16:19:51
hDzLujb6LGWzhkObLb7SWwCs6IB2,2021-10-28 08:24:01
hEtouLdisnRNCmGGsl7M3ETf8W72,2022-03-16 01:08:53
hExRXfwyY9h4R85AwbD8Hp5TGlh2,2021-10-29 06:03:03
hFkyBsjW0ISSefimAQuBjZebg0M2,2021-11-28 03:09:39
hFyBnUAjSQdHUpRLEsyCk7mXXEh1,2022-07-18 02:16:20
hGF3qnuJe4eKuLVZtrhQT7I9avp1,2022-07-13 00:02:03
hGY5qbsGf0OdRcmPbOdZlMRqOC52,2022-07-22 12:41:31
hGhNeYgfUxeZV08bhnWBsNKBeap1,2021-11-08 15:47:12
hGjkNRy5pjXtC4TmBDj6ur5Qksh1,2021-10-24 18:50:55
hGzbfa88nCQ9YLSkZ9BAhAFMCSs1,2021-12-30 01:03:51
hH9XBvd4XFMYqkNpk0TmJOn3ZFn2,2022-04-09 21:01:07
hHkpZ6oz3Ihu4mM5xDEGyquB81J2,2022-01-30 14:44:30
hHoDPVGNNWOu9IepWYENLdp9TKx2,2022-03-19 21:53:22
hIVNiBa9MxUEgRD6UkXS8bxldOm2,2022-05-14 11:35:54
hIXusJHWxxYX3n2MdNCBoqneuGB2,2022-03-07 00:48:02
hIpIp7aD5FgCh5qIb65geyPJHCA2,2021-11-19 04:53:34
hJ4Yqm7RR1Nui0JdVa0iMQ0sjUm2,2022-06-22 15:27:43
hJBJYSZhcVN1QeTbSlnw9iQ7kuH2,2021-10-16 09:40:32
hJjTRTfE3AU8i0pHC0Y14krAtkF2,2021-10-02 15:14:09
hJnYBHDwKpRde5GiRPmey5m9pr32,2022-05-04 12:25:47
hJwN3wnKxZPc3bRlndT2KaxxGp83,2022-01-24 12:50:04
hKXheHv4MLVbuM34o8vAm54Gjp63,2022-03-17 08:02:14
hKouJtfn2yccTH0e7Kf91Th5tkK2,2022-01-01 18:00:06
hL4uNXQb75R6L8Eya6MxwQ1Pqnl2,2021-11-15 05:50:29
hLL3t5Ehk3OiZwbiTxOqzi1ckxE3,2021-10-04 14:26:07
hLLqtmZQAuQWfkVSpCpaxN9vKyH3,2022-01-04 15:06:24
hLwzG6f9OodLJocEe11ziVQPFU03,2022-05-21 05:19:56
hMOLmDuZMOgvbJ0l1a8fVvSPbYA3,2022-06-22 09:17:20
hMl3me8ccuc6iRe40adwIKZjNvo1,2022-03-31 04:29:12
hO5AK6Nt7JVpipFKUiUgbBy45Rk2,2022-03-29 13:46:06
hOM9IxF1DAWUQP2sm3xFbQou7xo2,2021-10-27 20:43:37
hOYja9h9mKhTeDdmiyBXsr2Pkvf1,2022-01-18 18:50:40
hOlDEMeFolNEku3ZuqtLRSmkriG3,2022-05-09 06:29:04
hOqpTnUV8mTNdITAMGuLki6ZUMC3,2022-05-12 05:47:31
hP1pAgSlIsf1zl6TYdwkALZi5152,2021-10-23 07:54:24
hP7MS43byrbKUkZ2Bo5Q7OU4C5g2,2022-05-02 01:49:38
hPHv2PQE2Uf9xtWYhXmSyG8agv73,2021-11-24 16:50:22
hPKOMHCMNlXQDLxUHi4ECC9QEph1,2022-07-12 07:59:29
hPoazXTE7EfhNFF3wF1j3zEXAj03,2022-07-30 11:23:16
hPz4vfuMpuYPmwLVODy38bCP1sU2,2022-07-04 20:11:30
hQDTOToITgfJftk9f2rCVh6Cw4u2,2021-10-27 20:04:09
hQFOXyrOgObPv05XUSuSEV3FnKC2,2022-06-13 09:10:36
hQP0Veoicfglso8XdwNC5xdvKKH2,2021-10-30 05:26:44
hQiQbRi6OUOmSvlVGKEbZzAAn1B3,2022-07-07 07:03:43
hQlQOC5Tj5PaSyfCyWO0uJ5zBt52,2022-02-19 18:05:36
hQt9PD3QGkgwcD7M7nwERJYjuS22,2022-04-27 09:19:03
hQzA4JNYh2SmO4oA2slRC9LB1a12,2021-10-10 02:43:57
hRVN4vkRYOe5iHtR5FEY0VTtXtq1,2021-12-24 19:12:32
hRioVbNnCshMq9tKGRDpH4SE5ga2,2022-05-07 09:33:17
hRqnRgLDLYbGupDoRf6B0npCzY82,2022-03-07 04:59:21
hSTnTzWiUufOm71jz1cYKXj9AQB3,2022-06-30 12:48:48
hSbeaEWzDFYurk3tzlnJb8qRXjm1,2022-04-18 21:18:11
hSu6MM3HFNhKurH7lFSJJkiETaA2,2022-06-14 05:29:08
hTK30ILNcpM17bU7zm5km4FUWjo1,2021-11-20 13:48:59
hTaz3sHj93d22Fn4W62RjBPo4v83,2022-03-05 15:57:14
hTj18wRPFjdG92HIwjJXiaGnR9q2,2022-05-31 02:57:22
hTkNlIHR65ebi6cz6d9QTZGLYUI2,2022-01-20 19:55:24
hTsrQlaXxFWgJM4q5Zn7SwC1EXw1,2022-07-10 13:30:23
hU2rbeLLI8YMvitMi5aLaI3eiWT2,2022-06-01 03:57:55
hUCRtfv8LxXoAZ2kbH8MNfSyhGf1,2022-01-09 22:43:45
hURJ5lnzMmaH15taiRvmRYtVJ282,2022-04-26 08:30:15
hUS9kxLKvbX4RpNmk2PePC3Qnvw1,2022-04-11 09:24:24
hUWvshapvMXginfOb3G4gXGTUc23,2022-04-24 00:38:29
hUdsUmfLY9YorWNSQnanSYtY9pu1,2021-11-08 16:39:49
hUkEHWHc3qebUQV3cimUQBDTs9I3,2022-02-05 08:21:25
hUuqT1aMqGhw6xQVnsMptsXA0Nt1,2022-05-02 18:58:00
hUwIvDhae9WlGXOvwT6nkdhVSRE2,2022-02-15 12:13:18
hVuFH125Z5M6PHTtRG9Y3FsaZGF3,2022-05-08 07:22:08
hW9GHImd0NQFICQ8Aw1lBBQW39m1,2021-10-27 00:09:12
hWY1sybbNTQxdpFqQncdDpFHZRN2,2021-10-22 14:50:43
hWvIit4yajaR5YK9LJmcYVgHkY52,2022-06-12 11:37:54
hX82OKFD2dcDa5TdR41TACCC9QX2,2022-07-30 12:43:07
hXBP7cKvVkTgpUPzI81eHGX5Vp03,2021-10-05 23:25:24
hXN3olLRX7gDcAYwDLXyVuch0UC3,2022-07-21 09:28:53
hY2lLa8dZvbxZCXlekgqy19plW03,2021-12-10 08:55:09
hYCcFfhlgON8HovTEfXAp06eQr03,2022-07-13 03:50:15
hYE4wQwl98P2NmvFwNeAy2JDFFL2,2021-11-22 09:03:08
hYFfDG7yC9RRYr8DkHjeiAZm3ZE3,2021-12-21 12:41:33
hYGg3nBTBDRTnQOSp1OaX1Fmphs2,2022-05-17 00:41:54
hYaRVsmkEsMUNCJgM170QplI5wo1,2022-02-05 23:29:49
hYs1I4cjuMRbCOgRSqZJmEQhbkZ2,2021-11-04 22:59:15
hYuSQW9FEEZFdiMnqlZxnZXSmTJ3,2021-11-23 16:55:15
hYxe0CEYcXg01jeUx0dGy9lNMiG3,2022-07-01 22:25:43
hZ13KDzoXqhzSc1buuDUVEGUrcR2,2022-07-04 10:48:37
hZ4YPwygF9Sy81es7VyFb7qYfjD2,2022-07-07 20:27:37
hZBAuHFZYAb5Oo7FfSSdtNFtcXv1,2022-04-29 03:32:41
hZPW2Hd1Q6dv0ppMhyqC8AZvFq42,2021-10-11 05:01:08
hZRlCoF1OPOOjVudHNZs2msE7Qf1,2022-06-10 23:48:06
haUOxQgulGd1V8dji3c7ocMSL9s2,2022-05-29 02:41:35
hajbeZDdHjflfCp4xrq2IAy4gY73,2021-11-14 04:34:03
halkkQ864kdgExKXoMFO0jq1D6H2,2022-06-26 16:52:23
harT7f5N3MUwJAtEPuNdtWf8h7f1,2022-02-17 11:14:21
hbPwMEVgcaYybWECUqVwgmMb82g1,2022-04-13 11:27:33
hbSZSKBUlmd8nDhvybgmSoUGf0t1,2022-03-27 06:50:01
hbjfJnA88Ccb9ZkcMpvHmNvo1pK2,2021-10-25 05:23:27
hcAAO301xGYwCyxPPlxeSnr13vN2,2022-06-17 14:52:34
hcCeUzLqrHZF0e3GVAO8Tm6AHow2,2021-12-02 08:12:06
hcFicKhoMrd7TlBaD4m6eXMrLYp2,2022-04-17 12:01:08
hcZZNJqkuwSxQIiT48TJD3PyjEk2,2022-02-12 01:33:04
hcn44VLKCScH06w46stqJCOOGsX2,2022-07-29 17:52:08
hcs3Cc6qglMQlIIrd3M7ZRUgTMO2,2021-10-10 20:53:53
hdB2zlrd1zbJPwsFwgyL7FVeaPz1,2021-10-02 11:00:48
hdBwRccSjhYRGgh6T8dIhBZeidr2,2022-02-22 11:59:37
hdH0nHZoH5cAA9G2h2DsOPYUXjs2,2022-04-24 00:31:04
hdXmD5LAsFTFG7OuqgoAMd7sjSY2,2022-04-16 06:47:52
hdciiiLEKFb067Wm1L5xf03541M2,2022-06-20 17:02:22
heINTgEffDgP3Z2v1lErgXr3xeo2,2022-07-22 10:50:13
heaw0cdInwhph56oooLXmHoRvIk1,2022-06-20 08:05:42
helqUusfQefhYAAU0EdPWMh2v7Y2,2022-06-08 17:32:33
hemy1MIUwcNgBKC8cfAvYBxZa8S2,2022-03-06 06:58:12
hengpbzs3wOmZsLhTFUP7IqocYX2,2022-04-15 06:59:18
hfFj0H4cVCZ2jJmTh6kAg5GLqrW2,2022-05-23 08:26:06
hfIAnNKDC5OZ2EpTVVumcSj8ct72,2022-06-21 01:57:33
hfWijc4vEbMmewpFSwB20WHWi1E3,2022-03-11 15:52:54
hfaKai34SeMiuRFyukbobd5VUF63,2022-06-20 07:52:33
hfbABM5Sw2RVFrmlRoORnwz6G8C3,2022-07-11 12:07:47
hfkC9xYQQBXo5mQIguGNG5sQ7ub2,2022-05-11 17:54:50
hfoDIwvwpAXrQ3cQLdk1myA8rbE2,2022-02-19 02:16:19
hg8Vg5PsfzSCP88qRlpB7gzcbmt1,2022-02-27 17:16:08
hgCERXSVdkdsiiWNwKJb8nEUB3E3,2022-07-02 08:19:06
hgLLl7CzCDYSGvOpZfWNvNdUvor2,2022-07-18 09:07:27
hh26I1UPCaXWNlvRI7uy73rVY953,2022-05-03 21:22:42
hhCBjX8spPWUJmpaPrIjPgfcauH3,2022-03-22 00:29:04
hhXocvsAFnV1liAjVaxsFt7Xsqa2,2022-05-05 01:23:40
hhlF60aPpNRo3evpLYJQTZS6hfu2,2022-06-16 13:05:15
hi04SA4Q7TadwB34igIeIJudQTP2,2022-05-25 18:21:54
hi2NFO3HyAOPyVnCbkhSd6Z7r0d2,2022-07-09 09:31:00
hiRU7ElRn0Vb8qcij1x1hEGtXR23,2022-07-28 16:54:20
hiXftzj22dcHa4KxrugcDHCHlvU2,2021-10-20 00:49:55
hiZ6KnCbFuSxjTy0bChMmqSfGQy2,2022-05-05 23:23:15
himpwiuW11Ywdfmiet5kxJizz9X2,2022-06-12 20:34:13
hioRzkO8TqRd2btmPgmItdsHyXL2,2022-03-10 11:27:56
hitZZnR7nINaqiidggknHAh2m3i2,2022-04-25 11:40:13
hitog9c4YyeXt5xf7HH7SKbayX73,2022-04-23 01:34:23
hj10P8G9a4YKIpx5IJMl0rlL4i22,2021-11-27 07:24:56
hj1TfcctXMYQt4QGYIRB0tIWhSR2,2021-12-26 02:37:07
hjXIgeAOFGhGBwiq25oKYin7PuI2,2021-11-20 01:24:41
hjqtuIF1RNXZQXZ7e0vmZORKlmB2,2022-05-05 12:00:43
hjrp43TP1RdPFu1V0Nvt89tewkJ3,2022-04-07 11:07:32
hk4N7UAWVBTjb20LF2k7tdmgn5x2,2022-04-30 16:16:50
hkFsdfOWSUW6wdSRnQT529JlPQ53,2022-01-18 23:19:13
hkXYuXj7BkQnOuExADbSurNNSKH2,2022-01-30 00:35:59
hkiXcxR7obMBkOeWFfpm5f890hN2,2022-05-28 23:50:07
hklk73j43cRQCNkU5WpxvdW1rZ12,2022-04-28 05:26:25
hl3FjeCV5rZlBdJSjm21AbJkdZs1,2022-07-31 15:39:52
hlB1LDS6IsPPdrIGPBzjgIwzshp2,2022-07-29 07:38:33
hlM5cM3NeHPCySuF2Nd3XafbuHH3,2022-04-08 06:20:12
hlRaolbeIdfvOBpheZkbntE9eXc2,2021-10-13 22:05:59
hlX57eYaXzZntRi4YxxVQYAj4y72,2022-04-09 13:32:26
hlhyZHteYThPqXTjVY4SX2DHmTI2,2021-11-14 03:17:05
hmDoyyHLXaecuAyFfdxQLCmGT4F3,2022-04-04 21:43:33
hmLSC30twCghvMihwL0eIN4Zb562,2022-02-19 12:20:39
hmvOTq2qPWMxw5s43NYitt2lImm2,2022-03-28 11:32:26
hnKvWor3AggBi0Khy3KqQfc6vAL2,2021-10-21 12:12:36
hnttgtnkBVTLtMTiz60eeqYf7Av2,2021-11-28 11:14:01
hoK4F7aEY9XntwoNUh7JV0W73462,2022-03-10 03:34:03
hof7CQIuupdr2IiGEowd75rzYGi1,2022-02-14 05:14:25
hoznigoggtOnQA2JJk2OJJzYpk12,2022-03-16 13:22:38
hp0hihZzk7PWBrSxLDQ54anOBxj2,2022-07-19 15:45:25
hpBle1Sq9QSXapfYxOpI4a8xBbI3,2022-01-07 08:38:05
hpHCn9OAoAYFAZQxPyTntAd9NYy2,2021-11-10 14:23:30
hpTD6w7ur1Xppt7lRYyct5zIgZj1,2022-07-27 12:22:56
hpWI7iOf85YXUB39Co5jJShMRn32,2022-04-14 02:34:19
hpeyICoz5BRzoCOt86lQxWRoLs42,2021-10-14 12:25:37
hpwCPHMHkpdD4b0HVp7wGaHRc1B3,2022-03-09 06:06:36
hq7W6lmKYDMtit0EqBU5or1voV93,2022-03-19 22:34:28
hq9MjAL7CbfZh7YHx05vZuX3wPU2,2022-05-25 07:23:52
hqHA0NpnJbhCtpVOmSXAbtKuMUt2,2021-10-11 16:00:46
hqUpElUGN4RGZvR30yi9k6lgXPH3,2021-11-23 18:12:09
hqZeigNazoW322MJ8ox1DpQB1eG3,2022-01-01 10:54:47
hqd7SGNfuvPPAPyQni245jCUrCA2,2021-12-01 18:22:01
hqzpALZPkFRI6SZu9P1LdtDM7Wz2,2022-04-05 16:19:18
hr32TlLt8YRS43DVlIml2DVzkAH3,2022-05-30 04:08:23
hrKYaLxrNgdrD3ai6tJlI9YX8tG2,2022-06-18 07:50:29
hrRxFx5pULQRvEMWk6bPEhQmbuE3,2021-11-21 03:02:05
hrpHSf4KmSObozLUuaw8nFcIiwo2,2022-06-02 18:35:17
hs1sMXo8wZParDf0AdBZ58pV00v2,2022-04-22 19:52:40
hsCcV25EOTbnfPAAY4nrEINtNv23,2022-03-18 14:25:44
hsDZQxfw3NNVoYueQrRwy5HvSaj1,2022-06-29 10:56:26
hsHWU2O9BnWQXZJTNBasrmmuHiN2,2022-04-30 17:00:20
hsn0WetChlgyDWYO9u9UfvqT8fH3,2021-11-27 14:45:03
hssKvuvtHDfkH0dw3qRyxvlkIL52,2022-01-19 15:51:40
hstk1nnaoChnJq3O96chP0UDsBw1,2022-06-25 02:15:40
ht1FlSy3PlQlt0veNpd4cI7cIgJ2,2022-02-21 11:47:38
htt9MaWvrnXzkuDOcrxca2vdfir1,2022-03-20 21:09:45
hu6PplFxd0akmQ2KfhFjgIulRd02,2021-11-09 15:00:45
hu7e71sGAnfTXIgmVeZR14rwIWQ2,2022-04-08 14:29:35
huLOiDnnEse3f4Ce1EYxASKbRmB2,2022-04-25 07:01:07
huNo4SdJHsUqEHKvkW3kNpXUfMO2,2022-04-06 12:45:19
huWftVWHrAdsscnA70jljubdiUl1,2021-11-22 08:02:27
huiPPizywcNoS5XjdjHwFTmSPmO2,2021-12-24 17:18:57
hun7DHejOQhmsWRSHhG7qXqFndH3,2022-01-29 05:53:38
hvAZxNrtcffvkhiCiXVKmJdDDTE3,2022-07-26 16:38:03
hvqPaNl24lflzvSKMj198K87IGf2,2021-10-09 09:04:56
hvt4dJtcLsMuR4tQzsr2UL3inE33,2022-04-17 05:49:24
hwCQ3yWOgbhqZPRXhqUdKudVm7z2,2021-12-02 23:23:51
hwFe5zBK69OpaxC4KwraZiKZR803,2022-01-29 12:13:56
hwMPuu9xMhPzvKgwWZ0B4siVGdg1,2022-07-31 12:52:58
hwSsG30F80adFxc6tSIMB4yLgxk2,2022-05-07 21:01:28
hxcjXEaFq0Qhmzy2mh3XnIGXXvC2,2022-04-02 14:19:02
hxsqxi2QOUQoruxLzWvPpWtBmx13,2022-03-15 13:35:20
hyFGRAMxPEaJRSqwBx0YqdDxKpY2,2022-05-09 11:36:59
hyM6nQTjaEfX5F2WQQeaIsOJLIR2,2022-02-01 13:27:26
hyNexzoB2Pbw5dIlCtidI894FJB2,2022-05-15 11:24:42
hyVYeuxwbJMkj0ANd5hhbILhi173,2022-01-01 06:57:03
hyapp5PdJKQx4KEyd4RgvMXz65I2,2021-11-27 05:10:12
hypZbYARSBUTH5UNgyPcmo3EThc2,2022-02-18 11:15:28
hyydC5aBGvNPvxdBqA4VAKZJj1o2,2022-01-31 05:04:57
hzRdw1GGgqREgsXp9wh8sQb3DQw2,2022-03-23 12:52:26
hzSZkIDn36OpWzZvQmzYvAZy1BA2,2022-03-31 07:55:39
hzYoD2vyegYMSivvllDq4wFPlDH2,2021-12-17 17:49:33
hzgDWXxOjEOLNQCbQNbfJCKL32W2,2022-06-22 07:49:49
i004GxpDigWTJkorKxHCPo16y5V2,2022-03-06 07:59:38
i05F0GXojKXsyBtSaqMT8R6V8kT2,2022-08-01 07:06:28
i0KNOehQErOsaG6mnXHDJQ39Kb32,2022-03-14 05:04:23
i0wKWP3VwRdsG3upctlWYQQcHWB3,2022-05-06 07:25:40
i1PNCRdoaFRhWFb3Q1FarCPzX553,2021-12-06 18:17:26
i1Ua79u4UcQgL2cCfaKeaBCsKp83,2021-12-12 19:38:17
i22SOWx4rlaxm6skbWiXYVTgpoG2,2022-03-29 10:24:47
i2J39mQJAFOSXmfdS9h8L02BEaC2,2022-05-01 14:14:49
i2SB5of6CLdDmrq2CLOuz6LyjJ13,2021-12-30 05:00:20
i2kL0cY8VNXlPSnwuMYVUfCMcz42,2022-07-23 03:09:51
i2li1SxZxATZTCMJgXsAN8da3k93,2022-07-25 15:08:45
i2mrn9bQ9gZGP3Ad3d6fCnx4ubE2,2022-04-30 06:18:51
i3AmJN6swbR2SwH6u2yhik6RacI2,2022-01-17 12:15:20
i3Iz1QhhXXN8amM0RoCNuNXOzpB2,2021-11-25 01:02:42
i3NEyMv7jgceIGPlQiZrRsjIrvU2,2022-01-29 09:04:41
i3lmiEBX5CZbMS2uyJNR2eIIAi72,2022-03-09 03:02:26
i3x9JkK9qxM1GxjiHzia73TWG2j2,2022-01-12 19:18:04
i3yJbQBFZGhFLlw2kG8ialrTuC43,2022-04-15 23:26:47
i4ZKpg61jKfgedPza8hQJtpAfq62,2022-05-05 18:29:41
i4bLDvKkzEXCCkwUDCjEBiqqM1p1,2022-04-04 04:46:21
i4qZLKktl0P22YYWdkycsPc3d843,2022-05-17 14:37:37
i5GbXHMiqMa9WQ8VyNZWc4JM7vs1,2022-08-01 06:49:00
i5d2WO7xxkTMQi7xgOej36ygMqQ2,2022-07-04 22:01:30
i5iOlzoFzDNwhWeV0XbMafHR8MO2,2022-02-09 15:53:48
i5qsi2EV5aOrkAgxY6k18eV5UZi2,2022-05-22 07:46:30
i5wIRC5TvEVo7n625cf2bqpTtK92,2021-10-26 18:10:03
i61R9WFKvWW8cARcjMjHKxMhCpu1,2022-07-19 21:42:43
i6LOe5HZiwdgkM9skMfEbOCkJN32,2022-03-10 06:22:32
i73hT7fVXLYbRYkz1DSEFUsBVFy2,2021-10-12 18:38:36
i7QGxNVe6CUaxHqLUbpxYkHmSxR2,2021-11-20 22:17:33
i7iD4MD1meSINpdq0im7kfn8n3f1,2022-02-04 05:01:23
i7m9IpXsFCWLVrP6huwT8Hr96733,2021-10-13 22:32:10
i82MEcyzwFPQpqUVLrlMmGhVnU22,2021-12-11 07:06:08
i89Rx0VVOBTscAlJn8MIj99CSYq1,2021-12-11 10:55:17
i8HuT36LJ8bcmb4yHZHGZJnnpI02,2021-11-24 05:46:39
i8XtaJINrHZKFQWLw1p6gWUrbHX2,2022-02-23 08:31:34
i8jk2UeB1LaqUcO1UPIkLqJ2fh32,2021-10-22 07:19:47
i8lgCt6BSyfDlOaMlKVS4UQMKgI3,2022-05-22 11:49:07
i93eQfhSEfMy4UPuxB8L0l4EMPj2,2022-05-27 05:43:59
i93q1ojGxYXZu3pmxSeZALCdtoN2,2022-02-03 11:38:45
i9H3QlLzPSQLDFTJHHmncQl0cUD2,2022-05-31 13:27:58
i9Nvt6qoCuQqjJw6Nw651EYtB9j2,2022-07-16 04:35:22
i9SI0u4fAbZ7dkmcqPvNvGU8EZs2,2022-06-29 22:43:00
iA496y7b3bOv1Lvt55Z7Z1iJsl32,2022-03-10 23:26:35
iAjwSELRSUSSiw2dUoBMKzfzopG3,2022-03-11 08:13:53
iAmqsRKSnSX6Sc6BOzCr9t08hOm2,2022-03-18 03:21:56
iAmsJlVk9oSpWBDRyfTGVjNyUnS2,2022-07-24 08:47:32
iAp5wzVIKugFWSlmWgKxCYPUWOA3,2022-03-28 15:04:49
iAwfnelaRzdgi7YCnKPmIFHCBBg1,2022-02-22 01:44:07
iB2bLoJ1f6XTXEzYyWKvEL3pPEj2,2022-05-10 18:07:17
iB2iTywGbnZBNzn3ZB2utT9ZHRA3,2022-04-16 12:43:09
iBATH6gw5rdIA3EWQxHWC8lE1Cq2,2022-04-19 14:34:48
iBDW1LMvRHUF6m06Pnl7G0Pp2wK2,2022-05-28 00:32:28
iBDblerLW9SAUeN5nuRdG0ynEq62,2021-10-14 23:52:12
iBgdanepMrZNMYNQHYOhBL5psUi1,2022-04-08 07:25:41
iCXEZlboEyTs3nr2m5jQuaNIwZy1,2022-01-19 04:28:40
iDO902qETZV7AUaBrezYIhOE6ou1,2021-10-09 08:45:07
iDeohn0oozbN7zooCGhUuitABlP2,2021-12-11 05:45:14
iDhaw6477sXgqhwL8jVNNh3s1ey2,2022-04-23 08:01:18
iDnQAFbB4YNXWCNVTwpyejooNJ13,2022-02-19 03:01:54
iDpblqx8EcRLGSEZDSheZF3XLr23,2021-10-14 17:35:07
iDt29G53KuSo7leMFXlvDpELwyh2,2022-06-25 01:12:21
iDuey4yalyTO9nkAX0NBVZBCEJE3,2021-10-15 03:39:25
iE3veSoYuWUYcCXsqhbuRiqZ9dA2,2022-01-03 17:32:21
iE5Uk0yxI0NAssH6Utbd2YY39TJ3,2022-07-03 12:57:45
iEGoL7PkDbMWct0B2gyEtH7USk22,2022-04-18 14:01:32
iEpCUrmzItT13n0TEJ09DkN2inU2,2021-12-24 19:27:33
iEtfWzg3MzP2njYoYzn6Nrv7oX62,2022-06-22 15:36:39
iF3f1TgBGMe4CXvvooZkbHFNLi33,2022-05-17 04:03:07
iF4TMdryf4PuzOEcq2pume738tn1,2022-04-25 20:33:48
iFSThylFPIVtAxE2BvIgKtXc5gA3,2022-05-19 13:16:26
iG21O44mpVOIOmK6BMCHRWRe9UN2,2021-12-03 14:10:32
iGNVhfWtOpbDOOTMTQ6BC4WQu933,2022-04-21 11:35:50
iGT8JYqVUzccOMwFbdefEntrfmg2,2022-03-20 11:57:15
iGXZJ93qSXNQCpKxePJyCMLRRkd2,2022-03-06 19:04:29
iGlXtqdYH3WyOHHZWUB06tmKS852,2022-07-22 09:27:11
iGqdp9CNVBcxhEHaC7PBBR8Gmh53,2022-04-15 21:51:29
iGxGi7NNn1ML5aEZKaGpcCNn9hH3,2022-05-07 17:48:31
iHd7Q9eCRFVvmLWsqIcDYqa9wun1,2021-11-06 14:44:56
iHioAikXYEbI7ZMz5bdPRCTNh5Q2,2022-05-01 02:14:28
iHlGBdsRTHdMXDSWiMELFMqLjtr2,2022-07-28 17:42:04
iHsDGXNCrkNJOa9Pzc50E7PMxLU2,2022-07-07 22:52:27
iHtQAiS7L7aMDe5F2lHyT0THFHY2,2022-04-16 08:07:18
iIoG8zpzW1QOECC5vw9DWLBVEUw1,2022-07-10 11:53:13
iJBAOMYnqGVA7Po5DP7SqGIJh3h1,2021-11-27 10:01:51
iJKOqNLuCARjBZ1Ob1sXhju6TSW2,2022-04-15 20:23:15
iJNukpwSlSW2WvnKtOizje0s9am2,2022-04-28 09:14:57
iJSV6xZLPOSlBgBT9sPQJrzQsXE3,2022-04-14 14:04:54
iJXq85sO7yaia5IsRSmSVAPeGXJ3,2022-03-17 12:53:27
iKg3LE9sviRlygomL8HvmuXsSg52,2021-10-04 02:38:11
iKsGVaml0UasYxQc0WjUEN0oyUw2,2022-05-24 16:59:17
iLVi06D3WJaXHmTclmACvioHwnZ2,2022-05-06 11:31:06
iLbE6Xe59YRX0ZSMvbvnIE0lsqv1,2021-10-17 09:42:46
iLo62W5MHiVJg1IQaOhmz9OjhQI2,2021-11-24 06:49:02
iM5dbvWycQSSa6cBKb08lf8QzSS2,2022-05-30 23:27:53
iMSBZlLlC1UIYcQAgflpEp0oxjU2,2022-01-23 17:01:13
iMX7gI6JOgUa5dMUzrl3ArP7lMm2,2022-04-19 03:27:38
iMo2exwaH8hIoiZpw46qOx9dfEm2,2022-05-22 06:45:59
iN4MAoWpkJNe6rsMCe5nTs9Vb2q1,2021-10-21 21:46:18
iNq3KLH4hfTV8z2H8uBJTBIkU8c2,2022-01-03 10:35:53
iOENOYfGHFd0MpPFUGhPv8r13Qd2,2022-01-17 10:07:33
iOMNt7dRnqOfb6Xk7RpOEAkHBuz1,2022-01-02 00:27:27
iOaIvdVvP8bpJR1sSSR2rb7Kqc02,2022-03-18 21:58:15
iOjXremOE0RgWHYce8PxmYiyLIo1,2022-04-22 05:06:16
iOm2cFuZ7VXkTk6cOABl9omeu7o1,2021-10-31 14:21:00
iOnTA0U3hZQBINExYLJtQ2JswIz2,2022-04-02 22:52:39
iOsWpxhpEaNA53dhc6TNh0DYzaJ3,2022-03-07 13:56:40
iPGVzirpFMVPvJjaZgmDhwXB7Mh2,2022-07-14 02:38:34
iPLGOZmULKMObWB3CaGxLnMnEua2,2022-07-26 16:00:16
iPpWLGk0Teb31gSpxrrpr9IHbSq2,2022-05-29 05:53:26
iPx6C6HNyAdxkcMJpw0ebXcrAsp2,2022-01-02 01:31:10
iQLPxRsApCSdH0LsTiRGOqVldiI2,2022-05-21 04:28:45
iQbgvxAHPUXlwBisIeFZqwrzKM83,2021-10-27 04:55:34
iQvbm4Mp2BQORFI03xTM1FDei9w2,2021-10-29 01:36:02
iRD1LktanORuQltWODTEsZZ9i2J2,2021-12-28 19:09:55
iRL3P3zG7ucXkWMTOTKaqQd9NBW2,2022-04-17 16:09:04
iRh3fMw7gXesxVQFKLB4k0fRziF3,2022-03-27 14:10:42
iRj6rTyfcKPqREy0FkBOryUp9Ne2,2022-04-14 13:41:17
iRvsmXwNJmfuVwYEF9g0vr67tYk2,2022-06-11 07:21:51
iRypKtIudeVjnq2I5olhqL4uRSm2,2022-06-21 01:47:02
iSEgJ7HuyhT4VNkOjzojWARas8i2,2021-11-19 16:19:29
iSRFDw1upUMIkxaDKXd6t2A4f5x2,2022-04-03 14:56:19
iSiAA3jODAe44jISyGtzncSQ1RW2,2022-05-27 20:21:01
iSnmTySZNvTpL2GGwWbZkjAYOco1,2022-01-05 22:45:32
iSoz9F4ogXU2jwaigxcLVE00F183,2022-03-28 09:12:46
iSpVtZsrliWx0Rg1nQHJdmwAk6J3,2022-02-01 06:18:36
iT3AKV1bfjdz32g9sAtWdjfsxdE2,2022-02-28 08:33:34
iT6Dw0U2pfY2cFm2L4pJ5eGa2l12,2022-03-27 12:15:55
iTCzZ7oa1DRatSenNKz8RC1W4PJ2,2022-05-20 09:47:18
iTSepiNDGagT2YMXSNvXfSeaqcT2,2022-01-31 09:25:21
iTVT5lVx77SwhguLFT2cTpcvLk83,2021-12-22 07:30:42
iTXhLLMEOecyV3PpccsuM5bPbjx2,2022-04-29 11:01:51
iTapHBoBEgeZnNcxaTLw4ICs3oG2,2022-04-15 11:31:16
iTvr0krDflfojaPG0MWYs3YCqOJ2,2022-05-27 09:05:42
iUG2CaUCvthWSP0pHEE9DBCNJ5M2,2022-05-21 00:26:35
iUVY03oqZWP1XvhCb2sCwUBkAYz1,2022-05-17 09:26:33
iUhKOdbpcWdD04C0sz5oB4afrxh2,2022-01-27 06:28:19
iUpmFSizXCVhggP0FfuGsQwiif13,2022-02-05 19:23:31
iV1VRT5P7zS7WV8NChNSpxV5Ptt1,2022-03-31 18:09:11
iVADaSqwVjUO4H10GHX8awlrNEP2,2021-12-29 08:37:22
iVFrEo3sYZXMBNWpJOq2X6tNS7l1,2022-04-15 10:00:56
iVfHuQUJz1TNlX1RVFOB3eFBUfw2,2021-10-03 13:59:18
iVgmiL74IqM5HbZ9NplqgGSHipN2,2022-04-27 14:42:42
iVyM7CAR5NMckHBvNhb8mNo5WYg2,2021-11-09 15:16:40
iWNUprN2LsN5TS5vHBVGXxOblx82,2022-01-09 06:42:58
iWWV0nvy0OaH3d8lROEITRN7dWr2,2022-02-15 20:52:20
iWX5GQ8jC3Wpo3mjcM6G51vERed2,2022-06-20 10:59:25
iWYqlYoyWxNlYgTKj5yoDdJsunD3,2021-10-08 15:58:18
iWlOk7MUvxNsGlPhNkth07JasIL2,2022-07-28 00:43:42
iY7JduVb7ORO4BYxvBMXexQ5xr02,2022-06-07 19:06:42
iYAeHZMmpwSH7iTJ8SdTGvqXVVm1,2021-12-14 02:05:41
iYCWlhIO7BdU3uiooNgPXanGKub2,2022-05-27 07:32:45
iYab2KRHpsQuJThy7IWUskdsU1g2,2022-02-20 02:43:17
iYdrOViut6T0uIgxiIqw7GR9bex2,2022-03-31 22:19:33
iYqPOC9KCDaN6pKLySila4CgCOf1,2022-06-26 04:26:31
iYvzmtoKzZMT9VrLqqM7xV5noaB3,2021-11-19 07:08:06
iZJQuxIudJPUxOtGCjtrG9uGOc33,2022-03-18 11:56:50
iZcs6wE4kWYoCtEaLs0CrKw10YB2,2021-11-02 06:45:43
iZgZRhcIQoZkTnYFWMI1GIg2mXP2,2022-01-10 00:00:05
iZobu1SSUdWW5X1AvC56BYJ0LIo1,2022-03-28 09:27:24
iZxx3pD4FFY0owK6Gsue3raPIpe2,2022-05-31 15:20:53
ia1Hqt2MYIZAXjGY641NBFiInDY2,2022-03-12 09:52:04
ia4QQxo0aBb2Ak55W0aiB43NPDE3,2022-06-02 09:35:48
ia70Tj9VnthMS13rYV7SzxUAIzr1,2022-01-26 01:16:19
ib97mt9d3CSaWMxjKpy1WpaaQ5g2,2022-07-23 12:40:16
ibDeI5yWPWSFR18YoECe7rmftt53,2022-03-08 11:31:40
ibVi9StM2TbSL5RHLjA6DiXNcj92,2021-10-30 11:39:27
ibfoF5imkhXiepyum76AtfgvIPI2,2022-04-10 05:10:24
ibt3gHkiQPhss1zWfxCSY71hiZx1,2022-01-21 08:05:31
ic1zwrDZDgdbTtgkgorMckDBmyx2,2022-07-30 11:28:53
icFbOY2DZtQw2v0N4Vyg8vM31uX2,2022-04-11 16:03:26
icHa259AEHUQDxXbhEYlRulBuT43,2022-07-14 10:42:16
icLD8O0fISgARSNoEEtGbpIoSz92,2022-05-23 15:28:14
icm10j6RyeX8MlgVAecc8Y0AwxD3,2022-02-09 12:27:55
icnuzVVvjJbx6KExQW9F0xaFYVh2,2021-12-25 13:12:16
icvgHiQU8YU0PlxWcjkL3MvUZbM2,2022-04-14 19:17:39
idEM2G3rDlQNLkjQNYXy26ogOfC3,2022-04-23 12:06:47
idI8vShggRhWO08KWWAuX4uQYbH2,2022-03-15 03:52:02
idPpEjfp9DeFnrasZYHRFZZUqES2,2022-05-27 06:51:55
idYLd5shlGRgGvDm6Ofn48Pi8Gf2,2022-05-05 13:36:30
idZ9K79zslYrEJyMankCRehT1LB3,2022-06-02 17:41:29
idybnMaS1aVp9CQdTO3dwlXQwfH3,2022-01-26 14:34:59
ieG0cOEDMRXmy1CgCbqOD6uqxds2,2022-06-17 06:34:56
ieL4a54ssLQbLd3ila5Hn0UUKwB2,2021-11-02 21:28:36
ieV5ei3TSUYYB9YhNIiFG9daWkm1,2021-10-25 00:21:19
iehomdM8QzeHVlvvvdpkkSzctVD2,2022-06-25 01:51:59
iejkfVZMD6ZwCfjCKAIm3GyHLdB2,2021-11-14 19:44:10
if8IrLnNQGejCzrEiVyPxj8aTvF2,2022-07-04 17:59:50
if8toWQ0lcTUNHMsKC9q1TfU4F52,2022-07-27 12:04:02
ifQlVKw30mWZVti0MBkrVv6XeLA2,2022-07-03 18:24:51
ifflEE53h8Yq2D8yY9z5E5sDRf72,2022-01-11 16:22:07
igUR76zkGEUz0tptCMZiErOUekm2,2022-07-20 05:43:12
igYMYqEkuoSZQImIeCvDTdzwthX2,2022-04-22 11:45:05
ihKXVUl75VhA5Ohwfd3bSTZBD9Z2,2022-02-26 16:51:34
ihO2kIsT0fb140C86zU5XEyPVMv1,2021-11-27 11:27:20
ihq1EOgVotYWSLS7z1Z7QHtE22v2,2022-04-24 03:32:44
iiAIlUUoJUV8QV23Vvag6aCzJnv2,2021-10-21 18:03:43
iiP75HSqfVdSw8kO1qmnbO4leKH3,2022-04-29 04:37:50
iiQr5FYxOFdVER1LFXwFqWBeGU33,2022-04-19 12:58:06
iiiHL3NJd9R8oIqw3Tpp6gvlpkc2,2022-02-27 18:16:16
ij2HMZWK4fctMxDfLoYNbWhc2Um1,2022-04-24 04:10:22
ijRnh5soQjh1U4PfzmRlErXoRDz1,2022-05-06 04:05:30
ijglC3M4l1VBGPa3hxUk7WLyqok2,2022-07-30 07:03:11
ikKnLFPZPzMDXCnhN725dyQIGIg1,2022-03-25 07:13:02
ikVFnqgZVwSFEdJEz4phU49MleA2,2022-04-30 11:02:01
ikXrqBMx8DYoTcCJYIOZqirL3B13,2021-10-16 00:47:08
il7gHKFxFQgiBXQseRvPGgaQZOo2,2022-03-09 12:37:45
il8kF9ilKlf84ZfE21lQA8z1sUc2,2021-12-01 08:48:28
ile1esp5GsZ6GT5iy8aFF2YZYZ63,2022-05-12 19:10:37
ilnaedgMg9cAm9hn8iwLIgcHY0o2,2021-10-19 17:05:50
imnvwVAAptVPAfMtgHwe6WSocIL2,2021-11-24 06:10:32
in1P3MwFAHXoEgynOhnMybhYNxw2,2022-05-30 01:33:56
inMxH1y7slNSMTPcU2HlKsVBRhU2,2022-05-14 10:33:59
infOtY1m7ogCRd7HslvwCN8aGzu2,2022-01-08 09:12:22
iniS73vRQzevBAhcok9VPBik3YJ2,2022-03-26 11:55:53
io5Lve5Z4Rd2GFMsYWRgsswmF5o2,2022-03-20 10:18:01
iocavIXAcqeh2XEdpb3OxEYVIVA2,2022-08-01 15:43:43
iofk6uxGMRZznbuXN9AT8APsRC83,2022-05-30 01:12:01
ioi0O3ROR2WodTP6FN1f7xOd9aQ2,2022-03-05 04:44:33
iomuI4WcCBSVBs1V8NqlRFUS5Mw2,2022-04-17 06:13:58
ioxrOgzAb4S8OjXytClsWpeZ0T33,2021-12-05 12:39:17
ip6zJPnJupYHIojxaR7DW0ZEYWa2,2022-03-29 16:25:13
ipBliWTZTHOqbCXnefm7ZQOV6vG2,2021-12-04 08:55:44
ipgrWIEIGAgpyEx0emH6XNK1LGG2,2021-12-11 13:04:19
ippl3lnIeWP5ahIxejk4TRFsc1w2,2022-02-10 21:22:59
iqE0zfG58Jca56O0FFZh6NWr4V13,2021-12-29 06:25:14
iqGkRA35YCWkP2JYPJSYQyozljv2,2021-11-12 22:59:25
iqLF0UD5TzZ1XyUdqhO08LzBNIU2,2021-11-15 18:47:56
irIgFM4tNYPxE0SuD4RFIK1x3qu2,2021-11-04 04:28:16
irXVsax6aqeWewYiT2c5aRv2Nzv1,2022-01-22 10:02:09
irqzvScWRTTtxoqymcoQUgEULHp2,2022-06-22 14:11:46
is9Cl6VmB2UyZNty29GSVMEztnk1,2022-03-27 07:39:27
issOvcqu5ESkJVzNG1ueRQGjWzG2,2021-12-14 15:42:22
it9KgWFbn0gLkAVYMIHdeuOTjbB2,2022-01-16 17:28:14
itTP9lEoTBSTdhnsEEPDzWQi5Jw1,2021-12-26 15:25:30
itd26Suke3e4DhIIGvTC7DBXF4Y2,2022-07-27 15:17:13
itebpylVPeZ63UrcKNbqX087k2S2,2022-04-15 15:37:34
itl6mhQRkoWFzsgl689bZYH8emI2,2021-11-07 01:51:57
itsKjTv4Z8fHDcbAP5h3iK2Ycdq1,2022-04-17 10:16:51
iuOOrtWe1lOW8QBnyrHLVpTTANA2,2022-03-06 19:31:43
iuUMGpqGtNNoH839XzDnwNNsPkQ2,2022-07-19 10:15:15
iuW2jZCAuYg2sdbV4lMgbQRpdTB2,2022-06-23 04:31:25
iua59NbLEUNl5pbcN2CgFPy6hty1,2022-01-06 11:20:41
iufvHkyYiNZwjJGIRW8V0mEDbs42,2022-04-06 00:46:08
iuksRSC5KGNuH7mChTTzxtM6qHz1,2022-03-11 12:06:08
iutjfXHMpSVnQ1yZhS8QKMDHljB2,2021-11-27 18:52:57
iv8nuo4FewUMIfPj6yGXjaJQLoX2,2021-12-22 14:28:38
ivNmfWCwCZbqMr4sMcEZukPY1KT2,2022-07-30 00:27:13
ivqvQlvnMzV8xqabWRgfGD6UXYc2,2022-05-27 14:27:21
iw0pVF5LvER2iWhmpSjLlNlvAGy2,2022-04-16 14:40:54
iwFoVajHoqfSF28kl4qlxi0cVAu1,2022-03-04 05:10:44
iwIzirn8bpP7YgEVYsCHqJZsYHY2,2022-05-01 19:25:44
iwNvojQIMwW4iynVbqKimFWA50z2,2022-04-22 04:31:36
iwXBTMb9lxTmz36QFrwvMnDASjh1,2022-07-18 01:23:29
iwbAsYxRaFOteFTCBYRinvqgPiQ2,2022-04-14 01:24:08
ix4vbmiI9LMkmMoUh3vRKLWyvJH2,2022-01-27 02:06:36
ixQczKG79zQ59eqBgRZG4gaK8GL2,2021-10-18 09:34:17
iy7O10pZqMYRm3rYMviD5aP2CR13,2021-11-29 23:54:43
iyGb4HtYcYORDbsozwseRxGSkIu1,2021-10-08 02:04:05
iyKhzKPNIlXThQ0SC03PM7yD8eI2,2021-11-26 05:28:22
iyLpSOrc1vgpWJbvwcg46pel3Ke2,2021-12-16 17:03:25
iyrLrHAzaIZSICo88qaKDWaVdoJ2,2022-05-08 06:07:42
izcvWPRGFIZ1ITrORKoR7ykmgiX2,2022-01-17 01:30:53
j059OlqIR3dF8aLzMntVRlRg8V72,2021-11-02 20:29:17
j0RUdpdskkWYRvaBoZRrRD74u8h2,2022-01-27 13:39:19
j0wf91VZXPXBHgCZJfH9YekiySH2,2022-04-17 02:33:20
j13f58rWTaaXIAMZJVsJ0MeRylz2,2022-01-07 11:49:33
j14uf4TmgXgkiYerxHaG5a8fBKE3,2021-11-08 13:28:13
j1M6ouQswVaEZSyjdBP3hBMqNwe2,2022-02-25 10:57:35
j1hLGcsPKXfzpQjJNFR7dv506ej1,2021-10-24 17:33:46
j1lqsaRDaIdWryxGtOvNqh9ciLv1,2022-06-06 07:09:19
j1sz2t3aOccxZvTWfKu6JOryfjg1,2022-03-07 05:33:46
j1t7aj83fiODwmGfLhJjlQisFMu2,2021-11-24 11:13:42
j27Uczi66NNADJ3Irliv6gw5KwF3,2022-01-31 16:40:33
j2AaRcNoSvZcWtDsAB5KEKuVSHB2,2021-12-10 14:53:34
j2CffhqrMBR39cQVRuxzpRVAgw63,2021-11-28 10:49:29
j2MOSUAJKDQON6skwVwOox85xYF3,2022-06-13 12:07:22
j2UUM0E0tNRGdmBF4BD316c2sb12,2021-12-12 11:51:31
j2aamPgBQkOpfEhKSvMrAriYgNq2,2022-05-01 08:25:59
j2z5VwruJUZAEvXLpzpUVU4MNRX2,2022-03-10 11:55:02
j34QW42kbYWROwdrie0G8EgsGyf1,2022-05-29 18:39:25
j39CUHSTOXRGYjCbzMjp9jR5JMk1,2022-04-10 08:34:43
j3klA63QXIOwlkMiKwHSpk0KIdI2,2021-12-23 00:26:03
j3t8cdpil6YMBYD8McTcPN5hNFP2,2021-12-26 19:53:38
j42HnjtEbthLES2NPAARulz3AmS2,2022-05-28 17:26:18
j42I65fNLiUhMRmFAk90El3Bvg82,2022-03-19 04:08:34
j4GP6oll9tPEMAY47G0DlVSuIe72,2022-03-05 19:41:34
j5TUCJCDbkTKXPOIwFEAjePM1I02,2021-12-07 13:29:12
j66tdAROKocL2bMrSCAU5bpwhN02,2022-07-27 05:30:09
j6DWe20qjnRmvWsEPmHx5Pv1HVh2,2022-07-14 09:39:31
j6Fh1quv8nQQYIBTBimcCjVQKuz2,2021-10-03 20:59:03
j6GdvQGQvbeN1PqHQWFM5OmE8me2,2022-01-21 18:08:46
j6uIRoted2bZ5sF1pBSCSp0A5kR2,2022-03-19 11:05:04
j7Ws0DyrBAgxJvCFNCeSGOSgRZN2,2022-03-08 15:55:23
j8pznNf72YcNT5p4a8jgvilJd6U2,2022-07-29 16:31:37
j8vY4fI0HuYDQ6Jp1X8beKrwiMj1,2022-03-26 14:07:45
j8yURUkCXrXP4DfbXeXo6rQsKW03,2021-10-08 13:48:42
j8yy1WTsTmPzhNI9qF29fUEkkc22,2022-03-31 00:19:43
j91x9l6OhzbeNG9C6fxopFSZeK72,2022-01-23 16:05:41
j99CGMMDUTZqTIoZrPyK3GCux6V2,2021-12-11 23:04:42
j9fCVslcAfgjbuCXg5Kqzi6knD22,2022-07-31 04:49:52
jAscV6Rs9kQ3TkfmBwAzQxitcmj2,2021-11-19 20:34:31
jB1mYniwgEQ0uD6suX45tjftS0M2,2022-04-27 05:12:42
jB4BQsIEDdR3jty2X5v4zd35fLW2,2022-06-27 11:03:22
jBG5MqHF6YXfRGXeDJuCZuIhcHa2,2022-04-13 16:57:52
jBTDlLecufWQFe6w3Ns1D4HOPYH3,2022-02-21 02:59:08
jBlnAM6g9LgeZHzQYchF310I3KD3,2022-06-08 07:52:40
jByVfRCTwuVG3PTjd0bpknzWy4s2,2022-03-18 05:52:39
jC6mmHMLguVSI7TdkKdYhGysw7u2,2022-05-24 17:34:51
jC9iVGKcpROEwoKJyTgCJTuKmGB3,2022-02-03 08:48:31
jCWw7d4moyfJfQUKXOyX6DyYvFn2,2022-07-03 20:33:23
jCorxvviJzOBam35BIrliw1IGcT2,2022-07-22 21:16:33
jCvu3piTTwU86ebe2dmwURqYgOj2,2022-03-17 08:16:42
jDMeQaVeAsTpDnxJqXBKSTRnv7z2,2022-05-20 04:20:38
jDNRFlOGn5ULD38QdgDZxbLQeeF3,2022-03-04 12:14:56
jDbRZ1MzYJeJDODcLFzxvcI0Dut1,2022-06-24 08:41:24
jDw4dT2Z44OXAWfsyvBFOXmI7Mr2,2021-10-20 03:22:32
jEH9nru4jFfnfd96PWVrkEtFSn92,2021-11-19 05:38:22
jEXouGIGJLaY3dmGjrN9JH3khV82,2022-05-30 21:25:35
jEckC5MojDPwCi17n0486oBlZW62,2022-06-01 01:25:16
jEf9xVDoXwTpKvVEPDfKmucPAxt2,2022-05-12 04:04:30
jEkW5ab4DKXa9AK4FVpURrMoOWH3,2021-10-17 09:52:06
jEssib429FW2l4GWxCg3m9G07jl1,2022-07-29 17:01:46
jFF2A56uXQOTfe5SqUhfRLnfeER2,2022-06-18 20:28:20
jFQ3MAhpq2ZcNkYLne3uGvtbaw53,2021-12-21 15:07:37
jFZlmfxWVzNBUIuB0e5dmxwzRQ82,2022-05-02 09:54:21
jFqKCw2PGvew8UHa0IqrNuzGuZ03,2022-07-30 04:19:02
jFrhZcn812b0VzGMEbI7N7cpNOH2,2022-02-16 21:21:15
jFylyOuGjGOk3LYw1GJQlli1Pt73,2022-05-06 18:11:29
jG6Sqd9hheYkMdMkGbLdjZR8QJH2,2022-02-28 04:56:02
jGEQWxIpnQguMSvAE9fjfo1dEVg1,2022-07-09 06:54:51
jGWWYVon4ybBjjnGl1QtkEm63Nh2,2022-06-07 04:12:36
jGrnbVg0vKgCQ7eYqaMH35MsKbt2,2022-05-20 16:54:26
jH6MKaDArOO5IakGKOYD67VtGzk2,2021-10-30 00:16:06
jHM4hLVf7DUQSyjc2LoaB4hxXdz2,2021-10-16 00:10:58
jHPISiAE4SgkKVtes5NAK7sgV0R2,2022-05-28 08:18:50
jHQPi9xtp4gKyPdi8LQeKamtKC12,2021-11-29 21:33:21
jHblhssuemg4nEfJrfXx04iYl9j1,2021-10-10 22:42:04
jHoav1QiRShtfmrfbU2dHC6P34y2,2022-03-08 11:20:01
jI6Az9n6TWTzVRgGb4ZCpsAApSJ3,2022-03-17 13:04:43
jIZOuNp9yvV1AJcJqvmD3930wxh1,2022-03-31 14:01:38
jIgTe1es9TfhEFL4XBAxQAyyfhc2,2022-03-28 20:30:25
jIrPDytZsVhBLEUKtzU8hbBX34H2,2022-03-08 02:22:53
jIzTWBZR7yUXKJ3KWecYdgr8FTB2,2022-07-28 23:24:46
jJ0vcR7NCncY5WvT8gTg5mJk5zB3,2022-03-31 03:26:03
jJITAyRFCfMyJINDzKzaZ881Ruz1,2022-05-15 15:19:56
jJY4L0Grv7ag5GFpohbyJUrYfB03,2022-05-29 08:54:38
jJZz5k8qK9XlIcK56hZbU79Q4hn2,2022-04-14 05:03:42
jJeGMzySzDR1y2izvD85h0dhiSZ2,2022-03-10 13:41:06
jJy4Oyr8ctZBJL9jy503yX2fvX82,2022-04-30 00:22:19
jKIut0dzXiM6OkNQWBEAmMWdedJ3,2022-03-25 08:16:56
jKOsbht4tAWf6xc2TNSJLsKMHAD2,2022-03-07 04:54:29
jKUMep4LW0dKCoAjYhRXmMYWe2J2,2022-07-31 15:48:16
jKaMRzBarbZZrDYsEwVtkieQMxk2,2022-04-30 15:19:58
jKl59hsHoeYy2lpk57MpueBd7mC3,2021-10-14 14:32:18
jKobg4JvIFcknu64o54dnLSmYn73,2022-04-30 14:55:26
jLB5cywOqtMMNRUfZbarRrYFa4A2,2021-11-03 16:04:00
jLCsUtBIdzSCDKlfctHhXjb5WCq1,2021-10-03 15:09:12
jLpmuvRdOSVPoIsgSqRxPb1njjA2,2022-04-11 10:18:11
jLq2KRn9aeSZXxjGtCZHBnyfX1X2,2022-07-28 18:46:56
jMHHJdDyq4RMsYBpmxhhZryctiP2,2022-02-01 08:25:14
jMu0ZUkrvJakCEOlrZIubXQaFho2,2022-06-01 02:52:33
jMz33jaA22NJN2YfxlBKWzsxdo13,2022-03-29 03:46:31
jN0ALnT69CUSISd2KxRIg0luKKH3,2022-01-16 01:07:41
jNRSUYxPhtMQwdv7XpGigdRwzV12,2022-05-22 06:44:44
jNXDyjEMDpQO3sd6AuXz3caJ91p2,2022-07-25 17:43:23
jNiruRGpAtgQqlPMgTwL8kohqa92,2022-07-20 11:52:44
jNmwQSmiEzUzf1BDrUU7Wtj6ypf2,2021-12-23 07:10:41
jNoqoruCv6T8z0g1OTNvWNfk5xE3,2022-04-24 08:31:36
jNqYbfdwYXdS51eVOrhwQfn2veu2,2021-10-02 05:33:23
jO4ocjArf9NR8PD24xyr67Z49wp2,2021-10-31 18:25:44
jOKP6oKMCiWiAf3mW09E2EbTVHW2,2021-10-22 21:12:11
jOcEFbCasURhJq0RERnKgs0WoVd2,2022-08-01 12:49:10
jOjb0d9QyHbd9ByLpHKKa45AOFJ2,2022-03-08 13:30:41
jP71YtKprAVhpzYKHUt3bMnRR8J2,2022-04-15 14:18:05
jPirsKRTCFYvH4AvOaW8vyjylUr1,2022-01-01 13:15:20
jQ2DWL9QqBTp7PgPvSiTaDGkXUK2,2021-10-17 18:54:02
jQ7mxuO2MIRdNhgabM61dqyPo3g2,2021-10-25 13:09:24
jQH4YH3vKDNQGnYUwCwHyz1uzfh2,2022-04-10 19:23:35
jQWx79ZXY5dv8JI3HPphesUjIps1,2022-03-25 08:41:51
jQhxghhOzuQNeD8JrTpUfQj2iaU2,2022-04-01 00:34:52
jQk54IIBIRPnmYiPQDe12ui7cE33,2021-12-23 09:59:59
jQnEGA6jUGh2BjyJyGccmmqbO892,2022-02-09 05:04:17
jQuSb7Nh4eUxywfKJIyzkcs4BwD3,2022-04-04 22:49:46
jQwDmEjAI6VgPhqPYqqdqywvQzH3,2022-03-29 08:33:49
jR3TqOW6ZeSfJsy8fPiSFkfns7h1,2022-05-11 14:27:53
jRAUS6DDupYmMB9a2HPuDepKtyn1,2022-04-21 06:58:33
jRJTX6i88BPLwUTepAnHDDE1Mex2,2021-12-22 10:40:29
jRYvSJdmcCS6kwlCMzmdYzIdtFu2,2022-04-30 06:55:33
jRsBJpUBAzahMkArSEafWRHP0M03,2022-03-22 04:37:03
jRvyjbcuRaYY2EFEl7LVG3QocBR2,2021-10-28 09:36:33
jSEywqcSLSdrq6BN3IcXZqbrm9E3,2021-11-28 17:18:39
jSKHr2agMTglfg65bXz8dLQR90V2,2022-01-21 21:31:30
jSPF4bf0XZNvgztVqIab2V5xS9U2,2022-02-10 13:42:32
jSTzPEy1Regx5pDafz9JrTJlr9v1,2022-07-03 03:25:51
jSpyFNjSOefr2RM38qU46nLsdmG2,2022-04-28 14:35:33
jSzVDliZFsNpl9TthWMzRaiJ5Iq2,2021-11-22 16:21:37
jTHoECJ0YZelRnBGR5SvdbE4z3x2,2022-01-09 08:25:30
jToszVFEM3ahHEogzO2XXgMX3Jk2,2022-05-25 14:45:20
jUAF5c5E3IcnPO1WuZzFi7CaROY2,2022-04-28 13:56:34
jUV1XvcxYERYdSVtmpBDTdRbfEE3,2022-03-04 08:26:09
jUgVLU6U9pcYNlqvP9n3MyysR2i2,2022-07-10 00:26:06
jUzhPeRR9PP1jdIncD7kqGyu9To1,2021-12-23 09:39:05
jV0z3loZuxUkUKqucH8DeNYGsTg1,2021-11-19 11:55:36
jV5lt7wjorTw6S6Yy3tgRQcAtdr2,2021-11-08 11:14:26
jVFQTu6OOjMTtvrtq8cFm6unt073,2022-06-14 04:14:52
jVIOBMAcRwQArTThZCvL4Fk2tHP2,2022-06-26 04:00:30
jVTIuQ9hBZc2V4wpJo2XcssZ8aB3,2022-04-22 23:21:00
jVbPtjxx3kfEa2ZyFucfPLgNnX63,2021-11-28 18:45:54
jWC2hMJPccSzas1Q0EnjvWDcnB03,2021-11-26 05:23:07
jWGz9Le2twM6BFOnbyIBcKCoJzV2,2022-04-15 18:06:21
jWP2Tvdkf2WGVDfqehI5o0VZtQ02,2022-04-01 06:09:50
jWkvcm7gNqRbGEQLJcbnLFcUGw02,2022-02-08 14:43:34
jWvzpCJvFMMg1ZoSe4KYoM6TZ592,2021-10-12 01:05:39
jX1zY86Q5EXtJasVrRGUM8n71Fw1,2021-10-12 22:08:19
jX6Ejcii1vS3nq3CbMXFmPlv8783,2022-05-04 07:45:24
jXTyTZtgkeOsuT0hMMhDS6gskeD2,2022-06-01 12:46:37
jXivTYuxHsbewp7aDLPaZVRwLUY2,2022-07-21 09:49:14
jXyVM7txcDXr7OvqgwTdLHVZW442,2022-04-24 07:06:11
jY11SiXrQwRD0Vbq7zmvRBjShaZ2,2022-03-30 02:09:48
jYqck8PGKbaWAwrZD69OcE2dpha2,2022-06-03 00:38:05
jZ7lzzMMOLMlq1QHCirwxpEJHA93,2021-10-23 19:16:43
jZNRG3h7ombUNYo317Tmu98U16w2,2021-11-28 13:47:08
jZQExegZxyRPAI8UAaZqZJ4uWWQ2,2021-11-30 02:30:48
jZdkn1nc6BcBwqrbIDxAEJn7i5a2,2022-01-19 05:14:18
jZu1FpBshbaPjNksKCnhQShfVeC3,2022-06-02 23:39:50
ja5UQP0k73Ud5d9p7bodd185qdf2,2022-05-06 14:39:03
jakAI9HRnNamE42z62R6m2ZNf2K2,2022-05-10 03:39:51
janXcIdDgZdcxSWXiZularSrrce2,2021-11-28 13:05:38
jb0qANjPgSbJAQpJE0MEcu2kAxL2,2021-12-31 06:21:43
jbYf1yqxTncCvYhEi9DHWwv5ewm2,2022-05-20 14:51:43
jbdSBAr4hreykrPvumV1RrwJsR63,2022-01-16 05:15:36
jbwHPNOARDZ6KIhAF4lgTHm7clA2,2022-02-19 11:19:10
jcSew71Wy5OGdCy47tYwPne3wHI2,2021-11-04 02:37:26
jckrNKrJZ2VpvPmmZKTTTYnvo5o1,2022-04-01 10:04:14
jdShkpJqT1YCXDPe6H2eMfGUdYc2,2022-05-09 17:30:01
jdoeSDIzZpc0jvSbtMWiwykymdu1,2021-11-19 17:17:03
jdqsrNSiu5SQcZCwEHUNZhyarkO2,2022-01-13 11:09:24
je7JaRFNfwO0tr48HwGw0NqPVGy1,2021-12-26 03:28:09
jfKUgF32KcckINPcKJwgKqQQAKE2,2022-02-07 20:20:28
jfTufOnRzid0CtBcJ6PSlzsC3Hv1,2022-07-20 23:34:46
jg8FvHmA2ZbmwjqGriUsgNv7ebw1,2022-05-25 08:27:59
jgJSMajB6Lgd2UquTJrE0izQ8yG2,2022-06-28 21:00:00
jgPYEoRDk5OwwvCvsvLkUXluD7w1,2022-03-13 20:31:59
jgQiHXgchNe0nPUejvGZ211NsAT2,2022-04-25 12:48:31
jhLW1Gsn0BaIhFQiANJ7FASnXB22,2021-10-07 14:56:20
jhrtrhZXdShN4kxfQgrIu8ppcOI3,2021-12-20 10:54:24
jiGivyc08UZgRZEglTQfVTskgiz2,2022-03-06 09:00:15
jiRxKi7FqvVXqF6erdUeBeqYnr43,2021-11-12 19:25:09
jiTkCMNzv1TdmHCJx54yqJS9Gag2,2021-12-09 16:08:31
jiYwU0FK6sRgVFNB3JjY8HjqIDA3,2021-11-04 05:22:54
jimGnjPixqgEhuYs8MB2Uhhxybh2,2021-11-14 02:18:56
jin0o8ouoAdl8LI1nT9oxHLLHMW2,2022-01-27 16:03:12
jip7NbSBP8bipO9TrPEElWqrD7i1,2022-03-05 09:06:24
jj8xzWujk0hm3ujYY1rHDeaumW33,2021-12-14 10:18:10
jjPSh7o3oCg1i9GSOITxmNXRGLv1,2022-04-04 12:22:31
jjjsAeRfElR3RyAm6s28sOwrXIC2,2022-02-19 03:39:00
jjuEYjguOiXMBAbVmwoJ0fHdNJj2,2021-12-24 19:05:05
jjyjwn06ZWMRf1UDJVR1t1qDWNs1,2022-04-06 04:28:47
jk4eTogwGiZQIpI3tx4agJ8p3Lc2,2022-01-09 09:39:09
jkALUmxFS5Zkal1rzAT4leZDdFg1,2022-05-17 07:59:16
jkNDHDmgXnRdIpyfTPO7OveVmt12,2022-06-02 05:02:41
jkZCzfHt2UMk3iMOfTehGIWps2x1,2022-04-17 02:07:55
jkmWhdXXQDeNPlYnmqpGVRYdtZS2,2022-04-24 16:58:17
jl6fxPjmq7PtgVcgCBWYpJAhxIb2,2022-03-05 09:35:12
jmNI4WtaElXJeIA9gEKZFStLpRs2,2022-03-05 08:26:32
jnJeAwdvqhWZdNtinVTsOPTprrA2,2021-11-30 00:42:00
jnQMkJbzWbf4BtsNwSw9IBbsxJS2,2021-11-02 07:02:37
jnu4DjpAQsdsxoF7dyaFI15GWz12,2022-04-30 20:17:28
jnuOhSbeJaXnynvBPyOHSpqfmiE2,2021-10-07 15:22:01
jnvPXhSZRnRDNXKQmxQf5s4dEmc2,2022-07-25 09:31:31
jnvSxka5fLbmflZgg0CqF2NjS2y1,2022-06-09 14:19:57
joEd4ewlW6O7UrN7mu5qKgjVAqm2,2022-04-10 18:41:01
joRD8iNJHEO7UzIsXU026iAoP5t2,2021-12-23 17:21:42
joXcTfSeXtesDVEqBIZpMhFG0Qn2,2022-03-09 09:55:36
jpHL7N8S0SMyjW82hBNFBNjD7nx1,2022-04-02 21:40:18
jpKu66IycrRmfYEp3a7OLulJ2cM2,2022-01-08 01:55:12
jpNuVEBAuuelcJ2GA3Jw9kdG3af1,2022-04-09 04:27:34
jpXH9Q6J4IbAbId84yAhwHa3c8b2,2022-01-11 19:45:20
jpYLwDSDAgXLTWzW6DuLfLhyObl1,2022-03-10 02:46:00
jpcyTSiAhcPzaPKw07Q3OLcgBAT2,2022-07-21 11:57:41
jpjHEGr4HyT9wc4b5a8r8HafxdH2,2021-10-22 13:24:13
jpmDvynDNRXr1EVcK1P7JfgzEi22,2021-12-18 12:03:34
jprQTkPFWGZ8ShWPx5pQjPGmJVz1,2022-03-14 18:07:42
jpval1RhzhYTKjFk46Wrk5lMGS32,2022-04-30 22:08:21
jqPFl8869phWF7hoUQCNPWYP6PU2,2022-04-02 16:12:04
jqXu1aLKmdfsVA8Jbq0q84xnRw12,2022-06-03 05:43:41
jqejzSbJb7N9u0erIRJnRlodCeC3,2022-07-06 09:05:42
jr4amcMMUYTGkk2KtDe1dxE9BFE2,2021-11-03 22:34:23
jrHplYadmlggqZ0pQ4XM5KGbF2k2,2022-03-20 07:28:58
jrrxDihBW4MpZ9IdAPs5oI8nYF62,2021-12-19 07:47:51
js8uaTMPd5My0lF2X72AJ1CVnGl1,2022-07-25 08:12:43
jsIjSbvxEJcHP4Z0OhlQTXo0SYi2,2022-06-28 11:39:10
jsS2Q84W4IZAYM5E4m9VOlZ37Cz1,2022-06-10 12:27:14
jsYxqbPlmfTFnZkfkBYaAhZFICG2,2022-02-06 13:38:53
jsf0WuzaqmO8WxR6gwkQqfFGpr32,2022-04-06 14:49:03
jt0FIn6isMWXlqDZAENpdbksWbT2,2022-04-10 11:17:47
jt9tf9UU9Sa7RrrqKsIWgOhczJH3,2022-04-20 06:08:55
jtAIyfig0gYfI6tmMOtan6p1WMw2,2022-02-26 05:36:28
jtKjow9Nx1cwJbFtZSdDYnwB1ZE2,2021-10-13 16:27:51
jtc0l7hFMpNimtQRvXO4cKmIJkS2,2022-04-30 15:37:31
jtfnBcWWIzdXEhYBldHpR9r1Ghn2,2022-04-19 14:27:12
jtmK7IrYuKhFXuB8dvzll8S0hnT2,2022-01-25 10:45:04
jtnvCFH7xnVV487qwtFaJzWqOHl1,2021-12-20 15:54:50
jtrTnSSK1VSyYWCUdTNAq56sVPO2,2022-03-11 13:33:59
jtv21hTiJoWxYYWuwQ9P3t4fvgk1,2022-05-15 11:04:15
juIZNBqaQWMPJxEyMxeQwJcN83W2,2022-05-24 20:28:21
juT9gLfGzRQclSi6Pr96Dr6oG0R2,2022-07-20 03:44:18
juc3FKd7j3YyeDKX2s6qzDRJoGn2,2022-03-04 01:42:21
juyRqVtdYGRglAgeYGgjy0wCPvh2,2022-07-06 22:19:25
jv2FMK43y1ds6fWsMsIE8QxI1Dj2,2022-03-16 05:07:00
jvmMdFRTGhaSI8jY2fHgoAtSMeJ3,2021-12-29 13:54:40
jwACEPqJ4DOv7F0biAqfcydUpYH2,2021-11-27 21:22:53
jwiAwHRboxSwdjmpAcX2h5Hux172,2022-01-16 16:10:12
jwoY44rQ6oXawzpqQW5QbLfYmkL2,2022-07-31 13:58:39
jx5dLIaELNNSp57IgEFsJkNOHUU2,2021-11-27 20:53:21
jx6aiHqcxvUlAet7YmaLmmEvoVt1,2022-06-15 09:55:35
jx7IM8optjhcTCoWGEETpKqMKcC2,2022-05-01 05:59:27
jx9lE6Z1CIPnbEVLLWIPD5WMo253,2021-12-16 18:32:24
jxJpGycawPalfGL5Htusbiv7vlr2,2022-04-17 11:37:59
jxbIM7d0eufgCfa4fL043BM4Fws2,2022-03-31 05:03:03
jxy6TJ6EP6ezfs96VlLn00HtQes1,2022-03-04 09:39:41
jy30S3o81NSlF4SJVSTsF8alDnD3,2022-04-30 16:20:40
jyKdXiHmtXZ2N3UBvpwwtlsPr2f1,2021-12-20 12:32:53
jyXy2dlBxDhX2RIcbDhv6wOHMfu1,2022-02-18 05:51:47
jyrzkn8ZPeNQTPzni6ob12zX3wn1,2022-04-12 17:51:43
jz9rV2OPdtSIW693fwafM7vidoE3,2021-11-06 20:02:39
jzClKpx5xVdEYISRyE9CqKElKYJ3,2022-01-26 10:02:29
jzVDeaOzLFX2zJNQssPkLOXZwSF3,2022-03-23 09:30:08
jzXvKGKVRCTVR9QCRZi5keWDjVh1,2022-06-16 03:34:03
jzhT5g5uiVP2zeJBs3NiLS0eEEV2,2022-01-29 05:04:38
jzrdaZcRevhLw7NeZ2WN6f4hrVj1,2022-04-30 03:14:35
k0A51TWlMzMxIob2aYv87iurqCf1,2021-11-02 01:54:29
k0M6A9RMiARWsNZI3AxWE2BeL7k2,2021-11-07 11:00:28
k0NlS1tDicOfggF7qWVMr8DSRUr2,2021-10-11 02:53:13
k0RtFmkeOSMaHhAV7E0NweqdjSH3,2022-05-11 22:36:50
k0SgcUo5JYfR3avrQPe0aGUw2ko1,2021-10-25 07:57:24
k0bfjXVkD4eIT56pxok1NXI3A2x1,2022-05-24 07:48:33
k0jWJH9RZ7MBFLqdF2SjsIjd3lz1,2021-12-16 07:16:40
k0nWUjo4vIax9sHjVSyX3u5EJdG3,2022-04-30 17:05:08
k1GyIJiZucZ4FhxvDr6DDX1p4ag2,2022-07-12 07:11:30
k1OOeGMILuVE7jD2S9aEpCupr1r1,2022-04-13 07:32:45
k1YLg1MJG4hpHMepU2PJs5KE0ST2,2021-12-12 15:08:48
k1k7LFBh19RzzefQYx6ZJXDv1hv1,2022-04-14 16:06:54
k1xwNw2QDFfX1LDXJqzwLc9KhyM2,2022-03-24 10:59:06
k243gNeKZUYIbnhZ3NaGzw7oftn1,2022-04-18 02:38:19
k2FKtkW0MBcQhFwxtsec8Ivd3Yx1,2021-11-03 13:50:41
k2MvPbnfmOgPObGZqgm8rYwyJiO2,2021-10-05 13:40:58
k2O7MgofbAYzxLafLs98lyKiM473,2022-06-12 21:31:43
k2XkH3p2b3MZs9XvNeWhR9vci4F3,2022-04-14 15:44:53
k2b89bpEtQcEs8Sh50TSgTGhhhj1,2022-02-18 07:11:36
k30obnHkZgcYk1Jy4yiLZpGg5qV2,2022-05-31 07:48:16
k34JsHb5QTRUFDWXyeLHUicW1op1,2021-12-18 14:05:51
k3PWIeobIMOarC8jKIJyqBtElVA3,2022-01-03 10:27:39
k3PkoPKufHUjXXq2YAgBcIOh12B3,2021-12-19 04:44:23
k3QIZTdsqzLiMhuAac7iWvAULz43,2022-07-25 19:39:03
k3VLdCVccGQGqTTNfSs1eQkdVRr1,2021-10-31 09:34:06
k3fdippU6BWR7mWd8THNjR30YXG2,2022-03-29 12:14:17
k4JjzoGyuaTdpIQoONIYmCR9YNq1,2022-02-02 00:44:54
k4UtAvuiu2QilRhCsl0LJSAlzBA3,2022-03-24 23:19:16
k4mE3LNQPteeWDyHPBxBTBU5WIg2,2022-01-31 13:26:59
k4sX5ATScbgiNiODuAqilHNvMoZ2,2022-02-13 21:07:59
k4z0DBC4rcUUW6urd2TlgTvaHK42,2022-04-06 05:23:08
k54SfWYmx8ftAuxVhtzpBSos4t42,2022-07-29 17:26:42
k5DPd2vlc7a6RhWoMa6ZE5qYNZT2,2022-04-19 09:51:46
k5McpCPF1mMeJCIEterDt8S2por2,2022-02-21 12:18:31
k5UHFP614pYseltkEZLyzMY6Nkn2,2021-12-25 18:19:55
k5Y63uCeGkgPMr9MxZrFfHCfr3N2,2021-12-27 13:20:29
k5lD4BgjENaGpuwL3RQdnofc5fn2,2021-12-13 18:20:46
k5oew3rL1EUGwhP1gIsh3UFoP9m1,2021-11-03 15:33:25
k60dO3HuftaldMwvJ8NZmRK1DJt2,2021-10-04 18:14:53
k66O1yDyIqXWzIn80o3cPvOlnnA2,2022-04-23 11:08:27
k6KgfgsvLugeuIHBIouJCTZ1EUD3,2022-03-13 20:15:18
k7ZZ6gytxmMsObgqPnDg4AJCK5x1,2022-01-06 00:58:27
k7gnV9UILdPmtvJrMBLCw73uIDh1,2022-01-31 11:52:47
k7m6KiA3dWfqbcn38KOntBVW8883,2022-07-30 17:52:40
k8eOXqzMGJRXdJ9XO8KOrTSdjkz1,2022-05-24 23:11:27
k9B4e99xpiRTUKZBEMiejG1uKJE2,2022-02-20 19:35:45
k9CTJg3yhydWqbxmm41jOByeYe42,2022-01-28 13:50:55
k9GDN2dy9PPIOruWqxYag9NBXFE2,2022-01-29 19:32:44
k9JjesuCOQeJTiIo1r6cpx3Tcn32,2022-03-02 11:27:42
k9RaLDO2imbnd0W778T2UWFvkdO2,2022-03-23 18:13:28
kA0SuH87CRPTVtfca9SAEQd2yEt1,2021-12-17 08:48:05
kA32PeXqductu1i5wzxoq4IkwW12,2021-12-05 23:53:20
kA86NktTlZW780hjqaRDkwm3N6d2,2022-04-15 13:15:35
kAApHQeAmhNN4bBmRxnXcbIunNz1,2022-04-24 15:58:29
kACUMxM4YTMV9rj72MUWcOGdeWD3,2021-12-26 09:00:58
kAKwkmAE8maiLEZofcb3raZpVyr1,2022-02-09 11:15:13
kAdmsTTwChT1FRlwyc4bEZcMAw62,2021-10-18 17:13:39
kAjtUijeKfWORKZd51dLX6CaGuA3,2022-05-02 10:15:51
kBLI7v9QkBcPAqpPy9AWxcKYXNw1,2022-06-22 11:31:23
kBSMhLNYBeZq8fUlYiFqnyuxrqk1,2022-05-29 09:43:39
kBiXRTScfHh9NX6n8cC3wFwqTX63,2022-03-17 11:20:03
kBkMNRDp62PewRmk9pVjcTfoylR2,2022-04-03 17:28:45
kBml2nnOUaRcJFqpzjzSTxaKhHR2,2022-01-04 12:48:51
kBqzQHDi4XgKUTjiwIBh2PNwdIA3,2021-10-03 06:52:15
kBxIFiqI9ITwo9X605UOyXV7Fbz2,2022-03-11 08:43:49
kCDN7aodAcTHJK6gYzrucyQzzaf2,2021-10-24 11:57:13
kCEIOf42tVROccK2ePcWbORisq03,2021-11-01 22:57:01
kD1LGoNnx2bvp81aPYyrVeX1aRB3,2021-11-17 10:30:12
kD68IGfWoYRIBsiMa91qpCQ4EfA3,2022-02-05 17:25:36
kD6FHhHuiWhMYt4ShdXOdcux9ih1,2022-06-14 11:03:35
kE2BMkmINkT7G0IGzYDIkJj5uet1,2022-04-17 13:32:45
kEXvR7of0KTVtRDQTIFXmTgIK4C2,2021-12-06 20:44:25
kEZb3jlZAEf1nkr6n5k9kUasbcp2,2022-06-03 06:07:28
kEd3WrTfOjOAi50OAwqKK1Q81Ms2,2022-05-29 05:12:02
kEp42xPmmyMWbRIr4prjhuZWwwo1,2021-10-10 01:52:00
kErRpeQWvkYVc4nJjLfZQeVSAQg2,2022-03-09 15:05:32
kF2CuwIZpxOZCOORJKBMYm1Yu862,2022-06-07 21:48:59
kF3j2pVp83PfCPRLHhyFfgvwxjv1,2021-11-26 06:18:48
kF70zIsSImbcYWq366dYLsQfFf53,2022-01-25 15:40:50
kFEU9n4RTXfR0GQT9pqk9kn3KYv2,2022-07-03 16:47:23
kFOA9ZDhHfWGmCHhezoUWvvNuwd2,2022-01-17 00:19:19
kFiCQNXcxSP4LSUC32M1ZKvsdAF2,2022-02-12 08:51:45
kFl8Um8Q25Z8aDrM6ZNw6NA9N8x2,2021-11-30 12:47:32
kFw3BrrZptRPNhHI4k8FSgCRFz63,2022-04-03 17:43:38
kFyUrcCqlphwXEix6hHUzSrelqj2,2022-04-17 12:56:46
kGFonGO4rWXCqeTXsH4bpXWDnll1,2021-11-15 15:52:19
kGG7ekDCQjUWR3odG8EAdhDQAfL2,2022-03-15 00:03:12
kGY7ISZ3XDVaGksm3SawSxnFCgD3,2022-04-18 18:05:20
kGfD9EmX8JOIiAskbRGcT19GERV2,2022-05-10 09:35:17
kGmgBlWpHSXL61MQUrmh3LwAqlK2,2021-10-21 08:03:52
kH2QNoSRlwPKLlPd6sVGKioQuUf2,2022-05-02 03:24:23
kHqyjXCnJ4XVY3dHOIvEaU9u4tk1,2022-06-18 09:08:33
kHvNd9CPk5RdApQMPewIdYJECkJ2,2022-05-30 20:58:31
kHvVWakgxXdES8SxrSvlEjOsP7J2,2021-10-19 06:36:15
kI8YHOLgTdWbCZqmmsN0V0J9GPf2,2022-03-23 07:54:06
kIR3yiHekFhKAGtmFhBMywOzO8j1,2021-12-12 14:11:22
kIgoSS0gMTfpMsyny9c1BHQCZWB3,2022-05-03 22:38:30
kIvq3y67UdVnsQZc4hUv5SzBxaM2,2022-05-17 06:36:32
kJ2i14a7rTgSchNxL7GljJgANeX2,2022-06-04 09:29:06
kJ3WmbhASGUFbAGrD3EQPho9fSr2,2022-05-31 22:47:52
kJ72DVC4nUUGzk8pNr6VN432epz2,2021-11-21 07:22:53
kJVJBu3Hv3d5faIaDXBBG3qqem92,2021-11-20 20:32:40
kJvnBb31gHS6mVJM2lFdNe2FErl2,2022-03-06 10:09:54
kKLh3eUVJeQa6DHW5Ee4NQDoiP93,2021-10-31 10:35:56
kKSxLxshCfPjyUl5V7swBBxbV0X2,2021-11-13 14:38:14
kKmXij7cM4eg4bKFQ4IOLQjsCY53,2022-04-19 19:53:37
kKqNksIzHxd1wnBZbvPi2Zzaf9Y2,2022-01-07 06:22:34
kLE52zUKtZhJC0BG2vVkQMYNGl03,2022-04-20 14:26:21
kLJIMZsImPTtyQnyTxR1UAwKFDs2,2022-04-22 03:02:55
kLRKystofdgCl1Lp1pOE8N5s7Wp1,2022-03-19 07:44:07
kLWEisFo8gcOsF2ZkgmnM2B8TlJ2,2022-04-05 17:51:28
kLgbxAGMFVQGu2XgoVLcXq9H2Xk2,2022-06-12 16:01:13
kLkpfq0nvzOByCxukaGKy9PS6Em1,2022-04-05 17:57:27
kLltXZLmjMSsDJV9HtxpQtniYak1,2022-02-03 02:43:57
kLqMapzN1MdFOeEoqfmltr9lT9k2,2022-06-19 00:29:09
kLqmFmTDksZuqtfe4sXFwROe3yy1,2022-02-14 13:38:33
kLuGWN3zDMZals8kEsis7dekFG32,2021-11-18 21:15:26
kM3p5A8FVRRL1T0iL5on5oyj8Ou2,2021-11-27 03:44:35
kMMcF2YL1vP6PbiopHxjwaoYPmh2,2022-05-13 00:03:44
kMU4wSvOwPdvKFUZD7QK4rVSdAl2,2022-03-28 15:13:38
kMbeYqD89aUbbePnOHGlYTA50d83,2022-06-24 14:32:13
kMtWfkv52tcUVahKMo6E8hMybF82,2022-06-11 19:24:58
kNLerVD1s1RT52YxyjTuLc9cUF33,2022-04-04 20:32:27
kNbQebSRvHesnlGvOlzOZNaZ8au2,2022-07-01 05:00:56
kNgpUFGjEGOwezsld67vKkYuJWh1,2022-04-13 06:47:42
kNx4aebmpLXaWH3KyANuZwWrGW43,2022-07-21 01:51:06
kOD62dYdhocTRKvVwwWEzCN7IHt1,2021-10-07 10:47:52
kOK8ayZlB6enIPvoomGVCsO4KCr1,2021-11-26 20:10:29
kOLjfsNwteZJg4UfMJCmHljAnBz1,2022-01-13 21:22:01
kOc17ZmFQGQofuPNn7bAxZ8VMpT2,2022-03-26 00:07:30
kOizAKKvVdZWBM5l3GmTEM8PLHs1,2021-11-25 01:42:32
kOuJGklpgeefkOzvDlRbUhhyd883,2022-05-13 08:40:36
kOxEfzHKKyVMbe3CUOWiLIX7kjJ2,2022-03-10 23:59:34
kOzehLloLCSfMVzYjjwb7HNFwWB3,2022-02-27 01:49:01
kP5iMnQWq6RWpkdyCG9yDqMxsF52,2022-06-12 20:31:49
kPHpm4EVjbXmZsFIMEec9LIJ0Qd2,2022-07-28 03:28:55
kPqjGfJnFlgHRbtmL8W4ngpdAzJ2,2022-06-14 14:36:37
kPqplidCE0fl5LboLCPYotlSMzy1,2022-01-13 04:17:10
kQ5wXSmJBQUeKl0ZuGMXpDrWMbg1,2022-04-17 01:54:30
kQ6yBBEpeugtXCGFD1v5Wb26ZWA3,2022-06-30 06:00:49
kQFUcosmN6SkwaPCvbbr3AgxDfB3,2021-12-12 13:21:20
kQrj9GLX2Dd0loiNup7BsvEhMy33,2022-04-06 18:50:32
kRQgZ3cNBQhufNSRqUV1b1T3tRs1,2022-04-17 13:44:37
kRfZD1YXXcdIEqbHu9lTxHA5Z8a2,2022-05-07 09:41:40
kRuDFhwzpeOZkEemA7y3y7OXKKH3,2022-07-11 12:34:10
kRwJuFwlbocK5AR42k1NOLXfMbq1,2022-04-05 22:08:37
kSS2hMW79LUqETE5Nlm5o9jWLN43,2021-10-06 10:20:42
kSiYlKXQp0eDJuS1du7m7TE54L52,2022-06-21 14:13:25
kSsv8WqYdQanguFKeMewvkRxyum1,2022-06-17 07:02:17
kSuw4cJSV7YbgfAR5YSKeuhq4MT2,2022-04-20 12:07:37
kSxpV8JxKbX0zS8WnXLRyUvIqyX2,2022-02-12 19:18:20
kTGMMtLf97TKzL4ehrmQ0oLTLRr2,2022-04-17 06:22:52
kThKvutMUKakpNMqzdLzs7ayJIE2,2022-02-27 11:35:44
kTubMEgswGM7nov41rYiqC6inJu2,2021-10-11 06:54:28
kTwNZBS1qpMwEb2HbXRvFz3YWbA2,2022-01-14 02:27:52
kU21rzpotOcI0In17tmINaOcOcP2,2022-03-19 08:47:37
kUfeTa900QdsYKFEFkKmpdJ1qRJ2,2022-05-12 21:10:39
kUfi46K4QGcPvARqwZIyRqVqpV42,2022-04-20 17:23:49
kUuf2l8xUDQme5JgDwPe1tneRVd2,2021-10-06 05:09:39
kUwibKtmhsgM6R1FmBXa4rjEWZ32,2022-06-06 10:28:39
kVHX7lCOTJRsrfF2aEEAQ33QC0u1,2021-10-24 16:03:12
kVOtXDxHMzN8NvKLFMvLmbSM5JA2,2022-04-03 10:08:22
kVUdME6xklTI6DZkRArfnb6BNoT2,2022-06-06 08:45:28
kWN48j7PwuRCRANPTys46v2GxLH2,2022-04-04 08:53:28
kWcPc3crw4Ss3FjkcGOcZmXoeXz1,2022-03-26 18:26:34
kWmFGfPm9eRoET0DgsKAn4DFyV72,2022-07-28 15:51:01
kWpEGVrKjVhZMfFILT49mRbR4fP2,2021-11-21 14:41:24
kX8be0HC1qVCPED03YXy91dqLUF2,2022-04-24 09:00:34
kXX1LUHmEkOoe4Lzge3bg0bU0up2,2021-12-22 15:46:02
kXsEbbWWHOddcHLDkwI4l8VdPVl1,2022-04-23 01:22:22
kXw8tUfs4SdLbUfPYXPZl8cvADf2,2021-10-10 04:40:04
kY8wJdrFzNdmnbvt9jh9iyEh4fA2,2022-04-30 14:13:59
kYBG61o1f3ez1opGG91u12LbUuu1,2022-07-25 12:44:44
kYEbJE38VPWhfkWqHPWPQpq9mrw1,2022-03-08 12:41:56
kYG9x64IZwQ0d8rczMeiv62kAJp2,2022-04-28 06:35:41
kYOu4lgZ83WamfeFaJSgJXP15sc2,2022-02-14 07:56:29
kYnDUtdIDqfVnsJ1qrcLvPjJdKa2,2022-05-03 01:20:19
kYuyfSwrw3Z0mOb2tKgUFJlaiAq1,2021-10-16 01:21:57
kZkDalnbzabnVQvqclrTqynoe6R2,2022-07-06 03:51:11
kab8HPFwp2hpr32u7LNyVi0yiHC2,2021-10-14 17:03:50
kb5DYeAiQ2XOKUdSVnd8Ze8z39J3,2022-05-07 14:52:05
kbUBP9vPh3ZiOkQBR0foRKW0EIG3,2022-05-27 05:48:43
kbl0IrReCNQKVq0EH5LsqWC6XUf2,2022-05-01 10:31:11
kbtyd6r5iJR8ZNnUSp3o3NKhuHJ2,2022-06-04 23:19:54
kbvD96HqHaYovws7wwRJ83huqyN2,2022-05-11 22:18:21
kcL5zg5PEJVyGlQaiQq5WewhN7Q2,2022-06-28 08:58:49
kcLZhegADhhiTJSaVcJsMr8QFiq2,2021-11-18 13:06:52
kcMo4ILrKaMs2uWTW7lJhiGLoJf2,2022-06-22 14:32:15
kcSnvtnfw0PvugiX5w3B8LQKhTk1,2021-10-18 20:01:12
kcUaNU9RYGY3j2RlEUqC5PGoeJl2,2022-01-24 20:11:58
kcebDb3q2uX6brZgPFCFgiLv56q1,2022-05-10 17:07:52
kcjwF9fYBthmGDHJj5IukbE7IhE3,2021-11-08 18:20:33
kct5vK371Kd5vVnLXhpUpTWgZTG3,2022-03-21 05:27:38
kctpBYaUmVXMwr2y5N8whls4rfy2,2022-05-11 18:33:13
kczL5gCIPBTYiLZSUXs8n819pg53,2022-04-17 10:46:13
kdMyO2FI26bs1sTwmLi7CgO66nO2,2022-03-26 15:11:43
kdsrKuMoykbs5fe12mX0MyjY5BA2,2021-10-08 18:11:12
ke70HlwskKUWzRcj3rVEPqxEyuD3,2022-02-14 21:42:02
ke89mJMFK0Wxy9rGMjvvpV0QRlp1,2022-04-17 15:15:26
kePUgK33SYcBJm0atXNSyZfQrMG2,2022-01-20 19:21:35
keioNachWdeNKErWPDEHVDBb7BW2,2021-12-12 21:10:09
keoldA9yOvh6bGzY083MHhs2ioH3,2022-07-26 13:21:45
kepOc4pP6EguUnBTrtC1chDy7B22,2021-10-25 11:38:01
kerrJGj6yHfqL9PyweGDDL0or0s2,2022-04-29 03:32:58
kfkbaAgg4fSGJfAPtMMU2SUbtGD2,2022-06-05 22:13:55
kgLC5TtVlkcBhKKDmupZEVaKUt63,2022-01-08 11:15:00
kgYy3Zx2A7gjCt8pQuUPDKFCHlR2,2021-10-27 21:43:43
kgmOpA0mMHb6IyrNAnHHJE1H6eu1,2022-04-01 20:46:24
kh9gktwHJnfAukaZdZ7Lcwg2Ocj2,2021-11-12 15:48:48
khG3Zxgv6CUoIE5i3sonBJad33c2,2021-12-20 09:52:27
khW3D33xzHNDXqaju3SHr8T6bdM2,2021-12-17 14:24:47
khhRPK3z8zWTM4HZQNFuTbGgTRF3,2022-06-22 19:43:56
kiOJbJnas9hcUCCE9hStxxM2v4k1,2022-05-06 03:50:44
kiTRPA3ibxPGl2sBeAfTfrTWXzC3,2022-06-05 06:49:11
kiipB9cKDaRTY4nANYeS7mMrbaX2,2021-10-10 11:43:54
kj0h1pBh59XhymCm87X5IUp8rME2,2022-05-29 08:57:25
kj1IEPQPPISemLHzt1G8jvpIDQp1,2022-03-10 17:53:33
kj9IW55UwOahODBXx2Nq0lxesjn1,2022-03-18 09:00:15
kjSVZcPU1RhWwIx0wdjtfi0PYYA3,2022-05-17 00:56:54
kk7v0R28o9ZkTN5C8Em25gcuv4W2,2021-11-17 03:05:04
kkZtWVykAxgYrWb6QVzpGCtLHLh2,2022-06-07 04:46:27
kkp9C84jnAN6worHm9W3Drg221J2,2022-04-28 16:29:54
kld4Xp2yMRXZcsRSfmOpMa9g9zo1,2022-05-17 06:58:39
klex0CADFNZjlHF2Zgk9j5mgB992,2021-10-01 22:49:31
klmgwViIFfW7ieV5u5CTYLa359X2,2021-10-24 11:45:37
km5k7GN5aXNzYfSsRzNzYipGZW13,2022-02-01 01:15:10
kmGbUP9MfaQZeURkI5qwJP6uX6O2,2022-01-16 05:42:36
kmQC9XqgiPeeSRGKkL182n9txFh1,2022-04-17 08:18:10
kmQmAKrin4cz2VHwhoQKfDQ9pYR2,2022-04-19 01:26:22
kmRv8ypIiDeRdOJWBX7PRN2LSC12,2022-05-28 22:37:53
kmaM1Q80q7T9J6nXi57bCEhFKJ92,2021-12-24 06:23:25
kmcG0p2M21ep3bmldw2KRV5ZSQs1,2021-10-15 11:50:50
kmr3as0YvXX5xxUJxwfFYD5fv5C3,2021-10-29 10:29:41
knWD0Nv3wkPu4nWx4tCgSf2OV4s2,2022-06-25 12:07:36
kni8bCDj5kg6VuoHXz4GKmKqUyj2,2022-04-23 14:47:38
koYyhHhZFbdKmSkNU9CMpmbWHs43,2022-04-03 23:03:14
kogLbhgC7obIjz64bAgzAEClEGt1,2022-07-24 02:45:01
kogk3ykAFeb2i4yF6JkUtUZHcGE2,2022-07-24 09:59:15
kotIYiO6qOY4CIiFNdDSV8ZLgeD2,2022-07-15 16:47:52
kovdm8e8pagUcCAZEOmgEG6KAMK2,2022-02-11 04:31:05
kpBFauroymekWhhQoTexfGxMujU2,2021-11-10 15:09:22
kpEIJsK17mWm94aHagdfJ8qLZYy1,2022-04-19 13:36:04
kpKtG0YAPbQOO94WdVy66ZLIZ3K2,2022-06-18 01:36:38
kpZ8F8VEsUeyrhraxPGIiB7yNyv2,2022-04-29 08:31:29
kqPUmEaBcrgBrXF3mbwqgzX5uhA3,2021-10-28 15:54:35
kqdEwxbR2ChhT0K83jEumPpBLRU2,2021-12-24 00:07:20
kql2xv6axih06NhBqA6lmFpWck63,2022-07-25 09:51:14
kqobgqCYjnfHWyeVUsbBbWHZe6a2,2021-12-31 06:59:30
kqtQleNT0mdYSkZDe4X07yhrzjX2,2022-04-01 12:31:43
krGDR77UD9WUQDzpALTtauiMV8U2,2022-04-12 20:32:31
krOT2MjRWUUhth78HYfAJo0NuBZ2,2021-12-09 01:10:26
krOwRXTvKOOQGuCauFKF2kTqFl82,2021-10-27 11:02:00
krOzz5epGMfqyFntNSwx80rF0iw2,2022-04-28 03:40:01
krV0vWEBEXcIu1U7s0hHAPoKmPq2,2022-06-15 13:15:37
krWyxst4P9NTkfpylrLpf1LWyLp2,2021-12-31 07:57:34
kriuQKBiS9R5VsTidIig5l4niUG3,2022-06-02 09:14:55
krqYhlKFsFcNQdjDzd0VlXhjPIh2,2022-04-21 09:55:37
ks1O4Kl5g6bq9Eb1Z87OhKtqH0B3,2022-03-09 12:10:33
ks2Z8zwAWVa0NDeiEaQORxNQJB03,2022-04-08 08:52:55
ks8riZq0LKXyZ7H3LEQJqcV0gZl2,2021-10-25 18:48:36
ksEekNgVbfh95qYA6aRzOAcvJAb2,2022-06-19 14:03:29
ksvfF2k132hvGtLnfuPBYEy9VPH3,2022-03-04 14:38:19
ksw9UQGelOaqQ58ITMnNL2kGN2v1,2022-07-17 03:48:05
ktAnEQBSlUddHDXepsdameawu8B2,2021-11-23 10:11:26
ktROqkjButWebYrCJpD62qUKtsw2,2022-03-21 11:18:50
ktV7sKoDwlX6XS60umwUS8eWnGB3,2022-01-21 10:58:24
ktoQaa7CbuPdqzsPdHDgOPYPNMN2,2022-02-16 08:13:13
ku1OPRjBM3dELqGClUnVRLsnznq2,2022-01-01 20:09:59
kuEKwxHEtgfOH013YTtvTCoCzej1,2022-04-26 11:17:49
kvyMePmCZTe4HdAKOXK2pO7MDwm1,2021-12-30 10:38:53
kwrnvgETj3U8iopECIdT3nXayJm1,2022-01-17 19:11:29
kwspWMUxlQcIwBe1iqjuUEtrn4z1,2022-07-26 15:11:28
kwwXIVKGPEQ6yj93bba3vn7UGcf2,2021-10-10 06:48:54
kx6K6UwwggdV2P2CAkfotREPQzW2,2022-05-25 10:17:37
kxVkyLqCUydPAZKOyFrCXTJwDGE2,2022-03-17 21:27:52
ky3hf7EMI0RTgzXzvsLL2BrsEEJ3,2022-03-13 09:09:54
ky7a9RVatWWDPF8anjnM0cEcvxJ2,2022-06-12 10:44:52
kyYrPEiqNfdtOrdyNJ5MnbGeIMM2,2022-04-19 03:52:42
kz9RtZWlrFMh9l87mM2lbVlii823,2022-01-29 04:22:44
kzCeMgr6rdZcYWPbfM7zbGSp87w2,2021-11-05 10:24:42
kzE0Oki8VcaKB2SiPV9MO17LZFy2,2022-03-19 12:22:39
kzL4D1pRi0arlTnUMhxoJdUORG83,2022-04-19 04:22:02
kzN3SLLMaQZMTE3XKtTD3nifhsb2,2022-04-15 19:58:00
kzVXqshcRDXThqSl1zyz5pALiZW2,2022-06-15 03:27:34
kzprqu0pSZVZSBoCFGF2CSe8tmB2,2021-10-15 16:41:34
l0B1lGpT8mh2qD869DzNJ8lTpbl2,2022-03-30 06:21:24
l0PlOjCdlPgQS8sXD5TyW2YJE393,2022-04-15 16:18:04
l0WIldFFRJbDLpEAoVDHasHEF763,2022-02-24 05:13:07
l0kaIniHtcQ23YBzgqkUIpVxAiq1,2022-03-26 07:52:26
l0qOVOfoAtMRLizvoiEqSx0LsEw1,2022-03-13 04:39:29
l13kvT0MUoYeExgM3HZDpnwrKKq2,2022-05-29 20:16:23
l18TlaAWlKfRhsDHDYIW0qRAZBn2,2022-07-14 00:37:01
l1fBHdic2ZWuUwINmS53cnX9l9p2,2022-06-23 18:52:57
l1ji6Zi1gQZn3igvA25pZPOaFqs2,2022-04-16 17:42:18
l25aN3Sfp8gANefUeo34sVUx3TF2,2021-11-03 12:41:19
l2CJKtFjfaaOVsT8eesY0gLvv1k1,2022-03-31 03:29:16
l2gLTHz6EFXk4kL0PdS4TUVSwjh2,2022-01-17 01:03:42
l2i8aTarqCVj97tLX8lgUuhh05x1,2022-04-13 19:22:56
l2yQWn5gyTdyiK3OZmWNBCfF4ev1,2022-05-01 10:58:08
l30QwQGturXgFQ8ZzjPO66qgWPW2,2022-01-08 11:24:04
l3qnM2bVsrZwwDU2QqODUe9yjWI3,2022-04-15 01:17:38
l3ulImVqshSMS7vzzQ73fLEDTyB2,2021-12-01 17:19:15
l41Z8Ku0teYYkiOh6cQG4trzFG62,2022-01-22 14:41:46
l47X3tRfbbO6gi8opsqwQS7UtaV2,2022-04-20 04:13:53
l4DYPWw5jOWMZLiwGTY1jXv8C0B3,2021-12-22 18:38:01
l4Qeky70dqgtAPvKcK2LqJo4Oxu1,2021-12-20 18:45:08
l4zvwEreEbQMDmvMJvCG8SzPgu02,2022-02-13 01:32:28
l53jlOPoFEQx9TfJ8UkYftSsI3u1,2022-05-28 22:51:17
l5IKU3eyFZgVUiOEYc90trgWwzJ3,2022-02-15 05:16:21
l5NeKBUNI6StCxWzjxsfPLR43eS2,2022-04-13 08:14:49
l5Sx9SDHufU3oGE0KSgN6PWZG4J3,2022-01-08 03:03:33
l5crqrFQr7Ofr94iDSoHYqYYhEg1,2022-06-02 03:44:52
l5lubaSkJXZRZHbfuRiYr6eT9Gq1,2021-10-16 15:38:41
l5mrDQ3BP9PLHJIRaN4MFu2px1B2,2021-11-02 20:36:18
l6JtR5z8A4agdEtaY3AfqypvpsH3,2022-05-25 02:56:36
l6QMVEoq83Xvt1tzsukGJp6ti7W2,2021-12-17 01:20:13
l6cSuPgerwUqqZQS7QDqNihdzNh1,2022-07-19 15:39:10
l6gyQvnXgySJ0kULMEdyqG7Xv5M2,2022-07-29 07:10:50
l73Z8t6ZZFOwwZTUFpspb2a1FBp1,2022-04-23 14:46:42
l7HYJB0AT8U30ZOPfTyjjUDTAVo1,2022-03-08 11:22:58
l7QdBfjRRfbHLWKQjETt1An3BF82,2022-03-30 03:21:44
l7RJLzaf34MkcHLT43TJAX7M1p53,2021-10-15 03:46:57
l7hvPY3hXjU5uhBBGb8rVIGcx2B3,2022-05-29 06:14:00
l8E3ITaJjyTfcOq8p5rsLhy0ra33,2022-01-21 13:19:44
l8XItHmSRrfrYx0qbZRHBcJRqny2,2021-12-27 14:09:33
l8Z4VWQHYpf2ZQ5cv5YjrFIuMPY2,2021-10-08 10:41:14
l8pDqCSIF9ZIauiYb5NoJFbFn2d2,2022-07-12 18:28:31
l9MpTDS9AFQuTYi9GnlGVTUIFY22,2022-04-05 11:21:22
l9OOMo4qH3QOINy7AaOJtsu75862,2022-05-10 04:01:31
l9ayPdZO4ybfd3aHMsZ2sOqx5Bv1,2022-06-29 10:06:57
l9eQMUT6HkS7CDLUxN8fs4ztq8S2,2022-05-08 05:32:00
lA9hf4wZwAMGhmkFqESym2OFWa82,2021-11-23 23:49:44
lAHnyKO2xmMLgxcoOi6U8sXNnU63,2022-04-08 11:18:02
lAgVMuhUEEX3TG4Ffu3EdNyzwvA3,2022-03-23 08:19:17
lAhM9WJIZteD1bblosVhsApCbEz2,2022-05-07 12:57:54
lBpZiFcAaUd4FrOxBogge70nZeN2,2021-11-27 02:52:26
lCBKEFwS32MWXfp6KbWaOUBa59l2,2022-05-24 08:20:27
lCGw3ryA89Xdsu30ZcDbbf4ULq92,2022-07-13 13:55:57
lCQcYW4JXee0qZFr4K9wvQGFf4S2,2022-02-16 13:00:34
lCSXw0QwZwUBr3tjuhVcWav4vMw1,2022-05-30 22:39:18
lDHXnpJwYfYkBi1FyYetQpD8H6c2,2022-04-17 16:30:46
lDnqIL9WpEhEg8RssDoKQ1OYWLa2,2022-03-13 20:14:26
lDzEBX0ZebQxVYmwGt5fTiNQIiq2,2022-06-25 07:17:33
lEDQDOcscVdDLbE4XBTHLtkA3gB2,2022-04-05 11:04:33
lEEyhyzjJpWqu9y8gwPul5BJSCz2,2022-04-15 17:07:32
lEUHI1mnNUgzkyFMce66w9IcAP82,2022-06-28 22:58:00
lEVQ1WJNfBcO5TgHXT1Rf4XRIFA3,2022-06-12 09:45:30
lFWecdQZTSa1ubEF8k6HWePD4C73,2022-04-01 03:28:44
lFY4JvKGnMPLCyp1A3w3rMLjIsn2,2022-04-14 04:08:33
lGT957o0g4bXYDGWyV4GZZxVxhI3,2021-10-27 04:43:32
lGU2zm3T8vOSZyuZxv0iycSb4Ds2,2022-06-17 01:56:45
lGUPCW0Yt4bj01lDf6SFA2IZdvC3,2022-05-28 04:34:04
lGVfXMvf5HPkKJSoABQT9VhQpKy2,2022-05-09 09:47:28
lGXsRNVPp2bSybUYuhmQxmburxB2,2022-06-03 03:46:07
lH91qlVyQoSpbdU4OvRl0JmckbJ3,2021-12-15 03:01:01
lHS2VZC6JaRSm18YuVhEGPV2HUA2,2022-01-23 20:17:26
lHZ6PrhvhBctagYTlxr9MrK582g1,2021-10-19 17:26:46
lHZVWLHLWyTv7wlYY0bjPCWm2vz2,2022-05-08 09:44:22
lHkaR1gyNJUMyhUNJoUdxB4kfz13,2022-03-23 21:28:05
lJVj3eFwAzckxqPNaUpUzaXe93J2,2022-04-22 13:03:53
lJYvjkcCPVd9XBZgYuBJb9sBtBw1,2022-07-27 16:48:17
lK5UuDgHHJOVQ5MzoYl8Cdg3uXG2,2022-03-04 21:08:14
lK8gbR2wq8WqUStcoGytT31ZqL32,2022-05-27 07:06:18
lKBVA5TYl0hHbEu7PypJllqOCH53,2022-03-18 22:45:27
lKSLI1lQgAP4XioCrcW47epueCN2,2022-05-23 15:33:37
lKhKXKUnSoVDGEKazleB5N8og5A3,2022-01-22 18:26:20
lKrBsLd8RnRBwd3H7rZMk7tJXWl2,2022-04-01 05:58:29
lL8KxSzIRRWMtKn4RkSHi1OLkpT2,2022-01-01 13:32:08
lMHZxihERkgfLDCNsjRrRKNiDXa2,2022-03-14 03:32:33
lMOouqynSFgywRG3Av6swSsiX5h1,2022-02-19 12:15:01
lMdIA0niO5dD5I4Tnh0OTnWIxPu1,2022-05-26 03:07:57
lMiXW4e22qZhNSqBYxDGG2nMeek1,2022-02-20 20:30:58
lMk4OfG9MaT8CzR58COEK2vyv2w2,2021-12-02 07:54:06
lNFLybvCL6apEEzjHv6aTfUIEfw2,2022-07-23 18:37:14
lNJEGQ8gxHZ2cerNoeKKyWRt2OS2,2022-06-02 01:29:09
lNPl2uZXWMSkI1In6P5U07rhaip2,2021-10-27 00:22:03
lNWqOqoOqMRmRriny95x9LanYLx1,2022-03-02 12:13:13
lOgJANeAjZdhp2qqk9qi4qpCWZh2,2022-05-31 22:07:08
lPQdmnm79WYWKVHRQtZVHvKoqEJ2,2022-03-25 23:26:37
lPewrsOY5oYYujaiw2lFgVMEi4O2,2021-12-06 09:56:07
lQ0KAOTfsTNWxzVsX0mvpk1GRJp2,2022-03-25 19:05:52
lQ9HrSKMr9TRfo5YS0vyb5pv6rs2,2022-05-15 01:33:49
lQCg9phjvlg5kvKhP8ZGl2h0pqn2,2021-12-15 20:07:25
lQFE0Rw8urWKEiTU8lPFgnApiB63,2022-06-03 05:29:32
lQOmvNEDfCZRxyYZTZ5mYAbK6WL2,2022-06-14 04:48:44
lQbd1UGYzzNz8vEBORkhF4jiNmH3,2022-04-19 02:05:07
lQc1PhY0BAgqImM32yG6YncVQFA3,2022-04-22 16:00:23
lQfyDpc3zqVJIy5qqLTut8VSixW2,2022-02-19 05:25:00
lR7yvPY5rBT1FI64H5rjBrag1U92,2022-03-20 00:07:00
lRYBxMtjyhffjtF96eec5ABDG2F3,2022-07-17 01:00:21
lRoHxbTfPiOE5DQmXpMuhXbbGwa2,2022-04-28 19:49:20
lRuzyixCM1NVkUoGGnAZjyufuQW2,2021-11-10 05:36:14
lSI8IRLHcBafE9AtRfBjtKno7Jl1,2022-03-17 13:39:25
lSOer5YV7UO2UyeHfMINkSj3HXP2,2022-06-11 15:26:35
lSmD3a6YDtcG7YtteG3OP4Uqmuz2,2022-04-23 03:17:15
lSuIXXgZUdavXJ62k99mARjxTjF3,2022-03-23 10:31:40
lTJ3BQRsmxYTWQsAX3unFfdSU6D2,2022-04-23 03:11:14
lTYKQlCkvqVGx0Zu6g5V3aMSHAf1,2022-07-05 15:54:05
lThvk7qzn6hy8UJii8lzkI8FkEr1,2022-05-09 06:05:43
lTnmXTl8fxgGNwImADjVklHbYy42,2022-04-17 07:10:20
lTuM1r0iaoPAnU6ybtyGRF8HrQ43,2022-04-18 12:59:09
lTxVgBukwtdA9fMmbK7yhzL84W13,2022-05-08 23:21:56
lTxv2yOPbRQm0BSkJIFmTU0tkOF3,2021-10-28 18:13:10
lU62IoBu2aWXC3G7AtRQphBVVl92,2021-10-15 05:08:56
lUHqefyD3WXGCHIC3x5v0KZjiiV2,2022-02-15 14:17:23
lUJSO70yx3gZhioLI5zcDBt68j73,2022-07-19 13:57:41
lUVJ3smIqkdJJQwo7aNySSlMN7R2,2022-07-07 01:01:07
lUXzhqoPQvcu11LF9XR0WjuCcDt2,2022-01-28 13:15:31
lUc1gWIJnxd9g7FaIA5G0eNHuMs1,2022-05-28 00:04:02
lV556AXKE3W1jsSFfa30Ree9PGW2,2022-04-28 15:18:55
lVEu0NI00wWm7IsaDqUkFWTpaBO2,2022-04-28 10:28:42
lVJojyURafVxBoIEzj3fQPrRoO63,2022-02-14 09:35:52
lViwQfZhtaUfRufZ5b6ee7FA1fC3,2022-04-19 14:22:59
lVvFK0mHsefPoi9ViGZO3wF5Ny62,2021-11-21 00:50:02
lW0xri6TmHPb1zWz5KiirjuLrlj1,2022-04-22 00:59:33
lW5yuzriUNMdsfiaT5EntKb9oy23,2022-04-07 13:49:46
lWA2iVW0BuhNFV13DUg7P8S9Q1u1,2022-06-17 23:42:24
lWQJFZKI2BQqAYGOOZeEdrsEZU43,2022-04-16 10:53:33
lWX9RnPD04ggVOyqKWrIHLWYT3D2,2022-02-03 14:16:46
lWlA8sxVbCPKlWilk2EIACc5e0i2,2021-11-21 04:52:29
lWm5AbF2F4X1OIcjcdWPOz2Yo4p1,2022-03-28 15:48:57
lWuUcUbXJDMnp0PwQlSwr4NkLLC2,2022-04-16 23:05:16
lXcsVvCT6SVVNtxy0uvtnFhnMZp1,2022-01-20 16:21:06
lXqrLuvZaAYZqlYhnnKolKS7diC2,2022-05-28 12:55:30
lY4tl9cfWdRuhewQJkTxsB54vov2,2022-05-28 02:59:33
lYCCvSWc8Pe2yZ6a61pcRQmDYXq1,2022-04-29 14:10:29
lYE6YYKqJdXgL0NSvaquv2xpBY33,2022-05-29 11:43:43
lYTdxUALAThWPHVa05nJcrfHETI2,2021-11-22 14:43:56
lYdA2XPwlhWTNzXMaZndr9ZLbig2,2022-04-03 12:58:21
lZ61WXATkFUscM7yggahRFj0aY13,2022-05-01 01:38:32
lZ7KGM0Fy9Z658HrxmBftUKmit33,2022-01-11 13:23:11
lZ9Zh3dLeAa5Qg1yjbDDR6zAi612,2021-10-27 08:47:16
lZBblSmUzKaZ8isTKjdWKAo9Tvj2,2022-04-02 23:41:21
lZRriCtZYORv4ncgCLDtU2cjXWk2,2022-04-22 15:45:34
lZSYXGW3wZWwmOSGkm1nnvTBJ8V2,2022-03-18 00:14:29
lZXPVqj7Mvb6KQuLOpRgmEcGF2e2,2022-02-10 00:02:18
laS4JE3yURSDUmdkT77qCjvudM22,2022-05-25 17:44:40
lajDWCUFZHTKRfOCxT5YnXd5ynJ2,2022-03-28 17:17:00
lasK5SfOnQZ4JiQd1290iH9FAI82,2021-10-27 17:05:40
lb9fvenQUkNHi8OZaxLy8FWD5HF3,2021-12-13 12:14:36
lbBK9foPT9amazfL5IntbYNZbYo1,2022-05-26 11:30:32
lbT9M9HoleZd5zSg8iRiwgehgD32,2022-01-10 18:04:16
lbbTPf1etwVXvCKbhtpMUHncCoF3,2022-02-26 10:59:18
lc30L54Q1wMDJyCso7bgsLQztAm2,2022-04-06 14:31:25
lc32SPS8q5ZKQiCfmiPbhR5vb6o1,2022-02-03 05:40:42
lcJTkJ09NfTwyJgUwpefw1YiHrL2,2022-03-06 01:25:44
lcLTEgcxiQdGTdxQ5dg0YmZ6mxw1,2021-12-13 23:10:15
ldAMnpOucbf80ct5s9JtM1aAe3F2,2022-04-11 11:24:33
ldBm0hw7XgeUXGVUyBYNHh6rR4J3,2022-07-11 12:33:42
ldNDogf2HJVbsMcPxtfgBHyKdIN2,2022-03-30 02:10:20
ldkMsUf1eAfF40MuQRg3m2Jbzvu1,2022-03-14 13:21:14
ldnO1E9Hf4YZbLcle35ezCfIrFo1,2021-10-28 19:45:41
ldxHxAt0xCcT2jlAleRG3T3kGoo2,2022-04-06 09:25:43
le63Zo7VwrddQaOZ0URei1uiZTw2,2022-03-02 09:33:13
leEhIS2iWeUfY0CmfcdQ1l4AvXm2,2021-11-20 05:08:56
leJcNjp1msTbe7GUqhFfCBuLVbm1,2021-11-18 17:35:43
lellMFJD3YT3jd4xWPSeVC1yrVC2,2022-02-05 11:55:42
lfONBFH2QMPCDOml4F5i85Ntfkf2,2021-12-02 23:09:37
lfeV1CEX4iO9QuZo8xsAy7GgJcA2,2021-12-23 06:10:30
lfs4eiCCY6M15fm5Nc4q90WElfR2,2022-07-04 17:15:00
lftr80bZKHhvS2X22vRyGDK0xxz2,2022-05-26 04:20:41
lgEH3TMThCRtWrIQy406rNb6WPE3,2022-04-29 23:46:19
lgGnLO2LESZCpriqqXpMIK9GMFc2,2022-07-15 07:44:29
lh9SFxIbcsfrsTorAMlnznpGJw92,2022-01-12 14:02:15
lhMhXXEWwjWGvT0L8Z9uiZ5ew2h1,2022-04-16 09:48:45
lhSSXT2jqwUq5anHGysbdqt50LD2,2022-04-05 22:14:24
lhe43KF39XOOlmHtH8hDmowrwz93,2021-11-25 14:20:41
lhzTGPlLOWbSJvZKS2YnExmrRe22,2022-05-20 11:26:48
liIWH0iKo3V4zyCzIxvOqLrKh0N2,2022-04-20 00:17:57
liZaWVjsFZNt4cZmR21kXkNyfgy1,2021-11-14 02:28:15
lizKqZJbPWVHvuyHcKMl6Jxao663,2022-07-25 03:50:17
ljuzMPY3wAOQe9NiOal1nn51Bxz1,2022-05-23 15:00:43
lk7dNwNHlzWD1HJBFCz19I31v583,2022-06-27 17:39:26
lkIC0mcHTlRfr5Je1beRH4W4W5j2,2022-02-28 18:46:23
lkYaAdWqDXYPojfg4wqt2JX7O2J2,2022-05-13 11:24:29
lkkx4nsXJKTgTZBha5SbxHM6xYE2,2022-03-29 17:07:59
ll0cWz4lygZgLh0KJQ3NVPYrEjt1,2021-10-22 17:55:36
llirA4au4IM3qNGMV0GjS40X66t1,2022-05-21 14:43:55
lmFkr6fCKLUkjsIoVYZyHdZXELS2,2021-12-18 09:58:49
lmIKlxupmSRGhRrGtve47nltvdG3,2022-03-21 11:18:51
lmIhik1qKwOyWzO7yFNlKKrGA8e2,2022-04-17 23:47:49
lmkoRkYtAuNyusSwmGoa6RHNox92,2022-02-02 06:03:54
lmv0R48ZmpctXHevfDxKj4mgnhD2,2022-06-22 20:12:20
lnRmA4Fi9JOhH0sWWm1GOylLPr92,2021-11-24 05:00:09
lndyjnQd7gZNrEQj20BZ4wIxJcf2,2022-04-11 07:09:55
lnkxCtHXeafu3WtmcrciZKZVowb2,2022-03-27 19:32:17
lns1kvJC5mNq7hGpBclDCPGGjYp2,2022-04-12 18:08:23
loqQU8Un2gNLdgH7Q4VDXi2IyLO2,2022-07-10 15:06:11
lpIlesPHcgVOvd4y7uZ7hannPpo2,2022-03-21 11:23:50
lpRf0TZhGXakRt32d1DeiZXfQNG2,2022-03-03 14:03:08
lpmCEwhzHWhktZowuwaRcqwYmPT2,2022-04-08 02:49:25
lqMxdeV8ceSWVnCvvbff6N89fGh1,2022-03-17 21:45:04
lqZVH50R1SaC2Vf67Gs8lIc2Rav2,2022-05-21 20:26:02
lqc6my0hVURTdiG2f5WV7Q7mpjC2,2021-10-08 03:54:10
lqgdanEhMyYEC7RoG7jxXenMRb23,2021-12-28 05:58:04
lqtjm4IoKSMJmGv3CQ7mLeQFlTu2,2022-07-19 23:25:38
lrLCe5fZCMablVCaIGc3Nt2hae63,2022-04-06 00:23:51
lrPU055x1PW71Me2A03ePzZQ5D03,2022-04-19 14:53:30
lsIZnojHoxY3EzegCo0XR52gtKF2,2022-04-09 06:54:09
lsKGoxpmU2a6YD09Dba2ZgJ8RWO2,2021-12-03 04:14:40
lsOydZ4NTBN2WUkHF2cD1xSozA43,2022-03-26 18:12:35
lsdyeSh8uWXqJ0c87eTrP71B1Ft1,2022-03-29 09:50:04
lsiK6mBS0lURuiYxahVy8jbS4uP2,2022-03-12 00:27:48
lsrAkjjwEraDGKOSbmQjZe86GUv1,2021-12-28 16:37:38
lt50eZFHd7QYbNKWIhmZYoJ3s9G2,2022-07-01 11:12:22
lt5BrMKldJd3vqynf6LF98DHAAq1,2022-04-23 11:27:22
ltJK1bndGhaH6gmkrDb6jHdIQQz1,2022-01-27 11:17:59
ltPOzVnA6Xbz5PkdJeM40cxpC3D3,2022-04-29 03:57:25
lul9uPMBccMNJO5Oc1nQ8Hhykgk2,2021-10-08 19:19:55
lup68zmx5VSbGHa2WS1YcEa0lJm2,2022-04-21 06:03:36
luwh19z7BRbMMDqCAOZa6ccLLeo2,2021-12-11 02:56:17
lv5fR9iKSDeoe8w18ugQ3AbQLej2,2022-02-01 10:47:33
lv78G33YqPXWvGHJ0YIjwROnoUH3,2022-02-20 22:38:43
lvF1kpf94QM8uHgmT57HzumHj4l1,2022-03-05 04:28:45
lvNN24uzYdZQ27IQoyh7boUyox13,2022-07-30 15:24:20
lvoZvy3PT0MItPwx7oA8POc06QW2,2021-12-02 16:53:05
lvyLhAezgDRoWfvrGpouJXU9lIn1,2022-06-06 00:31:43
lw26qnNiJxPwINjUowkX8VsqEjn1,2022-05-19 19:16:18
lwG56mxcMzZbeJSm4yUvcFRVmNC2,2021-11-07 08:56:40
lwV9M4XTOId5bxfO4taqGo6E3Id2,2021-12-20 20:16:27
lwtv78QYmzW5QfLpIobjLdstiWO2,2022-05-29 10:43:47
lx5svk7s82TNYf0icdN6tcDTfht1,2022-05-11 06:45:16
lxCaGtb2N7Xu9P8IOFv0rSwuZ2r2,2022-08-01 09:31:20
lxQ5szrcVFZchWR7MOgqti0ecO22,2021-10-17 19:32:45
lxTB1p0lQgUoLbqhai8VGGXkTJk2,2022-01-20 07:45:48
lxWqfHe6HIhmCGMBYgtP4NTV6z42,2022-07-05 14:20:32
lxhGggpy9TY2hmWTtG6B3xZe9db2,2021-11-08 08:32:02
lxqPm7epnpQat7GnybLb3tivjAs1,2021-11-23 16:10:29
lxtLr6WZ8AVGbMeeZNfwJD8HHkH3,2022-05-01 03:33:09
lxwcAxZv2zeP7iYZCcYeTdzBCB13,2022-03-12 09:44:39
lxxbDlrJvDg5Rlnzr7Z4kLRSf8j1,2021-12-04 14:20:09
ly2yZB1WVvZbwp6x73PrGn7UjTS2,2021-10-29 11:58:11
lyXq77jQQ7ULHphOm1byrQ6mqCC3,2022-05-30 13:41:45
lyqklHOZVaVEqlBFqMaMdlsMZdE2,2022-01-28 01:49:37
lz1GVHMkdWfczhmwndoPNPKD6ZV2,2021-10-24 17:13:31
lz3Vd9ilZJbCKmy29UmTBoYMA7m1,2022-04-24 08:17:41
lzRVGMa1p6NMElcUK8uaa5Y7YTg2,2022-03-15 13:49:00
lzmaEq67PsddWn59aqvAndOhKou1,2022-01-23 19:33:11
m0gce5kWOfUPuM1X9zTIJ3t4Mdh1,2022-03-15 09:53:59
m15T4Ny818RoIwEzZ88ZNIwK2Nk1,2022-01-02 20:51:14
m1BKiddsv5fiDLkOCnbbFqXQmqs2,2021-11-26 01:44:50
m1ELuAFUz7PaZ56fKz9wkTRiUnP2,2022-05-23 12:52:04
m1GLoWI9P6NudCXCFW8qv4qK6723,2022-03-17 22:21:25
m1IyrIv230Rxd1VM9mHLaRxLGD93,2022-08-01 07:42:05
m1L5PivgH5TBgVeelDQW4kSjmw03,2022-01-07 13:30:17
m1RCHcrQieS0BBdmUAKxKhhQdI52,2022-07-12 16:31:30
m1S9EZRv34NTHazCvG5k6A0BREx1,2022-05-28 12:00:23
m1nXA5eSktW9aH2AMSYS7WyRfGA3,2022-03-06 02:53:05
m21jWSxVRadpDSQwXsNNEHkfeix1,2022-06-24 12:06:11
m2MESbKrw3hHpEvJs6LWcj9ikwq2,2022-06-06 20:38:44
m2VHxRumYEahMGpDEqF2keEDf8g1,2022-07-28 19:28:52
m2bJ9aFe5PXMFaYxxDp7n3fT6Cs1,2022-02-28 17:05:25
m2kgOCxOWndmgv0E8WYnAM9FUy82,2022-05-16 07:18:01
m2nkCIpW5XVeONAHuBHxersjEHs1,2021-11-14 08:24:45
m2r2UxTZImYkczfkmfTfVARP08F3,2021-12-09 02:40:41
m2tRuAF8thdALi0QIawqFXk7FDv2,2022-01-07 08:04:10
m3J2A6VA1AYFJeS5ylop8w9BujR2,2022-03-08 08:08:27
m3ZANHfbSFhkPW6q96eJTqbX03u2,2022-04-07 12:32:25
m4ImN4Wtsna4mwWmN1Xh546WANy1,2022-04-25 08:18:42
m4Se6u8KM3ZwOkINodWmpdxAlCt2,2022-07-12 16:41:27
m54cd4xcxSfan6H2YC6tLxhqZGm1,2022-03-15 17:40:52
m5MWNMFHW2blUbFT3iFc3WlupGW2,2022-05-02 12:32:07
m5ZRpHkEFMNfvJwRw1OVwgnxNjK2,2022-05-28 14:20:12
m5lrM7zgwQZwHe429mMwJ8xPq6B3,2022-02-26 00:30:29
m6FOsGdZJPR6jhFUN1uA0jYu6Ht1,2022-05-04 03:29:50
m6I9qH5ATkZHB3vD7OePbEAMgRi2,2022-04-19 15:38:47
m6TN8jfPdIWbZK2tre5ynPEQvGk2,2022-07-14 11:53:06
m6jhm35tC1ThQ9nEib28sHoOXs12,2022-07-07 10:09:42
m7G2Ra6Z8AZjLMJ5xRmAYY6NbHp1,2022-01-14 02:42:33
m7ITnKfLdzVumgWwuTzBWmDBOw43,2022-03-13 10:54:19
m7YpmhQDiEb3OmpY5KPxVKzLMyB3,2022-05-20 19:16:26
m8Xt62piYHX965nX8wEKUesW79Z2,2021-12-27 00:21:11
m8bxbKkPelN00u2VU7KiDgF0DZs1,2022-03-09 03:57:51
m93wfnyjZKalGlGrSSubDtQms5H2,2022-02-23 14:37:36
m94qz44uNFVCm4cbO5Zp2uGApo92,2021-10-23 01:20:59
m9ELztRkWIQyXi4HssMVXAktSmD3,2022-05-18 05:15:34
m9dimpm7r4XxjvoFVdoMfbZTaHf2,2022-04-24 11:12:56
m9eOQ0HU6BYNZ3GbTImy5M8y15W2,2021-11-20 14:49:13
m9iOQAxoU3dQhwlnFY2A0toNQrb2,2022-01-10 02:48:19
m9mwZLD2r1OkNawGoO74Aq6Mhks2,2022-07-22 12:17:54
mA3C7ArhjPRSLVenXReYh9TXiHg2,2021-11-13 08:22:53
mAVfYjf7EeVSKsENxsEax8f7jeX2,2022-04-14 15:44:23
mAbdhVtqe3OzUdveQANQqb06SJs1,2022-03-13 18:31:55
mAkk8GBdmpbhfayGaGLmVj7trYq1,2022-03-23 07:31:51
mAvEAa1vV3dR2B6JRT7mMAHcArq2,2022-07-28 16:50:57
mB3JvYLzaMSuI7TIdsVJHpGOeEQ2,2022-03-27 07:02:54
mBXP7vQikfRXnzxE48emWfnWIKn1,2021-11-10 17:01:54
mCGEtP6gjcRtJ74aNP0D8Y68L982,2022-05-10 18:53:30
mCXbGJmM3bbgoH8Dq3LcL9lW30n1,2022-04-14 06:46:03
mCn65oCGPFQ5yM1h2wm8N0SyWW52,2022-01-15 13:28:49
mD5p2TycR0UzK39ESftQxgVGRd92,2022-04-20 12:12:26
mFATruqqBqcI1twwSaF6MTitATA2,2022-07-13 21:12:22
mFUaxbrEU5TRopegWOetDVYvUZR2,2022-03-07 10:24:28
mFfMq5ylhxU54pvw46ppHVDwIpI3,2022-02-02 17:10:34
mFnkOm2d0haayTvivodknWxFvda2,2022-01-29 15:46:54
mFnnSv9ejnPzXG3eK0ADYBIsyNA3,2021-10-04 03:39:21
mG1bqubnlJWGwyJQGZrsX9gfKyv2,2021-11-10 06:24:17
mG2qb7fAY4NYZJdqu4uAmh5C4Qn1,2021-10-08 22:50:03
mG3kAxz8ssee856D8QDPY0GE7683,2022-06-05 14:14:25
mGHYEIwsSLW2Epeiog7vixnucLE2,2022-06-12 01:43:01
mGjNPUQzGVfcAmjqyqqH46GPSxX2,2022-04-11 06:09:53
mGwoxOva5UOzxafqcJqOm0iPjEh1,2022-02-12 04:40:47
mH3Q7NW104Vp5Vqqs2O86mFaNwY2,2022-04-19 09:08:24
mH7x26mllebg2WgEaStgQtbmhuG3,2022-02-27 00:06:52
mHChQLHo6BPyhjAVRcJxPaEhBM43,2021-10-19 16:27:28
mHOMCuCZcvQTbwDlouWV8aabprn2,2022-03-17 10:35:24
mHZIWNQTrMffL25NTSMTAHtbVhu1,2022-04-23 21:34:17
mHbyDtE9tFP9Nw2DQELemt9Lpal1,2022-05-15 12:39:06
mHeXABn7CwQr9qj2TEI8KhUr5ny2,2022-01-19 20:22:31
mHiN2Oq9sVTnKlNPN8HZ8L2SOOt2,2022-06-17 06:27:16
mI6BR0sYoMNIi0BgtCEHxUaZDVr2,2022-05-27 14:00:19
mIRBTLnuvjORcEOxs1cEyBesvk32,2021-12-23 07:02:06
mIezOvR28yOTCLvtPl0gJAVdFuV2,2021-12-31 02:34:56
mJ2myueYG6fQGjCj7NzyV7HS0eW2,2022-04-04 10:23:00
mJ6mU2qB9vWzRfkDSoq1c8OKrza2,2022-06-05 08:30:18
mJUEjWqo0heXTSOAkFhUUhktvg83,2021-10-29 06:53:31
mJVAs679uZb1wYkLYg6t2KtMFdN2,2022-07-06 06:01:25
mJbnKAndtScgDXfmEFnP4fDru152,2022-07-29 10:25:24
mJfYcKfCOWPawIvUjadgw1UuZ9M2,2022-06-10 18:39:01
mJi9Fm1npHXLCQli1dITEe9grLI3,2022-04-19 18:25:57
mJxLyufijhbNT8yPLNyBBINWKHD2,2021-12-05 08:41:38
mKW8FBxgjfO3bGgNWxtgovHcEUh1,2021-10-06 09:37:10
mLL2mEZ4EoSK1dQPZo5jYdFYhje2,2022-05-16 20:40:17
mLLDERwUH8gP3GB0MCSnSmfvqsV2,2022-07-06 16:18:10
mLLscgommoaN2szK4z2dlUOflHo1,2022-04-08 12:26:03
mLuGMZpQF7Y3Q4GlmQLuabtuQqz1,2022-02-28 20:19:32
mMhdEjZ3rYfZw8XMAAVLHChkBAl2,2021-10-11 23:08:33
mN4jNiFOx6c1hkXqWfEsU4ebPxr2,2022-07-22 10:12:03
mNRpKBvIe4OwBHSmWp4Vb07KtQN2,2022-02-25 12:46:14
mNuQwmYT1NfxIjRWLANyTQxGYYB3,2021-11-15 09:49:08
mORJ2qMoKHQ9HeDtfz3VzlnEkWt2,2021-12-17 08:16:30
mOoJDe7AU7QzJwyd6ucKo6e6VUB3,2022-07-29 05:59:29
mOruUeIrKIhhgrndCbAwvl4fweb2,2022-02-24 15:49:00
mPBp7QTDmCP6eC0L59NXoNEvAxW2,2021-12-20 14:34:11
mPlSKqzHc4P0jeWnCXyPL7EnSE03,2022-01-17 20:01:26
mPrIPCVjQvWRcPbfPzOiv4rFkkQ2,2021-11-21 02:51:01
mPssqRJAiHfnBIC2qVi1eUnBWzl2,2022-06-18 14:11:47
mQ6yqIpFU6ZJ9o6i4hqFXhuIVFI3,2021-10-05 01:04:06
mQK5R7IZubO9N9UMbUYw1cU1unr2,2022-01-28 19:06:40
mQXSLKlgmNabZvTovoWguRPnyKm1,2022-07-04 01:13:40
mQXplJstV2S0cwG2HWpjlc6mTIh1,2022-04-16 17:17:13
mQlZbP9XDDYxZrbmAzSZwb7qNxt2,2021-12-24 12:21:32
mQvIfWt5mYQBi3jqpYB62DcRTzF2,2022-04-07 14:29:06
mRJ8DIfX9ESo2kkcbhUveh6J3Zj1,2022-07-18 16:26:06
mRJigyvY0qbNeIAIAOA9PP89t9Y2,2022-06-29 05:38:03
mRW41rkj7KO305ik2we5VkWydq03,2022-03-18 11:56:40
mRt7xRC7J7d6kvtHzFBBJcEeoIA3,2022-04-16 00:28:06
mSPmKYzgbJh7z3LegYSXFsotTnR2,2022-03-19 18:51:55
mSZDzA6ADBaUo20A3aHeaDlfG7P2,2022-03-20 03:13:10
mSm1aoqIOqQ7dfSoUxRhdtEhdaN2,2022-06-28 13:44:47
mSrayRKKRmQ2pwipZjxtxzKqDzY2,2022-03-11 12:32:20
mT9alk2RdcPXu4ATHY8y7c8lNZy1,2022-03-12 14:21:33
mTKuhJOvzXRnHM0tjNkCgkAwDbF2,2021-10-16 07:31:05
mTwPrcDkCYbwcPBo1I8MqEgab322,2021-11-08 00:51:53
mU1GU9uZa2cavwQph5jrxHIjkb52,2021-12-31 16:34:37
mU8trlUUNqhY08cQQoZxbPfOQsB3,2022-04-23 07:39:26
mUIKIDdOp4Szkym7LtNWECWEPdu2,2021-10-17 04:11:53
mUc6YyyExMWa9PHDcvh3Ef8LRtr2,2022-04-22 15:08:49
mUpEaNarKzMoTYQDz33HQEQfIjA3,2021-10-28 22:59:11
mUwjbB9EupQ6NeVbwIyqviaHq873,2022-04-07 17:59:50
mV7UJ2aS7XTuSE9YAKoqpXozm7h1,2021-12-09 05:51:47
mVND6oLOf9W4t7xa8If4N5dd32Z2,2022-04-19 11:17:38
mVPEKWOvoug6Br7m7oL2fXoHAQr1,2022-06-06 15:44:53
mVld7D6RNcfGDu75CVCYWbwofaC2,2022-04-02 14:54:52
mVyl4lqRhLbNq5rr6m3uYH5EYas2,2022-03-12 20:30:22
mVztyODTJVcUkgYkmqh1KAdxTr62,2022-03-09 05:25:11
mWVUxrKuQOWDSLDQRv6rjFmooCC2,2022-03-18 09:45:00
mWcHiGbTkohNGlWj82l3FJaj8Cc2,2022-04-15 22:57:43
mX4meTA8tMTpHNn6rufxEADmOJ22,2021-12-22 16:07:19
mX9ltbXhMpTVdUQH1enMvtfSoRx2,2022-06-24 06:56:23
mXLvIzHzCXM60kYbCBV7ugpt9Jy1,2022-04-06 22:21:29
mXdj7QvF1rhqVnsjmL0bsCZVTsp1,2022-05-29 16:20:46
mXmbd4oMfLRSaKbK7t8aoFatqYw2,2022-05-05 08:59:40
mYA0zmu8FAV3DgepiYl6jU1lqnM2,2022-02-21 09:56:29
mYC1TM8cBoN23wSujPRFMinsLp12,2022-03-11 10:15:09
mYDYVDIOztT948Hmz7epUFQuZgq1,2022-01-14 20:09:38
mYF7XH1sMXPX63FrszvhS1wEYOS2,2021-11-27 09:59:27
mYWFp4uPAdVzbEr2B1e8gpqAHxX2,2021-11-24 04:52:33
mYdCT8Ymljgx0tenkDgIzsWtPkF2,2022-03-27 22:07:55
mYy1T2WDNteq2n85W1j0CB24xx82,2022-04-13 16:00:38
mZiwyhsVjnhzEYqiBjHmPxJ6xPm1,2022-04-09 05:26:48
ma5B4cSqp0RLTOPO6hVkpS9lzmC3,2022-03-29 22:04:21
mbEinrMH1HNdVkmS0cnw3GguUbC2,2022-04-30 13:12:22
mbZLbBiD7CO86gVzX7Z2gPqdE522,2022-03-19 15:00:57
mbk2TRn4KWgWrlrQ4wUeTRX1FFS2,2022-05-29 17:38:47
mcNP26nNNrP6G6act6iRp1iUAhL2,2022-04-23 18:58:13
mcUVudHc1zVOskCeVWYaMtRR5Do2,2021-10-15 17:35:43
mcbK7XAXsfMCyyPFruwYVtDdXfA2,2022-06-12 04:58:00
mcbkG04hb9Y8EQvXIQmRVBqDgn32,2022-04-30 01:04:38
mcdzy5oqb8SPuG8vSM2GN60Yjb72,2022-05-23 13:37:49
mcilLHXsilMztw2lsggP9DNXwPi1,2022-04-06 16:06:21
md6SGawfvYUyc74WgeIBIHygQh52,2022-02-01 15:33:45
mdAx9J9APYQytHAgadbUbEvq0tT2,2021-10-17 14:38:23
mdKoil9Wp1SlvSXbjeupBzrYmjI2,2022-02-07 08:35:25
mdTTy0CvnIfnxWpBBeh30pD17cv2,2021-11-20 14:05:31
mddYXNoqdgcxZfilmBK1pTeBNOE2,2021-11-08 19:07:52
mdfyfssP4GPV2RWR10y8BCI1X303,2022-05-29 15:38:52
mdizK0rbaZQ9wIOpFWP3Qblnakq1,2022-06-22 15:33:59
mdslbrctrEWLccIEjed8VtvFbI92,2022-02-10 10:39:46
mdtyeYckxQRfE3SUmftvrZHzS8J2,2021-10-06 09:25:36
meP4QNL92COm2dBY7acd4SpYd3f1,2022-03-17 07:57:01
meYEQz4q7MR5BBFz7LOp8qjMhmJ3,2022-03-12 14:06:49
mfYhlDeZbOeIhDf6e5tcBIrgDjm2,2022-01-20 16:03:39
mgAhn0o4tvWBF9Y5bZTylZyiieP2,2022-03-04 04:29:26
mgExr1HtcTXTIf2gz3FUngtzDk43,2022-06-30 22:38:04
mghE9t3gNOS9mVhH1OuLfdhAlL72,2022-04-24 22:10:58
mghr4LoM5dTJzUkK26knufN02543,2022-02-01 12:11:50
mh9xqNAyjjPWMtj3sCvTsMFWbKB3,2022-07-21 10:13:48
mhDy6eL8AnaUebisHf0U44JDzad2,2022-05-12 02:38:01
mhH20K8jb1UZ1GADFgq72Fc4Cta2,2021-12-06 19:25:37
mhzPMUsqmiXlZ2LRdQpMIjXkLUF2,2022-04-19 10:44:18
miCquXxACHWzB53T6m34R1CI0p12,2022-05-04 06:29:36
miFVeb2BpJfC7v3pYJx4frvcbWj2,2022-01-07 04:36:08
minyUL9RIpXlqxaR6iV1FQQ4E5f2,2022-03-24 08:27:19
mjGVhXRELdb1C80xpTFxpn2YJp33,2021-10-28 09:12:39
mjvwSfRmxNYkSYRAZaevdb5UkPl1,2021-12-11 12:44:28
mkDVMQ8UiUffSEf1iAHjYDNJIck1,2021-11-07 18:33:36
mkLIfwtt25N5XMaKj9Mp2k7ny9V2,2022-04-12 14:11:46
mkivWY0utOectD9HBRbSn6wl22s1,2021-12-20 19:16:54
mksvqkJeSjP0XirYlkSjvdfoW013,2022-03-01 15:18:10
mku1FfcvW3YuV77w4UApq1rQPKv1,2022-07-25 14:43:56
ml3KPOOUspeSJ7J5jePPRD8m6Tj2,2022-06-21 21:26:20
ml6iDqZwMYPlGTWaWpIQjdcqISr2,2022-06-03 06:22:39
mlmRQCqnv8XV8BHQSb9DfHyu56t2,2022-05-17 19:15:26
mmDAq0MAQqenS2dOb6aTySWekR23,2021-12-10 05:49:16
mmTKksXYUYYaI0ydiruyCuRn6Wa2,2021-10-27 06:39:28
mnNSX6Efm5eohyA9MfPpLLcs5nZ2,2022-06-13 11:30:33
mnZ07Tli1KSoblxGz0QsQ0vG4tr2,2022-05-11 07:38:19
mnsRFAn1A9QYmF1Rq42rBGPoUEX2,2021-12-07 14:41:57
mobZSR19RjhEciCGqcgqMzpNY1J2,2021-12-25 06:00:10
mojgWLQIgEUa42QkyJes4nAPiMr1,2022-04-27 09:55:04
mp6lIyx9PSTyev0iCVddI00exX03,2022-04-17 11:28:27
mp9D1Dk4DafLBOt4zknOcicusdh1,2022-06-12 16:38:36
mpeiMXEDbabEA1GeEUw6pIIvq382,2022-03-28 13:28:36
mpsZDV2JdHXk5yvgI3yCRSL3C4Z2,2022-07-19 00:16:38
mq5ubxgGTlTUrcwdKPbBQpbs9yk1,2022-07-16 11:49:59
mqDgSKw4DuVRdYBjM1dGRnmZnqJ3,2022-06-04 13:55:12
mqRL3iWrvZSVaOXITeNMv5dwiJR2,2022-04-13 07:46:17
mqc9UKC9ZwTVfs3L3THFEJc5WzT2,2022-02-16 15:49:42
mqliEjEbYbTXVMBG7ted8GXRc972,2022-04-24 14:56:05
mqzvwIUMjyZd0BGKsMi6VUaHtnX2,2022-07-24 10:50:43
mrCtZZTvIyRd5SbFoxxO8DcwLu52,2022-07-17 13:04:31
mrD2OhvwIIU0YKZxXP1NLBybe3J3,2022-04-19 19:18:21
mrWPFRrK4bf2EEG7VvbnRgu36UH2,2021-10-02 21:34:56
mrzmbdAcaZcF6eiz4L6c7rKPGas2,2022-06-27 20:40:55
ms2vn4uWi4bUNsK7dL2Q7ULvaIx1,2022-08-01 07:23:30
msM1rGlyUdgeXegICBsZGQLFRyC3,2022-07-02 18:03:45
msVNOzL2qJQWdbNldyob9XEtwkq1,2022-02-24 06:27:21
msipQqa6S3SPEQVmxhGYszL33jv2,2022-03-05 12:54:04
msjMlJkVwWMBriRwl3eVtcXYODC2,2021-12-04 06:17:25
msrEhWtLYjeOPcXFOH6U6UWQNGD2,2022-07-28 10:39:36
msz6D943jASvuMSu7oWz4Hfii622,2022-06-17 10:55:54
mt1ZVFRbJsWBc2G1hKoovaZwqR92,2022-03-22 01:06:15
mtGnp05DZAMvOvDY8lnvYpncOZJ3,2021-12-15 07:51:01
mtJfbylkVcUsCncknKvNnJOXXPp2,2021-10-20 08:32:20
mtU9ST3QWodCySzuusWNqtXz7vi1,2022-02-08 13:43:54
mtUOyhbleagzkQ1qPWVucZ39uS62,2022-06-09 18:28:28
mtV9ycEFYtQT9Pcrj5ldmlT5Ou13,2022-05-09 12:44:30
mtX9GYKWIadTU550GDY7Tea9ng02,2022-02-05 10:34:34
mtXDSUNKJMTqIfxQfh7P1ae0tqj1,2022-04-27 01:58:16
mtiShkbNDCVTiBb0X8VfU1vlKLw2,2022-03-26 15:32:56
mtu9sithe3SqYC7U2EzDIgXCz1Y2,2022-04-06 06:02:59
muLrGjhy8jUAy9NEDpsfzQSHRy43,2022-04-16 14:00:51
muniYxEPTwUh2NuaSriVbWhtyU13,2022-04-27 01:27:20
mvPXnyRTpDOdX5T6Tp4cenYM69j2,2021-11-24 17:23:48
mviJ78FLMFUuZESyjb1FmQdznhI2,2021-12-19 18:09:49
mvqXukf1krhN3n9o37sSaA17bbY2,2022-05-16 06:13:29
mw0wpg9TQfVkY8UsmHg7rSUM5UQ2,2022-01-24 00:49:46
mwBbh4HoBBNKVRzvQOPFzCgpxWn2,2022-03-06 05:32:52
mwCWAO5srDTnaW8BuTwDD3gPmx63,2022-07-17 14:56:36
mwHMDkqeZqQ5krMnhp7sxd3l6pE2,2022-07-29 10:54:46
mxkl5o4v0bb4a9Q6N8hDxR5cKAC3,2022-03-02 01:37:30
mxldJ2Nxa9OG7nvlnqlfT6U55wU2,2022-04-17 02:17:03
my0RagTOfqUgZ3LEW44II5070UZ2,2022-06-24 03:05:20
myIc9u9i8igdy1U08yTLA3WnGWJ2,2022-04-23 23:31:37
myMr06dKQcVDVL9RwPzd9IZz3Ga2,2022-03-27 12:45:01
myR07YvsTJcPgQZ9DMcrWLza2aS2,2021-12-12 07:15:35
myUd1HWRzWR6nPcvVYLpbpuITc22,2022-03-21 07:25:48
mysArUYrDfeek9eB07sBXyn9M4L2,2022-04-17 06:15:35
mz0s9vySinfUyVyste6drgWtfya2,2022-04-08 11:44:32
mzOa0LKdnRfWV5bwGskulpQwbYU2,2022-03-02 21:56:56
mzP5wmY3XlRfCVMK1ItQpn9z3Cs1,2022-03-28 17:48:47
mzkMXF95PvahYAdAoHhooZWuFu13,2022-02-09 23:51:03
n0BtpADG5DaBy9OX2MiryID0rpq2,2022-05-20 13:29:03
n0gynXWJ0YWG10zXi7DXlnAjwS43,2021-12-18 13:33:42
n0ozLSkej2XTK1MzMZ1B55YrErj1,2022-06-12 06:42:08
n1hQFWxapJYRRtQqxYqnXUENzky2,2022-07-19 15:04:18
n1mSgfjQpqQ9MwIeAr4XgSw9Kia2,2021-11-16 06:52:01
n1u3b2x8VOVAnhkcNRLOU6njBgt1,2022-04-03 14:28:46
n2CBidyaIqVONOYI0I0Bd7iH81n2,2022-04-18 02:22:28
n2FiH8D6cyeglZ6NVT0QUuDpb6v1,2021-10-25 10:00:27
n2Ho4o4qrJTHxcX5sHqpRdtxnug1,2022-06-05 09:16:06
n2QTnWYbzIed3VMLbnOqUbweoEe2,2022-02-24 23:35:07
n2sZuJ8euTej3jtbgbJgClqF1iz1,2022-07-25 06:42:48
n33Lb2cImhVoMJRrGmneVQQqYbg1,2022-04-10 05:09:23
n3GjEM3osfTTfKoNm9mzXYX3bio1,2022-04-30 13:25:40
n3QZAVPwB9gmPMJOKuX9KvuIiJ72,2022-03-29 23:58:01
n3gEXjPgpmZNaqb0PNdhfE3cnEE2,2021-12-23 00:48:51
n3h43fc7yuTRx4WKtBeq7sjpGGt1,2022-05-04 01:55:06
n43uAbX522ha7y324rT0VwVdAsT2,2022-04-04 03:24:48
n4DEzLdAGzLB5hwYlmGO3ntNa7D3,2022-04-05 13:00:23
n4b0rpMF9rRpVXlq2D6dniOK5xk1,2022-03-01 16:25:28
n4cSiRT3GPN2OB6PhUKHJr8VxJD2,2021-11-22 16:55:04
n4d5dqdAREhuVTU9yLwV6CrqUIr2,2022-02-16 04:40:26
n4gEPwXTStf9fW9ZGw8XMglCWp42,2022-07-29 00:03:03
n58XLB70R2b8O8E4iopgBQQhAvx2,2022-03-10 13:25:17
n5adjPte7bfQgEaN44vk6ceg5t62,2022-03-30 12:06:46
n5bo2JBiXHUigFmlWVVFADs73iV2,2022-03-08 09:04:48
n5eqywJSJpXRkN6aHZdgLIWk7uS2,2021-12-13 16:54:02
n6I498ndB6an8M6E91n6aMVfoD73,2021-11-08 12:38:54
n6P8AIXZ24PgvaDY0lGolWvceDt2,2022-01-11 04:28:57
n6XplVdt0VULgq9wyI26RcCg6Ps1,2022-05-27 05:28:41
n6Yhaghychb6NESIsq1F9M5lCWg1,2022-03-31 15:33:18
n6fgYVWKAdZYhaPfqMd8Y8AFYez2,2022-03-12 22:52:39
n6sAXvbTm5Pc7cnE4c5I1GBY1rv1,2022-02-23 11:16:48
n7Diy9zOdFdjgMj1hb2GJ5Z0H1P2,2022-06-06 16:04:54
n7GKZ2wJqBe9jc3z8A2ZjglCMd93,2021-11-02 17:59:39
n7WBRIaIhUNNNgmI8vJ2LPSbYF13,2022-04-17 07:52:24
n7tEN2GZhjNZCz2Z5orwJ30ffe22,2022-07-28 21:38:48
n8JwdTzQ4Ub6A0lwyAY2reeRBZ53,2021-11-29 18:00:51
n8d4rJaDRNTPuR0U8ghujCW0bpC2,2022-07-30 10:36:06
n8sAu5bfrcWynHPoTHhl0X9w2Ff1,2022-05-22 22:28:10
n93nhQ0JRZTyq3wNCeiuhqmFKiR2,2021-10-10 20:32:13
n9Fw6vTOzORTeKTppOR8Ar74cgW2,2022-05-28 04:57:43
n9WzUWn61Yg4x8GB3h0VdwEUsgm2,2022-06-09 00:21:10
n9l9y9QaqoOaz5sIgCh8zKYvbG63,2021-11-30 04:23:38
nAFBdBLzBjXdMRzqup6yHAdTOYk1,2022-05-17 20:03:03
nAXPBu589XexSO9Hdj90904pRhx1,2022-02-25 08:39:49
nAhpujBucESEPEhjobO0HuG6BMY2,2022-03-30 06:22:25
nB7ZzM0hxMh8FQQVKpiOksNqi2y1,2022-06-18 02:49:18
nBQe6oicUgeVJ2WbmJh7lZKnfsc2,2021-12-23 20:59:17
nBohisHR1Zh6Z4NzmPKtfUR49fu2,2022-01-06 00:29:28
nBpp5r9BguVZBnmJGUBTttXbldp1,2022-05-19 07:29:04
nCVZ07HUiQNgO8Ec9PEAkHYi2wH3,2022-05-29 20:49:37
nCau1OG6AOREafNM7z0BEyqr0tw2,2022-04-23 14:10:58
nCtPzyipT8YuwSTt2QJ1TpyjPjI2,2021-12-12 04:23:21
nCu5UZakJsQsV0uhajIusJQa3pJ2,2022-07-31 05:24:58
nDgO4BxlS3SKmLniWPyN3oFQ8zN2,2022-03-17 13:33:09
nDvuF3Zdl8eCAHzK3k0ehInpQjm1,2022-05-26 07:57:01
nDxNaSS37hYg1sCXmeVTi1CbnA82,2022-01-16 12:55:46
nE1DKyyhNNOORq789HsGSzlpC8N2,2022-06-22 04:59:15
nE5V2WrOqtR31UyDgoyF5WGNUBo1,2022-02-14 01:05:20
nEAvIA16PEPRN7n8ZBekBencZhx1,2022-05-29 14:27:01
nERSMJNM4JZqK35uh2P5kutZVuI3,2021-11-14 08:46:37
nEd4mCsFw4M3KqfFbwaON8dZ1o12,2022-06-19 09:51:34
nEoTTb9djMWywhdd4GqKlPftGXh2,2022-05-24 10:26:39
nExncvp4nTfvapRejQ15bJ0qRLO2,2022-01-07 23:28:33
nFDPzonC1hfR6PgDjEdpu6fIoVu2,2022-03-13 14:44:33
nFSL0sT8X5e15N8LdC5tltwSGoR2,2022-07-12 11:45:02
nFyUQDJcIFVHPCiwXYhLnLaQJmj1,2022-04-21 12:08:44
nGLpLRxYqITUWAoxCk92Vx5Nwid2,2021-12-14 03:36:50
nGTjUHH7D0OC7vrOqS1P6BIrOki1,2022-07-04 04:44:15
nGZ8aNA9mJceEC8HSJZWlGUjNxA3,2022-02-13 10:31:16
nGb2f9dO3uSC7fxpTHG1fyowjeP2,2022-03-13 17:17:28
nGfpsuXqnhevy0hjOJcCIyKfkKR2,2021-11-07 18:03:50
nGgHPwdTDLNZA0bj7j3jGUqK3Jr2,2021-11-04 00:04:49
nGkHCTnUg4aZwpV2wOFOChuau322,2021-11-28 21:38:41
nHegaYCTdjftb8yfyQqUOA6C7US2,2022-04-19 12:58:24
nHplugG9UTe7t6pFEUx9QKLr0ol2,2022-07-21 23:40:39
nIEC81UcxHehMJvMKGifLpvYV6B2,2022-04-15 19:53:55
nIEbTix3aUZegBhr71c4RWyUQMo2,2022-07-25 11:14:55
nIGC2pdhOxWnzDwJDMLGqawTbUH3,2022-03-22 15:21:14
nIbOWblJgyYi5dhcnh1Djsrj3PE3,2022-05-16 03:53:37
nIl2bpNAD9PY7hPESzGNi8iLqE83,2022-01-02 11:29:10
nJ6H1MmUVwZgh6rZW4Ly4ZWLubG3,2022-05-30 04:14:34
nJFYpKPvvpXGd8W3vzSitrTib0J2,2021-10-10 20:56:39
nJFi5SBQVWd2VxL3Nwh9C3Sjau72,2022-06-18 11:44:29
nJGnPIbFSmWYd2YIyeCHbxtUSlg2,2021-11-01 12:37:47
nJt0In22P9eGSmmaCcIf4F3EWX62,2022-03-10 09:25:55
nKLaoDCZKlMV2ZwutjZU91XyaFm1,2022-05-13 07:52:11
nKSe37E21MRFVQ4NKLXW1A6hrSP2,2021-10-24 22:13:40
nKcm1nQ8ngMAJDmmM4L0xtDV8t52,2022-07-25 08:03:07
nL2VoyDIXfY3xMN65MPTYEgS6622,2021-12-09 07:51:37
nL3UfP6pFoYFYwgqhs7vyrLMzHD2,2021-10-14 00:06:44
nL9t5Ad0TkeoojzYVl6Op5pj4cF2,2022-04-19 10:22:55
nLdFXq27raPWySRSwHr7Mv0vqDt1,2022-03-19 12:02:26
nLkGux3yS4hJSwvO2gujHpZlb5x2,2022-02-09 11:25:21
nLpUGsNukzOx58Nz8T458s6ceJf2,2021-11-13 03:32:44
nLrPuqziweWYOU0VPETYVrSmxsC2,2022-05-05 03:56:13
nLyxeCXzbAeR1pdJ1f4fMFNfS222,2022-07-01 12:50:49
nM9rRySC68MFV4ihuhne4XzC5te2,2022-07-31 19:38:47
nMDT572GBXWyKtz8qDVC0W0ruUI2,2021-11-17 23:20:45
nMKV24TJNnhAsSXblUVzos8bCql2,2021-10-03 19:27:22
nMVXV07GtSg91KJAJ7HsD7yTKBM2,2021-11-24 12:30:48
nMtRI6RmHsVS7e3z7WkraRlHahD2,2022-02-17 17:27:36
nNAPKQCRiZh70PbY28Outl3Fvq53,2021-12-27 15:25:32
nNEKBtuLJydV7EXXgOvtBZlcbIu2,2022-05-27 06:39:47
nNJLvrklWjT1aLScEWmngOryDif1,2022-03-07 22:37:52
nNOSuvDucoT1u8IOZOnXn3HrZQf1,2022-04-18 12:21:16
nO5NJQVG91dgksOIbs8YfHRDOsJ2,2022-03-05 04:14:58
nODDOWu3C7MzyvXKNpIdCOb6fYo1,2021-11-15 13:00:44
nOKLebpxU3h45czqXkNh0rGN7242,2021-10-19 00:16:21
nOKrom1DoBbTgmUIC1CnyTBwmPs2,2022-04-02 17:58:54
nOOjxbfktJfSpuQDdjEIlB97YgT2,2022-04-22 12:10:50
nOrAOjo5LtaAOQdgB5xTHHOlUDi1,2022-04-21 04:22:04
nOzxHOZGQHeUZsxmyTECBMlkTnt2,2022-06-28 06:09:33
nP1YQ2ULW9Xt70LVBn5MaaU7li42,2021-11-02 05:39:43
nPIQK7C423gza3HLDnPTyXo25Xz2,2021-10-09 00:20:52
nPd5xisn1PTcOnoekfFSclkkRDv1,2022-05-11 17:59:45
nPvHNl91lHRyxyE4KuuJOfM1RKJ3,2021-10-04 20:11:30
nPyEWFQNTwOn4rDtXupnI3TCFar2,2022-02-11 17:11:12
nQ0ORmf498VaqdzCZlIsvBq3ZlW2,2022-02-10 17:38:55
nQTvewsFTUege3SZFGkXF5Gp88C2,2022-05-29 00:48:14
nQhOWxESILTCjwLFffCy26VsaLY2,2022-07-23 14:46:38
nRdT5ZweWtNK4Z8WQZAcbqedIQs2,2022-01-07 15:31:36
nRvDcZlKRUV9JonrZFCBVZD1ucf1,2022-04-06 14:05:55
nRwfXYUWUHOVYtV7f6pvVIyexi42,2022-05-10 11:16:21
nS0l0bLcscUYdNn7Ivcs2j1wmG23,2022-04-30 08:57:37
nSbl6jANTFSYXrvpQwIPTWABPHz2,2021-11-27 11:06:14
nSggiqcM2ZfKtyAYbe1FcEtOPqh1,2022-05-24 13:02:53
nT3zJ6j8oXaRkWx1PTOUz5TdKSH2,2021-11-17 11:42:53
nTXnfAFaCSYCAmft7xYQEeRvUEq1,2022-03-19 06:45:00
nTkxieQ1L6XsVPfHBRcT4I0EjrV2,2022-04-15 09:44:36
nTmT1i2WiFVK0U4HPugOvW5VbHh2,2022-02-27 20:15:13
nTnMjEGN2Nggi0jXhFPNu2N1U7g1,2022-04-25 04:47:34
nTxIYsNbOvPr3OA6Kuu44DtZWDQ2,2022-04-04 15:31:57
nU8KM4g0v6f2wVMFtNOelQwV3Sm1,2022-04-22 13:09:22
nUE4BGtHIlZNB7oSK5TBnGar8Z92,2021-12-02 12:03:01
nUKPMdpIMVbxR4iHDOPY1MMrE0q2,2022-02-16 10:45:12
nUOCLNSAyBO7yL19ffuaAisgZkt1,2022-04-17 14:39:12
nUnvu85urAbRYFtiPIp5PH5Sit73,2022-05-21 13:24:29
nVDHToxL5rTpBdptWApLzPHVzap2,2022-07-28 16:07:27
nVTFn6vcxkN4gheyLrNGg9aZ77b2,2022-02-18 13:13:57
nVajs8ArpiXRgpCYWBfKR7EPYX62,2022-03-20 08:47:54
nVv7ISJHoIMUYBo655hNjlQ259f2,2022-04-15 01:35:37
nVwNYuvWDwQTJO0tV1fgXWRLdpg2,2022-02-16 14:10:52
nVx2OlP5L0f1FngzHyRYmIfDtz72,2022-03-31 13:06:46
nW8gh9r8P9TwWrp9dG86VQ6NvZD3,2022-05-10 14:43:47
nWL4zQFabEdJi3hKK0MnrZkmgx23,2021-11-08 06:42:22
nWZxgB2bW4MteAomlU9oB3XavXB2,2022-01-18 22:40:48
nWk8ssr8vtUj8oieOytZzDlyo343,2022-03-11 00:26:05
nXUM4JN7iwPhsbyXprBbF1wi2Q13,2021-12-26 13:37:44
nXUgi1nF07UxmmmfQd6hUlfy3Py2,2022-05-01 06:27:58
nXUzq91aHSdwTqxDRw4wPjTn8732,2022-07-23 14:09:23
nXf00wwB6AgzTvZXjCrDvhr14y22,2022-03-30 16:22:36
nXhYFGnOP3SY00Sv6OViK18VKUy1,2022-04-11 16:56:31
nXvjMKHQnVT3gYwtIRbEDwWqldS2,2022-04-01 10:43:57
nXvzBVYpKFWWFcFV0SBZQgZ4JDo1,2022-06-25 09:06:56
nY3oL78RUeU45qxoykEH0WpVstQ2,2022-03-07 15:41:20
nY6aMBAtQvUdER2qVSWBL8F2Uii1,2021-10-17 19:00:41
nY6joBTtaFQ4nmipXEgknK3XdwY2,2022-03-19 05:24:09
nYNljvjtYzYHjVURDGmbBaJewPy2,2022-01-08 09:36:58
nYRsWW8WFWb0jdGD0xLWGbXlR2i2,2022-01-24 18:08:37
nZ81eJ8aQbOwfn0tdT8oidOqgYW2,2022-07-21 14:56:37
nZQS38joUxVlkav8ISyu4LjXxO53,2021-10-25 18:29:03
nZnl4Vjx5shAcPqEPEXtR5DCa5g2,2022-04-27 07:11:53
nZvGliQaWCTWRP8YVhEz4Eyybe02,2022-05-30 00:51:06
nZvMEJGmuTO91NlhJLgNvmzwN3B3,2022-04-17 03:55:20
na93xHdSVDOBcpIedSkG1ekwWk03,2022-02-12 15:47:16
naa0M2r9evR2b7vQLzGjQHGsav92,2022-03-19 13:57:08
naesCjbnldXktRhmS4yRknDncvr2,2022-04-16 23:55:53
nanxt6fhPtbTuvFigzu118SfMod2,2021-11-15 22:15:34
naoMiid6urepJuqOYwgmL1awOzs2,2022-01-30 15:23:39
nayQGmiBvoOroe8DScTljZpg4dF3,2021-11-24 16:15:43
nb6HEQqKbGXbxClozxYUqS3SVnx2,2022-02-28 07:10:42
nb7qRgmy99R9sMMKrSeq92v4sxr1,2022-07-28 18:50:52
nbbkJaNAlVYd0COAYMW1lSl3jIO2,2022-06-01 17:34:59
nbhBAxwT7INEgJQFYR3IZL0iStp1,2022-04-03 12:26:04
ncF7fBsrwHOe18Tz0bzxUj4loSD2,2022-04-05 19:21:09
ncUxraKhQ3h3Bp3SShpk74awwZH3,2022-03-09 08:28:16
ncb2taQ6ZhQ19gtyEOWaLydPVW13,2022-04-23 11:20:43
ncdjdj7u0YPLdACZXCiWuL7tt8q2,2021-11-15 23:17:27
ncjFBosTL8R2iqOrzQKKR0Rok8q2,2022-07-22 06:31:25
ncmISlUsqiaQPudx7UWy37Ic8cj1,2022-07-09 15:40:57
nd8NIdkw9US9DxDSkg071uSSOks1,2022-01-23 07:43:27
ndTTLC2dJyRosclmOYm3Hovw6Xq2,2021-11-19 18:46:49
ndVQZSiz8KV9pwGZT9o37rPr3Bk2,2022-04-10 11:07:42
nda8oX0sUbUToqNeMg7dP26GBOC2,2022-05-16 13:52:35
ne67hZZBhbhALzac1hLpuOXN5TX2,2022-01-19 03:59:32
neOTorVTx2h03qNItzl2M1umjsK2,2022-03-12 17:39:23
neavO2Ht7WeB1K7UuNnI5HcVZCX2,2021-10-17 19:01:41
nfczPxPbxfdVgd6tv9pqtx4eUMM2,2022-03-06 14:18:43
nfmGWppT5dRvMPT0BN39Zav6F1V2,2021-10-03 20:21:52
ngACaQ3CIHcYhv8gBD5pHrqoV0O2,2022-04-05 13:55:02
ngMRm2no41bD7H4qXEyCrFMTzhv1,2021-12-21 19:24:11
ngSHhZWyGNQcw64oz1TGRG3bExV2,2022-04-16 08:49:22
ngjT9JtHB7ZtgoPcQogDYqdE6Ic2,2022-02-25 10:32:23
ngt0q2Uy2cNqQ82IFFwEO7gm5i62,2022-06-03 12:47:08
nh73R9qfZhbkMG8QkKQHhTfzjOM2,2022-05-12 15:04:03
nhBt4WGxVbSU9JpIH2gVpoQlljj1,2022-02-02 14:57:01
nhUFMH7nBsOC3ZSsFtmCFSK5hlX2,2022-07-30 21:03:03
nhYnbMv3cLWrSBZLge5Q6sovYax1,2021-12-23 17:01:42
nhoBTn0GdjcJPcy5AqSWs5oMb1z2,2022-05-02 04:15:20
nhrJ2yGCeIZv7ZDKLfJWp7CuuNE3,2022-01-20 16:20:26
ni3nH3uIslgrNnjohknTdwEVpAs2,2022-01-17 18:12:09
niJ289fNYZZs5vx7Tf9iqpwl61q1,2022-02-11 13:48:36
niOAhnJRLXRJlFzIBJFgyQvTSzJ2,2022-07-20 14:04:37
nim8r8cWcsXeLvF4kfGdPt3nsNH2,2022-04-15 07:48:58
nio4NlGmD4NLWKuindg5IhHLAWk1,2022-03-29 04:57:27
njMRJwsyRTafEjcmZRvsNrJOtld2,2022-04-02 13:50:05
njaNIGSh1PcMb7V2J0zPIoLhorQ2,2022-07-21 09:02:54
nk2aovUzHUQdofRe86YYxz4mZ5u2,2022-04-22 19:12:13
nkAAZmc17PehVbbN3oYtBGGyoGn1,2021-12-22 16:11:10
nkjme7JLVAZlOVCZXUPzwpMRSif1,2021-11-16 13:54:34
nkqXwId1tmPjdswuprUwBTRUwb92,2022-03-19 18:15:59
nksRGukLglWh3Yi3MRWBEjNq64h1,2022-08-01 10:01:49
nkst7DRfR3d79M0lF8C5ALmbBME2,2022-05-25 12:39:53
nlEU9A51iZTIjYplYjxj2KtQYug2,2022-07-23 12:12:36
nlfh3ZUVlMcYfFQFHNF4xyHfvcM2,2022-06-06 23:06:16
nlkOXgieMaaoH0fZY7mszWGu6ws1,2022-04-03 06:44:39
nmJ3Mp09UdPAJJqBoXHMMx1aoB33,2022-01-09 15:04:33
nmXhUFLejrg9cnyk8POwqMTbuR52,2021-11-19 23:04:48
nmYtIbEuTkeJQM5ikbNUL7e0S6e2,2022-07-26 16:00:13
nmiYguReiNdmcSfFm8GXTqQGef03,2022-04-16 12:55:08
nmqD7zWAC2YGZsMeld47Wc2A2On2,2022-04-16 15:07:48
nmyCVEfm8oZUNqZ0ZcZnftTQHAE3,2021-11-02 01:12:28
nn3SBZ8iSZhtH562dGsu1n7krLi2,2022-05-20 10:48:17
nn3SpTV5X4Oeym1mDt32KFBn4hu1,2022-04-24 08:13:48
nnEnRAnRrWNmDTq3mNEasb8WKxx1,2022-03-03 06:29:38
nnb1ZJ4INlVF8Kpuxh5bQtqRhN93,2022-03-29 12:26:24
nnn6n5FLMdQfQZHuiQ4i6s4j3P32,2022-04-01 11:03:05
nnneglI0FOT3WZFRYhZnaNt1qre2,2021-11-01 02:46:10
no7qH6MI5RUabpdBSTtyskpsfHM2,2022-04-25 17:38:15
no8yQmSlSYareTKbWaWKb8BEvyT2,2021-10-17 05:20:37
noaCMgqNIxdAGuK7i5KZa9WFVqo1,2021-10-19 09:02:29
notoYUxt60RsYlnOLHDXeg2La7s2,2022-05-29 03:43:13
npHMt9gaobWIn64KFeCLdBhDaNG2,2022-06-08 12:17:18
npXkQOYS5kOdfq1ZEw7qEx3jPqs1,2022-05-26 12:42:59
nprzhmGj3ohTDIhtnM0OtMvZpsz2,2022-02-17 05:24:00
nqA8YoZDT5cc4e9I4O2qZdBA8pO2,2021-10-02 01:25:18
nqS40guzGKd8pIMnMeQAxluxZfv1,2022-05-30 15:13:58
nqVn62XgOlZ7JasxhVVFBznjuNJ3,2022-07-16 11:37:23
nqlYttUpKShyRsFxMJ2h68sFigj2,2022-06-07 13:39:41
nqnIJ8Jd7CSWJTzKBbCPhSB7aG32,2021-10-03 06:31:59
nreklN1eUDZJ0r1JG83mlZfcrJ12,2022-04-19 17:14:40
nrmWPiikVyS5AQ3dG2HLlCpQZBa2,2022-02-11 17:50:28
nrnJSZ2gZcVM4azD0LKsLulU6u22,2022-02-05 05:49:20
nsBSTRydNXUHeBZ9nQJdnQFiPuV2,2022-02-18 20:21:44
nsdXSDwD6QYMxX4gZNcavGkPcuT2,2022-04-17 12:03:39
nstblnIDbvQgoeEvP5EB2OmouxI3,2022-03-08 07:39:15
ntqoLXY2g0XiBJSg7MfId7hLaOp1,2022-04-15 13:02:09
nu4z6EvOmqQHSDaBc9Tz7V6mhdw2,2022-03-29 14:27:39
nu6cE8cGXLQKNJQc7MaZBcWLIaw2,2022-01-16 18:38:27
nuYR4ELgOGXrFNqV0JD7R5vzHG22,2022-03-20 09:40:00
nujIMjTdjUVuoG5Lmx9OwwgUAjO2,2021-11-20 09:10:07
nuoYoebBSVZMnw12zcqK9KjPhwT2,2022-05-15 17:37:12
nvEg23f7euOpnvAG1LZ5GkGSPA12,2022-02-19 10:43:21
nvLFLJjmdjM3xcO0sYMg7deSmXS2,2022-04-08 15:54:00
nvh6bTQSegRU45wobIr1eDgDL6B3,2022-04-15 08:04:33
nvvF4eYGhAbDT3V2gc2yQiKAb6H3,2021-12-29 00:24:59
nwUO0OIs4QMvjfgSGyl1ZLLxFEJ3,2022-03-10 07:15:39
nwfQsDSIDLSEJ245RDxHvFruhhf2,2022-06-19 19:52:13
nww5KvfI1pbJuQ5QHRLP1iOk83z2,2022-04-05 14:29:23
nx3Lp5ybxmWXHDw0lFwpc6AIhSU2,2022-03-10 10:02:20
nxJvyw8Xl8X5E0PBHL8Zv7mAEQh2,2022-05-16 10:06:16
nxf7WzgInKQu3jh8QQnn1lS9SFF3,2022-04-30 15:01:51
nxgyNn2OCPh8UL5FRC4BAvbsv9B2,2022-06-03 15:36:17
nxnnYmpp1xca9QquXdIw0S3CCNs2,2021-11-11 05:30:50
nyK38qdD0HZYrMRhxVt4Sn8sLyg1,2022-06-21 16:51:37
nyyNVuZyr8Pozs4Ih4I8XLXAjeX2,2021-11-02 08:05:57
nzJd15Aa8oYsix7jnLKxgJAOWtB3,2022-01-22 05:27:45
nzMrnJZETRgVKZFEFoGfFVQJ4R02,2022-03-28 23:52:56
nzePXcNmjdd7CK7293GjwXHGE363,2022-04-21 04:23:12
o0F1bSDKyWRW6KnFCCCz8sAgQBc2,2022-07-22 14:26:10
o0GVRvfbo4bRR5FSj6R1G4TziS23,2022-05-18 17:24:14
o0O9XnxTerU8Rfu10OKRqmn9orL2,2022-06-05 17:20:30
o0VPfWD1I6fMsJo9dqb1QrZh6FI3,2022-06-17 14:05:20
o0eshqPzFdM5iUt52jfGMFUPa173,2022-04-07 09:19:56
o0tY7lxXiObCyO9G9LGr1BokK9d2,2022-02-05 11:16:00
o0wZ9wOovPWhaKvO9qtQmHintH93,2022-06-20 03:35:25
o1AALXjqm1YLsEffDIYlFHTreW72,2022-03-06 13:56:39
o1Zh66S9N6Zm8Csv0BoXbsOTYqn1,2022-07-31 17:53:57
o1pBysPv7ySVsofNMrqoBk8xz8s1,2022-02-02 19:26:01
o2MQWybNIKaIOtXCQUqXnI4Xmom1,2022-07-28 18:10:03
o2T6c5gOCPS1XD2zjaCuXtpD2My2,2022-06-23 17:32:37
o2hNQ4BQ7sM1wAOoBB7Yr74LBh13,2022-05-14 23:13:49
o2pyv4BTPAeZBlm8oxvUn02zLaG2,2022-04-20 13:34:52
o2rx2XkM2ZZqeGmsmxA3jqGL14q2,2022-03-04 15:31:15
o31v8X5xZIW4AJdmgvjuRjt2ZLI2,2022-07-09 13:27:31
o32UvRNriyOMhz7aKJdx4nW7MLU2,2022-07-27 15:44:33
o3Q7Ik5sNpZGMw4RLYqTiD5ayUY2,2022-07-11 17:38:57
o3mZemFJ85RtPuO1eydemcfV3ks2,2022-07-26 02:25:52
o3rHgbmUnobClAmzWhq6PmOEnGw2,2022-06-04 11:52:57
o3tDJnHAwJR9463JUN6L7cY5rU03,2022-07-23 21:50:47
o41gCnxlxkUFxmPczdmnv5a8OFy1,2021-10-09 19:44:02
o44Qb5gdmzcec0sVyog2MiIldQM2,2022-03-18 21:40:41
o4C5PvTYBuezFaGzkgBaBhZXzHM2,2021-11-27 10:59:01
o4IIY2yjKqfyVosYfFSO0KVLtP53,2022-05-31 02:29:27
o4axWfH0ltPQaQIrtLU4Dn10nHl2,2022-03-22 04:38:00
o55HWzXWVJMjWlYT9LHEnMe6bPj2,2022-04-30 15:40:19
o5975t1drIYmRckeBKXJWF5tGPM2,2022-04-26 00:45:37
o5AcVz6rmtSyhOia6uGG34TzSgP2,2022-03-24 00:41:32
o5DrDYkWqihFMyUkUxFsQUi2GZp2,2022-03-11 15:47:11
o5nWvKOpMNNvWLTK4leh0txCvVC3,2022-01-19 06:45:28
o6nRCCY3n0Pe9iukOgRDcxc9o2m1,2022-04-07 14:09:59
o6ruvTu3c1aslLlnFjfhkHjkJTI3,2022-07-31 23:24:28
o6v7dhNuMmcImmesEiPKH1AHuzz2,2022-03-07 03:09:40
o7YFAKduPgS8L9O6menksuFH2503,2021-12-30 09:03:29
o7n9KrvIG9eOXEdFvpvhmjuQ3R72,2022-02-17 06:05:05
o7oiT1gGSnhABJpWv9KmbhqodDt1,2022-05-31 13:20:28
o7uSZCLCifctKIkzD6GIJkTjjFj2,2021-12-21 05:55:31
o8FfM3WzyieC6Ej9mEq5DCM2hNH3,2022-02-07 18:41:04
o9HfGSI1X3N7tBmhcAqBLHmNazH3,2022-01-01 13:43:11
o9TBCgieeMTob13n1RELTrmtW9o2,2022-05-15 13:30:59
o9i87Wp7GfXTjseXFEdo3AO1Bdf2,2022-04-17 00:32:53
o9ugATikXnaK9upOEBuPBK4IJOR2,2021-12-28 16:40:08
oAj1o9k0oGQK8z2YoPN7gunhkMp1,2022-07-25 19:27:54
oBXT2oPWLHTyyNGk6o1bMfO1nGP2,2022-06-09 09:32:50
oBZAy6tC6HN2K1NMKu89aqqemSE2,2022-04-11 04:24:38
oBZh8QIaSDMPD4hArFtyXHRrrBS2,2022-04-13 21:46:17
oBZtCdTiADVKfkDsOHChNWVsDyh1,2021-10-24 18:11:08
oBbNeebEgUfka34YdMQsMR1j5b52,2022-04-29 02:06:58
oBsiQ76TV1cxtt4YixoxaQpIcTv1,2022-04-09 00:47:50
oCHm7z3foVaFTgSQNRKXRWPc1l02,2022-01-14 20:05:59
oCvt7GIQz3Y4nlEBvtCQSE0SxUB2,2022-02-23 00:20:14
oDAqwsN8cFMPoopu6jgjBpVbEZ43,2022-04-05 11:30:15
oDGjeiXdJZRcTLzgwdFmhEFh7uU2,2022-06-03 10:49:12
oDLZNTQwCXahkLknrBUvnXzAIp02,2022-05-25 22:52:32
oDSGadOJcGclUTd8dsazrE20oWY2,2022-05-09 04:19:28
oDWXsWwvvjgDqQVhB8OR4CFzduu1,2022-01-08 10:27:36
oDc5tFh97wTGLbPcp9nehHlYCCz2,2022-04-05 12:40:46
oDnAiHJzLbfHhHCRpZSjCyNG1St1,2021-11-10 19:11:45
oDs07VYClnUuZoZyepMT80GTjq42,2022-04-18 02:44:17
oEFGeqcorLVq71S8RARwYRXBtGt2,2021-11-22 02:56:04
oEUyI7UqQseakO6qutUcYC4Agrt2,2022-05-04 16:35:45
oEniwtqIO6SXyZKBkiGBlBgUSZL2,2021-11-02 10:44:48
oEokziagxzSQZOSGbY1hHpAupH32,2022-03-16 10:13:20
oF0OV57auQgIHjXls9ALlTUgWe02,2022-05-29 08:23:26
oF5Co3GkYbQ8TE1g7YTHVcO48l12,2022-02-28 23:55:51
oFHmsxuNOLWWi6mWE1N6Tphi5zQ2,2022-05-17 20:23:33
oFMtSlv9mfaurADYkhMtN6FsDSo2,2022-05-19 18:10:36
oFPPPapE0DWBNwLSFNxXPolpNQW2,2021-11-25 20:55:29
oFtWZwgNSIWPlwNGsex4iwUB49Y2,2021-10-08 15:47:57
oFu9kFC6XfXxPYILVeEpm6lvcq92,2022-03-05 06:44:26
oG5z8SiumVST2ejtjIHDnUVrRjm1,2021-10-30 06:03:57
oGJfQ9PNM0dDh00qmlnNaZw5Yfi2,2021-11-27 11:20:50
oGrm66rOFZdhd6WuXRGIv4N7M2y2,2021-10-10 08:04:44
oGsdM11Is4OtQIeEHBFsVM5mL6i1,2021-10-08 15:09:57
oGtm35Oif4UXvvctGJiD97odG2s2,2022-03-06 15:32:34
oHPK2VFwUXPre43rW82AKYLXOH63,2022-04-13 06:46:06
oHak1vu8EVQtZuSRrP8Ns7HRf3K3,2022-02-23 12:17:08
oHo59U4gexNf1AAxlFQoxHAIKzq1,2022-06-07 05:19:27
oHv6DYEAAAas2477n9eOa9Ubr5v1,2022-01-21 08:24:56
oIUVIqbHMoZX5pwpjO5EKes5Z5N2,2022-03-05 22:35:53
oIYNFg10Dxcbxviu7vYsTEqBact1,2022-02-01 09:54:34
oIsGOAIRSKVjX3BEGaoTXdqjkj13,2022-03-15 12:01:48
oJLBi9GpWPPEfe5MbwEJW39dlPl2,2022-06-08 09:54:08
oJOjPIWsofMBpzS5SOO1558xOXV2,2022-01-24 22:06:19
oJUGsD6KVpNiCWQwhnrTBk3IQzY2,2022-02-28 15:33:52
oJqkulnkb6VO1BUyQNnLTk0mgtD2,2022-06-03 14:30:27
oJsDYix3iyRXdmut43GuLBtnzhL2,2022-03-04 14:11:10
oJuaBvqUwoUJ4jstHTRw3eENEA62,2021-11-27 03:20:15
oK1wkceHAjXKc6nnbJk4so3qkSe2,2022-04-30 19:08:14
oKDqzTw0fvYx3TUGdcIa4STOIwz2,2022-05-01 07:39:41
oKbRG9VADdTGe2ZuaPHoQzkzRgG3,2022-01-14 07:22:40
oKuYM9MBYsSchBAq4xkooYJ6bVF3,2022-04-03 07:00:43
oLd2T8oW4HeW4p5Ann5rZk0Gwnz1,2022-04-06 01:35:02
oLfvtisXkbTbT2luNsehnzc791p2,2022-03-14 09:51:03
oMPapktcsHYYfJW0PyxMGEFbzBL2,2021-11-06 08:50:28
oMWaFztZPnY81TAQS10UBxKo4xh1,2022-04-18 15:21:45
oMdXIZU9MsRj79JiyZ021WZDf4E2,2022-07-26 11:09:14
oMhgJDcMspMlq2S0pyFc1YT2QjO2,2022-02-13 03:21:21
oNOV5zs0FJYpD8hJHInvTgdbIbb2,2022-02-03 05:07:30
oNjk78QrDSOHmder3wtFfNgt0T02,2022-06-19 10:03:58
oOTJejHfLjQwp2sbp3xCe7SwzhZ2,2021-11-24 16:42:44
oOs4okrws6Y02sbEVk1fzwKR6TI2,2021-11-20 14:51:14
oOtHCxSUgIdQnFcL7dwBOxwJKZv2,2022-03-28 23:45:01
oPMDDZg6VBdbWFrUu4CR0IkUbQj2,2022-06-24 19:09:08
oPfPH23YxsV6y9b6JSODzdZ9f2S2,2021-11-01 14:45:50
oPhybGqQDfTGclgA8zLdvjjCkOx1,2021-11-25 19:13:55
oQ50M2Ir9gcFK9LxcCoR36ZZmqB2,2022-02-21 06:21:42
oQFL9TifUpQmNE4uQpxZwEMtsWI2,2021-11-13 06:27:59
oQK4jpuLz8THD4Ulmt6ayVI2Dwu1,2022-04-03 06:10:42
oQpLKGSm6zT3Gv377nqK2EhXZod2,2021-12-17 07:42:13
oRAqPtqraIPLn3UylsPbaUB5xyr2,2022-01-05 13:54:21
oREwINEGvAfCRhx5Fj4xEWLhYYh2,2022-05-14 22:37:49
oRNLRTeicffhB3HaQ6NOp3GHVFR2,2022-05-21 08:36:04
oRcMI8gnMQg8SygBS6r3JYrkVUx1,2021-10-18 12:27:04
oSWvTfN7FYaWRoyqqf2jB3sIB7E2,2022-06-02 00:02:56
oT0nONg2SSaS0QdVoQqwLxF1Tc63,2022-04-21 18:16:22
oTBXUxa1LDR8ywN3qWtIEXOo0gp2,2022-03-18 07:14:26
oTGM2xxEJlOWDgqjffH2oIYrZo92,2022-04-30 08:03:06
oTJk8LDKJuWaNI9VMzkrD441Fir1,2021-11-07 12:02:59
oTecVt9HLXfGQIdPQj7Yk9FOM1K2,2022-04-29 13:56:05
oTvJOF1OGCbBQcbaVZf7HjK0MG83,2022-06-15 10:35:59
oUJAWS5RyoYCEqa0x7xx3YMBDIp1,2022-05-28 02:50:25
oUT7Fkz7tuNZ7FRG0VFt05sCNiL2,2021-11-28 14:06:08
oUXXugjG6deYpD3lkd3U2cjSat33,2022-03-28 14:32:17
oUbu8qFmXLeC0VK5qikdZGZzD402,2022-07-24 10:32:11
oUkLMyskv3WOeJ2tr0FhhI12Umh1,2022-04-26 09:29:03
oUp5jPvgomRAOHVSpGkklcrCHVG3,2022-05-14 01:26:37
oUxAW1QvUmPoYoCaViZclGGmlXl1,2021-12-21 01:33:01
oUycvhAJ29ULfITiFcRTSsqQOms1,2021-10-02 12:29:32
oVPl9hFlXkdqftojyo14paD9yPA2,2022-03-06 04:25:40
oVPqbPC7UJQ6Up9G9EJUpikLrfB3,2022-03-07 15:57:49
oVSSVerHYNgajuYfockHBiFUzvy1,2022-02-12 01:52:43
oVewuSoXB0czN4ByN7cJqNIi6sI3,2022-05-03 03:55:45
oW6YoRlltJQXXljmpJe3J06veRj2,2022-02-12 01:00:54
oW9Pzb884rgWZtw3HD4sxpYxc213,2022-01-04 18:37:09
oWH6AumaJ3WlM5AGnV3jusU5N5A3,2022-05-23 22:12:43
oWIpjXVSWrbcGfbIeWB8Lv2sSLi2,2022-07-31 18:45:11
oWXfaXeDUvVQ2MPAik8hPfO5E9W2,2022-04-13 08:53:20
oWavUNKIkmYWtqhvGQm3HqhfVms1,2022-07-20 16:32:40
oWyMKoMvG6f10T0PeBnQUS0jTqI2,2021-11-30 02:20:18
oX2SckuAaCWJOsueMxOyEY0Td2A3,2022-06-03 12:40:52
oXBJqJlED0g3tYuAw53oZQvBzfk2,2022-05-21 00:57:36
oXUERn38NKUTRA0NL1xlCSP0eYp2,2022-05-12 06:25:42
oXgRCyjTTGX7mUFXk0HAoOzCOfD3,2021-10-09 15:34:47
oYnM136P2Cc5xy6jW1SMlmetSKO2,2021-10-02 18:17:21
oYqnCDJY98e5VgLHWzQJNsrTz9k1,2022-07-21 13:05:59
oYzCbnzMqmTCRdV6Z2r75JV4pjD3,2022-01-05 06:37:38
oZEivSrUodex3IdZDkAmazdJCEv1,2022-05-31 08:05:33
oZOmVJdzRlT84AgVzlpuGOdLMeE3,2021-11-18 09:07:38
oZTatMmDYcVKfkaEP8GFRr1Pozu1,2022-02-07 16:18:25
oZV6ILuBNKWm4falkEKJwcvt5yA2,2022-07-02 16:49:16
oZi18KDA9xXLPWhAkdU7BSDTXw83,2021-12-16 18:05:00
oZiKp4gMnmOCcdwciYAtMkFi0vz2,2022-07-09 09:58:50
oZnN1eKYz8eOn8VCR1bQIXMcdyC2,2022-02-05 10:51:41
oZrZyk2wakbiRlvHYFLSV4HgZZw2,2022-05-19 19:26:31
oa3X03nWexbO3p9Z5UAYOnXthhz1,2021-10-02 15:18:58
oaHfxMBYSvQ8FNUcGegnN2YJB042,2022-06-13 15:06:46
oaKQbn6MIOU2t7f43z02yhCJStB2,2022-07-10 00:33:50
oaVeUQis7lQ9ZoTjXJimVKQrl552,2021-12-22 06:47:27
oaa1YeWhJdY8QAjWlfFayZdPbMI3,2022-06-21 09:59:40
oapmxD0s04QumJbmveWHENNkRB03,2022-04-17 07:48:27
oapuOB9vJtd0v2VaT8kIlbm07aX2,2022-04-01 07:47:09
oaxGQBjWbSX6gZU1WBFWRh5DkG42,2022-03-17 12:06:16
obCCcrRR4vgrvAiF5IQcgMT9KSF3,2021-12-22 23:07:01
obVuPhShWoc1GlpywnLzl3K3wtD2,2021-10-05 13:00:29
obbMUBQl93fr1u0HrTct3wnJeFG3,2021-10-24 20:35:32
obohaeLOvyYzV6LVK48Js0exZ113,2021-10-08 06:58:12
oc4QxyA9LAbmCGxIxZN6bnItO003,2022-06-22 05:06:36
oc4dv6Q8QCYiaS8Re1BHnmFAiHU2,2022-03-25 16:16:38
oc7BDbEYKkhSMH9P9YbihhiolAp2,2022-07-21 12:32:39
ocFzQfqH2VREdcurxiBHnMAkcDE3,2022-03-19 08:36:07
ocTNHjw7enT5rjNwGNVglvDK0Oo2,2022-04-23 14:10:54
ocw59fY8ZVaV7fsn86mcmupIHR43,2022-05-30 01:13:47
od4E8cSR2qRRk5g2mSdN0EWizv12,2021-11-28 17:41:25
oddCQpGpMVZmbyIdezFIOkPXPzs2,2022-03-25 13:49:02
odwBbT23HOc5PwXta2BVGFzAzyw2,2021-12-22 20:02:46
ofHq2FUFwKU746gV0gztXO0nWc73,2022-07-24 21:22:24
ofIvBbzwfHg5MPBJQeba3UNLT7J2,2022-01-10 14:37:15
ofPzx3k5KuejkBYWXKSMhAgg2Cb2,2022-07-09 17:58:24
ofQ9aGmf90htfbxJDgRcikI188e2,2022-07-20 23:19:35
ofc1PuOpoPNa9XbsFaLD5G595Th2,2022-03-12 05:42:37
ofhZIqJUomYnhCySbFQJMmZGagk2,2021-10-14 17:33:46
ogA1oNgOqLQ1K57pIRiVC0v4nVB3,2022-06-01 01:47:01
ogRdPNwsu1PfAaRMyiSyUbdsrQg1,2022-06-10 11:02:42
ogfOT5dtD9b5NVA7AS3IZlf6Fih1,2022-03-13 03:29:24
ogkd0SMK2sfQHz5kO3jXBJ6RbCJ2,2022-04-24 11:35:36
ogoNXvbaUbgozmwAj4NMHYuaqX12,2022-07-21 17:31:31
oh1V1Cy65Wddg8lMlz7HBmarEct2,2021-10-24 21:23:16
ohh8h5q6HZewv6TWeuUsvNNEeuI2,2022-02-20 22:58:51
oiTU8XYhTrRM2hpuqLL3TJuev8v2,2022-01-24 15:52:48
oieGDPcEUKPMJPEZkpKAqvme0J43,2022-03-26 04:28:08
oiqeun4yKbfE8h8cKmuQgHoLnBr1,2022-05-18 04:02:45
oiqxsNlBdhSkZPwkJALdrp8dr6i1,2022-06-05 09:35:30
ojAtj1x0pMUs994ib7R69sVaWIK2,2022-01-01 14:30:44
ojZPMSx0OXfgtPrm84zGLvGx2uv1,2021-11-16 09:24:29
ojcNcg3tSIgVpeOFMxQ8OykhVIo1,2022-03-28 15:09:57
ojlbaJxOjvTAhU3yTVcLYl79RXn2,2022-01-06 23:12:33
ojt3iNQcvBOHwbnfr6xDzO3wbX13,2021-10-09 11:14:44
ojtF2iF3NAWVgO7sZyxYFIAKZlj1,2022-06-18 05:29:48
ok1v8R9m3AUEMuXJcnvEvKK5adJ2,2022-07-24 17:12:27
ok8wAviVnVSVkirBse4824Im2dC2,2022-02-23 06:19:35
okNcb99yeUZxFbgcrxlyJ326M7p2,2021-10-31 02:10:05
okYwn4RWktRawYd2Yg36aJ4eEYC3,2022-07-12 23:38:21
okbRZyp4bbOIFyqMzs7ypzJZ5of1,2022-04-27 08:40:19
okltiTGCAMPV23hHufUrpi67unv2,2022-04-24 10:30:09
olBVRzFYwKeMMJVGz4zMUwMX5kg2,2022-03-05 23:42:54
olXTDu0dd8eZbLI3GvRM88USw693,2022-05-27 01:23:19
olfr4mOp8cNdO9KEKnG3eibQ9vo2,2022-04-17 03:22:44
olmxTUznUkX52D5yyt2L5PrA3Ak1,2022-04-05 16:30:26
olnkw17B89TiSnP5CNh5ZBwcom03,2022-04-15 19:30:19
omfzmIqzqodkTzNX3QfSUS5kF1p2,2022-05-25 16:53:59
omqEdjDSdYQhfcmjbQc5pALlwoE2,2022-01-12 22:08:19
omqweuRJnscCEUlR0iu5bsPwTC32,2022-06-07 03:09:08
omr3R4sKMqQkXqQw9EJOmHgtd0U2,2022-07-28 19:01:51
onBlkBQCAPeJZl93LmF5sjvVsvj1,2022-07-31 03:17:04
ono1AYljmgQYaxkEMxVBbXEi23Q2,2021-11-08 07:51:25
onxf5BOJIlZNMGEGwQX5c0Efd5m2,2022-04-03 13:41:05
onyi172ekkcmUu6knTOanaK8ohR2,2022-05-14 12:16:40
oo4CzOcWFUcCpimfEwfS335FLS62,2021-12-11 17:19:15
ooE0aM73eTSyeDenDAMQPedkoF73,2021-12-27 10:26:15
ooKaGO6LzeXvmGRWCbc5EZSeF1z1,2022-04-15 15:17:30
ooPmlApUOjVGY2t4adI84fTF9sk2,2022-04-17 04:18:39
ooUJvRcPIVeWFTsQwX6BUYfF3lA2,2022-01-29 13:06:31
ooXWfwN17MbwiNLuAOfGDgD3Pa32,2021-12-29 09:33:55
ooYyHUxigSTmnwpi6r3aNXvEXaJ2,2021-11-18 08:36:39
oonRnQdq6jcAfoC9rZiM5ex5kfx1,2022-04-17 11:31:50
op38DiFaQ4V9V1SNoN66h0o2RLv2,2022-07-20 05:57:36
opBhv8iIFXVrmrwMP8Rc5skvbz93,2022-06-24 09:48:37
opMmiIHuswe91JNoSf3rJUL7Lfn1,2022-06-02 23:33:54
opaaVusRSGey5Y099vpYmkaYSrG2,2022-05-27 03:07:16
opibvv6YwZakoPo12SgARZIoRn52,2022-06-03 09:12:58
opjZUmr99abJ53Ud1OhTAILwooF2,2022-04-28 13:54:45
oqKIXqdbj4WQ022UsGrHLNkmYv32,2022-01-30 09:36:29
oqPa9g4FO8WINb4eQ2z9IcsyXqI3,2021-10-12 12:31:46
oqWmxdIXnaOeymO32OJpfHWIrKx2,2022-04-27 06:07:12
oqwBMDjCe7Pz4KfaKLqIoVxs1er1,2021-10-17 16:08:21
oqwoJV5zircPEHr5n06utDSkCU43,2022-04-10 04:10:05
or4fhpmDE5VPxpdx6g22aydAi1n2,2022-07-22 16:38:50
or6QCXVu7xUngZ4eVPzH2UI9PEd2,2021-10-22 13:27:06
orHY3TgUF5RRpxahY75FJav453c2,2022-07-25 16:16:58
orIFZj7jDNZnvcflUEEtQOrz4092,2022-05-02 13:37:59
orbjF2Ed5oVHU9nTUMTZYLRge0L2,2022-04-29 18:36:18
oriN557D8ZM5H0x1lCGKdUozC0j1,2022-01-14 16:51:42
orjpn29yESTTNI43yrzjJCyyyaY2,2022-03-23 16:53:38
orllZYMHOvdQn2ft87y236p9Spy1,2022-06-01 01:19:59
ort1fzxWgQhXJkV0vpi2a4lIkXJ2,2022-02-16 02:52:19
oruw3812ukU1GiaEJ2zIqVy7c7B2,2022-04-30 06:08:11
orxkd9tCUrdMWdas9M10jlfYIXx2,2022-07-30 11:36:05
osWKwI2CU2ZChxTYZXOQgvLPuBi1,2022-01-24 03:33:16
oslNMl65AZb0xTtS2mhIoynkGwF2,2022-04-03 08:54:51
osr2fG8lLxd4DujYNQhB74aZb1z2,2022-05-05 09:26:34
oszf1UKGDAUbr6ZuRODTNZj9cYW2,2021-11-24 15:21:40
ot1AYd0NEMekS0DxGE9l47c6E6u2,2022-04-06 16:27:42
otZlwLprpQXsJN9lfROTObENN9j2,2022-05-14 12:42:43
ou70DKOiJZZm3djxfbzR5Luj89J3,2022-01-15 17:03:34
ouHE8O4w2AbCxjLyfqhN3pnd4Xy1,2022-07-23 10:28:37
ouMBgQbMOuZ6Bk1awjRAwe2q0wq2,2022-04-22 23:25:05
ouQZYJrzv9dpkVz61JQDxJC5PBv2,2021-10-04 19:20:06
ouTeFSbla9PsewQW9oYAJv8Y9ha2,2021-12-25 16:01:44
ouXKlbc0Ygaru9xcTItsEIhf0Wr2,2022-03-30 10:08:39
ouaxvjdOygR4mGNyzO5Q5BQyAEo2,2022-04-25 09:21:54
oum48WnFZhRQetvJUsIh2ML9MKb2,2022-05-31 00:16:30
ov4uvTpt0lSKmuKH1u3Ywu6tzm13,2022-06-21 07:53:44
ovIi22bE3pZqktDMPaSbbxG86cC3,2022-03-31 08:40:53
ovTuX4ury3eWCfcSeuqKFSNhxhG3,2022-03-08 11:41:03
ovY3kpDfG4ZxGkbPFQMJnR4owim2,2022-03-08 21:12:52
ovonF2HhLkM0c2EIz8Scr50wFlo2,2022-01-06 03:11:13
ovqarNBXs5eaqP7GK9iPRJq6gzD3,2021-12-24 11:51:01
ovtiFOAvCPcbdhpZHgRWxv9CbFf1,2022-05-11 05:15:41
ovyhG19cy7OWdpObK0DGGaVVM573,2022-07-09 15:22:15
ow6Za9VddcZpqam8gXv3UrXFIrM2,2022-04-02 20:14:53
ow8BlgnNgzYDqyqZWVprVePm2JS2,2022-03-28 15:31:59
owACaGpBXZXGRfM7h3TALAzsKOV2,2022-06-10 18:44:32
owDYNm6DuAVBgfO3frT2TZ6QfUx1,2022-03-01 21:53:26
owJoTXpUpQfohBhPpHLOjE1HBM62,2021-12-14 17:13:04
owUJCMOyN9eax3yy2F2hlVqTw5Q2,2022-06-01 16:15:01
owYkmM3RAKazqj7mQ4pFfpboNdk1,2021-12-06 13:46:14
owlcFw35aSe9Uv33OHXs5dxLOom2,2021-11-07 19:37:59
ownvUc2BDyaUgScpsGZXpJGNEPy1,2022-04-11 23:09:27
ows8xHzQ4yYZaxQKIxkLy11rehK2,2021-12-18 01:55:40
oxDCo9vSpgg394Lj5Kib5WcaMT93,2022-02-09 09:05:13
oxmYN8oZPwhaSVI1TZFq7wNvhUw2,2022-03-31 00:34:24
oxvSJqivZBgyqvDYuJTvF67OWxV2,2022-05-04 17:49:33
oy5JcAVzdMbxDxzj0NwZOOoGXGI2,2022-05-04 11:53:45
oyRbfjF2GiQ573AXnZgwpg9KiDZ2,2021-11-28 17:51:29
oyVzslYKSIhJr7UKBut0ZQODwTI3,2021-12-02 10:50:16
oya13cpvKgdKHEADw4tyYLzqqO42,2022-01-09 15:48:12
oymzzDmT0PgSUncz2sfiXw9kndS2,2022-04-26 22:01:41
ozCBNdAlsDdtLl6UzDIsOIZP4VE2,2022-07-30 13:18:19
ozGCxOJ97cTTw2MAoWnEoGoo1jS2,2021-12-01 12:37:53
ozQd99jALlTAN0q0zF67X1l5iab2,2021-11-25 21:35:37
ozS1ItOPsucUPGnLv9azGDCzFeu2,2022-05-09 14:13:37
ozrWZOp4SKXfJi4d1ZZ4ZYqXoUD2,2022-05-14 06:06:30
ozzY4SVb5VMcf49vR0WJCgdUkpd2,2022-07-24 23:57:39
p01tr85OZoVXnmWLRU8QgW1zWZM2,2022-05-29 10:54:37
p0BRVX2NkdhooDdwHmb0z17ZJzC3,2021-12-25 12:40:09
p0IUDeDbaBOJN6C42YyQQYKA2Or2,2022-05-26 19:02:33
p0NjN2pbEAS0vaVvYfxFWhyQRSg2,2022-04-06 11:27:53
p0SEKR4v1IhfzxXwU6wLjiq1aY62,2022-03-03 09:54:36
p0SLDXI7p2TVzlcH4Izjymuq08H2,2022-03-31 17:20:22
p0jvpA5YzCYEfVv1BoO85AVHwsa2,2022-05-08 01:54:04
p0myXRzudtdqHleQJpuNY3rl7lz2,2022-01-19 20:33:59
p0u1chIYevd0CdFfHJIGAelQ5j92,2021-11-08 22:04:16
p0xf4VPunJhWj5Sy9Knp331rMpJ2,2022-03-03 12:53:02
p18yQ7G1VcPxlzLuObyijcGbnCQ2,2022-05-29 10:03:01
p1BpqwnMk3TWYzTn26HQfBVuNdF2,2021-11-13 00:28:59
p1F5wj4cehgkB9UhSOkeWwQKm6I2,2022-05-21 01:43:02
p1OUwg19XBMdBZRpxh2rk5aMExA2,2022-07-08 22:57:52
p1XO6Ay57yVDbY9tOpvhNPEQtoE3,2022-05-29 05:30:39
p1q8IsqVJzSF1kHQSE0R90g6oU42,2021-12-21 00:42:53
p1uvazBlhyZYxAAmuCuNgCu4JfZ2,2022-05-07 05:49:25
p21AXe6fYgc2EIXJgSvcxEyFjyR2,2022-06-29 05:59:22
p2Rbq2ccXRaLrIMjFxjmsjrcqF33,2022-07-10 07:10:12
p2a4rODdsyR3DNBp8jOLbQ8x7ZC3,2022-03-29 18:06:15
p2k7sS6UKrOUiAkZwExBwKbZBrb2,2022-05-26 10:54:39
p2m3QVrhK5YHCt14lNM8QOxQpfE3,2021-11-28 15:15:01
p2pJ5UqsDFVVU4Jfr2BZ8Z7MNSB2,2022-03-04 21:38:55
p2rZqXEz1XXM2AN2kENINk1YLqr1,2022-01-02 14:10:52
p2xlroW16yUc9vGs98JZ2cvzEQ72,2021-12-12 13:44:24
p325QFVHYQRFsmFGsP0Es9Rpfex1,2022-06-13 21:07:09
p32wycphSjQwfUbCLWZjfVhyLq22,2022-04-03 16:30:12
p34koLmmCxaI2zU4Y0MmK86ylln2,2022-04-09 12:31:50
p3D4FJftoehdJCkKknfzsZqhG2r1,2022-05-10 20:22:01
p3J4nIbPXRUcpM0QFKbbG2hGSfn2,2022-07-20 14:09:41
p3RiOC6M7qelQAUAi9Uvr3zqO3K3,2022-01-24 20:52:22
p3Zy8L71y2VYudUX1UvPyb7fsFs2,2022-05-28 04:00:55
p3h5SaO61JfuCJCyOnqXnhh5VWi2,2022-05-25 04:23:35
p3hOyv13h2UkkLY4dCkwqUeFQSW2,2022-03-22 03:03:08
p3hquLgNbnP9hKIcqKaeMpZaOMm2,2022-04-06 14:53:17
p3iiFpQcGDVGi3tFFOn3tjS4u6i2,2021-11-27 18:58:02
p44h7SSRowYULAP7lSAg3DShjip1,2022-07-20 12:03:25
p4FKAslBnMbbGjtReWKJ6AcYS3g2,2022-08-01 11:53:02
p4erH87oDwRjJXznmnfsp0mHjMT2,2021-10-23 01:06:40
p4glD2FSFTXSjDIgSO7Ws3Ww4x12,2022-06-06 22:25:24
p4wlxS3dh0cH4PtUywx4ptY8Y2D2,2022-05-26 06:34:22
p50KlM9tUHOUYh7Gc24FB2Qcu4T2,2022-02-22 04:27:38
p59pxdTLX2bwzpKAXRkneAbTPQg1,2021-10-25 10:49:44
p5VFl2xazqOi84PgEuM5ujEr8Sp2,2021-11-29 08:12:40
p5YZtpWEyASfbeEJ8PFqWZDgjpn1,2022-05-08 14:04:37
p5pQAbjjEKVTm6BkDDjjtdUF7O03,2021-12-25 20:52:43
p6hb4SeVXiPQFKhD0uA9vcd2TvE3,2022-05-31 00:00:55
p7cOESIoGCcHYZ5iO9MeU7KYuzt2,2021-11-09 19:09:52
p7rzY7y3ZDW4pLMBLNA6XDCaCLG2,2022-02-10 15:25:41
p7vzF9Wq5ZfBCcyy6vw82VTfTTo1,2022-06-30 05:23:17
p89pkyPs0Pc8Se6VIq9p5HoBovF3,2022-03-11 23:52:05
p8Kclo7PUASKjjb2ZXpedGvwFp43,2022-06-12 14:59:43
p8NT3LqPDWQqffvioGc3BjCp3023,2021-11-27 01:25:51
p8VayePFH4VzoJK7J3CTeGKEdHH3,2022-04-30 23:01:50
p8b5XQ8GckbekbAx3bMxJWBH1jM2,2022-04-12 02:45:04
p8pp9NlxVMRpcXil2UPYIfohkF83,2022-03-05 21:10:03
p96NMo1APDTsruhzfzDNo1XC04k1,2022-04-24 12:51:16
p9ZxGT1iXvTizmJXqewDu1PXQsr2,2021-10-24 10:20:25
p9avZS4rFhVds1ftB0LBuXe241s2,2022-05-04 18:08:40
p9fQSXWuTBaW2GEE6bKv3V9UT2w1,2022-07-27 03:56:49
pAjNUl6HSifLx815brYiNf2xVvD3,2022-05-28 11:43:50
pAwN1LQruSd63lBXN7UuJVAGace2,2022-04-25 20:39:28
pB6WD58EpKQbxrDrdcocUcCmvvf1,2022-04-04 04:55:13
pB7yZU7lTxQVQRfJiczWodv9DMx2,2022-05-16 05:43:38
pB9tOOPe3eN42UNs3QOs8zGCzgy2,2022-04-29 23:27:08
pBFOCFQSh9WY9xOFi4lOGVVVfYn2,2021-11-18 13:03:40
pBGSFHTRLDQRAIlt4lFQyzVm8BJ3,2022-07-03 14:17:37
pBKjaHzxgPYnQ79Y0aVxY6D5RMZ2,2022-04-06 05:30:41
pBLcpGwevebx1YgdHvSDa7htV4Q2,2022-01-28 21:56:14
pBcqvbNdhQbzLtcxDScl6QeZwQs2,2021-11-06 12:56:14
pBlpjTigc6dbUudiOggraoQGOCz1,2022-02-14 10:45:11
pBsCNxDemHUEyTxcxLsiVOYyF2q1,2021-11-28 01:07:51
pC5AU7fBqDUDuUnL3qKaLmXLn642,2022-05-07 13:15:37
pCVOOSCGZ1P3zn3xvFWCKajXDdH2,2021-11-14 09:05:18
pCX8daijFTdR2ly0ZvwxKNIw6Ws1,2022-04-10 15:38:35
pCltCRqBFxTOGqyRoQtii3jgNcr1,2021-10-20 10:04:31
pDKtKJT623buA7FyirkM4USMt0k2,2021-11-24 04:34:19
pDbKZ8KmPbZ9CR7zb1nfoepMOAz1,2021-12-21 09:32:34
pDeDSfZnzRXiWr9nMzzbgoKeOWZ2,2022-04-02 14:17:51
pE6eCEsUZASvUemONcwbFuatej83,2022-06-02 14:52:18
pERhuJ4vvbcNtGSZmXSEvlEyDQZ2,2022-03-07 06:39:45
pETK2hp7GKOnboqrKNMrnELCdLu1,2022-03-18 16:53:58
pErklZfYhwaFJn1Pn4N0b4YiBEB2,2022-04-15 02:56:28
pGHJeX97jtX1bpK6aw27qpc7yi82,2022-04-29 02:36:26
pGMojJlnB6fxq5QJi5qoCCowE1s2,2021-11-16 07:02:56
pGSAYxWARWVc87hlcehLJrjVRL73,2022-04-05 14:14:23
pGSlP2MIkoXsfHzNkJOq2PlDNaw2,2022-06-17 09:22:07
pGUATzbeZagODYKvFBUGkqOddcC2,2022-07-03 01:54:33
pGzjuFrRAbUGhNZ5cwCJ7WCfPiE2,2022-07-30 18:11:32
pHT57vcstpPl5M7GOzemFXGZ0WC3,2022-05-11 11:47:45
pHddPjEDjPTxAbGvCP0S2AReGYE3,2021-10-06 00:13:09
pI8OinPiWgfk26e9Euzt7psTmvz1,2022-03-26 18:44:20
pI9FuWJYJSZFGotuAwDOz3p8dWK2,2022-07-24 10:47:00
pIHtJkxy6MZTrBeLpKzY2Zb9amc2,2021-11-10 08:19:18
pIVkvecwvRTrTtmwu7s0ADQtLTG2,2022-03-09 13:02:51
pIWOiPeBvqSWrYaj16pDLHpusY62,2022-07-28 20:18:39
pJBlXEOCylMKtbXvnGUdnMUzlOf1,2022-06-13 16:41:47
pJCEIfNF2VWjtPqMDS4pYtyfsql1,2022-04-05 10:04:42
pJIDPbR0sqZ8mIU2onTjnG5biDZ2,2022-04-20 09:31:15
pJLLwxQcvShl3kpcwColTXhcBbn1,2021-10-22 03:53:08
pJnG3n41SchBjkDbiwXz1WdTJRF3,2021-10-28 13:58:19
pJp6wcjQNnalmv01oo4NkeBV88b2,2022-06-27 17:31:53
pJq2zJ84HzO9zZEUlHq97fP1hYJ2,2022-03-07 14:48:25
pJyD4EeBmwbALgj7N7Kn58eTNT22,2022-05-28 14:14:46
pLJTmD1beyPJGd61dc5IKHLZqi62,2022-05-10 11:00:18
pLmU32EfwGfIns4XUBu313459hj2,2022-05-05 22:10:35
pLrWqcnCapf4b8ChQSaTEAGtOJE3,2022-07-06 06:44:26
pMWKSFjAQzLj1UhBbT8izFosV9P2,2021-11-19 06:24:01
pMq5Z9Dk1dRjRsAQ7sTGkz6xRfI2,2022-05-04 02:56:08
pMuKJFAyRFXNetdOtR89ntzctCq2,2022-07-16 00:44:35
pN2fzEEEyAfaLzCXqNOcwcpRdGm1,2022-01-14 05:29:12
pNCyjaCA5jR1sOckMMBZnFtqpIF3,2021-11-15 19:40:37
pNOZVCzRaiOOuaIhdMVmZAquL212,2022-07-11 14:31:30
pNT15cmqvygEdfndQy4G0H6gtrk1,2022-05-10 06:38:43
pNTRPl1HV6RGmWkTfTIPuql8S7o1,2021-10-04 08:34:18
pNbWRwbcAOXMCJ6j9ofbPq4Uw2D2,2022-04-21 16:13:29
pOAfiMdRBOUTiRAntEKK6l51Olk1,2022-04-26 21:30:56
pOltmtF9YPUXd02pHsdVsflilXn2,2021-11-06 04:23:01
pP8eR9hPledtR9h7qaJpLZMqRF83,2022-04-14 14:12:58
pPJ9Cu9T7sSIIW2Je7L8qrf4JMo2,2022-06-19 13:29:07
pPVjcQSjxqU2egxI97sdQ68rytz2,2022-04-17 03:06:06
pPnuU2bGX7R4Fjh6ZHxi2EzuXOB3,2021-12-29 05:54:05
pPraYFxZtjQbnvvfdOpA6mHO3Vk1,2022-04-11 18:09:32
pPy6riFJOEdcg9UZD4LLFtfz5fB3,2021-10-10 07:35:36
pPznpms15NOJ2Yyd0ZfIHPW0qW43,2022-01-03 21:41:12
pQ02iUH7TTMRETSWvL30px20CxC2,2021-10-21 05:14:59
pQu1Aiik8HMWNKh3nrZUvmMMs5k2,2022-03-05 05:08:31
pR3XIf38d0aKbxPePnbBKakWZTD2,2022-07-02 14:35:06
pRICYg6vRFfrT5T8fQsfcWIKUNt2,2021-10-22 11:32:15
pRRJLf2n9WUwC4dYAkqWr4rYeR52,2021-11-27 01:19:36
pS5ujsRqT1aQk5PQongpoZ00xVF2,2022-05-01 15:32:34
pSBkviEHKddTArJXS6YMX8KOBII2,2022-06-07 22:52:37
pSEUXCwjXTOQi2Cib8Ms166HjXV2,2022-01-04 20:45:56
pSIeSBKNuLZfSNnfoAP3aF3E8vH2,2022-05-24 02:04:14
pSo89vRbwKTPbhUGmTVL3wAldHM2,2022-04-23 23:53:29
pTJSFOwWMCbb2b50GfuCJABzvYs2,2021-10-18 02:50:06
pTJz5mDid6bDU9jlYvecjYeV2wh2,2021-11-03 10:03:00
pTgfmd9ECQZJUNqsZP4fZLLrg9C2,2021-12-31 11:53:56
pTnuoehc22gXVtulbVN4ZDUbHS33,2021-11-22 12:40:26
pTrtAjnM5OhWdgoxklBNqjpKlo63,2022-05-20 19:53:18
pTtBMncrJBcfPJ6XlFLbwHCB3DJ2,2022-06-10 16:10:02
pTteZyKYukXMhW72hvUde3rascD2,2022-03-01 11:03:33
pU1U7sGCR6f4qOw7zQXHfrFIuDz2,2022-04-15 14:44:10
pUF7C8hcFkRy0Hxqo4qGefrZgJg1,2022-04-18 21:07:14
pUGwO7wdFsWMp2YzP2GuTPKBP3u2,2022-04-18 09:34:28
pUJ7KzQN5bYvgr6yUX5spwLMjIh1,2021-12-22 14:26:09
pUiNqC23UTWOtLJbGqDRuOap5Tn2,2022-03-26 10:22:37
pV0FWbA46Za7vdIMc7qECdjx8bg2,2022-03-10 10:19:00
pVCP3LIbTITyyt0EEacbjgCTbUB3,2022-05-11 13:07:49
pW33fAM85QMmXBkuTCJyhakzeh63,2021-10-26 01:35:41
pWHrYaZ6ZPbJroqIbMS30NvdjQ72,2022-03-05 13:11:09
pWKyHU7nrDS5qwEwpWjwEwPcVDR2,2021-11-30 09:23:04
pWmkFHdjj6UVyJq4ojjNpE2DGnD2,2022-07-29 08:53:17
pXdz2w8suURxxbNKdmXBxDhbxzp2,2022-04-22 00:00:57
pYJaRBXCHhQgUPHASZy1kiggWiz1,2022-03-30 21:40:18
pYQobwQ9XpgmpadQWO2mf7biTUS2,2022-07-04 04:53:59
pYZtplHF0jgmbNZLziB3hVPETIm1,2021-11-02 17:49:19
pYfMz2Gcp8YW8F3aThJIj4ogROv2,2022-05-27 07:43:59
pYknz2ITHxQEOlVb7cLDSEvTmTH3,2022-01-02 16:00:19
pYw5EmtvLWP0MK5nSQ4S2bc9X033,2022-03-26 16:48:53
pZOBeIK7ixPQKeKkCAnnZ6zjnh23,2021-10-08 19:39:02
pZYgEOxuAsfK8ztWsJTB6GYHcWy1,2022-06-03 13:44:57
pZg1uDPgHof3fz04OdLgcQXoaLE2,2022-06-07 14:10:08
pZhVNu79bbdJiyLJXzuHibbuDFr2,2022-01-31 02:57:19
pZtF0EtfcresQr9qMRg2Y4YPvqz2,2021-12-10 12:11:24
pZudLpsZ28fwlxw9CjpPEuLH86p1,2022-04-15 03:51:05
palVHMUhusgTDci5q917nwZHqTs1,2022-05-07 17:56:02
pap2d422Zoep3Dxa2Bns0DN7ahD2,2022-04-27 02:04:13
pax9Vk3rdTbyYRWXSAFzuWaw3R23,2022-07-15 15:23:24
pb2uVTnD9wMxSoiUsy81gKAhkbM2,2021-11-29 16:23:53
pb39QqvEjsZ3mhlxp37REj7DRlO2,2022-02-21 13:04:05
pb5epcXIH4a48WAekwExxrzUpgM2,2022-05-30 01:28:13
pbG4G71TUTRrVX2yd1ENEzuIUT62,2022-04-22 16:40:15
pbOF5xxz1VeEopNqpgAe5V0tZvv2,2022-04-24 04:43:37
pbuKIdPrvVRW7fWzu28GeuqE8F52,2021-10-30 20:30:17
pbyjhC5L6qVX2NBBJ0BdiIicc0k1,2022-03-17 01:45:02
pcLiWUi5cHhyCG72MTIu2495Tzu1,2022-07-10 20:13:58
pcT0oTyQWEc3VO2n16xBtcFTZuy2,2021-10-22 14:43:46
pcbiwjLxpkMhk1KVSD2hvU2Fakw1,2022-05-08 09:58:55
pcngGtODi0gQzFcE3KvsZaQQpiL2,2022-01-14 09:59:24
pctfcVuhOuZhaDS4ZTRuvsEJtMe2,2021-10-17 20:18:16
pdBq1zGjdjQfX4KYGbPHRbwztGq1,2022-04-02 06:25:11
pdCisfp9GSS7TY81TGiinfM2XBG3,2021-10-16 05:28:14
pdSQ9vohSSMp4z8EtjNz62T8aQE2,2022-03-29 18:15:09
pdzHqbeyPxXSjZSOPWxiZ7rTxWf1,2022-02-20 20:40:23
pe0EldqeyNUXuAbDXBQHlVFZjUo2,2022-03-25 09:42:02
pe93b60sNdYMMBNos4Dvsjahpus1,2022-03-06 07:15:35
peZjnbCQNGUcLHLpY7sLFJxsHzX2,2021-10-11 05:22:12
peiAZtpasuNX410prcMcXnj0Ntk1,2022-04-25 17:33:56
permoHmfIDaQ9792l63oPXe1Itq1,2022-04-20 05:28:24
pex3Q9CBDLMBLDX0YsPoq8VbFPu1,2021-10-30 11:05:16
pf60z5YdiSPYyELfhmMhYWkzHcc2,2022-06-01 16:48:27
pfCTQUr7iAUkaRaipZEBZ5mnyxC3,2022-03-09 20:19:09
pfM3oLNgN8Zofxtx3tubRoVvECz1,2021-12-26 22:00:08
pfa0bLi7L2eWaAYGkpkxJBsfCX03,2022-05-14 17:32:20
pfbiG7PletUN8IM4Ko70gtX9Lrq2,2022-05-07 14:54:16
pfgTIMkgr4efQFjatHNw4ozksZu1,2022-05-05 19:55:58
pg84O65J8aZTVyQF6EbEPsah9m63,2022-04-05 14:23:15
pg8lehfPgaRYl94oBiftDtG8tMX2,2022-03-01 21:09:20
pgSQ9cB5fWhPMP4OTBWtksybhQv2,2021-11-24 15:40:27
pgSo6gxindeUVFhiFQVdh1sdOuA2,2022-07-21 07:25:29
pgcKAPb4NINcHm4IQiaXk6jLjcM2,2021-11-30 18:31:32
pgjHWGiPIPSMC5JpfOKDJGYl0ow1,2022-05-29 14:10:38
pgnn59nz3kPAeyDbWJmUDe8ZjHz2,2022-01-17 08:01:21
pgse16Ig5UO7boqo9vohfm99Urr2,2022-02-16 16:20:12
phW7jsqdmOaRoaLvZrwN88LyjlJ2,2022-04-23 13:05:28
phbvRT11FtM2vipRoOPTfXHQ0hj1,2022-03-07 07:28:07
pi1SjjLICVgjNpHxFmnOUuIoRCf2,2022-02-12 01:01:57
pi8YKR34HTSH4FHqm3ElsSRI3Ns1,2022-05-30 17:20:07
piB7yFqPTVhlTCdKL2lEDHjklZX2,2021-11-28 09:19:36
piPsERsmSxUBCbNzqQbehJ8VTCS2,2022-07-22 08:05:12
piRjUpSukgXtZWGHqHtsqXfBMD22,2022-03-22 23:02:23
picfUnqtODOW9VN1kgV5PlKpSZD2,2022-04-15 04:44:53
pidxSxvbZEeUAFzhTf6GFTJBRAj1,2022-06-11 06:40:24
pjAi18u0hnZIe8nqqu86iW8kEa63,2021-10-26 16:48:26
pjNtRO50HWZHWIlqhprk9tyRot82,2022-04-16 13:45:39
pje9xfHbtMhLx51gtkz5pqDS6sS2,2022-07-20 06:26:01
pjjcryjFSXY4FUNyX8sSCr9uIC82,2022-05-25 16:25:17
pkQ0RNVUAaQvOe6rxlnfRyjQ6xg1,2022-04-23 03:24:42
pkowvQSEmJeIlo9o9BeRr1EMOY43,2021-10-03 14:30:07
pl2RWzAPtMfuHP2CpdiyLdPmeWp2,2022-03-04 20:33:04
plFf7lJwSzUpW0a844X5dXkcqik2,2022-05-23 13:42:54
plKKemjwuJYOKhkwd8gbQoobd2s2,2022-03-21 10:53:23
plMbBqvmnldEkXAUQGFjQpIUZqp2,2022-04-06 05:01:37
plljC5QPwaRKYRdkEpym2Wc7BZR2,2022-04-01 16:33:06
plmYCB6e3NVYPpkCRR72G8Ihpr22,2021-10-12 14:52:41
pm6Djk47G8g9MZ9MHC5LvBcJYRm1,2021-11-24 05:17:24
pmUuTMXk1QcC3AgBa2iF5NLhNhA3,2021-10-13 18:07:53
pmcg4wS9neeaz702Fc7rvOQpYjI2,2022-04-29 10:59:52
pmytfklunCNKEtYZ418Vi3S6OMA2,2022-07-15 23:21:02
pnI1FIPlF5XzbZxeUOc3S1WuXa02,2022-03-03 03:20:14
pnQWKl4oVyVZyDac1iEUtgLrrSZ2,2022-05-24 14:13:32
pnvl9CfN6TTp9zbER3H9w26FLuI3,2022-03-07 14:47:21
pnwXrf5Hf8b5i0QBlbBeuy2RV6Y2,2022-07-26 05:44:38
poB9yQlsEOR9hYXEfdx1jT0BFh93,2022-06-30 10:06:21
poG1VkmIsNZAVqVM1nIEs4s9wdL2,2022-03-10 03:44:36
poqywsj6xWcaHYEWXe2b3qMT87s1,2022-03-25 10:58:14
ppGOxlSCvGcANYOqButeJjv8yPI3,2022-04-05 12:20:05
ppLaesTBDSf63tUP8X1k3nTEn112,2022-04-09 20:05:41
ppTaA5feHKXJaJ2d2SJPfs9ZvA73,2022-07-14 21:26:03
ppckq5gzlKZZTpgmPEo0TqArGUW2,2022-03-19 10:37:36
pq4mlhPHUHY8J8QWc2dROUDHnz72,2022-04-12 09:07:52
pq9TFYT4a8O6aAFkEamjrxk41gC3,2022-04-06 21:02:26
pqgeUqQ7GJa4kA2qtmXSJF2jw462,2022-04-19 02:52:32
pr3bKrsmbabByDjI9YVU8jBxbT73,2022-06-28 04:28:39
prPP9LIMy9VRy8nT14DsNaeujDO2,2022-04-17 10:43:54
prQLe4BFFfZEG4QVv896oT57yNT2,2022-02-27 16:09:40
prhqJdBTjxSGw10cE6Z0oESWHZN2,2022-01-20 19:31:06
prm5eb90bnhrXZNNsr8bgvjFq1X2,2022-03-09 23:16:37
prs0ZIJiWuhryLGPGLX4MwZp9792,2022-02-09 14:25:36
psUf77t9xudMTAQaOZr3THJnj972,2022-01-23 02:11:25
psXKt1olQYbnoMREPZC4l5QkgO03,2022-03-25 12:43:48
psa9W2OlKWcZu8tbw8szdOdpMX22,2022-07-05 08:05:16
pslxL1fEnGQjzp63P4Nh8Rrllx22,2022-07-30 18:11:22
pt6YPUXJaxUiH0l0p8T5xpQUmrF2,2021-10-31 15:37:30
ptEtqc9mu5NBLocDgFs0EGng5022,2022-03-18 07:50:58
ptSIGktbwFUyVtRZwu3EUTkrIPj2,2022-05-10 22:25:43
ptT2ed3ypKWW5DpAgEqmVfBoI052,2022-04-30 02:43:07
ptYGZlN0IeUrZxAhP27sUwfVKWJ3,2022-02-28 16:36:29
ptiiRS8CWvYeeYV4dNVPXfKWh6U2,2022-06-24 13:15:47
ptkbSkYykoNkgNs4ZQBKOYDQuXm2,2022-05-27 08:14:55
ptpWrscs8gNH1xarUKQhIJkmYpt2,2022-06-18 07:14:05
puCvKZWsx6eBa6DrgrxIw40rM692,2022-06-01 14:52:07
puevOxUJvxfgk81xlohQ1hY9sl33,2022-06-25 07:39:36
puw5ED0oVba3SEXmDTRMhPbfZOz1,2022-03-31 12:48:45
pv1fDf0fqRhMyXHkNMOWktS3SoQ2,2022-02-13 02:04:28
pvHvAFxn09Pj6VwQcWCVuYveLbn1,2021-10-21 05:09:46
pva7CKdsYsQf1cQGU89jueONinj1,2022-05-28 09:58:38
pw4bXnsOjvgDwiHuz1exM4Yce7h1,2022-04-15 11:27:09
pw5z69sDXXZ5tqoEkMTleuzTYhw2,2022-04-15 11:20:29
pwsntQFRVQfUjoBqq3MGoTtgbMU2,2022-05-29 14:33:58
px47aiqNYmTQVofFwHhHesz1ewU2,2022-03-27 16:02:29
px9D7xXG72RHm01svZMAmayH5Uo2,2022-01-21 18:15:31
pxatfJxCBoPGbuZbt6YSizLTAE73,2022-02-19 04:05:37
pxsie3JKz3bBYuWHZtpUbDTMpCa2,2022-04-15 10:36:26
pyLPI2PXAKPKUtWNPo8GWhWbq3s2,2022-06-26 06:52:09
pyN2hxARM8Z07UY6cSNrTGhKZMJ2,2022-03-18 10:32:01
pyTn3dAiRZekJLRJX1sQjOky9lG2,2022-03-11 02:21:39
pyj6xSRziuSVRFCzRz6YA3pDe1H3,2022-07-19 17:55:03
pyrXpSfQ7jZ1xXhV8qBXRqUQ5173,2022-06-22 18:12:48
pyuaHNNFCXSKyUFKIVjWXBeP3lD3,2021-12-10 21:06:58
pyzSd7zyYUh04HleC6UQ52GdqM62,2022-04-17 09:04:49
pzH9XwJvobNByttUKOOXNJsikXE2,2022-05-05 10:11:39
pzMWWfFvzNScEViUGQdN2MReGh12,2022-04-04 06:45:40
pzMicMNlN9emFM1YOLlAXGUPuOM2,2022-01-22 02:32:41
pzccwV3raSUnQw887b26qAFB54F3,2021-10-13 21:20:42
pzjWx85cf7WY3JwiSmPF2xHMe3N2,2021-11-01 04:45:13
pzloFIPaRvbpu0rcNc2ys274JRP2,2021-10-08 11:02:47
q04MX6dGHBZs3ULe5H4YNdb65592,2022-07-09 20:20:20
q07FIrMSmuY56PZAyxmlwbXEz9s2,2021-11-26 14:23:51
q0FlxfKfj4S4XFH046xaxCWnEgU2,2022-04-20 11:34:48
q0GoW4LcgrhAAZaNQfYuGMmvyJk1,2022-03-09 07:58:12
q0S9bplMHJe5Xzxrqeufn4EyV2L2,2021-11-18 10:52:55
q1ktewuW7keqpV267PmFn6yd0p13,2021-12-15 17:20:50
q1zkpvGZEjeFrAoccUOINp2XAwk2,2022-06-01 10:44:43
q2BLDTTajdYbvXu87YdWj7mUgwE3,2021-11-28 01:39:35
q2oi9cCLmCPb2T3h3c8kFT4v8IN2,2022-07-27 13:14:11
q3IjI26lXwe2l9k17XzzcdiA6a23,2021-11-24 06:19:48
q3V6OQXnwvgOwMw4XCbaHMZQESG3,2022-06-02 13:36:51
q3V6Y5nrAogJMruqZCF8aeIhI3V2,2022-05-10 10:54:02
q3sEKVsiKvhkUOcgl0aOexWsKjD3,2022-06-01 03:47:46
q42tkCJmwXgHiR0s65tcrByLlZx2,2022-03-20 04:22:24
q4589LnzNRT0MAid66gOmQM63fi2,2022-02-05 13:50:30
q45FZn6rRWNvPdVw8Nc2axMf4xB2,2022-04-13 22:17:52
q488kb4uSnVvaPx1r7jVUepxQA52,2022-06-04 16:21:45
q49qz2HDy4MwYe4iXR8ZvCZPU2x2,2022-04-17 03:19:20
q4BTLZjvaYUPALWCmINPUjIEvms2,2022-06-09 09:38:42
q4fEUOAZDQdKe7iQ3CqI63QblAD2,2022-03-01 15:51:00
q4mtNo7sqgQlhwEiF1oRsCMNypI3,2021-11-12 15:07:04
q4nSEUa1yZQyms57biB5rr1PSYy2,2022-05-23 21:08:49
q5AsT0yleZWjWcvNkXNsvftHygx1,2022-01-29 16:12:52
q5VXkG7cHXOWhCHJMliJEI01zNX2,2022-04-28 15:56:58
q5bP5MoxI6bZ0EZ02CTcvxvncEz2,2022-01-03 19:44:17
q5qDryod4ZNHTldcmt4G0CHkPEt2,2021-10-24 16:32:12
q5y3Q4iKBdfcG1TwKq1R1rLyVo22,2022-03-05 22:35:04
q5yigZlUm0R9YKve27tKvl5T3E92,2022-07-01 03:23:37
q662gYz1tvheXMjgtmxWnTWGBnS2,2022-01-30 22:48:09
q6HjEtBkIeNzwmYQQv4jlMNI8Gu1,2022-03-25 23:53:13
q6V9f9MuadcHVUH3uys29exyK133,2021-10-25 05:46:47
q6nMFj8ENidGMb4sVxBJy5Ek48w2,2021-11-13 03:09:36
q6v2Gw2hHBPMxMmOQzXy2fssW1G2,2021-11-22 05:14:26
q6voz5mCWPWDqRNG4S6emvkArM83,2021-11-11 12:46:23
q77RBY6zKQYfT2ovA7APb0B4Pr23,2022-04-26 00:28:18
q7P3U2qKMrOKCY5h9wKQdXhoPX02,2022-06-25 22:24:59
q7TA9MgQRferuemM5BbTYBNGWcH3,2021-10-08 00:15:55
q7atzNC1ypd7dZiZrFx5xJyHWDD2,2022-01-20 18:30:16
q7bBnpPVgbRxY1BCHAQH3WXzp8r2,2022-06-17 06:33:22
q7ozpgEoNsgvm0h31Bbvq5bBZo43,2022-05-31 21:18:45
q7qsLc94mVfNz560E60hXbmeoiD3,2022-05-21 13:03:37
q847eQK3OVWnbH9RAVYZoOuqyT82,2022-05-28 15:56:49
q8atEO1vh1dmbkwQdZnLOwg1I6g1,2022-04-05 11:25:47
q8h6YAdt4FX1eT5geWxei07CRt22,2021-10-25 18:29:54
q8owpB8oMdfxYMr0tb5upMSMA822,2022-04-18 08:20:10
q9A6MbkQj5RzDUuxWcCoRMVuvkp2,2021-12-23 02:56:25
q9ErqCE2jgUZWhuCIglLE5532t93,2022-06-13 11:47:16
q9ZFLgIphRVxFuLKOf8Flm3qNyo1,2022-04-26 09:21:39
q9mUKWKQ4iaq3ugq1JucUTjlH4J3,2022-05-11 00:57:35
q9qsGtdhUcVGksmvdLCtrNuOsmr2,2022-04-10 09:28:51
q9vPg2CSJsZnRzImR9aUJKRpZ2R2,2022-03-06 17:15:47
qABcmYWTEqgs2dfx0UJCR1pJBPk2,2022-01-10 07:29:11
qAJlxk9SdIctp13NEIwUgoBUxfA3,2021-11-01 02:37:47
qASH1MrEPhREkNm7rAnPtgaqnWu2,2022-04-04 04:24:39
qAUOm4Y4pnMCuPeXHrmkfgeKTXn2,2022-05-03 06:51:25
qAVoixvhi4UNaqtqgNj5q8gXUVx1,2022-06-30 15:22:25
qAtyTrrrg2d7mgz0Or4pwUjQ15W2,2022-03-09 21:52:06
qAv4bch47Hf9ZFUU3G1ebtDE9dC2,2021-10-17 12:53:19
qAxBMZNNfYagkEiVmPeaAyJIscj1,2022-03-07 14:48:39
qB9HpLJgvWS7V3Y2t1xl6NxYi4D3,2022-06-13 07:34:24
qB9joVXAHoNUilgCIRgplFJyvan1,2022-05-07 14:16:41
qBHML5ccefgo05ssyqS04Smbd1x2,2022-05-28 09:14:50
qBehxCM7iRPdzoy7bMvLlduYanD3,2021-10-14 13:28:31
qBvYQgLGX2dMTfeu1N97ylK4HE43,2022-04-07 09:00:05
qBxdFZTFkmZKK44EZRGF7xMvZk23,2021-10-03 02:01:14
qC9PsldOQhfDdb8GbRgTT2ueAd13,2022-04-14 19:08:41
qCW90UpjijWhxjLkXrBKnpXtZex2,2021-11-05 04:25:40
qCnICvRNjmcVAVm1a0GpKdq0V5g2,2021-11-19 03:45:56
qDH7tsjV0fS17qzTJFuhU1EjW4H3,2022-04-08 04:43:45
qDIUH2rxhjVb5tv1VA16jd25UzI3,2022-04-11 05:03:10
qDpGDIqytQgiaBlVJNqLecndUYm1,2022-04-06 18:36:37
qDzlsVBnLUgomlAq40mgnoNKlsm1,2022-07-20 13:38:18
qEDX2hoqd0UZJRnFuSOjDpNBDLw1,2022-04-21 11:25:26
qESk49YikqWCtNEvsAy7F8UmYLP2,2021-12-14 11:57:35
qEW0iiP5FkOk7I9FaBJurUxoWRg2,2022-04-30 07:09:01
qEadDwQR8Fg798cMGy07FWMYOLC3,2022-07-06 09:26:24
qErJDmTcf0U6T3dYfBrSd73FIvE3,2022-07-28 17:13:05
qErPKfsbdxXgFWqwnVoVXWTi21H2,2021-12-29 13:00:22
qF771N8zj0PWhdbPGNeNIRAxtG42,2022-05-02 12:40:21
qFShXX2xuAO8dL8dQnsCUpVbVWm1,2022-03-16 00:36:12
qFy833rzp0auQ4uUCKIBSUYBqAC2,2021-10-09 03:45:12
qG62f6FH7laj3VIH47Mx3g7kNYT2,2022-07-03 02:09:08
qG9AltdmboZyq2p4ELtgbt3slpB2,2022-06-12 15:14:17
qGRuXbv1W2NbEDv2dL0VgZtw3Pg1,2022-04-22 11:24:38
qGla20FBBbdsDqCkuhtVG94kAsY2,2021-11-17 23:14:49
qH1nenw4hfd99KLEybxR0U4AZ7l2,2022-05-28 16:50:33
qHHQEDg5mtOsERk6YUqLP3ZEquX2,2021-12-08 01:53:29
qHLAlNKc7ySemQ0GCH4jdMlWjlJ2,2021-12-26 17:33:09
qHY4NQnDTnQ3nEpoVc9D82AopSk1,2022-03-02 11:12:25
qHsa61ngiVTCqzPKJaObSKc3e5r2,2022-04-30 09:46:29
qHx0lO0POMbPQpj7QEg7k4L8N2F3,2022-03-04 12:23:39
qI854FMTkHR83vMAmSod4p789ne2,2022-07-30 02:55:37
qIHd47JSMJe8eWT5SHrZtmgRU1u2,2022-06-01 10:52:20
qImIVf7BTUacRhpODCCa1C5WCqh2,2022-04-16 14:48:37
qIsijLeGYCX8km659Shp2kOFgTf1,2022-03-28 13:08:42
qJ0f3eUdF3dKAQ9Otbog1cxPTXo1,2022-04-08 01:45:28
qJ3tqiWSzmPCTXS6X1etELa5g7r1,2022-01-30 16:03:38
qJ7xqGfV2nQoYXOgwh00AxQYkRA3,2022-02-28 06:08:21
qJAKbM5MiBb2gYTXZTmqEeoGk672,2022-01-16 13:36:33
qJEgtjhGl9d4cII9K7GTjM67CO82,2022-04-29 14:32:28
qJFISD9I7FeAZPX66HMtGq9QhD33,2022-06-11 16:15:41
qJLII1PhCkYSf058i6CVmhcnsOJ3,2021-12-07 13:43:21
qJg74mxaPuSMtD80Q0kbIfF7sT32,2022-06-21 13:59:21
qJwBIMVFhvRQPf1I00D9SHzjfNI3,2022-04-03 01:20:07
qK7aUWBhqAc37crisBahkKRGtpn1,2021-10-05 14:13:59
qKBPDv1JhuXAnr47pH9h1X1XONc2,2021-11-10 16:56:42
qKNFimixBKSLz4zLoE9CZydALXR2,2022-02-07 12:43:05
qKafFeVQVFMI7WLWVkIhXRQ6m5V2,2021-12-26 15:55:58
qKcZqUfq3jbi7lXAhKT2Ow6bcPF3,2022-03-08 21:05:02
qKsOPZfUI6OnnM6UHhjSOOwGGmn1,2021-11-15 04:34:15
qKuQvAqJuWZTjzwGrM3240tmuQu2,2022-07-19 08:27:47
qL7rHRLWGMOu5uJhTJF47hL0HHj2,2022-02-20 20:47:12
qLGBWgcMY5WIyaevkWguwqy1iFE3,2021-10-03 11:52:53
qLGwWP7LilNnZYaiszBRD6JFkId2,2022-05-31 10:49:48
qLemfbTbqZg2Kfxhp2JcqAx8VM13,2021-10-24 10:18:19
qLmbhGcqRiMhEQsl9RWAKt2PLGP2,2022-06-09 08:17:13
qLopM8jzmvSbAj5tQN1CdxPOdSp2,2022-03-31 16:16:25
qLuwMbptvihnb8htXxOYUXZfxTy1,2022-07-12 15:41:55
qM33GHPA4Gfo254gA72K7bZmQie2,2022-03-29 02:15:19
qM7CjIBCY4VPvAtpPCBt1jadjUw2,2022-07-31 17:33:30
qMAiQFYMz2ZKUq6sfNW7WNIJawA2,2022-05-10 22:27:15
qMBRnobwAJbeR3XaHbgIwWk2f6C2,2021-10-27 13:15:33
qMDG4vuYBxQZ6FJ3BNeSKjiWkDn2,2022-05-30 02:28:19
qMGDWvPLlIUIS4ifzwuIj6C7wfo1,2022-03-22 08:10:06
qMYFgWDwGKVqRH201VI6xCWDvcQ2,2022-03-05 11:30:34
qMce9kYUyLU8rW8HzJWaxC9blg42,2022-04-29 08:28:48
qMdTBhEUcsY63HGqFsujixULVTk2,2021-10-18 16:37:26
qMyKHwcfZ0dgOjHGwMkzqzYVOTl1,2021-10-03 06:50:57
qNAhrUafGZXeGb54slO3XQnudi42,2021-10-27 13:05:06
qNCJXmH95uWBfPtqSIDSZRJ27h92,2022-05-27 09:29:14
qNGCztjMCvN89YlJKvAuxd0hbA32,2022-02-19 20:40:58
qNGdhT5zapZCgmpPtTwjaip6oMF2,2021-12-14 01:02:51
qNMdXDQDzSQQDSCXFFHaACHDzmi1,2022-05-06 16:45:05
qNi5x9WLXuS1pMwEBoxupENi2ii1,2022-05-24 15:38:37
qNlOXNJ4xidbrjlSSrohvcwLLfe2,2022-05-28 09:14:41
qOBNGJ43ZsWB3cd9MVs0b41ZVyc2,2022-04-24 05:32:38
qOE0GYmH53VwKarnmuwdCmhEH4t1,2021-10-20 08:37:10
qOeO07BLLKSXp4ZdV3yYjLTVuF92,2022-04-05 22:07:01
qPAuigX7zWgOKACtwhVnmqYFSQG2,2021-10-02 10:20:13
qPNOBARa9PdYQ2zHhIKowZXrR0J2,2022-06-19 12:35:42
qPVzmjTLYrQoBij5sClcrrC40KE3,2022-03-12 02:51:31
qPgo5osaVqca8Gb2zfFGYTFO2SB2,2022-06-20 17:14:51
qQHUWFqATtaTa6jnXO95ih93Grv1,2022-07-28 06:50:26
qQPYHVKVeWRiu4o1mQ2eysHKlxG2,2022-04-04 10:24:03
qQSYLvvuTWQVs8mYQkKzkAjjcGE3,2021-11-29 03:25:03
qQiiYYctBrfNlrpU1hAeoBI32QI2,2022-04-23 05:25:46
qRLOqKBHcMTlrjqkOadoOYY5S0p1,2022-01-28 23:34:04
qROacqJva1dqsQpZR5zldb3b4c12,2022-05-11 13:16:17
qRZgj9HOk4ffESYyQx30BxF6a7Q2,2022-05-16 07:32:10
qRcPZH5QAVcBLHYIwmEikTWMzsI3,2021-11-20 18:37:55
qSPtpLu1uShchvOJqrkHReN3brR2,2022-03-26 03:45:16
qT9uoX71EHQHq68RnoMoNcDDCRg2,2022-03-15 03:52:07
qTbxVCDGBHRC1tPGs11Lm0C7elt2,2022-02-19 00:00:22
qTdB0mkb1yQaiJIoLU5cJkOVGWn1,2021-11-11 04:32:19
qTtoPl2TRfPQrzqte4ME1JVI81M2,2022-03-03 13:34:42
qTztcZ3APjU0LT9PSrW8Uioc6K42,2021-12-24 22:15:50
qU5qBQeXcdcdJq48rZO7XE0TER23,2022-01-23 16:21:03
qUfDw7Lqj6OMjgecDCHRiddoGL23,2022-04-25 08:18:34
qV4vtlDqUYPZfHV1W9AGweV6xJI3,2021-10-11 19:03:03
qV7YvTXXnsfoomI4rIcPG3s8eMh1,2022-06-19 01:10:45
qVA3wYcgucP9Bj3K5VUcNV7JGMl2,2022-03-09 23:04:07
qVMiFsVoOlNr7cuxXelxxur4sHy1,2022-02-26 03:13:26
qVWFuqTSrKgeEfmdEug2Ve8LQtB2,2022-04-02 02:07:07
qVX7RDIIqkUgnpq5OJrf4ymMNPD2,2022-04-11 02:34:20
qVYBuh3n7UVYYA9cjWbg2oVPyDV2,2021-10-13 22:56:31
qVtwNZohl6TGQt1wqz46RrkrVrf2,2022-06-22 14:45:53
qW4RaGTLJYccjoqLTscdkQREL5H2,2021-12-30 07:28:27
qWHS7KtTLbXhqTGkR8RiU78kZOp1,2022-07-28 00:56:22
qWtSPPHYBiZhu3VAtVrh6qkbYOW2,2022-04-21 12:59:31
qX2htgVyqefIUQcUMdi1nFqdUQB2,2021-12-19 10:46:00
qXx793YdtmX81BSDY2yJcliTwa02,2022-06-28 06:46:52
qYCAYQUL0oeIa3UICK3Td9091VG3,2022-06-06 18:47:14
qYDmAsHMq0VJf9X4dhqAgvsCaVA3,2021-10-15 13:34:01
qYO3DkQgDVdvkfakufPnHSsjZuN2,2022-01-22 12:51:21
qYSokj6AttgfZ8C6ynj02K1366Q2,2022-06-30 07:05:17
qYYPg4RCqjceTZf6jizENJCBlbp2,2022-03-29 23:02:16
qYsUXA0O87hk6uRNdPrXs4BHJVU2,2022-07-24 14:10:05
qZRVpKJL1OUloROaqpoyIOnKFBS2,2022-04-13 00:49:42
qZm6r1DXbTdKqLKzcB3y4bYtc663,2022-05-06 07:40:03
qZxx9ZpyfoNFnLdIHo8jwglzWGj1,2021-10-10 16:34:06
qaFqwpPD65bkN1tVo2gG5N3AFcX2,2022-04-13 02:41:31
qaSSOcvuVIez96J9454ZJL2d9Bk2,2021-12-24 04:48:05
qac8y8MepOW0ISod3gmi55YlCT62,2022-04-08 14:03:51
qamVTuDcoCNJOdKuZOPpfU85HU72,2022-05-15 03:59:32
qbORxjPdVDe2dPhkeI75lRSKjBd2,2022-05-29 08:36:40
qbPtlDc68jT2SiTdZTZy8mL1rqp1,2022-03-25 08:42:03
qbQxfTmXKlSx4hr2mIdPrTTjHx62,2022-07-19 14:45:42
qbZAza6uIufqnxY57OlzgKm0RjM2,2022-01-20 23:55:09
qbZZ3WIlNHX03mnP6ev5KCluSJg2,2022-05-11 23:14:14
qbfz6xRfI5e0opSIjvffRX9mrdh1,2022-04-02 05:16:44
qbp9c46mYsa7pvYTpGmajwdmjXA3,2021-12-26 12:48:50
qc2DuxbbtcZOtmzxoHlkImCJSgi1,2022-07-15 11:16:46
qd2aPFFbUoc6hrXYb7zEyseXwqd2,2022-05-08 19:13:45
qdcKQ0Sw0teKzcaI7BsChuY17uJ3,2022-04-07 09:38:31
qdkfsfDNydby8ufVhiAgFX1DFyt2,2022-03-04 17:19:08
qdqTqNuYfDPOIZ5rAtocNCeGAr13,2022-01-27 01:27:36
qdwmFOEy1QWRLATu8PGYRYykX6z2,2022-01-25 11:18:24
qdyfK5h9UifHB1uS92Olqjvj8tH3,2022-05-18 09:41:28
qe6D2ZQQRfOEduX4ipwOI9sTi5k1,2022-03-01 22:36:23
qe6lrKKM4qZQKOlhNnkKPLWmaZx2,2022-03-24 17:56:16
qehuoemwUqSxzQYHzJ0lVOp1U162,2022-07-25 04:29:23
qejcV9rHyLbBo9iWm7NEZnimHp72,2021-12-10 13:13:33
qeqcxYyooPPeRdjgEyHNMx9rP412,2022-04-20 00:56:08
qf0gf7PwfPSgNoHZKq9T3cwHTuB2,2022-01-24 17:08:23
qf42KtnE2PTYkbPXc1CL3T8cnKa2,2022-04-19 00:26:22
qf5IOTyVIjPMt2fl6ZWVAbzg0Xh2,2022-01-19 07:27:49
qfHcpuEpsrQx2t87LuoArvMEN3x1,2021-11-29 15:53:04
qfTUcDfTgNa0pb3bpxwCh02H2EI2,2022-03-18 17:09:09
qft77iitxfcbxMPPLWqH2MIgbis2,2022-07-28 06:03:54
qfxBzIKMJpWMANE9Bv30dAAlFyA3,2022-05-25 04:59:26
qfznLgk2oSUjNu9kbgyqgQg2brh1,2022-02-18 02:41:51
qg3aT4OW3CW8VrMQRmYnwZWKCHS2,2022-06-03 04:44:00
qgVaGyvm7OQ5xvGI6HXSvJBAVBB3,2022-06-09 05:29:25
qgmLSGKILkhTjnd715a8gdfdawA2,2021-12-26 16:07:10
qh3EPKrTGtRB0dAd2CgGqJH0lNG3,2022-05-28 08:41:15
qh6jnbaVVUM3c9yAQtXZGNdh8V63,2022-06-12 10:17:04
qh8QS7DMw4ak9tsWx7KDx2RYjT02,2022-05-28 22:25:37
qhCfc8O1kLT4AdSZOFhFHJmwXmF2,2021-11-10 04:05:49
qhOygrzHPmT4eXmNmMWi1VjwHlp2,2022-03-13 11:58:43
qhUdemKQJfgy4WyAIv0KSLhx8Ft1,2021-11-25 00:57:32
qhmNRxvd5gfxfs4gzjzheJpmLbo2,2022-03-06 04:20:05
qhqNR0nlzTgIBCbrooarRfuohT32,2022-05-17 11:08:19
qhrJlmLU96O0oQVm0xvyUxzem4u2,2021-10-05 08:46:10
qiZgWEU3j9UUoSKZa11pK25SQsR2,2022-04-05 16:37:04
qihcmkdfw1Q5zX1KNEMyyM2h8o92,2021-12-27 14:56:52
qijEzf6JTBWro6DGy0HM1eFS7Pf2,2022-04-14 04:01:17
qiu5a2sy6iO0toP294CwirjBuEs1,2022-05-28 13:48:06
qj0ZrNSqO8ZC01tLX8JSpcbHyeC2,2022-03-18 17:27:32
qj2cHjkDF2UTpm9m65uYnFTEdfN2,2022-04-22 08:32:35
qj7OE4tMKWWBGFFSpucDj1A1ncr2,2022-01-04 17:11:08
qjE1WhasHpYncw6YPY2Wx6EHDhj1,2022-02-23 05:41:38
qjiuzre3inTh7Bv22VwZLwYPTEm1,2022-03-26 03:24:40
qjqodTHMuhXKOowD77K8tf2ZVVv1,2022-06-18 15:42:27
qk0ZXha4dWYxyvRwCAREfvncNPy1,2021-11-03 17:19:02
qk1cPSThrLSrk98Xjh30ua1bWri2,2022-06-11 03:34:53
qkESwiyhbTarSzRwUlecjwMkFaw2,2021-10-04 00:47:35
qlMVgIj7f0ayz1KCvrRTLWHYbuA2,2022-04-16 09:29:22
qlRERYxJAmRll1MWRldIGoDGpnB2,2022-01-07 08:29:23
qlRxrpMkivaa7uUgdTwWZA4qwn02,2022-07-03 20:12:37
qlY9xJIw5hRFQjxU7nxuyuQB96g1,2021-11-09 17:23:18
qmHTp3epqSSXpZIy2RGIV3zXf8d2,2022-02-28 08:14:54
qmPN0DWF0fOSpH3cSFrBB5PanWX2,2022-07-19 05:49:21
qmSNvtSKD7NYN0RqhQcTXM4a3pv2,2022-04-06 18:31:42
qmbOXyt4hagZvX0RMvyaePEZw073,2021-12-21 09:26:28
qmd3G5f5GJfPjHzf4fckG7K229Y2,2022-05-09 03:41:38
qn2ybqEL48duvnXn5PXkbZOmmI02,2022-07-27 17:25:38
qnO5dUg08bdYzgSEO9LlQ93dTDx2,2021-11-16 22:03:37
qniFOsVdl8bBqaRdM1IxcHyKlgV2,2022-04-28 06:14:39
qnyJPgd68KgIap0S7GBnZG8ZXeg1,2022-04-21 18:53:15
qnzaxgbXSBWZbFTbupbqkxQGqVD2,2022-03-09 22:45:42
qoCquXgWLzQ3iavSQdagYu09XGg2,2022-06-16 05:35:18
qoUpzgOBNQQR4FHU01EjHh6GQt02,2021-11-30 01:09:01
qoouTpw4Y9YgRy9ZFFeM3RoMvDa2,2021-11-19 07:41:05
qoxFiynRF0NXTX90koV5DnaPCFW2,2022-01-03 04:49:42
qpURq82m13QwvtyRxXLAkrMYwyM2,2022-03-06 20:50:53
qpeBkVfO6QdPkKCdE5oTlWvaczM2,2021-11-27 19:34:31
qqBm3LkrmBVI2jefzgjitnBkN5N2,2021-11-12 15:43:39
qqnVrWKVMgYPjXQl3R375FgDROa2,2022-04-21 06:35:27
qqpkbT2pp5RlBFYPWLxYj5K3dph1,2022-01-02 09:26:03
qqsvLiJFAUTnNPEuhudXillx8YL2,2022-07-31 02:25:53
qr51hscv1pamLuUGO7UoKkN25p32,2021-10-21 06:06:04
qrDxvpgfNESgpJYdNXYTfwHMR0j2,2021-12-03 18:59:28
qri59z2JGuUHgJV56BjXnfGNcns2,2022-04-21 09:38:50
qrj25I9JgmUwafvIWinllEMEcKB3,2021-11-26 13:07:51
qrqzt9mxMxVAWILcUy9qBZAIL1N2,2021-10-09 18:41:04
qs9eCKWNCUQT6pgXXEsG2dAQIZU2,2022-05-18 12:28:33
qsOTmPnzGEPLnunEAZIIOBFtr2t2,2021-10-20 23:34:25
qsP3FiQotSSSDsqIirB8bTg7rcT2,2022-05-11 21:00:53
qsVnQbLRoHNs3KLncle085yqeFI2,2022-05-03 02:30:11
qsrFw2teumbmVYvZzFSH5zbfDry1,2022-03-30 10:08:46
qswz36nWnXbD0REH761PA5I48lu1,2022-03-09 03:35:49
qsx8uno4QrbokfqQcypDGrB3c6l1,2022-04-11 12:28:39
qt94TetyUbh15EHsAedsvzyS7vq1,2022-05-28 15:37:45
qtjeuwZuU0flCw5zL3tvnLsOvPY2,2021-10-24 02:35:23
qtoV5cNMWYN3Y1XCsdgh78ewgI73,2022-06-23 22:39:41
quEJ1nXiAcfmh4troNHXfFlyOIz2,2022-04-25 12:17:37
quKArTeYGdXkcy6AxvmyQxGV4VI3,2022-04-21 03:45:30
qujNYDCemcff3IwkeehuPmRnCrP2,2022-05-20 07:37:53
qvR6mBYQ1lZss4Bt81finDuThxT2,2022-06-15 04:35:05
qvSXkHTbQsXZgkWjQ7CDxHamwX72,2022-03-03 13:51:32
qvexYhMDboWtAqxYwo1SFf9VNHh2,2022-05-27 10:49:27
qwB8fhm5q8b7wLNwoxqfbDKvIfP2,2022-03-10 07:02:24
qwJ6tF0bbceoJSZABNewg3I09je2,2021-11-11 13:45:11
qwXANgS91tWaH0a5YF8PeDevtP92,2022-04-21 04:05:44
qwar9dCZi5XLpCUuTcdqddX64xa2,2022-04-10 15:22:59
qwotCgAixvSyk82b0BVTJSEEl2E2,2022-02-15 15:04:04
qwxVJoPa1KePNcknX3EQ5RlJ8hj1,2022-04-06 23:55:38
qxm4Cm8n91PvgQYf2499EMMD0tJ2,2021-10-04 04:07:48
qxxDDohCLTZXfwNBhZpNQ8hMkOD2,2022-04-28 10:58:57
qy4smUn7rtWhHXbJmfYNkQ8OcUt1,2022-04-08 03:05:48
qy8Gxsew86bc1P9f8hHXs9Fjkbn1,2021-11-06 13:37:11
qyArIQP5ZSSbUsssnT959Sn8Zba2,2021-10-15 23:03:45
qyBeVkYcX1PPdNQ7536DbPIvDfk2,2021-11-24 07:07:12
qyMTItpCzWMKbiiqpUr6NleYHqE3,2021-10-31 10:46:20
qyxOTPO9yOQ4JnGDm9OpClRnjYk1,2021-10-11 12:43:15
qyyhl5ZArGfgAL8SNGnYD6jhYli1,2021-10-14 16:27:36
qzhVyWGrL8aQWvFpqGRYYptdqug1,2022-07-24 22:07:21
r052Zfi0vyQD0NkaLijJkKYgsfG2,2022-01-20 03:37:26
r0BEZFmxZHep2chcjIctVxuusyn1,2022-04-30 04:41:50
r0a4E8SOpcfbVl4fXLBGUeZmgNX2,2022-02-09 21:46:26
r0kiWKoKaTeie5DNgXPxeXsvSun2,2022-06-24 21:14:23
r0pmyvCUE0VaPYFBSMbuC49FiZX2,2022-06-18 12:45:15
r0roTO04AFcTPJSV3HkHdfd1O4k1,2022-04-05 23:41:04
r11EKO3W2PeABzEUHxxMhVl5RpA3,2021-11-07 20:54:27
r17RtkoWBtTkpe1W6Tkppc9QJNG2,2022-07-01 06:15:47
r1Fx9myIatbhMJXWvvLEowKKgWy1,2022-04-23 12:14:54
r1SDlbbVNCeTHy96pqgNVSwsNzI3,2022-04-23 12:00:22
r1TCIzj95egJfkvxK7HTGl6gWJh2,2022-05-10 05:24:47
r1gkEJ6GYhQyOKxHXNRFRUmqXnh2,2021-12-30 02:39:08
r2bCAGB0C1RZQF9xAenoRDULjCf2,2022-04-17 02:17:32
r2rMh2d22QVz5mfxuxDFvNMV3Ut2,2022-01-22 04:02:30
r363fQTfIBgphUxhZX9VUqwvq9o1,2021-11-24 08:46:37
r3CtHzz9cwUgOmPw7CjeqvQydWB3,2021-10-17 07:20:46
r3O6uWr9tVb3Q0iGh2pUZ6v9bBb2,2022-03-23 10:16:36
r3POFmq55oTKI6PmfK8FPV9D9R12,2022-02-27 14:59:47
r3W1CXUcmFcCbwxG3ylSKG1wh3G3,2022-04-13 18:48:43
r4w7qkkMB7ZpkmO9vpPuO3EtmHq2,2021-11-04 02:23:46
r4yd8Vkv39dAz3XYOCipssvoQIs1,2022-02-13 00:34:12
r5CVdcsRluTKbevEfWRLdKrQpFI3,2022-03-23 06:13:18
r5N9RGAZ7aaLECY3x0xPmD1gAS33,2021-12-26 14:45:48
r5OzkM2AqzQaxzEbMUzI3a4EpkX2,2022-05-19 09:53:57
r5mqEPSI3pcTxn0j0WmRnkVxk9t1,2022-06-20 10:37:12
r66ttzbQiLdL17CxgPUn473Pulf2,2022-06-25 13:51:30
r6JwYdKaroNOuY0yowUvm66QX4e2,2022-07-02 18:32:00
r6LSGqQymQUHu4oS1vE5WujDNME3,2021-10-04 04:24:34
r6WqaxYJBqa2i5O4N2m88abQizu1,2022-05-29 23:29:48
r6oBLxeOcQdnuTtLzNGfhQdqvsy2,2022-07-27 22:05:05
r71X9ymrIiXNwrDZj2JuLza6roL2,2021-11-06 06:31:04
r73hkXON07Ypkj4LMoM2kMx4sbC3,2022-03-18 05:36:10
r7GbFnM8sJeSUSM5es8EQeCfJ5P2,2021-11-24 11:04:33
r7M19MgzSBMvc8u5mRLo6dqafHy1,2022-05-03 00:18:48
r7WtmomgJ6eIx9nnDiGNqcQpFar2,2022-04-19 10:47:48
r7mqIM0VMaWcZoxi1DLR9wnFhxu1,2022-04-16 11:04:12
r7xXDjyy2KOAYFMvZikattUXQxz2,2022-04-26 17:17:32
r82bnbBTNSXpoC5fypc2IAXYNjE3,2022-02-26 13:23:26
r8gbW6I1RLX1AhB5JlgyKTT7DMf1,2022-05-25 19:34:31
r8tz7S86wWTQ1j7kE7qcUbL2sQo1,2022-06-18 17:13:33
r9Cccbrw80Ve8D1u1i2N8e4jzl42,2021-11-15 06:43:29
r9XkUABlj2S4FjTzUt8Joxvc8P13,2022-03-26 14:20:54
r9szhZSOD3ajisk8NcgfxhPpUuG2,2022-05-19 07:15:04
rA6psXxKexevdVzxOeOsMSztNYS2,2021-11-24 04:46:16
rAB1iQgrTyND3AuUkjYhvRO9Uv73,2021-11-29 08:24:53
rAa62tHyytcSgDwOoGwdH3W2Rf53,2022-04-13 02:58:49
rAdlhaFF1YYhAaKYnUOc2nqYwvQ2,2022-02-27 10:10:39
rApqrGqyvCRu7dFWkJgq82AcUUf2,2022-04-02 07:53:12
rB25LyB0VrhocIOT1BWSNKTazdI2,2022-05-01 09:48:01
rB5q45FQcsXh10ivtZfK1IS3nJk1,2021-10-17 11:46:21
rBNTLPAuTlXuo7lPE57PZ7q26lc2,2021-11-01 10:38:57
rBswvXSmdYUchPWGwSGyXBnbCE13,2022-07-07 21:26:42
rByYpFjPPKTxyXlJEMU2xEfJjz12,2022-03-01 06:33:01
rBzkQV5QM4VPM4rUuM6jLtcbBTt1,2022-06-12 22:44:33
rC4dJoZDlXMsG5h4UjcbY1MZZ7N2,2021-12-16 01:33:20
rC7o4pVrS3RLv1za1Sejg543vIi2,2022-05-04 01:32:09
rCTJ4OEcA2Ypa15qgaxuQ12h2Y02,2022-05-18 03:25:11
rCdMHuEgDVUgiBWtK60UpW4SIeh1,2022-04-14 13:39:43
rCsYLaRa4xUNJuAcMUOo4XVoSYj2,2022-03-11 13:43:02
rDHkdAUQ3vN2FT6jjTSDttMomr13,2022-04-04 11:09:12
rDWxPcv6yeSc5mvbI7KpibMWgHl1,2021-10-31 01:36:51
rEbJYBfJ3hUFpNXnkZEYodyMx4G3,2021-11-24 05:26:05
rEvpMImSBNNkhNvi4RKfkNFFQ3f1,2022-04-15 12:37:10
rExLVmySVxdTQKUYVFBOHLdtdwh2,2022-05-31 01:43:50
rEynNkTksqh0DWPyFXP3XbF0WHy1,2022-04-18 11:30:18
rF58o1fh6jTxgQ6bko2bXSSuoiT2,2022-06-29 09:45:41
rF7rkY4oMmUm8LPSnHE70yxHQ0r2,2022-06-21 12:37:55
rF958X3rnfchoLSk9oH8zha8LY62,2022-02-03 11:13:32
rFGVjJx4WYWPYco6jFmiPRkeTCl2,2022-05-12 05:00:50
rFN8Y5C5vDZoizM2B8T1Ndrb5bl1,2022-01-28 04:01:09
rFa1qnjHdCcMtHjWtGEfLvdM5eo1,2022-03-23 16:51:52
rGBS6bsVlQdHj9bI63tM1vsO0rz2,2022-05-10 10:31:45
rGaZEXTLkeeGs8TOMoBbAKgPKb33,2022-05-29 11:12:01
rGhH11AF53f7ZA9iJOOMU7ZLB0y2,2022-07-12 06:46:47
rGxhF4XZKYg6Zaz0uBtH36QBxR22,2022-05-18 14:31:18
rH0CuAMHt0VIN0IJTSvAu32Jt3r1,2022-06-02 21:38:07
rHR2umhYQwdCPqhwyYBM1ewEQAf2,2022-05-14 20:01:54
rIUJZu5hYWQp3N6BzXiCihwmWo33,2022-06-10 20:49:37
rIUmq0YicebZ425wmaFpLPMlEpN2,2022-07-29 20:52:04
rIfB2LKR6leffLFq0KDRKSbatKf2,2021-12-16 16:03:42
rJNKLNFxp2e3LP5tvS6xG3WIPq73,2022-05-30 14:30:19
rJWDD8kH7mZnjAEAaU2T4hv9uSo2,2022-01-31 02:02:25
rJfpxFK7k3fxucjcwURWyGIK0u32,2021-11-24 08:15:44
rJjiGpoRrnO8qOMclmj94bNEz643,2021-10-02 16:45:40
rKHpP4ScPrgmHa7bFnVlG7kBaii1,2021-12-27 10:27:55
rKXZY3nDTMSvVOIQvPlcHbCNnN83,2021-12-10 05:49:06
rKe4K7BHbRWbJq48LI3H7qzdsyq2,2022-06-20 12:08:44
rKmCoQZPB6gbbMB0OYjs6dT0Z4h2,2021-12-15 15:13:55
rLCDhzdHYGdrAK84Zo8Bx25WgLn1,2022-02-24 02:48:51
rLGqI5vHRnQe3ERQplCy3yZ5aGu1,2022-07-20 09:56:18
rLIjxfT9nMdeZJB0wACAcrbuYYG3,2021-10-24 08:40:14
rLahVtE01wezdDvjOAZA4DeEC923,2022-05-01 13:56:50
rLhKtTBLFfbnRN3GjDkNHFxCEJc2,2022-07-28 03:03:01
rLx1yAxASqMwlqGhi8HsKTIkvk53,2022-07-26 15:57:45
rM3YetYZhtR459wRnUja2waH0br1,2021-11-07 10:44:16
rM4LBcKmekQ1rkbsn3cFXEGJU0M2,2022-07-06 09:56:03
rM7NCaqBCTaxA8QzhAWdKFCgKlD3,2022-04-20 20:27:38
rMWaYuIQGhUYfWUhUiv1zdLMYBe2,2022-03-04 23:18:32
rMe7MlGIoCOQV7Az8Wr03qHUB173,2022-06-15 16:02:41
rN2yszGTmGaqdFJzE3YWU8MBR932,2022-06-19 05:33:24
rOVhNF8ofYOVOodnA0iIV5LTNDI3,2022-04-28 16:43:18
rOYFws0qdwbA9mlu6AjgH5xEoSx1,2022-05-29 18:27:16
rP9mASuTt7QiD9mhmTjk8Eue1X42,2022-04-07 11:36:46
rQUyOphx6Ad8im70z94DCVkSlww2,2022-04-27 16:21:51
rQZxX53ebsRS9L7Gw0JrT775ZDH3,2022-03-23 01:05:53
rQwfsI05AXdtJoAwZnh7wRvXCjw1,2022-06-17 04:24:45
rRD0vdC03AVrmRY14P5kuepKzX22,2022-05-29 01:05:38
rRRFvPcq3aQqszdNGeBMgdHgWPT2,2022-03-22 09:43:04
rRtp7GseuKWUYkYh9G46uRS2iH03,2022-02-18 10:53:33
rS7lSgJGmUR9urhzCmQTVgmLuvd2,2022-03-19 11:07:16
rSG5pFG8OPgJWcCTEYVLsrRTZXp2,2021-12-20 01:35:13
rSNLRDUq9pUAjn2r9jqx8NtqRhX2,2022-04-28 14:29:27
rSOrvCddYof2Gy8Ukvr6HEvYULK2,2021-11-16 12:38:45
rSQ2CFK4n4gMHB4kxYFVmIUIlkR2,2022-02-06 04:21:11
rSkg94MHxWWlk71u0mR0jMfWggf1,2021-11-04 05:15:57
rToi0vMbBWTX9hHbjqWw58Pd0ap1,2022-06-21 18:32:05
rU0ZoAf2wUUNUKVKetDaUVdzxi02,2021-11-01 21:04:30
rU85NNNM1UgISyOQPvEJkZNmV8u1,2022-03-12 14:55:28
rUAOSZ1eS2hzrcf9nrz1lTtysJR2,2022-05-30 04:10:43
rUBwf8N5CjbUGWSgvwMiPTd6no03,2022-05-29 11:27:21
rUUyukVsrQNCEcV4HseruoYY0Ku1,2022-04-05 21:05:06
rUpyrwVlxuPADIpNYrCLP0cyCt13,2022-03-08 14:57:50
rUsG90WnUKT6PH8lFmui5tTm2mE3,2022-04-14 14:12:47
rVJMyUH3rGc2qqNPkNcO0jnwMMF2,2022-06-05 04:02:39
rVb7ftJIDXWrgifizpxaYfKhI143,2022-06-05 17:24:30
rVrn0ZfTxqWf789ZGty3eSUuDA93,2022-04-16 17:26:58
rW94UXsb3YR22hoKCK6MXEVVCPl2,2021-12-24 14:42:31
rW9ha5qUvoReLc5zX7yr6Y78LAw1,2022-05-04 09:21:01
rWCCgqx8M6OOEULhGrydvwM32Il1,2022-05-01 12:25:20
rWP30A6IhqPt8BYIrkAd2wn5sDM2,2022-04-24 17:55:29
rWaiOIf7W7Mm4WQ9UdaYdpkDWBv2,2022-04-04 22:12:08
rWx9964kR7fNQXAGApIG9Zu4bB03,2022-04-26 21:48:20
rX3IzU92MAdJqVK4iSc4iM9zACO2,2021-10-05 23:44:43
rXES5p2YjIMiWh9lYIHfxqXPwKi1,2022-04-15 16:23:25
rXEyDFJQbsf4w3pSvUPhzTLcSIg2,2021-11-28 22:33:54
rXVIaXyj6mP3hwIMigU96uZMvy53,2022-05-08 17:19:36
rXaE7oeje0ckkLm8eBSgWLPE6Bg2,2022-05-14 18:27:27
rXhr1eEe0HcwpWnIjSvv2kvGKfH3,2022-04-17 19:52:30
rXuxTMKKSEYpHBDF4V9Nzdqvogh2,2022-03-28 13:12:50
rXymb6vEk8MT5vvfqSrGpkmVnxg1,2022-05-13 08:23:16
rY5ZUn752hQRZGWxBbbD4lST5Bk2,2022-03-06 10:44:58
rY7taVbugFQK0cVGRJqTJL9XmKt1,2022-02-27 01:23:44
rYDQUiNvHUYujRgoIPwHnuFsm673,2022-04-24 20:12:30
rYUiNqqFBrVndDmOU2WFb6EHHJs1,2022-03-19 01:01:42
rYcJ8EvcnPaI7WO8r37WEXJYyQL2,2021-12-13 14:05:50
rYe7kZ8rL8Xxfyx6C881OCBXWgZ2,2022-01-24 10:48:48
rYugpuSJh4ZAlgzdg7gsAKNt9kb2,2022-07-15 03:04:36
rZ3tdpKAMobaSdWHu2we6Lig5II2,2022-05-11 10:57:34
rZR4rjQhRNTtQMZ7MZC2VDXPurJ3,2021-10-25 16:29:29
rZWUU77tuPPTY42UCVq167NRv7D2,2022-04-22 07:00:07
rZhUfQWJzmXijxDxJq0Y3vHrRS12,2022-05-23 06:45:52
raYyYv8Ov2Tm4vZogUzUt5w4cAv2,2022-06-21 13:32:10
ragydJJy8JVApAbT8UaCXyes5iC2,2022-03-09 18:58:07
rbA1XKg88PV1JlA8exJ3JcnFACN2,2021-12-27 16:27:11
rbG0PKGEeKSvfVIcbzQa5IKKACM2,2022-01-01 15:53:21
rbYl6Hod5vgEZ4MGVXMxPcHY7O73,2022-01-18 06:49:38
rbiorORz6jelB4D7KV9TkeJ79A13,2022-05-01 02:13:10
rcIH5oaXtQMdp12C5EmNXQI4WYx1,2022-04-29 05:46:19
rcIU8ItBiTfVYHLKiLMIzYEtNtP2,2021-10-27 14:15:38
rcWxECiO1je9y3FAh8hTnvYKJoe2,2022-01-28 06:41:04
rce1VAwzAHeFWN6ugq9mu3WyPm23,2021-12-12 20:43:39
rdr9DXWyjHhF6hKXvKl5mdqYfSp1,2022-04-25 22:34:47
rdxazLVC2hMuU7VGZaksEHNbmxO2,2021-11-07 15:39:18
re9xiX6Bddh23BeaTmdhYxYejH13,2022-03-12 00:06:49
reCDIO14IUVW0AZo2HbpzHG0mH22,2022-02-20 17:00:15
reChs3YaZgfD9f3vLJFCsZd7ddZ2,2022-03-13 04:42:07
reXmTwpJjNQWWuKCi7zWqSA11UF2,2021-11-21 13:17:25
reglGj1wUvNfEDz8ev4rQQ7cOqA2,2022-05-06 02:55:33
reu9gFC8esMtDAkhn84odC2Jx5l2,2022-02-05 13:43:24
rf2IDg8ca2NqxbhewzLPyqNWX2u2,2021-12-27 18:35:47
rf7rM7q0exWIN4gSPJ5BStChy7U2,2022-01-25 00:06:13
rfAhedojvGWTgqRV3crL2ej7zIZ2,2022-01-04 03:26:52
rfIo0fIuK2RK1QsyeBJ8ZWt53KM2,2022-03-10 10:26:05
rfSmJij3V1NhXa8UaP9HRto6l8q1,2022-03-23 00:53:22
rfVWuzsWAzd5SmlSS0wXDDdYTY23,2022-06-14 05:39:55
rfYloIf3BHNR1LIp62TwtrabmZn2,2022-07-09 23:19:26
rg0l7UYinGddflg8HqCjDM3v1N63,2022-06-07 10:29:49
rg7afpNzuNd3ctFdKnJFXKY9hmy2,2021-11-12 02:57:05
rgc2aGgGBSXdR63UiyumGlXFOCF2,2022-05-06 11:50:08
rhm3q7l55RdpK5V0ZdTvBFSHclR2,2022-03-01 14:59:22
rhzYIoygWIcW6MZxvy0zT7ZBRl03,2021-11-21 08:18:56
riMdKe5nnMg6KbTTguRij9mu4k03,2021-10-13 19:16:55
riZ206CAINRF9jAE5MkrkKatLg13,2022-06-13 13:44:38
ricoQOZ9eRdAUFkd2GPMs8aZX403,2022-05-02 14:02:43
riteSKQv4jg8Qtjv33ETqTpMgY73,2022-04-01 19:57:53
rizSTH47pUWzA1IehlIwDAENFSH2,2022-02-22 15:31:47
rjBKMF4AZcgGzqDn12qll7Bchqk2,2022-05-09 21:19:30
rjSTEA4MKWSqr0T1zIZqcsoeXgh1,2021-11-14 10:15:38
rjZE3QMKiHcPzIWhzt8IXiBQ9472,2022-03-30 12:34:20
rjfJ2kA6PfNvaZv7ZeL0nGQdo8o1,2022-06-04 00:33:33
rjixsDxGRKPZWjgBVFNwFtw1OwF3,2022-02-05 09:55:30
rk4DOyIcsaN4qm4Kvpv8IUQ7rVa2,2022-07-30 23:53:39
rkg6vApxVyT2vFbOzwls4t9uxvA3,2021-12-22 08:32:53
rkhhS0ilDbUQJF8SkLxXc7Zai2D2,2022-06-02 22:25:29
rkuRBTCiRIeVsUHYRlnpkfLh6mp1,2022-02-18 13:04:16
rlbLtqOLg4SdJuC9xCxVLdNWwk13,2022-03-10 04:39:46
rlsWntMzZJdt7w6bBvKDfgaSC783,2021-11-27 16:38:01
rmDFy2bptyX7iFvmiJ0xfIOm3H92,2022-02-22 15:07:00
rmsLuuQYnke1tH66UI4VfAC924K2,2022-01-31 14:09:30
rn2um0rXkGWdkvr0SeAiZrQBHMb2,2022-07-17 06:18:50
rn6uWN0oRtTy7HMeJRrmI1eL2Q42,2022-06-01 10:23:51
rnNy9cF2FlhBEdTdEpKs2P8Dhuq2,2021-10-25 08:31:45
rnXS8aotuKMeKrtSRgpxqOcGLd92,2022-05-29 07:38:13
rnirYpkiaQSIf08UMEYzR4rFEgf2,2022-03-01 02:07:43
roB3v7sHCAQVKWsOQvWKuSxJcQ42,2022-06-14 06:00:24
roxCYqtt84VS2FYrXyDn3u8pNwB2,2022-02-07 09:22:10
rpuUZ8pI4NOg7YTYC4Wq4SvZYo53,2022-03-13 13:04:15
rpvK7ijiXmgdSXPic74Qbqdig853,2022-04-03 05:51:44
rpvoa0uHRuN7xVq3bHx0dECNMXv2,2022-07-19 19:18:58
rpyYjHoa7WdVaRz6FlkpLEgmzIl1,2022-06-07 15:49:08
rqUiCRANZdfTHTUWdY44kVi3I7O2,2021-11-20 00:51:01
rqW2uAZNhsdY7cIMCoA7k7mCMtc2,2022-05-25 22:28:27
rqoqYsQMr2N141iC6POIrKEUrUj1,2022-02-07 21:16:01
rsU3wdQJeIaKj9pdfbsQ14vb8ye2,2022-05-30 06:32:33
rt4XWoEXBuSlUBPNpsfP1nDEaQ42,2022-05-15 19:07:03
rtJiPyr6mnakyqBE9rLFK1IC1Id2,2022-05-01 19:13:39
rtVzNLpbhpZ4jk6YfTfnW4PGljj1,2022-03-06 09:18:41
rtiF46xbpgNMdn1UT5nYp9JvrdQ2,2022-01-14 12:47:40
rtn79EKHvrZmZiFIgiNqJEv6Fy53,2022-06-17 17:27:35
rtyytjukbNfKOLZzis4yaXyPW0J3,2022-05-21 08:57:42
ru4x3QCfkBM66fIa16MuUnsl9cy1,2021-10-04 05:00:55
ruK7igHV03SYrlcKW6HWPY5OPyV2,2021-11-06 17:17:28
ruKGF5elePfvMTX5Nazxcjlo45y2,2021-10-28 06:03:19
ruOwlUVIgOXnxLo5vug1kJtQTR03,2022-04-21 08:52:02
rugZjbAm9ibPquR3JwFf4gTFdCE2,2022-03-11 15:18:46
rukvqnz4pyS2XAZabTP6w7wveGl1,2022-07-31 08:07:24
rutkQUJ0lObq0IzSy69ZSkHUAfF2,2022-05-22 15:48:14
rv5NREgyUWSfSniTjMI3WY11Wdr2,2022-05-30 05:12:28
rvitpCtxxmdKQsVABTrx02AROgY2,2022-07-30 02:51:46
rwHIPOKsDAelM8HnPDDJEFhnPF53,2022-01-19 21:19:03
rwHuJlC68lM6Q0yyii0SbS9Xsjo2,2022-05-14 13:19:24
rwOoGiT1XOUhiH4ytyvoMpvyAib2,2021-10-15 09:58:13
rwYxwb6NRyU2B9PHbVzh48iYTBy1,2022-05-20 04:08:51
rwhNd2JnyPf6Ftxor297yZPNnc53,2022-04-19 00:22:55
rwwqyTfMqThQ9aHKh77mzqoxxei2,2022-07-24 11:04:22
rxqTVdzyDUfDSDuIueJuF2Wfrmv2,2022-04-10 20:38:44
ry77UbBXNRfsQuVrJAz3Ik97LCG3,2021-10-18 06:41:44
ryAB5np6SdWFVI5tl3tvags2jBg2,2022-01-09 19:09:45
rz1FzySOlTf2RqkKSKytCG9eOIl2,2022-01-14 14:02:27
rz2YIUKqbWQFygMe98pXG3XFe8i2,2022-06-21 13:23:25
rzEYGIxEARhexLh2E1BWSXhkS652,2021-12-01 12:51:14
rzemZTJwAONucjARI7i7Lr35TlG2,2022-07-23 20:24:35
rzhTmlCLNgMHE4NMoshIhuh5oKu1,2022-03-26 13:35:33
rzpuP4CELGTmgLX12arWhg2dWrC2,2022-05-24 17:05:09
s01DzGEpTBUnwcLpu1Q0YiAZ8GG3,2021-12-21 14:25:16
s0C7cWRQMURxjAWO2FaZTIzdt3W2,2022-05-03 01:33:14
s0R1Yyp22CVLg6f4kCVHmEhJTew2,2022-05-03 16:09:22
s155qrnFVnObfuuhF7gBQsMpjXq1,2022-01-23 21:14:40
s1JCIYvasKg4Okdo5wlICcHiip83,2022-01-23 20:55:49
s1hIsIxh7EcwE8FBR2N9aA6I35w1,2022-01-30 04:01:22
s1j7OyoGIJXsVQouaaEPy7dJpmj1,2022-06-05 10:02:27
s1sv4Hn2MIaYCnKBOvhQ4vtrhwC2,2021-12-16 08:29:36
s20QK8CcO6av1MCFhukd7b4HIH23,2021-12-09 20:49:45
s28yDCYP9YRIa1KtY2qJPXH4Drr2,2022-03-23 00:59:56
s2GTYIwqDgSr5HfCaTPSssQVrAC3,2022-05-27 09:00:15
s2MgZkjEjmUTZGztaGU8kXxvGWC3,2021-12-14 16:36:16
s2P5Nd0ETUP78ZAgfHDUwL0QWu32,2022-07-09 15:39:54
s2e8cYrzP9g3KpZuxqN2cvFZCGl1,2022-08-01 08:26:34
s37tDsWNDhOEmITTWdEfiEvPVPV2,2022-01-07 11:58:21
s3KfuTPcGCdDaZYudHBlqXQoEQR2,2022-06-12 07:30:58
s3RGGH9YBIeaPFdXdmVarHnNaH22,2021-12-06 00:57:10
s3YRCJeN3LWK4pJ2RaIV4wHkywO2,2022-04-15 14:01:28
s3b6Xcml5kcvOZd7CddZOb3pB3G2,2022-03-12 04:08:20
s3cVEq6QcBb4laPirUI36FVwAPG2,2022-03-10 11:44:21
s3j1xPDckKNGJ9yIZTqUgBtpyIP2,2021-10-05 18:56:00
s3ld195znpPGw3KFlC68m2M2NYh2,2022-04-24 15:36:15
s4NJtQCu6mTwqeIq8bxfn3rpYBu2,2021-11-09 22:29:49
s4QSOWBn8CUEG5Q8OiW5RFZT5uU2,2022-03-24 03:05:55
s4RO5pYwXEOF0gYokTGmsa184Xs1,2022-01-08 01:49:18
s4ntzDGvCPgzbjm7WQ1chhBIE3m2,2022-04-29 09:17:53
s50UhFL59gNZlNYJA1m9XNwErKp1,2021-10-18 11:12:47
s54VAsESmlYb41CoRWjpa8RpYM82,2022-03-06 09:20:23
s55Qm9oCg1PcDPnx5SWlsqQ5pGQ2,2022-07-21 13:09:06
s5ztrqOlksMfFlbbwv4t9n13z0c2,2021-11-16 14:00:54
s67IaBYlXTXdFm1sGy6jYKL3TPp1,2022-04-15 10:38:00
s6PcXywr57SmmLeRAcNjhx9DALC2,2021-11-14 18:47:05
s6Pi7AcJNDOsegnDL5wjC1Q674D2,2022-06-04 13:09:22
s6SFVT1TJkQd3Q3LwdN1tPeYCDr2,2021-11-13 11:48:07
s6cPbfNjb6WvMATgBL8eU3aWpcP2,2022-04-17 22:42:08
s6fSmxjQI2ZzqDKk6XbnAh748c63,2021-10-21 01:09:02
s6jgB6ulpZbYWrGdsYOYIydpxlH3,2021-12-28 23:41:20
s75LnEbKwERyU5gyOkjgjy7KBui2,2021-11-12 14:25:45
s77kwGkuG0SfYqIFGML1i3i9Bg53,2022-03-07 14:13:30
s7bp8qZ6T3gc7smKaSZEbqCIcc53,2022-04-15 10:50:45
s7brM3uTa6XnqdyfsTjZ5HbOFd93,2022-02-16 05:53:58
s8FmctjndxaWfPwXLLDc2Icx0sw1,2021-11-21 15:00:14
s8VuPtw1BXhezGyb0zkU6oeH8p53,2022-03-25 12:01:45
s8kjmCnBoLZueRkRSm4Oib7Foln2,2022-07-20 13:44:15
s8nFpiOwENUEp3o79iQfKrsRNLf2,2021-10-26 07:52:33
s8wEDJD4OEMkFNwdWFw6eOHhbjz1,2022-04-07 13:45:13
s9C6afmFf3QptnqD2t9G2kmZgN73,2022-03-22 03:44:31
s9I3RALSZcYjpsAQFgbOrcYJxAi2,2021-11-09 14:37:09
s9WD6Ik3Eub5WUObxYX9LZkBg0W2,2022-01-15 16:03:36
s9Wu9msk7oRhaOPgLRD1yrf2Tbi2,2022-08-01 15:13:29
s9c9TIQnB1QnXGQEzde5XOLa9Hg1,2022-06-29 16:31:04
s9jYkuINoQal7zs5XMSSlKZaTyo1,2021-11-25 15:56:00
s9otLg1oL4aHxfHzqNGXxoSf9WR2,2022-07-23 10:28:03
s9vWBwo4GwSeOnOzi17RRTKOfZz1,2022-03-27 05:21:00
s9wBxwIqVCX3xMTNfQtdIgwxL4H3,2022-06-18 22:03:01
sAKl6QzrpWQsP7hkVDBLDX7TA7j1,2021-10-09 15:14:28
sAQFRKyYjZhuoOV4LLbK1ouhm273,2022-06-05 20:02:12
sAwrT0K1gPYhzuJxvKV5pDDP26B3,2022-06-16 09:21:41
sBKdhQv85sVDwkqZTEEnpMVdM8N2,2022-07-20 18:13:44
sBT2vka8AZdiTKWEmg8AJPCwcti1,2022-03-31 12:50:59
sBdCuh5t4DTG7W0xDKmIXV75Rmb2,2022-01-19 13:20:51
sC8NBkJu2wdsir0DFnIJ3MdWWMD3,2022-05-30 14:35:06
sCMkHsIS86eWIbBSyzAqMk4oSYn2,2022-02-16 06:40:58
sCOxlHySvhTZLoYpvM0WWxkSQgP2,2022-04-01 05:39:16
sCdoZCOd4ZgzRLNOShT0C0jEQc03,2022-04-30 15:45:18
sCneY5f0XPO3t3Hh1k1PnkdBZWd2,2021-10-20 13:41:58
sCoz43QiqBehfB1kfLO20CATuzD3,2021-10-18 05:12:36
sCrTDMhErqZpdq1RawrfuSvdyoI2,2021-11-26 04:55:34
sCv1KG2DJIS8DcIOZaMiBX9IMhm2,2022-06-01 08:28:14
sDAm83S3fTedFpTtMX4lF9DjLF93,2022-07-15 05:45:00
sDc9eyIqhENO8FF7PGk8bRvHiCC2,2022-05-13 19:03:13
sDhlEYNw77WoeoWAVYjhuoCXDz13,2022-03-15 04:21:23
sE2RoHPF4HX147eZi6uvKUFlHeR2,2022-05-29 03:39:11
sEMH8xiqlabdwf1JBDTRHmv7pBO2,2021-11-11 13:53:01
sEZHoMfgmza5ABTP6yki4BDB5vY2,2022-02-02 02:35:29
sFDvLx9nQ7TUCEsoyU8REzJjy2q1,2022-06-23 00:08:26
sFM4Qlmpm9cfwhapEF8YUafiPJD2,2022-03-13 12:04:07
sFnVuhuyuzcN7rZkrGxa5wcn66i1,2022-04-27 16:47:19
sGE1gqqWDihcGYgAdR5Ks9nSvT03,2021-12-22 15:04:20
sGVBpACsrhUDfsq6lfUzWvcWeWd2,2022-06-11 14:26:25
sGiok1SJ5pVnfrs8Fe5lMwJjuaU2,2022-03-31 18:13:55
sGuBdhqeVmYCkezB1Z3cVZASdLN2,2022-01-14 13:41:39
sGza07GgUdYUXA5PUWVbqjMndGG2,2022-02-27 19:35:11
sH2v8Pnf6yYQYr0Vd6TTe5BXlq12,2022-02-04 12:20:01
sHPxVde9H9X0XTMs8CV4WGzPK4h2,2022-01-28 11:28:13
sHkCp1OoUwXjhDaSinmFJikxpfh2,2022-04-13 09:09:25
sI4uapqxNuZ4gtWIofiP23esrvu2,2022-07-04 10:42:55
sIN60RzmyUe3IcwYwXwuUL3dqn12,2022-04-17 14:05:10
sIUVE9Dw4TVLupx11NJLy87yxsS2,2022-05-07 08:15:50
sIgfMBqQRYYXrAOqYD9eQvhmQYI3,2022-06-15 08:46:10
sIgwbmASRHa2e8Vdcddg34tw8RQ2,2022-05-28 00:45:02
sIqgonG4uBY1gFMDzQ6kjTpC9Wr2,2021-10-19 23:06:50
sIwVbhnI1qZ2ZkTNZlJ7IcWUhBw2,2022-03-26 02:17:15
sJH1yCMUkYYP5DRBdOKRhUBlxiv1,2022-04-02 15:34:09
sJJ5a78RHfWe0dDV2LUc8QAKbqG3,2022-04-07 12:12:47
sJYcDMAkf4OCr5ZT43WoRQ7MhQr1,2022-02-27 15:46:34
sJyPy6CH8MPJpXAgxzNFtjA1psv1,2022-06-30 19:35:26
sKEeSBpKBedIzbIaoFL5PTHlGCg2,2022-02-14 15:42:33
sKPSItzNbhhcqB7UhHRIlcQt7xD2,2022-03-20 21:21:49
sKUQtWOPgHUcOMeLKwqJWtdHJvr2,2022-01-22 14:33:21
sKwBLBMGSbcoQcc3IkKRWKFq94j1,2022-07-13 05:53:37
sLaVyGuoO5aKn8xBpz4iSE5cBPl1,2022-05-28 09:58:38
sLsXvWNWs6REZzqT09rnQHQW0Qw2,2022-04-17 15:48:37
sM3phPwsQ9YtZ8bIQ4JvSjndONs1,2022-02-06 18:42:18
sMC1W0OHbRS9BT36oxmJaZKbHYy1,2022-06-11 21:49:21
sMDpfMtcPBdxRUMM5oHrhFHEOoJ3,2021-12-21 06:46:22
sMfjMl5o03NEREPk3geVWwjxg0A2,2022-01-15 05:49:40
sMjs9ffVS7dVATy7OsVtugZ78ey1,2022-06-13 01:51:45
sN0rMFTVxGYKnKGy1jNqOBo1YH52,2022-07-29 01:15:36
sNPVi4oX3ablqlZi9YlB1nn6kGQ2,2021-11-18 08:37:47
sNmFLUwjnkPId0wQw7Jwssr8ty43,2021-11-24 15:14:23
sNtXzMoeF9ezr7un8BhZtJuTX452,2022-07-29 03:54:53
sNzvzq88RuYozXK5t4EEFIw8gxv2,2022-06-03 06:49:31
sO7EYj6ogccGsdAZe5BihfFTfNo2,2022-06-01 04:10:00
sOC5iOcu5LSa8WNKfC2g0A3apgn1,2021-10-12 13:33:01
sODi5pdxhNcasWxgjo39EYZAZ3O2,2021-11-27 06:31:35
sOGScefcChSpOD92GNRAKrLFXYA3,2022-06-22 11:44:02
sOt8UVM4lhXT08dRPt3CS25CxI32,2021-11-29 13:40:32
sPb8AaOXYsZo9twt0QdonuYIZet1,2021-12-06 09:45:33
sPddpdayunUVTz1UebuRRK3NbGi1,2022-05-20 20:09:15
sPmT3G7qXebJnbtXLNgPDiStbnT2,2022-03-09 01:03:37
sPwztK7LRyXKA54lIQNdVkVHMGo1,2022-03-12 06:02:07
sQGIrdqz45e9toPC3ttyyvqdyPd2,2021-12-11 11:48:55
sQI9jAz45zSJYJUtjZlZnvl1fWz2,2021-10-17 07:47:52
sQYPPPpasTYFyW8ZvKdn68PbjCr2,2022-04-17 14:35:49
sQZ7ECGwc3X7EgVGAGwRQ9iO29n1,2022-03-31 00:48:32
sQa1wgcWiLgMmaCP7Kihj7FnCeq2,2022-08-01 12:32:51
sQdlqF2witQxWjBnfLageNTSCZu2,2022-05-02 16:25:32
sQlgplGg4xYEqHkK6ojlfgIvAOX2,2022-05-14 11:09:52
sQuZi9NFQxctrWIzcK4OboM7b9n2,2022-03-18 15:51:49
sR4YUuJpDXcPma1HfT4bvmQgQZ23,2021-12-12 11:45:52
sR5UoJkvPEUVZ79PhSgUKiAOMSK2,2021-10-06 09:53:40
sRXT4bo1WPUXnerkFEvP97MDrwF2,2022-05-05 00:33:47
sRaDRHfxaMMppQZSOgyHZp0CY0x2,2022-05-06 17:59:18
sRiyKQlVQTffVkkOdKMux1e2zLZ2,2022-01-23 04:50:45
sS2OX8XVrccfvh3DO9bTiPt4URt1,2021-12-02 13:07:02
sS3weCkU08gbNG9JKo5IBg4KIJ53,2021-10-20 11:34:20
sSFPt7TKX4blhOSZ9cLDn7RzLjY2,2022-05-09 10:09:38
sSmYghauqzdNDO1RlTY06QeE1Cb2,2021-10-04 12:11:44
sT3uCLTdx9RQYUDk8j79hceSikw2,2022-04-09 21:41:07
sTDBKlT7V4Yn1lZghT4ggyh8rBA2,2022-05-22 19:43:39
sTDt2WjaIhZ0sLL7lvJd5pEaeW23,2022-03-21 06:42:26
sU8GRiwdwJfwkgFB7PturYQpImk2,2021-10-26 03:33:32
sU8Gvx7G6Dcg7oxhqiG54ToaYRt2,2022-02-21 16:11:19
sUIffmTIgueFYeKDkPBTb1jeWqD3,2021-11-11 18:10:23
sUJLjhWgHKc6LLd0Jz3c58g8OHI3,2022-06-03 11:59:24
sUMC6K05G9bsd7W8OTi6HezPXAG3,2022-05-08 04:40:11
sURY0IWTLMUSlqT3IfeZhMCI60A2,2022-03-22 13:51:23
sUUCLC75FYVgQeez7CyFc0cb10A3,2021-10-29 14:38:40
sV0i5zC3X2PkxLG8m51Wji80Vuz1,2022-07-31 10:04:02
sV3HmPSsquPAp4EuWNI7elxxLXP2,2021-11-11 11:15:09
sV57qdFbICdJfsvvionlGs8dqWj1,2021-10-08 03:39:55
sVQJvnUzQVTeh2rS3FfIjR3s0SJ3,2022-05-20 21:23:30
sVTb2lROopM0Zn5DkXNB6PkYunq1,2022-07-16 14:15:56
sVhTTeivjsUx86rMgfvxIFTQCcy1,2022-06-05 11:30:03
sVtL76bjhNTaMiW5ZcU7gACSbCm2,2022-04-23 04:20:44
sVyWSxnev1Yy1j4vbSWtmJ0d8nD3,2022-02-10 06:05:33
sWDtxgxW3Ue70pRZ4jzieXQsIPh2,2022-04-09 00:29:16
sWSuA6If3LNTwct3ukTty8ARlwx2,2022-06-13 14:09:42
sWukuzvCZDbnRrSjgKCqIXFFsaP2,2022-07-30 13:27:08
sXIQndIvhPSPMW3veVkI6BEclAi1,2021-10-14 14:20:35
sXLiOJywpGQV0UeZlV3L9AkK1jY2,2022-03-25 15:32:46
sXg7g4MP6TaONlvVd2t7yVVKhxo1,2022-07-01 08:59:22
sXh4li3T2cdvGmejvuuMkoPk5MV2,2022-02-20 00:35:53
sXlTXXktaMdTcBG0rdQ0Y2ENPHi2,2022-02-27 13:45:19
sXwtsoQvvYT9ZlmMtznD6daJh7q2,2021-12-12 09:38:35
sYEdzmu8hjd0zx8wycYbZ5ifVJI3,2021-11-28 20:37:40
sYKTtsXKIZVdYhkphTGKgBgZPME2,2022-06-21 06:24:37
sYKmpdWSLHZpRVTlguS6aefIcJw1,2022-05-31 03:24:22
sYPN8NXSXgS4saRoqzqQu06QazE3,2021-11-07 23:52:48
sYTQWiO6EcfsG5kZsR6J80PX3ZO2,2022-03-01 11:36:41
sYZ3aV0WjDO9Kqk3wOipRlaixt53,2022-06-17 22:29:57
sYzhysvd4MR6bLhKmVM3qybhifh2,2022-05-06 19:57:19
sZGZSC1PYEaDvs0Mm0Rbc6UqLMw2,2022-03-22 15:26:33
sZLBoeuU93NgrIitoiWbl7tkEcW2,2022-01-05 17:17:05
sZeUWxkww4hgioTfJXSZAk7J7x43,2022-02-17 00:52:30
saEgfTWsBiXkVnyaRWgqnr90bFv2,2022-04-30 13:08:41
sarQu9jju3Oh1kiYKSXq9euUrxr1,2021-10-24 11:33:13
sasQbpd4c8MeL3ENbvpIbF1wCts2,2022-01-27 23:40:14
sbEKj8mWeQV7TlXmCZvaXQ2yDsh2,2022-04-07 14:01:14
sbPO8e2ggdV77PyV3vj421w0L2i2,2022-04-14 06:41:51
sbRIRcD6CqYSzm2RR8WrEroOtow2,2022-06-15 11:48:44
sbhBAOcrL4eTdH79BsKznBhqyL72,2022-03-19 10:48:54
sbjnCazLCFRa2NK8EqTxwfHGdSr2,2022-03-27 05:15:39
sbowHAVE8bZWJUVS4n9lhYLzLxl2,2022-05-19 10:44:10
sc3z4abFqLb8w1v1BWgLVWjoN872,2021-12-24 04:41:35
scTUgBJLMxWI1BOcCUVxBxLCnRt1,2022-06-27 11:40:42
scYhKpEjaxQSgIO20ZtPTEF6zK92,2022-04-30 07:56:02
scpIny5WljQdmJLlysVftUkTEdu2,2022-03-30 05:12:33
sd5P4o533BObqplfXwrS1DjUpjJ2,2022-03-11 07:03:18
sdJDUKSWu6VVgN8DzDo6PWXTEGo1,2021-11-08 17:00:56
sdpXifK0JyZ1ZWGA7FaGqlN4oMg2,2022-04-21 15:50:08
se9JJEKbjDU0o44bQewkmIsu8zJ3,2021-12-11 00:57:14
sekClCvySrW4wQazncL6wHX2lh23,2021-11-02 08:00:16
sevPrlTCtRWS5SE5P18K7binsaE3,2022-06-20 17:10:25
sf8dhwgieVgvzxKvtuMw1gJ5Mf62,2022-07-09 13:42:48
sfNfJfgqddUIWiubIp3PrA0j8Or2,2022-07-17 18:58:20
sfRahKjFZNTiqTe2XFrQFeTEOe33,2022-06-02 17:07:46
sfVcg2E26bYCcHYtoMOLSSEfhaX2,2022-06-23 14:57:37
sfkJDHvAjTbLsZbe8LzxI5WsZHC2,2022-07-06 02:47:09
sfsPLC1ealU0aIJYwz3ME9wrAqy2,2021-12-27 17:34:22
sgFcJizj2BQCM5wdyC0JZMP5Ax33,2022-04-04 15:10:50
sgJtZfcQmMPIeRehMJFTNszaQdG3,2022-02-24 21:04:58
sgmFiX0G9QX9UrbLpWVW4fMbIyp2,2022-03-18 03:46:35
sh4cped3g3fATz5fvaTL2ydMNhJ3,2021-10-23 16:12:37
shI7KCMO7pa8cCjm9PFx7ksoiVu1,2021-11-29 01:02:56
shZn5zW7lMMx7gM27GtusEcog1D2,2022-05-06 16:26:57
shqzdS0z53g8jmUwH8TGB5zz1tq1,2022-02-05 09:16:52
si5P5X943AZRtWKgoqtbAn2IJ1g1,2022-07-21 17:35:58
siKXDfuNzFbuTq9m0F9X1FK4f0S2,2022-02-28 05:24:17
sitFvcUHPyetFuaYnH62A9kh2mW2,2022-05-21 04:44:40
skJPcj40F4ftRJvkpeKGkWfxRyt1,2021-10-23 01:58:09
skVl07UzH4bN8Tfuj1vO8J5Dz522,2022-05-01 14:29:36
skWJyUL9yxeTv6Lvd8qmVFLRKv63,2022-07-26 12:55:16
skk7lGCuS0cJoUkiis32s2B98G62,2022-04-17 07:27:00
skqRBbJfiRVZe8kzaIheMcoCQGA2,2022-06-09 14:27:35
sl2Y9lPDjGh9RECwQuslFg6VvxB2,2021-11-25 05:29:59
slDouLSxs6YINqBdgEOeYydb3u13,2022-07-30 19:48:43
slFAvQhFoFhTkdW3gaxDVMXL4g93,2021-12-06 05:07:19
sm41SIGxQfb9GfRelGtRVFeOsP93,2022-04-20 23:37:19
smENne4Vx6Q2kKlB3cKoYWuwVYW2,2022-05-11 18:52:09
smJCEodfImgXUVfAbtR3BEi7xl93,2022-03-17 22:33:31
smSMjtKKOdN48s98I41X7VtZme83,2021-10-23 00:13:30
smbvLJ2Qcjd2iFqMbvoGyO85Xu83,2022-05-10 15:40:01
smhk9PIW7QRdK8J2qVURgjkuk3B3,2022-03-02 01:03:10
smrdWyib22eE7ObjMuXHvtHL3kU2,2022-01-02 15:56:13
smtVcnZCHjgdCqjMgOKzWr2SrVO2,2022-07-11 18:05:04
sn15v3a1A4fOxHijNMj2yGAsGBI3,2021-12-26 18:26:16
soHZaqpF4DSyadDxAT3brS3xBs62,2021-11-20 01:22:27
soKpgGhv20NlQcxKFxMHiZSGjG02,2021-11-22 12:19:44
soaqu06M2lNJt0cakiPoOlUnZeJ2,2022-04-18 06:30:23
soh0YqJCnmQDuO15HwjPhWL0pjR2,2022-06-03 14:23:49
sooijrqgMHP9ElgQ6Nha6EWI1BG3,2022-06-16 02:47:42
spjXmOGSSVNS8HYMy12rjCEVHLk1,2022-03-19 14:00:55
sq9tIqpZIfWuW1nWWe7HIdwDamq2,2022-07-12 12:30:09
sqPseg81WSMWIjInBSaO5wTPA3U2,2021-12-24 12:31:03
sqQ6igjURlXVKa0cHKOi1cKo1fx2,2022-07-28 06:50:12
sqle123ItJgpCR8tbCfCzj1ykG42,2022-01-21 17:07:38
sqqHDDTH5SVerTLaiyXAuoC0rCr1,2022-03-10 23:13:39
sqvz5N3g1SOt64uAspKq8fIrFZG3,2022-06-24 13:03:28
sr09dunhu7eTHucPLH0Cpfpfewp2,2022-02-06 17:27:11
sr4YSCQXGvPz8QXc3mjS5nM6xAQ2,2022-04-25 13:12:28
sr9Eqj4nmNPOS9XLEo1cErcpxkP2,2022-04-29 08:08:26
srLWJibTDjYXqX8GqNGHsLt6t693,2022-04-25 08:02:30
sra89fkGCcR0QoZquRjuPvZWHPI2,2022-07-05 16:14:14
srakVFD8WzNhjhkePI0knffVnhj1,2022-03-18 16:08:56
srhkQCC378b8xPWccucV8X3CLDR2,2021-10-11 15:13:39
srqsAX1na1ZiT7HEcwpPOWGOaCi2,2022-03-20 03:26:42
srriUq9XMra3WWb7832fGk9zkPx2,2022-04-06 11:01:21
ssLQVC0kDQXkJRLAqfEkzTm2CxQ2,2022-01-09 18:00:35
ssNfdFLrDtTeJI4d6oElk0pg9GI2,2021-11-19 18:11:32
ssWFxiBv6pQfAQtoFS5plCsHRHg2,2022-04-03 12:19:55
sslwzmenAmaokIixjyjpKtzxfeY2,2022-01-21 01:35:31
ssrpgIR24ubzmzRPp6WLSCbbP1h2,2021-10-19 16:44:26
ssxqHTvlkYPIpjGUgqaHwLiuYK43,2022-04-17 17:30:41
st0opQkX5AQks44ea6InETkgozP2,2022-03-22 13:17:25
stCs1UDt5VYbKWSV2Lz77YcnbyA3,2022-04-11 08:53:47
stF72gpwDchUoCf3R0Igs0E3Vw73,2021-11-19 11:17:03
stihCqK0WLQC0Ye7Ynpsd828l3I2,2022-05-16 09:55:31
stmuILdr5WS5EswU7zSsgeH1p8i2,2021-12-21 07:13:56
su3tvlLf3oezpj4RCIluILpnHWs2,2022-02-22 14:00:55
suKrCSmoBhQsPgzqQsTTYF04lEa2,2021-12-26 13:20:53
sukVTHYj7idbevUWUf6Sgyr7unn1,2022-05-30 16:22:21
suqopuK2w9huMDoBq796G43rhvw1,2021-10-22 14:06:08
svQT2QAbH9Nh9GUEFvXej4jv3ow1,2022-04-30 04:18:19
svrVhI4ToTWI5dOnlcvK9ityTZB2,2022-07-30 10:16:00
svsOV4uizRUuQRZmN6FdiNl0pOm2,2022-04-16 17:31:16
sw0ETbIPxhZLebNo6JixMKmpQuT2,2022-01-08 14:06:16
sw2G9rbeFmOQNr5i3jbWyvsCd5x1,2022-07-06 19:33:39
swDDVFALVXgPW57YSg3EuqG6SlJ3,2022-03-08 09:05:39
sxDiqWCudOgVzow0fGvuqDf4qJg1,2022-06-25 08:35:29
sxSzRmTpHnYQFTt56zL5qIQuIUD3,2022-04-24 00:29:45
sxVngiywNVSXyfzxB2AjTjCFVRs1,2022-04-17 15:31:51
sxsNZXUJyQVIPBbSGCsRIFiEIVM2,2022-05-02 07:50:58
sy5Cet8yAvhpHzOUFXedAppxVuA2,2022-02-06 09:08:53
syDbh5H0SvbXT1iDW6p6XbzQMmu1,2022-06-14 06:08:35
syfarx4zx3egWgyqj2peHyg6SEQ2,2021-10-12 04:57:23
sym1RdtL3whmROwU60GI2SZYcwp2,2022-06-21 01:46:58
szHaH2FOfLY1M5YHhpTG5RR9iHv1,2022-06-30 05:06:26
szHbKjdZ7VNbDvgmAiqRXVqhEnP2,2022-06-08 04:18:34
szLPQBhN8SZOIxey8trQQ48KRZD3,2022-04-19 11:50:02
szpp5MbDXLhFnxpcPe0T10DbMDN2,2022-04-01 06:01:39
t0jcpfVLbdM8Ar4KiopUC2tNPTA3,2022-07-22 08:36:19
t14VMvfaKdhHY72MMSvUPawz40R2,2022-03-25 13:22:50
t26YE7hIowUe2czSx3dz4tvMC2z1,2022-02-27 11:23:13
t2er5Vf2tNVtUMBXlSExKNvEXkS2,2021-12-21 20:46:25
t2mmRCcftTOSlVHItalP8nr3bgs1,2022-05-08 09:39:21
t2s84N2mhzNyjcrkzoqdcxkd5Nh1,2022-04-20 03:08:51
t31537ORctUsoNHf8dpFzgg9fgS2,2022-01-31 14:37:08
t35v2Z6tckNVN81sXmMmvaw1ENb2,2022-04-17 01:33:40
t3H6AMyeg1SMlzG2t0tsHAbxOsO2,2022-06-21 06:47:25
t3PPOxMweCWkle8MWL6aoSlrFsj2,2022-04-26 14:21:19
t3PRvQbHMqSa31kaY8isxaQoQtu2,2021-11-14 12:25:41
t3V2TfNOpAUhp2itPheIkrgmMwY2,2022-07-07 08:48:50
t3cCLnutuLd9hF40gw4QVCxH8a02,2022-03-07 12:22:09
t3o5BocEZ4RoNdtX1klgr27Z0Tc2,2022-05-14 04:34:55
t3yyxy8YS6QuwyLtud5Xmqvc6xu2,2022-05-04 23:57:00
t44h97cBIzNWF4soI0ZYeBXAIsq1,2022-06-01 13:37:55
t4N3KbYjtCO2amypvEzLAhDCquw1,2022-07-09 14:27:10
t4b4kTCkDKTldYGoZaeICVVjU4d2,2022-06-11 00:57:56
t4g0WWadu3eJxlczZCZyObbpTKj2,2022-03-11 18:04:56
t4jk74b0yEhUizekmwdOsdR5rTG3,2022-04-27 15:51:43
t4tGbJ1qUJVHsg6sylaMOBVMZrf1,2022-02-06 03:44:54
t5NcYcMnMwYPv0NIUlFNNqvRECH3,2022-04-14 21:48:50
t5RkxCa8D7MJ7cog7ea1tFvGoOQ2,2021-11-04 16:14:17
t5VeURvWSVh7G41iKg7zPTTeHZL2,2022-03-29 10:45:05
t5izR2wDNBdXtaNCZGOCmOBAQ493,2021-12-20 17:56:36
t5nNhuK3hjTIMdvMQiJ1QpEdcfp1,2021-12-20 13:08:33
t6QS3mEIF8PRHX6AP2QuDzzbJIB2,2022-03-18 09:42:49
t6fAwiY55dXZ1XLHAZ8yaH4czXy1,2021-11-27 08:43:45
t6nUtbHLVwba9OpjhhJJZV4ayOX2,2021-10-29 07:01:59
t6ysmSw3Maap6AucpEOSEQbylNW2,2022-03-07 15:51:30
t7RmqYEMt3Tjdrp8FTRI86CvesA3,2022-05-31 11:57:46
t7c1954aO2aXltSBwhvRtymtHYt2,2022-04-04 06:39:45
t7ocl1bHdxctN9q84XUeuXje9Qg1,2022-02-01 07:33:31
t83rFEjBmxgmMPcneec1Su05Vjf1,2021-10-22 15:06:27
t86ZezL3WkfpXF9V2KV4YINkvgk2,2022-06-29 05:34:37
t8QW36lbGqg0dDqNbggKONGLc0e2,2022-06-29 23:00:56
t8WKKLC1R9fgZm981qUbLZfwLf12,2022-01-02 09:51:06
t9WwXhuiUbQIcU751pCElxdRvl72,2022-05-28 17:13:40
tA3koA7YmOdPvEVkpojPB0ocsot1,2021-10-06 06:09:00
tAHccpmjk3ctn6QrW1AKoRs2iy03,2022-02-24 16:42:51
tAYx8uAsYuhgYRRWFWqr25XokJt1,2021-10-15 14:51:09
tAp3aTROogXtbwkGOHM30QwBVcs1,2022-07-31 07:19:49
tAtyhBnnznW6zhC7qv7CdStK8fp1,2022-04-02 19:45:01
tBAoipARVLMKxoB796DMFFMmDRU2,2021-12-12 07:34:48
tBCCQzEJ46hXZm4TSvCu88T9EW63,2022-07-29 10:30:47
tBWx4y8Q6cTXiRsNB1g0fZXyfCi2,2022-07-14 17:46:00
tBcJ7lCGKeVJ9vfbG7v3cRbppp32,2022-04-26 12:10:33
tBig4p8HsqQSRaIwwG99HR7mci63,2022-05-10 05:00:36
tC8EFPWOMcd1RjKRoAwWTrLdnLx2,2022-01-15 04:38:13
tCHtaXxYhKbsQf0Wjra2CqgElzl1,2022-04-12 19:42:56
tCR5tPcAVTP5lfO9BOMteOK1v742,2022-07-18 10:46:47
tEb5YZM4uYTz04BIEkbHfOq7RVF3,2022-04-14 03:43:56
tEpeYO9pE4UPafhSRjqo8Fov0JI3,2022-05-24 05:56:53
tF1YjhJeOidVcGu7aeW0bhJ53Kr1,2022-05-30 01:30:24
tF8H6iJKnRgTNGXILvZyvs15Pnr2,2022-01-30 09:57:18
tFLcb6iWTXWlfEzdJSIgdyknWPh2,2021-12-06 20:08:17
tFaqETW0cJPqgVv9ybDjsml2heE2,2022-02-08 08:54:55
tFkSpY5ScDgiNDqtBbvPjqq1gpb2,2022-05-01 08:40:29
tFkl4qWE52QukDtd2Nq0JV3EAFg2,2022-05-15 07:38:02
tFon9GqIfkW5HRhH8hx4G6c0YK63,2021-10-27 17:03:49
tGoEWwGVw3ULlvzMDpHxlubWYf52,2022-02-04 20:57:02
tGz1JYY9djhr9Z1IPgDj4fbxAqc2,2022-05-14 15:26:09
tH4KE6xSA0UkDT1uDQ5mTXKLG8v2,2021-10-11 09:20:47
tHFDvPVWzeQ8ArIvKohFaBVg5S73,2022-07-25 15:50:00
tHcm4oVMIoOAr0ZEvRKy8oAokGd2,2022-07-25 07:44:39
tHxdCFZgbZed1t714Gn56PW5DMm2,2022-03-18 18:35:40
tIpXzNu5k6So7QJbtlhCnUlRaun1,2021-12-11 16:34:10
tJ06WY4OosgW6QhUPpkdh7qohRL2,2022-01-06 07:12:50
tJHDtzDxh5aUPXwxeHf8BLMX7zF2,2022-05-13 12:27:13
tJad4LKmKdeeWj0iTnoR0TWzwg63,2022-03-19 11:31:17
tJavu9ddmQVB7JANPoMz3VnHRC82,2022-01-07 21:05:12
tJpzvXEzO9TrZXzYUeZ9dZh62Xp1,2021-10-16 23:05:31
tKSGtHyTG0WKuKdi79L79Dfl7zf2,2022-03-04 14:35:18
tKXEFLZR85hEdBzRmyjmmGLhbGz1,2022-04-14 17:06:03
tKXGYFpnBmTH55XBOpvyv4fZuzy1,2022-05-18 23:57:36
tKqNmPXiBTdg0aOd9NFdzBvx0Na2,2022-06-10 14:45:08
tKqj7p5oMSUHoer1tHnKEcjnouh1,2022-04-18 05:07:05
tKsnRzM3EvbpG1ukm5P33Mh76r43,2022-04-09 14:27:55
tL3GTRgtuRWRNffm1oGE1snUB4J2,2022-06-28 15:23:17
tL3I0MhDI4V3bmkFxeP8xvS5ScY2,2022-05-01 05:31:38
tLDO2KFQAkdOHIIsuAbkV1rJxKq1,2022-01-09 19:19:38
tLFPP12Vj5gejRageCrKcRlZCy72,2021-11-30 04:12:15
tLHjWmoiqtVXWJGpGa1GzqLkN1w2,2021-12-25 08:30:08
tLLl4hZOI3TYithWRJPshEYuoX12,2021-12-02 14:51:17
tLit8TeN3FV0aqsGzwBdVc7YTiA3,2022-03-07 15:50:30
tLy1AaFnu9gzkPYrLS3iEWtgns62,2022-07-24 06:31:20
tM2lQOWigFUYpG34vCpsZ40xHyt2,2022-06-27 05:07:55
tMCjwLmpG6V72Wp64kxr4mX29ZH3,2022-02-28 13:08:04
tMTrXP058SSn8o9tBcTmTor1jqv2,2022-04-14 17:42:46
tMUJUviNRUd2omITlJsBOHFlQSh2,2022-03-30 04:14:52
tMgPNLlCSHQRuWoif6WIekj0nrf2,2021-10-20 06:28:56
tMgkxIuNxre2lWMsodLGTVGlRQO2,2022-07-05 11:21:53
tN7yAvgdbIbk23epZYnPjafDaZI2,2022-05-28 10:28:12
tN9eFBGXagZoqchCvZLsW2ITTG03,2022-06-04 07:12:41
tNIXWwZIluYVYmgqvCWIsg3VLhQ2,2022-05-07 06:56:21
tNblwKatReXWMppKeCvSr2c6JoY2,2022-02-22 18:22:07
tNitmB03fCX1D1B7I1aDxdfobS62,2022-02-20 22:19:19
tNu6uNvFCBbcfXwHXOE4dzZu9Fd2,2021-11-06 02:07:12
tO9W3Z8Hj3XPdAO33pqEIuIYJvt1,2022-01-05 05:22:18
tODpGaQQPfXGM4d7CjVFw0iemyh1,2022-04-10 10:12:55
tOITdwiWOGQteXWXCEX3rx5PT792,2021-10-29 10:02:55
tOIbHdNvswXHUmThH7UZn8rbL922,2022-04-24 13:46:12
tP3BFn5LbiSU1PMTftJ8mQYzb0F2,2022-06-12 04:17:26
tP4g0B0ubRgepoILcrrK7nBqdd13,2022-05-28 05:14:55
tPu4AakB7Dgw4dpqSdmwAdJbQVV2,2021-12-06 12:56:22
tPuhRNhHAHM1zJLKAo5H4sosGO02,2022-06-23 13:07:24
tQE2D42FZVbGjRJadfJO27VYTwv1,2022-04-12 15:38:27
tQEIy3d5RQRWaTRYfhbUtZiM6s22,2021-12-10 22:19:28
tQKsCEZ9oUPu8keqQYQBPzMsOye2,2022-04-13 15:04:12
tQTPm4dgzcRPjK7K2jNmBnQ90By1,2021-12-29 08:28:21
tQaXBrrkURXpkvlZCR4GK2eFsaC3,2021-12-09 03:17:11
tQkA0e4VTUX0EmNySC6DeqNYLY92,2021-11-11 14:23:24
tR3C4sz6NmS4gueT59Ov5AK1Cwb2,2021-11-01 12:08:18
tRcLGpyIZPOEHkirSQaApwk86303,2022-03-24 14:03:30
tRdsTObi33YEnNdqmDQIHVdNaGm1,2022-06-01 09:07:53
tSD0mweqY8dbFe4HYEzmYBivouw1,2022-02-12 03:21:48
tST4qw51lGfGBsRwsJxd8V56uo02,2022-04-03 09:46:16
tSuja4HTaMQmqFsyZV18tCKS7S32,2021-11-22 06:33:06
tSypBZmVgOZ6hMg5snvjbnZBBWC3,2022-04-29 20:40:03
tTKGUmyT5aPfFBJoisiw9Bkf55b2,2022-03-19 23:59:42
tTLhExoh5URlAa7HZ0AfLZYUT913,2022-05-28 23:19:54
tTaCtXbIyKgeAs4SRf6Qfxu0dTj2,2022-07-05 08:59:09
tTiqEeZuI5amlco4SBLlnYcGzaa2,2022-04-04 18:21:55
tToAuO7eP9Zv1qANYk2j2LkNsP43,2022-05-16 06:50:49
tU9BtdmPLfgH9euhjl3vXtuuI602,2022-01-02 23:06:44
tUObPXleADZL4qJdYdFFOK4UCZ33,2022-02-22 07:07:41
tUU6EGyUkfOzK3G6fmyRbvyKAqJ3,2022-01-16 17:56:01
tUdk7oj2jDf7TLiy7Q0z4D20Rfw1,2022-06-08 16:17:58
tUheMBZVeBeyUmIvDgVyaQ2bHeg1,2022-07-27 19:28:17
tUy8lbOcUdO8yFWyxEmQ9GMhJEd2,2021-10-27 15:47:51
tUzsoFm7vaOP1aK34483V8LZJwk1,2021-12-18 14:47:26
tVeuvjCn3yZMN2f8da51Zzh4aai2,2022-01-14 13:13:49
tVn2ssOaW0dEZRCKidFYczW9VUn2,2022-06-12 19:38:34
tW31GPKa0sXtKqPO2AtI3033Lwf1,2022-04-06 06:43:19
tWEleYCaWwhLKravRtA2AcuwRBG2,2022-01-03 04:43:28
tXli71Ww6iZPd0oNmW32HUtddq73,2022-04-14 13:06:54
tYHmsVNSWncBeDc4MmzehF74i022,2022-05-28 03:05:28
tYUbkHTNvnN5BCYVtdfV3gpE1A92,2022-04-17 14:16:18
tYXDTU5zzwbVVpwotXIBhEMEsR82,2022-04-02 10:38:36
tYh1gtNFSqe6o8oVcp3dfFvsbVl1,2022-03-31 03:58:57
tYrXdJWuCLOSewi1CAFkGtNWSsj2,2022-03-18 18:12:18
tYrsnuTVNDUTjeEMzTZTv9vqGva2,2021-10-12 15:19:19
tZ5cBiYE3thvAfDMmQ4a3aEkFjy2,2022-05-08 11:42:56
tZWTKlHEbvbvfY4yz6QyPu2cQud2,2022-07-31 19:03:53
taJ0khKUOwWQQOJKRyNADRCOjRb2,2022-02-09 12:16:54
taVlAwvKvPQuw8cDPLiSLLrQ4t13,2022-04-13 00:19:42
tbGEpkbNZFSFdemO7n7BzigjrsS2,2022-04-07 17:27:16
tbgU5ewAJ3OMsmTLaT1lJKWlVmW2,2022-07-08 00:58:04
tc30AmYG42O266hPtI6pOPKG2tn2,2022-07-22 12:18:20
tcMIhnHgFkajA1A8c3KdkW793C52,2022-05-30 16:37:09
tciWoKHiIPgiXPYEineYDNzvYCg2,2022-05-10 06:27:16
tcnReah0SSdyxc5If4yQw9Q0f973,2021-12-10 11:36:34
tcrgcPFT3QTZfL39TCfPfLGU06H2,2021-10-06 14:05:26
tcvBg7iyYDThGCIpjYAk35xIxKi2,2021-12-23 12:49:44
tdRVRtv0ZtTS4dndl0QAg2KUsfi2,2022-05-18 13:54:43
tdpY09U34HhwuuJQExieLAjWPfu2,2022-06-02 22:08:51
tdveT3yYdDgHI7OL7PTDa4T2EJD3,2022-04-16 09:37:50
te8uEWFsStg00FUZyEEZ605wCaQ2,2021-11-06 12:08:10
teYPadxz7BeeBeK4CstWn8QJOVr1,2022-03-02 03:09:04
teYbhV7YEkfD0XvamQ3iEtNkHWH2,2022-04-20 04:11:56
tefxSZMLI3M3JdLDxHIaOybUcuD2,2022-03-18 23:24:14
tehjJUkDroSNIyV505XypXtwhFG3,2022-04-24 22:04:49
tf8AFhOIFHWvgfH9z9WF2mLbqZQ2,2022-04-10 12:28:45
tfAAOWEMOEOi5XWaN3EX74Ja4wq2,2022-06-15 03:02:33
tfBR43RdWJW86tuGVp5T9YeYV1n2,2022-07-09 10:36:35
tfQMW5QUEXgp6cKcHVQqFp5yG8v1,2022-07-24 19:11:07
tfaaPy5IwDTblYPh2WD7qwSxIME2,2021-11-26 15:39:21
tgWDQD1riQN61D3dtiBdUI3IiVM2,2021-11-28 22:10:46
tgZhRzGqdPTwkRyATRLCzzsq0Jh2,2022-02-08 22:46:30
tgbAtPovxkQc4ScBYUkx4M57Y842,2021-10-17 03:33:52
tgvK1dTmp2YlzGy5p1yv2Wrv5Pw1,2022-03-27 17:03:15
th0NplNOkngiep7B7HsAl6IYpkV2,2021-12-21 20:22:19
th4mmHqhaAW18QCU6uUnZQEeELX2,2022-05-26 14:50:57
thX5WbNIjwdYVSjyIFZ96CTm4572,2022-03-19 14:48:30
ti53Zb6kvYVERCHXbzOsT40m0Ei2,2022-01-07 02:34:13
tiWckhs3lYZ74rEvmacPwVuNkAt1,2022-02-26 14:35:46
tifgJOMErEVF2nGoixUJc9cjhav2,2022-04-05 19:09:27
tikAMThTdTczmtKEdigYH3x3FKH2,2022-02-07 06:17:34
timMe8KPCIUQ8e4MBjov2tdB6dw2,2021-11-16 18:40:09
tiq3U1zktwcaJXcT6BEl9GomzBs1,2022-03-06 12:39:16
tivwo97OjgfQjw11IHyiIqW0R0H3,2021-12-17 11:18:53
tjAzuzNaAobyJM2ZtMLiXly1Cqd2,2021-12-04 08:50:26
tjbCqHCzsSWFfoGdfwfju5GXFPb2,2022-01-30 10:11:01
tjy77PS7fOgtl22O5OVDMoh6l4x2,2021-12-24 11:59:50
tkAPRZJ2kUSuqvEnUHOdadQgR5o2,2022-04-10 23:19:54
tkEJxoIsV9RvzhTKYX80G9KaQPt2,2021-11-01 19:48:51
tkOXN2IZNkOYeI2IaNoYsQPgWbP2,2021-10-20 09:12:41
tkRCK7LrATSNcbiI4RPhY5eJYfz2,2022-04-09 02:18:50
tkl5ocnpWDbfs2OLAMc2oUboN032,2022-02-22 22:05:14
tkrpku1lodh0oDFCYbIpqZiOeNu1,2022-05-24 01:51:36
tkufniRnbhhQrp9OvTrzyBpq5xp2,2021-12-12 04:14:11
tkwAtUFDo8ZiHJrRA8CNgdUYIhj1,2022-07-16 23:41:59
tl3Sh8q2UbbRGXLHBHhzhYGLO7I2,2022-01-03 10:58:31
tlGgIKbqCebqym3YqHGMlSARLoG3,2022-05-01 02:53:51
tlNBIm5UU6gehHR57NtzUkNYuFg1,2022-02-14 15:40:55
tlc0wCGtd7Utqic860buy4WDKsw2,2021-10-02 06:00:16
tlkEw8qgCFVx3BsXmc8FXa6cbTp1,2022-01-11 14:59:34
tlpD2U95qPgeVjtxuKcPxAaxaFg1,2022-06-09 06:51:45
tmTVwhfGXWNAZUyrS0LPys9YYKI3,2022-06-29 10:53:49
tmWqjCY6wmdPiHXBFyzzOtuqjhr1,2021-12-01 18:24:37
tmmjXTUsPYcyL99vK7RoYIu35G02,2022-04-09 19:59:34
tmvFvJmtc9OclvhTtvaojpQ4V6G3,2022-06-29 20:38:04
tnHjv1jMl5RgUZ27eWmO9VHWMn43,2022-01-11 19:18:09
tnJ0Nk4tgtYgyZ71AxewKQFypio1,2021-10-30 10:04:53
tnKfYnIAdYaNWrpiuAKKFQmoGvq1,2022-07-08 08:45:06
tnPkRHWK9ghcsGHNfP9vhodkhrz1,2021-12-24 01:58:55
tndxkwzJ1vg3cnOFSz3JG1u1keQ2,2022-06-08 14:39:05
tniTpJUVmqQMEan0jxCmK2DXCRq2,2022-06-23 14:51:02
tnpKcHH9j5MXt5ZTczmrNAJfMlu2,2022-04-06 02:30:39
tnqduWBQPwRbvFPMm6Ju3R0vo303,2022-05-08 04:32:50
to2asJ4fdZhg5OGGv3u4niHLTy52,2022-03-26 15:02:52
toR0AYlCOlP3W0wDsHr08BtwPI63,2022-05-22 03:19:15
tonxOjcUtWh96aDLReETQYbj6M12,2022-04-09 18:55:32
totimD4xKDbykeJ1HMXocqBB19T2,2022-05-23 10:14:41
towiEMFiJ0fe9AbjGojB7vdbAFg2,2022-05-24 02:30:30
tpdfIiBa2Tg9NrsLeOCF7c7rMko2,2022-02-16 19:12:22
tpkCVbkIFkbM47gIFs7jdnLbiFv1,2022-05-04 10:30:39
tqUI3bIcYNQCRZcK4IXi3kHOedE2,2022-06-26 17:41:19
tqXtR7y01oZZ8hfK0s8pu2VPSf12,2022-04-11 14:38:53
tqxVgNDKdch1yLwqLANif6fToKb2,2021-10-31 02:58:57
trKyfYNj2Wfcso6EgcviFrqCGiS2,2021-11-29 00:27:00
trZCqrlXhbSFBVkxOV473BRYXcv1,2021-10-08 12:46:20
trwztq0iyshXWmustW37Mo7h7gj2,2022-04-05 11:49:20
ts1hiaoKs9NET1bM8sTNUFhHTGn2,2021-12-28 09:00:20
tsJ29iEIijXSz62rPfHZblDr7wm1,2022-05-04 15:20:04
tsPz7ACQ25RcsREyWaXQTqhRsXk1,2022-04-30 09:10:30
tsSoNhvEKTPVRmpBVhzslEwGxc92,2022-07-25 20:35:17
tsVs4h8o6bhqZc7bi1LUWstFbj03,2022-05-02 18:57:18
ttXJ13Wgl0NP2sxb7A5CNnw9xri1,2021-12-05 18:28:32
ttfCWJIl3bVt5pGDQjxWxq76rXe2,2021-12-04 09:37:16
tuRgSbIrKxe8cG5WarjDT2woPJ62,2021-11-07 18:28:16
tuokGnx5SsPJ0fjEv9tLT7BFGtt2,2022-03-23 08:07:27
tut5x8JM9XUb6RkO1N4HFK7GJP72,2022-06-09 14:39:21
tvKVGJCHnmY5uwJaPIFCrluOv5G3,2022-05-30 17:40:41
tvla0BjdLnXNTtu33HemjPCIsZy1,2021-10-26 21:19:26
tvn3OGiYlROo5aZndNiqnSJil6x1,2022-02-05 14:44:22
tvxRccKNLXVtCxRIk03XMcSPruL2,2022-05-25 04:33:51
twDoNbt8lTYn0mqsae98FMUysai1,2021-11-04 12:09:01
twQCzTFmF0OhwSRaRl3a9aVt53h2,2022-04-13 04:35:17
twbaurrOOqZyH9dLkraPi9e3E3l2,2022-06-04 04:06:13
twtmUdhgDchVju3oNoVLeM2yePv2,2022-06-01 10:46:22
ty7bxWD8S4OgrL0Ui3wFbC0fXqG2,2022-05-03 15:55:20
tyWPxcCt2QciKSpE2JYXbMzl6d72,2022-03-31 10:45:54
tzMKfJ7x5kVurWxLAMqWOrQ0RJA2,2022-04-25 10:30:46
tzimDP43WxM1yfjeUab7G1LpKNs2,2021-10-30 19:54:22
tzu5LFm1XwSjNAPvK5e0IJ4JRVg1,2021-12-14 02:47:13
u00X78yEEBVNxpSBmLYt7srqSpR2,2021-11-03 15:31:34
u0GNKR3q7FP05T8YwXAO5Aql39A2,2021-11-19 13:37:17
u0W2ux5guXXf8poyKGIHkxLJjX02,2022-06-08 16:45:02
u0WbdbV1UOWbvdVkf17ppsLiKzq1,2021-10-07 20:10:08
u0fEeKn26YdkhgHATPNB5N4bti92,2022-05-04 05:29:55
u1I8QZtUpaW6WF3RgD40jKquU8T2,2022-03-04 10:24:20
u1JxeWJ9loVPQQBVegyDYUV2tQS2,2021-10-17 22:47:01
u1cbVs1Gc8TNi4hi4EubiHIea4j1,2021-11-21 10:51:48
u1tKaW8He3eRYNG9OBkdKkgtJLL2,2021-11-09 16:47:24
u1tUb5G055Tg6cTmZFiivOStUpF3,2022-07-17 10:17:38
u2D6gLUZVjWggOJDxsIB1cNxBcq2,2021-10-28 22:47:12
u2V8RVulHhXhZ8DrO8QyShV3DTE2,2022-03-07 14:08:24
u2wyrOg5AESGs3FlxiRdRJBInc12,2021-10-06 13:53:40
u35Q01FGcQTlR2Ghb2HBSMg9GBv1,2021-10-30 10:16:06
u3M3XkPYEocnVdIOvZ8V5UAPNUw1,2022-01-16 21:04:38
u3MhVBmAoqTQbsKnf1l3hFCIhkt2,2021-12-09 05:01:27
u3PYwfJD9ihOBvPCox4v3zfaOJr2,2021-11-25 03:00:30
u3UlKAG9NuQVMhpSGZqmJsdS7Ny1,2021-10-27 01:26:14
u3sJsOLkmUW1iWoCHrMUg3UQXa63,2021-11-24 16:32:20
u4HXnushEgaRpseJZ4fpnwqgWdI2,2022-05-07 10:10:08
u4SEmi6iXyRduu007uncYI7XBmo1,2022-07-10 04:18:21
u4i97shcsRX4LqgwrNjZyxmQdeZ2,2022-03-24 11:22:32
u4rdB1xR82NAMS0CXTEplHgLIg43,2021-10-22 16:04:36
u4tkRtfU6ZZ0WUvswnvEWfj7Yf22,2022-01-27 07:39:42
u5Dn3XMi4dhp9Kxw3B1IH3E169Q2,2021-11-04 17:46:07
u5K1oNEDtsdG3YI6ksxyLZnQggj2,2022-04-17 05:53:29
u5PmRuYEWLctDBLSNXpZvjihXii1,2022-05-30 16:34:02
u5lGVkyWLeNHeHWxGImDCT9BY9t1,2022-05-15 05:01:09
u5xsPB8RPjaz4cAtOlHTFq2exqz1,2021-11-23 04:38:44
u64ZEXphPgWA0FAUxHRg02yLIAu1,2022-02-26 14:21:21
u6IQJelCayNO9xJXDdmGd1jwKmz2,2021-11-13 23:44:45
u6QX8QgiO3ehQcR5b2nWPs35HPz1,2021-11-22 10:28:09
u6RtoTuHwEc7kbOnAHDNp7TzdZJ2,2022-01-18 18:37:39
u6hqmwPk4lUKLulkM3fPxx9Aoyk1,2021-10-28 15:56:12
u77DMV7AD1M2caEPDvlf5WowOvt1,2021-12-18 13:08:02
u7QcWB9hU9RVbJu0vtbtNr7Shh92,2022-01-30 09:10:23
u7YicdZMrJb4o2TtttSDrWuv8ig1,2022-01-30 13:55:26
u7g39W9RpvfPcOYwvqnpAbOjGXB2,2022-04-27 13:41:08
u82cc36VRWZAmKc7bHkPrWZoFtE2,2021-12-02 21:49:42
u8B8U8ck6HR0wR7XjAUKlo4edCU2,2022-06-08 11:01:22
u8NZHTbcfLhHk5roVrS4iPYujkE2,2021-12-05 21:42:07
u8SeQK3NflgdyDoITPrUqchzO4t2,2022-05-23 00:01:52
u8bhRnPPTff5xKf16OccgECO8oz2,2022-05-20 03:41:51
u8eW4QhiyccknoOHrNSbSmP5RH43,2022-02-18 09:31:33
u8iWEnpwfZhSQWyP7ILHkdItoF32,2021-10-05 02:45:33
u91wFoKVp2a52FSxkPRSoz3EeeP2,2022-06-15 06:57:11
uAz3EkzH3XfWQzVNUtXL6TD6tq83,2022-05-21 19:28:30
uB1X1yUEeHZsHDnzlo223Xx2tfn2,2021-11-28 10:51:16
uBCMlZ4eonQrWWDbFJ6Du2LpaYr2,2022-04-15 10:42:32
uBH5trsJkCR4oHemeHSWMDuw5WJ2,2022-04-04 08:51:07
uBJi0uKlCcfUeRnagC240Ha5adQ2,2022-04-23 09:44:33
uBWYwC7y79RtCChJFeXCUnBTPx72,2022-04-18 12:01:20
uBccESnSp5WhtjjctI5Zu3HGtJ92,2022-05-13 05:41:52
uBlg4uQMwSNAo7DEiArStMMv8sR2,2022-06-07 04:06:22
uBrh765g9zThy9UYEyCVHs0uf6P2,2021-12-25 01:10:55
uBsNFOzLXAMqOY2fzV0Q3mgXdYg1,2022-04-17 06:13:02
uC4IIWWFgnam7oXKTnfswvqfHVL2,2022-05-30 17:20:42
uCHJEitby3f6pcUiyDYdv3rO7zd2,2022-04-17 16:35:32
uCHiez9k45czvAl4vdrK50UIdQ73,2022-04-04 06:27:15
uCQGmPH6Y8hyK9KtlC1qzhlR1d83,2021-12-26 11:11:16
uCQrWptlyhRC9mt7AfkcxoX1V2m1,2021-12-02 19:08:07
uCnvtdysLyQ9ja7nKT44riwXl493,2021-11-08 12:17:08
uD61Ef1y91WMbGYS4PIXkeh7C5E2,2021-10-24 03:26:16
uD9UFGJXqefhYzR7mn1M2uqjDOD3,2021-11-25 00:02:36
uDkWDFZMxzfQfK8F75Z5oDDhfmu2,2021-12-23 17:47:57
uDkjcMDJGjTobbrs3dBHhx6hXNm2,2022-01-04 10:36:34
uDuHdeTEFshsiFCcsBweJQvpdq43,2022-05-10 20:26:38
uE1mlekUidR1ZadRGRYaZqIx6sw1,2022-01-29 05:07:23
uEABjHbTk2dp3BmJMbzJ6YlEf9S2,2022-07-19 03:57:44
uERMR1Ac4nU9cnyR77DvKrNzllv1,2021-10-24 03:23:06
uESxrcyQYmOZiPOp8nGWSNuBctJ2,2022-07-06 18:04:38
uEVRTSr4otVWXMeraSjOILUQ2uH3,2022-03-20 11:52:07
uEc4Jg5vLjTikO7csswsC8HFold2,2022-06-06 02:00:32
uF4iK7XQaQdl65aUx3Usg4cEXhS2,2022-07-26 16:36:48
uFKBpOXahES9oBcBIVfo8g59UDC3,2022-03-03 13:52:24
uFLR7kwJMjZ2CFqFEYq1us5Dq3j2,2022-04-28 15:31:53
uFvJbkzAAGhyYbsCHBWn7lBvZnb2,2022-03-22 10:52:21
uGa44k7GntYiL5riwl49og49vwv1,2022-04-18 00:51:57
uGeowLlzFRbQbI7No7N23y64D5A2,2022-04-05 17:14:22
uGmU1mMgA6QuMYwnkFGSWtjYHqz2,2022-05-15 08:24:13
uGoaG9F5qZaaYNJRsHN8ek0zRgD2,2022-05-13 09:20:27
uGtKOcZDTwbeYVZMhmYdNIq0PsJ2,2022-04-07 08:21:41
uGvVYodTYIhDX4hbKbqYGt3L2sF3,2022-01-08 14:11:13
uHBElX6VDkf66Ie4Gsvsvz5eJhA3,2022-03-24 00:30:18
uHNSwK6iOSNAgVFXrgpNwMkN8Ec2,2022-06-26 04:07:26
uHTMrpmv6XZVUvD4gaaZK2swZlo2,2022-05-27 06:53:06
uHcWKodklWYyZyXYOMBTWyEKZrE3,2022-05-25 12:14:33
uI3rbsGQMJegUyDBgaGI5GqoudH3,2021-12-06 12:26:42
uI85RT6CvBX6SkGJnhCgM03D5hy2,2022-05-29 03:42:47
uI8VRUPJZRel32CvwVdBo8SyXUQ2,2022-06-17 08:58:31
uIEMFWsDhffbATS2vnwRPYcOhzv1,2021-10-22 13:58:40
uIG79Sn8KqNJET3fcveC21wu9d12,2022-07-05 17:19:59
uIPySkWe4maMvAW5HSWJPP3NhA82,2022-02-08 18:49:55
uIeDDVWqOFYjX2iXjT3dT2B7DE93,2022-04-13 01:57:41
uIq3zr9DKNMNlsPNv50UxlRb2qu1,2022-04-04 11:53:34
uJVa3qXfS5XTUBMsOn3bKQz1non2,2022-02-27 10:13:17
uJVaVhRYRQab4k9Q8vpTQrBhvwt2,2022-02-16 15:38:40
uJaM9Ju5Q9OnjUGuuDzoQIdwGfv1,2021-10-07 15:57:51
uJhFHkclvldBVU1d4LanOjAI4aa2,2021-10-05 07:14:33
uJkXNz1GlhUySZm7fS0sjFKYulx2,2022-05-11 03:28:32
uJtXUGyfTYWwdy0CXe6Pu54m3Vn2,2022-01-23 20:50:39
uKNgoIUS4sdSIQUe8xR5YvyqC8f1,2022-01-16 23:19:32
uKRieKH4Cja4CrNHkveHtRsd2kR2,2022-05-05 06:44:50
uKjyN8LBygRuRMx9Jl98cpnJr9B2,2021-10-28 06:53:54
uKq6xjBKDJVbpBBg7C4Hh404wsp1,2022-05-03 14:12:54
uKyaUH1uf8QCuBxJIuyUIo5xju53,2022-01-17 14:29:02
uLgFLD5mVEhQppewcubE6Ix7Mj92,2021-11-27 13:29:22
uLppj9ofsQb2mSmOTOe0ZjqSTs72,2022-05-30 18:52:47
uM7cSR9SMWdCdxVpq1enF9Tq8tW2,2022-05-03 11:31:12
uMHZ9WcE2DhVeCKo7vQ70ToxTft1,2022-03-25 11:46:27
uMsnJHtK36V361x9cnW09M4WJjA3,2021-11-03 03:13:24
uMxDydyfYeckpwG0inY46CrilZ33,2022-03-23 03:33:52
uNXMCePL1WfugdpaQLaeUVeAtly1,2021-11-12 17:14:24
uODLTxWTshTHJ70qTo9JI62G08t1,2022-06-11 21:34:35
uOFIrKKUMabIcMyRNUYIddIPLEp2,2022-07-08 01:05:41
uOaGPSymj8PdCDCXewR0wE09oDI3,2021-10-05 08:30:58
uOsltL1AsjZqTcxhAdcHZeYDazs1,2022-06-25 01:34:33
uP7oGnjW8mWbNMbA6ID6Eul1DVj1,2021-10-30 18:59:21
uPEujjn5NyQZmlbs6TzhRvgfES23,2022-02-10 15:01:57
uPSqHtHQvDaS3VUQKKElrYnOaU03,2022-04-29 12:05:21
uPcW0Lm0hlU6NzlzzdDxtNPgzjS2,2022-07-04 13:15:54
uQ53bfzQRygX636HIXDGScR2nqA2,2022-03-03 14:10:52
uQ99IKl10sbmoCOoWfnFCvsqpap1,2021-10-20 15:31:21
uQaZtIYHSdeLTLMSliq15EzdJ5z2,2021-12-31 18:59:15
uQpHQHrAjfW3kCOViLde38NqjYu1,2022-04-14 16:15:57
uR0BfdogCtdEz6RtUYLDTBdk4xu2,2022-01-01 14:51:45
uRDixbTdsngd36fsqupXfPTelDL2,2022-04-18 21:31:20
uROSFFPVQoTeNwFG3sIkAqOnPcv2,2022-04-11 07:56:35
uRh5J9YodGddBjlDurJav1N62Gp2,2022-06-06 08:26:23
uRljFmKNlKSbSLasyDj3IX9z73K3,2022-03-14 01:41:05
uS2pKU4wpRe2DRWoawYxDcwntii1,2021-11-29 12:33:46
uS4U5oNvjWQSK24zELOkkxwE3963,2021-12-13 08:46:09
uSL9PbLcTIfstpufDlUgmzX0omx2,2022-06-08 02:43:52
uSMoOWVoPgZBcyqVhv1o66abhPp2,2022-02-04 10:33:39
uSWBsv5ynVbRjY2ksMPqwruUsJg1,2022-04-22 13:33:25
uSWHgDF0YNbSOoDAXRGbjcf3PKf1,2022-06-04 13:11:09
uT0pkpdWrdfjWnJok2kmjLXflLF3,2022-04-30 03:12:32
uT0z1oGr7mMeBTdWdd3CSMpIYyu1,2022-05-22 22:56:05
uTR9Kb4zJoV6EYgNGS5Qk3yY7Et2,2021-12-31 17:39:39
uTToI0dwvteipZzwnkjlJPDUgWr2,2022-04-21 10:59:04
uTuMWBsOYuQdPUy2h4hGm0HUnMf2,2021-12-09 12:08:53
uU90oLM3FVNkFnXNTaS8LGqErTo1,2022-07-18 04:43:04
uUBAaFSlmlbKkyugkKdp34mEyz12,2022-07-24 17:58:01
uUBaXCGQiPcY91H2gsRNRCTtwXf2,2022-02-24 10:53:40
uUOtSXLYs3X6cKsYn20vV4KjQL53,2022-04-07 20:44:30
uUPdGzEx6KMD3WP5fU1KzOMfOwo2,2022-03-02 12:27:34
uUctjxOXdQeefn0LeoD2IFh48sz2,2022-04-23 09:07:41
uUv0mS1ocBTeVgcvBTmxDdC0mXw2,2021-10-23 12:43:34
uV958Dj8AeOfy1KLcZAq595gaDu2,2022-05-16 06:12:39
uVMDZmR6paZQ98AlFMqRkQeraAb2,2021-11-27 10:28:28
uVXyOB3A2YOq0hLlbJN5TeOeyjv2,2021-10-11 00:24:05
uVaeXQ3FYSbhCpwJKuUHv7ReGZq2,2022-04-02 17:40:07
uW7BAXrs1dfR1ZmhhW5Y1j6P2Rm2,2022-01-17 06:05:27
uWI4L7AwEDNcFrsCk8FGLCnZ0ci2,2022-03-29 07:18:43
uWX7BeBOpUMv2Tu1G97Iz8EWz3N2,2022-07-24 09:56:58
uWk2wyXHtFaeNe9oVpHfpxqq2gC3,2022-04-21 15:39:10
uXak1PuNa3VZXVNVdZorKF66rDx2,2022-02-21 15:46:22
uXij5sy0vpZiqs0bcw30xa6IzJ02,2022-05-09 02:37:52
uXmQdpjQbQfvCAEYCT4olwJGTsV2,2021-11-10 14:48:48
uXuLYMVVxJMYzrxTVzaofs4VagP2,2021-10-19 08:38:12
uY2QRlsmmOUY7dvmM37oldr4iVG2,2022-05-23 21:07:01
uY4p2niM6WTYmllyr088LAfdBJr2,2022-04-25 03:30:17
uYBIxdXjYHTl49yfveFVl40HSF43,2021-11-27 15:03:11
uYZZ6LxcrVeIIjPbwesvY2jLcfo2,2022-05-28 03:25:18
uYbglmNuv9cdIhlkHzaEkJ5P1W92,2022-01-30 10:16:57
uYburT2Fhlc6FZunavwauYjZqSk1,2022-01-31 23:16:58
uYgtbZkaVBh7RN3rOmf47zRgHtt2,2021-10-17 01:01:55
uYmepQE9KCSgyBTlCzqMGBJvUKY2,2022-03-14 03:44:12
uYqn3ZBg28Pc77a9gQ6Dy2vBwls2,2022-04-24 08:16:28
uZNkYoXgAxUcE84DdrXq0V9ZHD82,2022-05-20 12:51:31
uZkFEcxZNYU1I4YvpQJ99WGlwhj2,2022-04-17 07:18:06
uaKTRRFOhkdofob5xk6qzdz0Kky2,2022-04-14 15:41:59
uaRd9dLUpySDAiPXBEr6mjJSvJr1,2021-10-03 13:27:15
uaeiqnyIn5PsbjCBf2IHMYFYM473,2022-04-04 01:21:58
uagYdqpQzOdbKG85Q9d4bHRw8Nk1,2022-03-26 15:07:24
uasEQwPK5yZcD9F5mrP1athBJgn2,2021-11-15 12:43:00
uatJ950ybNhmshuCjkzVS498Wck1,2022-02-01 06:30:35
uatLb8aQxvQPQZbzjYRwtHld4Qk1,2022-06-25 12:35:14
ubwMHkpypmVFfpv4uDOKvOKBbTq2,2022-05-20 11:16:01
ucXZbNC190YC7ISCRTJMaz9PLh22,2022-03-22 10:29:36
ucf9flPrhZMo4FC5EmHmGYvUWBF3,2022-05-29 23:17:21
uchaGn6JgXgvSrmvpQuOjVgKTbg2,2022-03-20 17:02:24
ud77USzbobRUPEbYLDBQN6L5Eve2,2022-06-16 11:17:26
udPNL3UPstVQV9dplupm4Td8UMj2,2021-10-21 15:04:00
udRJraTyXtNFIk1SIkNjcX5cGTQ2,2022-04-17 14:44:06
udSccpD93JPR4Zmfuf7fsn6OlKl1,2022-05-05 09:47:42
udvdLnKos5btlmEqp62Yv9xVOw73,2022-04-17 23:40:28
udxEPZHPQMOvfVQcdr7V7Ferww23,2022-02-26 03:40:20
ueP0DYezU8S01dANFZbd4J5AYw63,2022-05-01 13:52:37
ueb1ZnGgYQXBEHpCRDHESTnl8682,2022-06-08 18:32:55
uedTb4HdYUZWxItiUsG9zQ6RGcR2,2022-04-01 07:08:05
uee9JdUeOFcjUjeFYPtJbKvh7Ug1,2022-06-15 14:38:10
uesyJf4o7jbXoj3fw10loKkBo7S2,2021-10-21 14:09:22
uezmPBNrNyO79ODeW00LJq96PBA3,2022-01-17 16:00:42
uf9ql7SEYmQAFBiGVcr409eSKbf2,2022-03-18 11:33:42
ugFkfqgBmQW9i0Tz5offyCrGhmA2,2021-10-20 05:56:47
ugMcqDo4ZrVYiFdqJCCeZWDfVmI2,2022-04-03 21:12:13
ugWp62Ix7XhwWMomQ5vvEEScf9t2,2021-12-26 07:56:37
ugZbrVfY76RlQVUZup9TlCoLXK83,2022-07-05 18:08:49
ugiKORe6QqgUirICtb1w1JOqx5o2,2022-03-02 22:25:43
ugu4JsdWpqf908z9FCY3y9mytNt1,2022-01-22 22:55:54
ugyJLcAitLPEyF4nexL17BjOQ4C3,2022-04-30 04:00:16
uhJB212yJpN1uKxwwDuex5hKnME3,2022-04-17 05:22:30
uhYo3J1781auJcXxIaEpxSnMYuc2,2022-04-09 04:37:09
uhnsVAuhf6W3LYAhkMhHtFF4Tp72,2021-12-05 16:50:40
uhpS8fK91CT5dU69PkrwG6vLvd83,2021-11-10 16:26:41
uhyq37Oa48WA2cV1x7tEh36qIUy2,2022-05-03 08:33:20
uhz8r3gZuHgdFNx0K3eRiOajiw23,2022-05-12 05:25:33
ui1v2JsxCNX5PysNIy0FSGlWNSp1,2022-04-18 02:51:38
ui8QdULUqgMrTOUfzCg6Qmp6Z773,2022-03-18 17:03:21
uiCoyVdVg9b72Ng1Rm3eCKejC9f1,2022-02-16 12:11:04
uj4O80msQIY8mlXPQAjYzyZPGGt1,2022-03-27 04:20:13
uj4rnJ8IJVNTzItmiE7HVKfVcym2,2022-04-03 10:58:58
uj4w6c3vSycOxPPqMJhEhKtNwT92,2022-01-30 07:50:31
ujW6BqdVaZQwa58WE9BebEBhRYi2,2022-01-24 18:35:54
ujjy69tLjLh6N75bkJjOihpZNUS2,2022-05-27 08:38:30
ujnlaDbpc1YAenK9460oQiPNtJ73,2022-03-20 01:08:17
ujo6XvVBE7Oq3ffoINJ2G4I7RgF3,2022-04-13 17:42:43
ujqlWfuyy0SriaqyTnLWacM8Wcx1,2022-02-20 18:41:00
uk7lEbAYERM9e9PS4S92GrdotWk2,2021-11-15 12:53:30
ukQxsyrGwmfydPoqOiOEjBrjw7b2,2022-03-16 09:26:44
ukURntH0NIRLViIx74pcBQDkGnL2,2022-04-17 09:09:29
ukdESygt1jT7YsC73MCCBeb64yT2,2022-02-07 01:33:29
ul3X8sGpfXZwmVEWeLPrAi4OeAC2,2021-12-03 10:22:59
um5LURx64dPpNSmIenw6Ze47hXk2,2022-05-21 20:58:16
umUdSdeluGfh7S4EVqlCNjMGh5B2,2021-11-05 15:31:31
umWkKRKmDTPzE4tqgkQ7ruDurYv1,2021-10-12 14:09:53
umaMEFGd4GW06c1YaoCnga35nCb2,2022-03-25 06:08:47
umrih8IissghFrJaZHEzP523bz82,2021-10-16 02:55:32
un4LQXaFbxTkrf0szL8tztme5VX2,2022-01-07 01:26:43
unOs5KaJpbZ1ma4wAfJZ2dhqHpg1,2022-07-05 22:55:45
unYEnwCqh2aDniUBTvYDZUICqwU2,2022-01-30 21:59:55
unxrZ9I0uJYb2ChXJ0jpohodmO13,2022-04-04 18:02:17
upEtyRI241clsWreHhHm6eJ0gP03,2021-10-23 12:48:06
upWzHle7cKSB8AVEqTQiRzA8d9o2,2021-12-03 18:29:39
uplNfe519tgDRmgUTpTcfC5dr3r1,2021-11-11 12:14:48
upoynwibdlYa6IWGnUb4bPQiar42,2022-05-01 00:19:48
uqDCfGOmAbXsbMjKQ7tRWReblUg2,2022-06-22 05:16:07
uqZAygC5mhgnUL7SCObY7devw2z1,2022-02-28 05:50:43
uqvrM4ASpPdBkX2C1ay16aavsNy1,2021-12-07 14:39:22
ur2NFVOAFFWmYZ8jU8EHzVkilH93,2022-03-28 20:33:32
ur4PF86oWtd4OnTmrTzi77IlY5w2,2022-02-26 03:58:20
urNta8HVaiVWzEg3kCkOv2e6HAC3,2022-04-02 09:22:59
urRD2gAuRmg9TrB0dVQnUTjWgWJ3,2021-11-03 13:09:16
urZilM7vZrfTaOnYH2ru1SPGRDq1,2021-12-26 12:33:35
usBwkAxjnGWiUAz013wjY6O3nbt1,2022-06-01 08:16:05
usuFm3hn71U6jfF8tFa8h667x7g1,2022-07-30 12:50:16
ut8b9uqRnESVudvTwkIy25KfYA63,2022-03-28 11:46:53
utMTzPvzmuQcRLom42tgHmjs1zi1,2021-10-12 14:54:13
utQiHlKGtKcX288sdeBzYlo3QP13,2022-05-09 21:19:42
utoFdMMTrxdD8tmYTz7XrWOFyZu1,2022-04-01 00:32:11
utsUSn4YRrZH7HDXcvY6aRCgaAb2,2021-10-26 23:06:51
uttrZlwoqaSD5QG6r0uD3FjnEgA2,2022-03-20 17:46:24
uuc93cHF7mRnOu4bva7Hyppifr43,2022-01-06 10:07:58
uv9g5BlQqAUQLMlAefsNPUFpXQE3,2022-01-09 07:05:44
uvgTQBeySJfBlEhQPruaKWdnSJM2,2022-05-06 13:24:10
uvoBuVaQLTUclLGiGNIzZcYX88H3,2022-05-19 09:02:35
uw3ap3bcPVQKmTdNmLfdvR7VP2Q2,2022-01-04 14:10:35
uwTlMfFrQxaFLATsg8CAz95BY5D2,2021-12-06 13:08:09
uwncMGhWm1eHBLIcjAjFtPxFNOz2,2022-03-05 17:48:28
uxltBWfANCYHY8dAmFX3AMk0b6S2,2022-03-22 11:35:37
uy5jwP5IOWOK3fxAcYzF7Z6rbUq2,2021-10-17 10:10:02
uywCiO2o9QO4ShelKp3jXgou2ru1,2022-03-25 12:16:49
uyy8GZq5d6YxNGHfa9g5InK03N12,2021-12-06 18:45:29
uz1Aug60MKdZyNHkTi8kfnoPBN93,2021-12-12 15:34:26
uz7TNExAdMWzkcsB9dRiw9a0xLR2,2022-06-26 14:46:55
uzNc2KQxWQY3l3Ne3KvzFVl6V4c2,2021-12-05 09:56:35
uzYOcdpiV9V0Jat1RDux6UzZB9j1,2022-03-28 13:01:55
v01SJ3wW8nfbwboekztJk4PIO2W2,2022-03-28 11:44:51
v0DtOLoXtwfdmZw3tCnM5PTj50k2,2022-05-06 17:41:10
v0JSBBQEB3fhoW4pVj94JttJUoa2,2022-01-19 07:41:07
v0ejxufffJgwDiQfhaiGFmXdbhd2,2021-12-27 18:39:14
v0m7ZMMYQBfYjXlWzOJQb0XWV3v1,2022-05-10 15:12:17
v12Od00mKUcn8AXuK782MKEA6tB2,2021-12-23 16:11:42
v190RRuSW1QBjpilPtQhTmC95tX2,2021-10-08 13:32:05
v1GmDs3xy5PmgqqY8XLkQ1zQG4O2,2022-07-27 09:03:40
v1agqsVpu3NL6c0V2XCSjovSYM33,2021-11-07 05:39:33
v1i3DdBPyba515LkvlTEa8koV2j1,2022-03-18 11:57:41
v1sPa9mJgfce1mx2vAuEyuQadKV2,2022-04-13 21:10:43
v1sfPbdL17hs5tiYtKjEvaCeNS62,2022-07-31 16:24:42
v2A5MaSF1SM1jr5MA0sKQQW97By1,2022-02-15 11:31:50
v2BpdK2QaqRvDVL0qN7eu5cWkhM2,2022-06-21 10:09:20
v2EFp92dRvShTIaQ0LRVma03CWm2,2022-05-10 09:04:45
v2Nb5IudKfbjg4MXZLKWVmd67sn2,2022-03-29 20:57:08
v2aMtxYLxCgMMquhlSXtiws4LLj1,2022-01-03 15:08:38
v2dMSh2XIegpU3d4Zofe0Aacrtw2,2022-06-12 02:15:21
v2jxpnsa5rQy30s7psVfy1OhXQv2,2022-04-24 02:44:15
v2wvssIpwCbgcsenSU5RIQZqRB62,2022-06-23 14:46:10
v3L9rTd70KOhEzsHGKcs98eS0aE3,2022-04-17 00:10:52
v3VCH76WgCdl5BafDXSsBh5ERqt1,2022-06-03 13:44:55
v3iaUvAxjMV2PHfcrgLrAsYxZ2m2,2022-02-17 12:14:13
v3zgjENNUZdYdUPsaJxuzNKOjCr1,2022-06-23 11:43:32
v4BgGPyW1eSopGbpUyMGFMWYMVB3,2022-03-13 05:32:59
v4DGq14UTWafsbSSm3qHeQBaHf42,2021-11-24 15:03:36
v4Sb6kVvddf8tOMu3Xv68LT3e6B2,2021-12-25 13:03:36
v4ggjtd32FhA39HPcflKCej8fui2,2022-03-05 00:51:19
v4pXZ4ECXmctA44dojASOUvmqjk2,2022-05-14 14:31:36
v4xaiDJiAZak5Z8nQRgtansiwOv2,2021-11-01 04:55:25
v5CqmIaWQpNwR419dHjtMCsvWvn1,2022-07-07 11:50:35
v5zfOlGvbohEjYrponuT65urg373,2022-01-14 11:11:59
v68pEcd7xBM5G12qbd5HxuIHt9Z2,2022-03-24 07:25:28
v6RhjiEQjvZf1xFUY9i01Zejs4F2,2022-04-15 11:16:29
v6cwAycjnlXkfAKyuR1OcXsraZK2,2021-12-22 11:21:56
v6jnZWIybNVph592tNIOViuWUkV2,2021-12-21 14:17:07
v6pfUI7ojOgBCvRnHus5HGyT9fm1,2021-12-27 21:16:11
v6wWMlmio6bQwe2DPFZjnWTiL843,2021-10-25 10:33:20
v7VZHRu5LOdnMJWd1psgCfx2Gl53,2022-01-07 03:57:24
v7X2xBEO3ufr9d5MTqwYsZIPlNw1,2022-07-12 14:12:16
v8AEowaCSlN1ab86117zz4KEJyD3,2021-12-21 08:00:38
v8NvnTGuVYfmQmWuzoZneYwCR083,2022-05-14 06:45:10
v8PN0URC0AR5xulP6RSQPNeseJK2,2022-02-28 19:32:37
v8pkcYeMB6cczgb8wOjfo1sWWCu2,2022-04-06 01:43:40
v92aaikWIxN8gDxjbpuxdwfyxSF2,2022-05-27 18:06:58
v9YtCT8czSYwwAJaNd38bJZ57Fb2,2021-11-20 19:06:54
v9g8mq2ZaCYTzdi4t8zxG5NSo4q2,2022-03-01 19:54:43
v9kiKP6KkbbD2bTjgYyR2mQExmf2,2022-06-29 18:20:08
vAMQVF9H4zclFtXuvHVWZatGC2z1,2022-04-07 10:26:24
vAZEIMTY6TRfMCpPb4pS8gjci0z1,2022-05-06 16:52:09
vAh7SkAT10XXeUDfjbSfvhFZ2DE2,2022-04-30 00:33:33
vApZ83uqzVWS2RbGKRdxmU2bJA03,2022-03-13 02:44:01
vAx0xymo0URcHADu6MgGVynQNVq1,2022-05-03 16:33:32
vBXdH60Sr3XKDRlM8QQZpEgYlBi2,2022-06-22 04:15:00
vBfqHdElFlNl8XdREvsYWYgzKTL2,2022-01-10 22:21:15
vBl5MxnpNTMsf2vSwtLXvDICiom2,2022-04-21 07:22:19
vBupgJ7ETeRc34fhCHhJRjx0VvB2,2022-07-30 04:23:58
vC5SnLnYnSfmn099XWHzlrTIbms2,2022-03-13 01:49:33
vCO1C6EzVQcdNDwY9XwFcjDWRW53,2021-12-06 04:53:11
vCWoSQ1UM3Z8cWMC7uB8mNXFP5t1,2021-12-23 07:11:50
vCep0qKI4WeOrTaI0nnkEAqeUoi2,2022-07-06 21:20:42
vCgdB6Lbd4cFmbELaMB8siDR9Na2,2021-12-17 16:49:15
vCq2fWZ2fqN2frPqb5eeQ6hcJW73,2021-11-17 23:32:45
vCsUqAK24OPjlXQ9NtYxO4VIfLr2,2021-12-21 23:23:07
vDHtTho787gwgEsXfAt9HPTLXF03,2021-12-08 15:36:33
vDfrj7qUmCYjfXbyJbtoxLsLeYX2,2022-02-12 15:00:16
vEA6oqeNYXWXxVWEKAYdomCU2Rn1,2022-04-30 16:48:10
vFDedITRKqRWyg8sCwD852iLlok2,2022-07-11 12:44:16
vFSFfWA6BLdSgidQML0EaJP4A3l2,2021-10-07 07:59:22
vFUuiExo6KWnt2Be9wximiAbZpI3,2022-04-08 16:50:31
vFgXfNoVlxSzR62wkbFXGvsikGG2,2022-06-25 20:07:37
vFquKNmiaOYXAxoZHFDg6zay9lC3,2022-03-10 14:39:09
vFrhXJxWQZa2kSUHXq3A0zee2Si1,2022-01-23 17:35:18
vFv3FFUsCmOc2nExfOaTEVoAXJY2,2022-07-02 03:03:57
vG7UgH8wwvfTucJtBjlzslnP8y03,2022-04-01 13:19:45
vGRTHpX2iDNgfGhEYqEd1OsuQRp1,2022-06-06 23:33:06
vGaazWqpBbMB2diqn4usmwW6Rh33,2022-02-28 10:39:54
vGgGWgSsgyOCxVAs5OWUe1ZirDx1,2022-03-22 16:44:12
vGkNlgdP8bXxLtzEwSjFpibfJon2,2022-07-30 09:36:52
vGpfLL7PvpXJtgE7JuJzfOxvV273,2022-05-05 13:30:54
vGv6jcCEDsh0pjfuXEfXHdS5wLo1,2022-06-17 06:44:59
vH18X8tiRQevn6OUvxe53I2S1sj2,2022-01-15 05:50:01
vHn0Rlt6Q6Qi32CDN8t90u120zK2,2021-11-22 20:12:43
vHxUXnOtK2ghCL325ICaThz5g1y1,2021-11-24 07:34:14
vIQFgnfggxV6RIHdJHk676L7Kdu2,2022-06-30 02:12:55
vIevebzv1yVLrSz8OHUwYyV5DzA3,2021-10-05 09:44:11
vIn4oVgWBbMcyhMKCjgGETuabCY2,2021-12-06 23:17:41
vIpF7QikxzVExapTsTlc6SrLgJE2,2021-11-01 03:18:52
vIuKvEMyxBX57vRUIVzuiMLuA7U2,2022-07-05 13:32:57
vJ2yM8xa9kOkPFMhtS837jYtQ7D2,2022-05-04 04:25:03
vJbTUoSZVPZdovLS6FRjfEsniOk1,2022-06-25 12:28:38
vJsShCeCGeP8ZnR8NcNqdTGflF33,2022-06-08 14:48:13
vJyWvjqnXCbvdu4wSDtzCMuqTC82,2022-03-09 12:13:13
vKiODMbJsUSTRp3EVibTUUNNKvu2,2021-11-04 21:13:38
vKpC0wJ6MoVkejD2UmQdeqniLwy1,2021-10-22 23:11:24
vKzsTiV16GYO1zxh4LCn2YkkztT2,2022-07-06 17:52:00
vL3xED0tmgOuTWuVnJA72fBdz223,2021-10-07 18:15:19
vLSLpCghG2hO4P8skASqYhl1plx2,2022-04-05 23:35:26
vLWlC5M19IROAy3vxjkyElw3tqE2,2021-11-06 07:42:12
vLfesMShvtRmLZqv5rM1sIWs4ie2,2022-01-23 07:30:49
vLu73L8fKIheUekx23KBoWut66D3,2021-11-30 02:54:21
vM0iSycyvSTxJeHCTe1do5SAuDC2,2022-02-25 00:30:20
vM5QttOWe3fhvY8EB9piBg6QCNg1,2022-05-13 13:11:40
vMJvbx91Ljhh480GJDJQRqp6bKq2,2021-12-09 00:36:25
vMOl5J7umBOKGW8shBiCgG0m8vO2,2022-05-05 12:23:10
vMcargekhbcqrOlxDq3NXGLurbm1,2022-07-10 09:05:04
vMgsTiV8NdcIold41jH6sGtXDRZ2,2022-08-01 05:58:49
vMj5nzd5K7eDQH2RNPJQDlIWXfZ2,2021-12-07 16:44:04
vMnYs47zq6f9ci6fKpqkTYGFivs2,2022-05-11 22:16:15
vND61ysBH6RwAhyJNCfTJsO3vPh1,2022-05-01 16:49:09
vNEHMpaDN1bqYYpQQJSOFq1AhUD2,2022-03-20 02:55:21
vNGizCyOypanoolNHi78OQKRkVo1,2022-04-24 18:16:07
vNfT5NhUhWMGbMhv8GB4CjTiSsv2,2021-10-03 09:53:23
vNjY89yR8UgJCyc927AsHUgioPn2,2022-03-01 21:06:57
vO33mvgF0BOjgIQFouR3VxNYw1c2,2021-11-16 14:07:25
vO5FneP8KQdedjDbe0tZBm4EzOl1,2022-05-23 21:16:52
vO9rmifOjAMzVu17miSIvaC1f5x1,2022-05-01 12:17:45
vOm03PecjQWE27sTgx7Jye6AMa52,2022-01-14 02:19:41
vPS9ajCZD0PH51vBD5bIP8mNGoI2,2022-03-15 17:12:04
vPSlVgVnLLOFBUkmIBc3c7kRYmt1,2022-05-21 09:40:20
vPTU493AYdNTE3hzEyWGcBJYjFZ2,2022-04-12 18:58:48
vPmFIYLwwpetn5gRi2fB8NjKb8l1,2022-01-18 00:20:21
vPsUf6VbxXXSaV7jukASbVZ1sMk1,2022-05-13 11:24:46
vPxSoEhLeAcjIlgiMOlCj8JgD3f1,2022-05-07 10:21:17
vQQUVwWvjBP3dUt81JvrYkWGNe53,2021-10-20 04:20:15
vQUCHJ6KQFOAjqnpUsbnml7ttOq2,2022-02-13 04:37:08
vQeM4y3H5zOxXjE3m7HJ1G8mPYZ2,2022-04-13 03:01:49
vQgIXGOEYQWJNRPw7HIy7HHkWeM2,2022-07-21 04:17:24
vQjz8GTDpRNakFRIOuvpliXCPie2,2022-04-16 06:40:10
vQrjwrb6oxMMerXNTNlFRUYdRee2,2022-03-08 15:54:25
vQviztSnNQRJs5DEzD4zfjB2BaZ2,2022-04-17 16:58:47
vR6l9pLISHbl1XA4zdKIfnwLR4t2,2022-06-06 11:05:43
vR8TU02Y3pcQSs8LV4vx9dM9cfi1,2022-06-12 09:22:06
vRmbMAbIEmMwoQO90n3lY9PO2PS2,2021-10-22 12:21:09
vRo7KA8fWiRW5GeKD1kcYfwY8PI2,2022-07-31 09:19:52
vS0ed3ERMnZ0KlMtRpac2Szx3Nb2,2022-07-07 15:18:08
vSA7bEC9ALYQHcAWT9LkASV0Lgn1,2022-07-29 10:46:00
vSQp51B4F5Mm6JT4Vy643F83IcS2,2022-06-04 08:44:56
vSVbTJEATJhOnqu0qAfMID540yA2,2021-12-23 01:48:57
vTT7SGKbnsPIB6eBhs3Gs7kd2hI2,2022-04-07 09:14:48
vTU6OqRD50egX4GK1HIP4bGYFYH2,2022-04-06 10:16:04
vTcCP8V7hyNFOBmbWTCliazofzQ2,2022-07-05 10:50:38
vTdnqm6ualakbWS65vlQhOKZn6G2,2022-02-11 08:24:40
vTgDw87KrcXkJuRl0BJIpFzWTQ72,2022-04-23 03:07:23
vTsqZeZ7nsQBlTtbbiboc0z3nDQ2,2022-03-13 11:58:11
vUC7gGEdDQNU1ltIocF9XlEHiGE2,2021-11-16 14:12:01
vUcFRSXkKWUTHPOHqObP3coSFwj2,2022-06-02 15:57:17
vUswE0TjJsO8Ig7AJOWYvqB53ro2,2022-05-19 12:43:15
vVKqZlXguScBU003XiQYbXE1kat2,2022-01-10 11:58:16
vVTWXIgWIkeK4beQ8HH1sJvgJDN2,2022-03-18 21:10:58
vVVwrXaB0rchxOaR2oFTrMNGW4W2,2022-02-16 19:44:31
vVWuFlCXMdghfgfS2dYCpLdd9cC2,2021-12-19 14:06:32
vVeQSiQu8dM0UWpDo7Bvn5HIYW63,2022-04-13 19:42:01
vW55aWvxd3dO6G0yo2Wl8GPo3qs1,2022-04-25 17:23:42
vW9inVSvhAaiOunXmwXlzXXqaET2,2021-12-07 14:24:59
vWrIFZLHZWWzITgCTEIMdutJNlf1,2022-07-28 05:01:46
vX7NCmt613Ptsyg3XRWv3tAUolp2,2021-11-08 15:48:35
vXTJjM43fCVQO5BxAFWukik7VTr2,2022-07-05 16:36:05
vXaIn1MNCDOupbBUBEIN5akwx3I3,2022-03-05 14:04:11
vY7M0Dq9p3TKwpOZ6pH6rlP2gdj2,2021-12-11 11:55:34
vYFLLeyyHJfqzqeqSsUQOnKjeiG2,2022-01-25 03:14:49
vYGJZzcpUJWN8QV4xmo2MjZ1pfD2,2022-05-29 13:16:15
vYLfwWX5pmeyrgdBgwt9frP6pAg2,2022-05-27 11:33:38
vYMZwBH9KwdG5P1wCFu5b2fIh1o2,2022-05-18 10:22:58
vYeLDdy0MqOu9QaOlUQCXvhxHW93,2022-05-19 04:06:36
vZ5QsW4uSbQ1ABgIG1SqKAceiil2,2022-04-05 02:27:21
vZGXgamMkahEBF2VwqDWJyrmLar2,2022-03-12 08:44:19
vZMImMKQO2YLGdxKD7a7o1miVah1,2022-05-07 17:35:21
vZXoqmzWUAe0sO9AKN5zB9Cg5sc2,2022-02-07 19:05:38
vZmCq1xNptdgXjUL5bOhT5z51Sn1,2022-01-01 03:10:30
vZn8g02bIYPzqjTt7jKs9xlpSMr1,2022-07-16 05:33:09
vZo9WNgoB3W2fQ57C3XsQ6bhH8p2,2021-10-28 18:29:22
vZz7DYNsTxaV6hPVOut7Hb0LeOj2,2022-04-01 23:09:33
va9Ael4ZHjfQ06CDufXg4P1IkGi2,2021-10-10 14:33:41
vaaOZJhkilYo7nYyDynh5L5LjJK2,2022-01-09 08:02:34
vaeXJ4hXWff9MPcZdHeddpioU4F2,2022-05-07 22:09:43
vawiIzKC9BXKDu6ZUAT4yk7zo902,2022-06-16 04:54:04
vb8mzzI3jgXxqBLTTC1dCcFPVsN2,2022-05-07 00:14:16
vbGv2WMEjAaj8ElrFdHlhmxpXlX2,2021-10-10 06:25:04
vbZIohCWOhexzcAh52Lncy8SnHS2,2021-12-23 03:53:25
vbfP3Kh5W2YgukNimr43kRXEIOc2,2022-06-14 17:32:43
vbqvKdtW3Aany40xiznjP7Er6UN2,2022-03-08 08:28:44
vc6UKCGnhxU0s4MokDXGLLf92pP2,2022-06-23 03:21:54
vc8PfPw8MpQlgVIZGjetwVo30hA2,2022-06-28 03:19:50
vcFJdC6z4jOUrLYVQcbuvhgYuCw1,2022-05-29 07:29:32
vcHHVPgDHEQxhdbdoA0vqFornL63,2022-01-03 17:51:29
vcKIHI9SJDZfGsNZZQ9x4tcUAMy2,2022-07-30 15:09:25
vcRui9Ub51MZlkDcGbbR8V0DBVN2,2022-01-27 02:56:58
vchnTXVHooSWltLGWKbkneTIkbn2,2021-11-18 07:24:31
vcsnOilxVUfeq0NaE9W5EczGatj2,2021-12-24 07:22:51
vcu7tSbsD4aCTVOrPgvQsvQN1T53,2022-01-19 08:26:42
vd5K5B3vNgZrOHfKMvCNWoqgXao2,2022-04-12 07:15:17
vd8oyybsS6N2OifRkuYCrJon9sr1,2022-01-19 07:17:22
vdtcZVlZNYZQ1fxnLjSnwyGcwIq1,2022-03-19 19:21:31
veBoiu4cb7ZGJOv8r2LQyJNUZ1l2,2022-06-27 14:10:42
veHqctJXipWBuZI9pmpPxDDrfMk2,2022-04-23 10:59:03
veabCqx5AqbzK6h8UzHFwApPmDy2,2022-02-15 06:13:43
vfJDAtsx07MVymQfsEKcr9NjHoJ3,2022-03-08 10:09:10
vfOzn4FWLiPt8TswMH69YrCUJ4w2,2021-12-21 18:11:28
vfRIvomOHbUkjjuFXP1TojnPKwx1,2022-02-12 05:40:25
vfXE7eOIUogW7YEBwcD60HQf8f33,2022-01-16 17:35:57
vfZgp2yjLQWUslrO2I66ADxwOgV2,2022-04-14 06:08:08
vfdQISkGPvdrdhvsg5mZypFUbUk1,2022-06-13 14:05:37
vfiJxXQGzaMQIW8UTiEuZlmMN8m2,2022-06-21 03:43:41
vfjRe32l4YgKhzOimzrpdkLEwfW2,2022-04-22 14:01:38
vgvrg7CrNvWZAQ3OqduYRXwVJnt2,2021-11-01 08:05:08
vgyznaOF5jhLMtIR0hKerf3eUS83,2021-12-02 15:50:08
vh0zyHTRAIVTWOhLorHuznt0V8v2,2022-01-18 10:53:25
vh9uF85MTEacxXnxpcowWVCoUoh2,2022-07-07 12:38:03
vhGG7VNVxsXRG7jLSPMBfpIoYcn2,2022-03-09 23:05:25
vheQhmzQTcdzFWpLY9JMgIk33kp2,2022-05-04 12:26:40
vhgKS8xHQXgIAQwloeAAgyqha9z2,2022-07-20 17:11:28
vhkoMOsdRPU1oNXBvL9N8SxaSgw2,2021-10-13 04:30:03
vhn2uFLWquV5q03C5GRXxigX5IE3,2022-01-23 09:09:44
vi90l4QgX1PgZmFZjbzemWMltpf2,2022-05-28 10:52:23
vjKo04wVcleBnqEbGWrFTEaklqC3,2022-06-03 13:59:54
vjh1dVZdGVMe4gDPxPDCIwaYWsX2,2022-04-03 12:38:42
vjhCxGo2t6N8PiycAk4bUeAcV1o2,2022-03-01 12:32:54
vjhJmVxJ8EYvQJEFeUHbDw0U6IJ2,2022-03-19 09:33:54
vjrLyijx5yT6NUH3mMUn1XFDa7x1,2022-03-24 07:52:25
vjtfuUm629d6JoxtOlrTUs8N17F2,2022-03-22 17:52:53
vjw6QUDXzZgyas5Ghf5UMLazSWB3,2022-05-28 23:03:28
vk3I4d9tU4fzBtu8nRsgwefboqT2,2022-05-31 21:41:55
vkBQc8Gee6e5wtIdVfqcbTAt2Ak2,2022-05-07 08:55:01
vl264sVLVFcSJT74O4t2LRMBlv83,2022-05-30 14:31:07
vlWl0NNxbIc541nmN9D0pmzLADw1,2021-11-06 11:39:05
vlaRfyv1jIWUyLRgsKMFWV6NfiN2,2022-07-02 17:25:27
vlkrVy0ykJS7PUwMmfpv75bQZc92,2021-12-30 10:35:00
vlq8hwPfNWZ7Uv67vKcFV3XfEdD2,2022-06-01 07:04:03
vmD9fP2t2xbuRGcC5z0PrQtfzME3,2022-02-19 02:34:19
vmPihDZrQ6bpL5c0DAI4CEZaYsc2,2021-10-31 23:18:20
vmPja9nJteNYqxYiNOn8KHFg1Hf2,2022-06-28 02:28:03
vmWBKJyhUlhNhvOnlCM6qtRGn623,2022-05-13 14:36:44
vmfORdp3yLc6EhyC6J7nIPt9ZL82,2022-07-03 00:57:50
vnZVRT7RtscqWfY2Q5sXTLpJAaw1,2021-12-04 20:35:12
vndUtWvYRBPlcM30hy29FdrnhOw2,2021-12-13 21:23:45
vnzqQBGB2FSZ6VKKOcoQuno0NZD2,2022-03-11 01:19:25
voHaviEoffbhfvGydgmGP1PKgC52,2022-03-07 11:22:31
voToYcYtcTUUjGrXfTK8NUWUrMW2,2022-05-01 12:37:06
voauQv7IpghGdIkgs2WQXKJgtzs2,2022-06-15 16:53:28
vp8vL0X6VsaoOiPpDtXg7jeozJV2,2022-05-29 07:44:29
vpG9pOOR6uRMyU7Ynw8vZ3rJrOp1,2021-11-08 12:33:32
vptRodifuJR69PvcETGQ3PdrPyK2,2022-06-20 15:50:43
vqSsaonOeiYhq2iXsplFZzxvvFm2,2022-07-21 23:34:22
vqj2c19BSONDPd9g5nwb3LLFcD43,2022-03-19 00:29:08
vqpfv9M8HJViOGxDd2rEJCywpXt2,2022-02-13 16:59:44
vqwEvYFlc7b4J2ie7M0fZnACL2o2,2022-03-09 00:37:37
vrObrA3alyU7Y0tGDXTi9RGXR5C3,2021-12-21 14:11:58
vrZuPJtplwXREuDEH3F20MU3vus2,2022-03-07 17:22:49
vrfuxjiGsXYw1CPYEYC06O7B4dL2,2022-06-05 08:40:18
vrox8VJmVkhIbqAgxMz46jo4ixa2,2022-04-05 16:02:36
vs4gzi0ru4Rx0ekyZgcmzSXL4Yl1,2022-05-23 02:54:38
vsAE2YFJS5bJCvN2BAgm1LL2Yy42,2022-03-10 03:32:34
vsDXo9ogiGali0Kejeh3utBqVZZ2,2022-03-07 07:01:15
vsI3GNVGrsXFYywbbXdswm5ImC92,2021-12-23 03:03:18
vsJMN2EpdzSfdl6IOz1eDRAvbRf2,2022-01-13 16:23:20
vsWEMCfu3afERxh6Y2VwYbLiIE33,2022-04-04 14:06:07
vsfFnsqcgTg6eVPBVX5VjeXez6y2,2022-03-24 18:37:35
vsgkxSyc7iQtXlps9GkAfnFh6qa2,2021-12-01 21:19:43
vsglqMDYTqfHXD3ieTRR7e7H4yu2,2022-03-29 08:34:06
vsi0WKQu11XjxATYaHpOiOgIfOK2,2022-03-09 13:15:42
vt4FlAYuXoXDkcE6SxkOTmwfjZb2,2022-05-07 05:32:47
vtXEGFd7JVQpyum0i0OLiEQNJm73,2022-06-28 15:28:35
vtejFq34fVczTFkmjE8D51yaqor1,2021-10-26 07:55:48
vtnDoGTqQZb558CctABVEM0Q0Xo1,2022-04-14 01:57:54
vu8g1DpUUQW7bpBMFIW1rSFCapF3,2022-03-07 12:03:01
vuafzRctoAXODfWHfZQZ2eRcebh2,2022-06-02 11:45:59
vujwvDAkQOQlAx3pMePQEZ5HPd83,2022-03-27 10:59:04
vuscxHqlyGag4No0j4Td1HLzctV2,2022-06-14 16:04:04
vuwG6wEkd5SPuwotc5kVDKRzjoQ2,2021-11-15 12:25:19
vv13N7sQJoMyKXrWu8K6n9YYbWE3,2021-11-13 19:53:21
vvF0HMzxLFNSIiG2vOIZ2NFnKlC3,2022-04-04 15:55:24
vvHVvhL8TccfXW5SXBEdFlfzMAi1,2022-03-24 13:41:22
vvkb4kiNPFa5vZCBqtAswNOkYbM2,2021-10-14 01:10:23
vwgX959yFhgB4cB88H9vfgo8SwG3,2021-12-22 21:25:00
vwwoYdtdfJPOcsCI024TRNwFHFz2,2021-12-15 02:56:56
vx8HHPOv3UO6njD76l31ld09ruM2,2022-04-30 09:03:06
vxVTvMLZ6jbfxAF2bDhd8idoUFm1,2021-11-08 08:39:29
vxfCECskTXdKyOahweq0zjo8zV12,2022-02-22 10:41:01
vyAAEUZO9Vhw6CvaTUwoCSdZo2O2,2022-05-01 01:11:30
vyEAzXzXWfMHoJjxnTZsErJ3xi43,2022-06-11 08:55:03
vycfjOxl6BWI6pImB9VTdEo8Krp2,2021-11-29 18:10:19
vyzCi4UCi8hfWgdwmdU5Ruj552y2,2022-03-30 01:49:38
vz2W0ftJTjf0KvrkZBScvi5l3Bu1,2022-05-22 14:49:08
vzEcBMTf0hZQ82xITOgQbDUdIP42,2022-04-11 11:56:37
vzEvMqhuD2P2FvO9LhUlYNFeyDw2,2021-10-05 19:55:33
vzsohijUt2PPqyJsixWc9R05lub2,2022-03-11 16:31:02
vzvxXYPDgrYZi7RfbrcVE4PZytv2,2021-10-08 12:03:19
w0DtZqeLnnN6VFQPhVB8B8W4VNX2,2022-07-15 09:59:55
w0gmOD1aSCgPIRfnB0uKkUFBKnn2,2022-02-22 13:07:45
w0vuOEkw6laSzHsTJPeyjlTIh6D2,2022-04-03 07:47:05
w1ucmdsEK4OgjX0Tct670rcvVRI2,2021-10-29 17:09:46
w2GUGOmkAuMtZsE2Eh0W1VUeGFG2,2021-12-14 16:22:31
w2eh8EeHTsPTCfoqef4PI2B20TI3,2021-12-22 10:54:13
w32xL68KGIeImr57xWnRFUB2wzM2,2021-11-04 20:08:13
w33yyPQbMheDbl9u87bZYzN0sy32,2022-03-17 15:40:30
w36erZyHIWOxxZillxJecFGe9AJ3,2022-05-29 14:53:53
w37oiaBLxIR8r5lvWGLlwhTI0MU2,2022-05-29 00:27:48
w3tKOfc10TQ3HUytv1Or3CyuajP2,2022-07-23 06:14:50
w45EE3azDpSaJ2k7KY0gY4RPIDd2,2022-03-30 08:28:27
w4omdPdjnfbmQM3EAAe8DAP0AYE3,2022-01-07 00:32:51
w54uggY0vhfRWlpttjrkgSnGXbW2,2022-05-24 11:31:51
w5RgdAiYgTgc5Gsl08b3eC0M3KF3,2022-07-21 15:36:17
w5SFkn8x83TxeNRPIvH4Sf9yAwo2,2021-10-14 20:26:51
w5SY6EpRq5NpyHzOS7KdqAGngVT2,2021-12-09 15:04:53
w5V6Q5rtXAQdGI4lWGBkFeWZ86k2,2022-04-19 20:31:58
w5pt0PPxkKZTgwYc7yf7yfp8wFh1,2022-07-03 12:12:02
w5wPlmNOgCU2FCa6yoGfOUNBB6u2,2022-04-15 16:59:35
w6J4lkkUhUVjBJ51AeBZVSbSBcB2,2022-05-09 01:04:58
w6js512ABeWimw2GylRgfPM6j1u1,2021-12-13 15:29:21
w7BdF5MRy8ek0fRh2fTruQ4qKZg1,2022-03-29 06:17:48
w7X0vQsLLNNEd2fDO6RbuObY24J3,2022-05-01 05:09:37
w8Bd749TpgUyT5RRmhz3YRz3eMA2,2021-11-28 22:19:17
w8FCwL1VGqS8wPWsu8mjx4Rh0q92,2022-02-28 16:41:43
w8GDG3fbJthB3OWss9ykIJv0Dig1,2022-05-28 11:54:35
w8NCr7tyNWVSSeyfKfG4IAaNtKL2,2022-07-26 11:00:20
w8Sm6IaI5PXRDYjFbofcqdExUue2,2022-01-21 12:35:53
w8YSAO7yNfcz5z69ENeNVO3nLB02,2022-03-04 04:45:55
w8rlDGI0EXUVowm7TuGEsYNJQHA2,2022-01-20 01:42:56
w8uhDY29rbYmh7Snva7kJhC838T2,2021-11-25 07:57:51
w8whhj7xspQIp0HWoYWC0YXekYo2,2022-06-14 02:08:47
w9Bslk5QtEeSHG2jN5QOV5ilbOl1,2021-12-08 22:50:19
w9DPRd5XtCcpMjzreFIe3Dk2jPA3,2022-04-04 16:03:16
w9Rwl1OFPodNLpiS3LPqGO8xWLJ2,2022-04-19 08:00:27
w9Rz5hkPQmUDFu1Mmn5cSZUSVSA3,2022-02-22 10:02:43
w9URxGkvMUWur8BtqojCc1aHrTm2,2022-04-05 02:00:44
w9eWE2SSNIfDfwPxtHjybeDjsXz1,2022-02-12 22:38:33
w9sMjbvaEac8u03gVQIf0WxDuk13,2022-03-01 09:46:09
w9y6Sz23wYceSuIK20NlSRRai6h1,2021-10-17 14:09:57
wASHQMODWjeyBMS4FIknQloEasC2,2022-04-29 06:32:02
wASopaeRANfBCkRH0gheJMAa4Om2,2022-02-03 15:17:47
wAX9xJwpHUNFi8jxS7NUoFANTAP2,2022-07-08 06:18:47
wAogLGonVsNNxKuihONRkstDAk13,2022-05-10 22:40:28
wAu4JqrDEacEDb5BzxOgIPYmzQW2,2022-07-14 10:57:28
wBYtCQI77Rgjz9aJTqwtjkv7ufl2,2022-05-23 18:14:27
wBzkOwuwLxVzd9uEmMmlh5trc9i1,2022-03-19 10:57:13
wCEDbtRLa1Rd2Ttzelpb6fjqCrp1,2022-03-25 22:04:50
wCbbuWrWjNNPnJexpGoE4ZR3fck1,2021-12-12 06:17:04
wCdvKqBhWvUmvuICCjaSvjTpGep2,2022-07-10 11:21:42
wChxqAiMKZZRNCcjXAarozrNGRt1,2021-11-04 18:18:36
wD8b4R8aj3VKUAZUYqACwEd0WRj2,2022-02-18 12:53:31
wDMyvzrsW3hge4WwNLiTSXfl66h2,2022-01-26 11:07:06
wE0obh89kqNCm6AB88ufu64Cwfi1,2022-08-01 02:48:27
wE2McAcNDkUSXyR1XVEDOyivSN52,2021-11-07 07:26:22
wEDKEOuhw3h7OgzQhX9rGHkyP4d2,2022-07-15 16:17:18
wELMMqn7sjUZ5qBoX1cVoGsowvn2,2022-07-19 22:12:26
wEiO62ndz1M9tpqwObKdMDAaFT73,2021-12-14 09:50:08
wF8ESUqndGT6JPemQHpJbUC4DYh1,2021-10-12 11:50:07
wFMkE92gqpfCo0wFoIyUqrkJwWD2,2022-04-17 08:43:58
wFTv0EQcPxU8BgLd2bwyfSoosWO2,2022-06-28 20:03:32
wGOH7fV22DSufL6ZgvZRYw3PL0g2,2022-06-21 21:49:29
wGU8bFSvq4RivcP1WdXAwT9JY8F2,2022-05-01 13:43:33
wGX0qyVNFxQUxhpavSruYMeyZjs1,2022-02-22 23:00:22
wGX4wtfprkRUmzz2yKVJ1iTcgoo2,2022-03-07 03:40:04
wGcubJXR0IcqPloASmGrtr7enPH3,2022-05-25 04:23:18
wGwHtLV7nRdMgwe0ovJF0bX86LE2,2021-10-12 05:05:13
wGy1GUHPm4Ty4UrQA1B8X8AROqz2,2022-02-15 14:10:51
wH7WH9XQx1PisTAp2Lb8baq7K0r2,2022-07-09 06:24:17
wHDjD2P6l2XiNYcYtI8Vf6RLVRB2,2022-05-21 04:06:01
wHkwcxQJIhcWojPpZgSmX5gnxqn1,2021-12-24 13:27:30
wHl5xfbOUcWBbBpKakYa3RjO0zA3,2022-04-09 09:27:34
wI40k5XyXGZEJoA07SOqPWFcyHO2,2021-10-31 09:40:08
wIBv92GV2LRCuW8mUT98rX2iSu02,2022-01-18 12:26:08
wICzGHoI14Yew931TnRM4A5Cxkb2,2021-12-06 04:41:25
wIFyuQ28Ptd9onuhuPIpn3499Iq2,2022-05-24 12:27:30
wIGmWbTRyFgJeKl0ctSD2rdjefY2,2022-04-15 20:13:05
wIPWnpR9aQOAvguTJ51AcUOuoa52,2022-07-12 04:35:21
wIhR7RBkxqfukYQGde3VdSXe2Mk2,2022-05-11 13:37:38
wInV5MXX6QbpNxxvACieVcvOeYr2,2021-12-08 19:23:09
wJCuNd9NnvV8cVw06LeMTJULWcK2,2022-07-14 12:09:19
wJODuooTe3XfvDE85oiQpaLLd6o1,2022-06-20 03:58:42
wJVFIlVY2PZfzQFqxCLBjbuCA1g2,2022-03-29 22:34:38
wJYuEsDSHTMkURyw0HasZgZb19f1,2022-05-24 21:30:32
wJawV1aAb8PrTELMPOZSNPGfuV82,2022-03-13 22:57:14
wJqPEmQNv5dxUQyunSgV18u2Cga2,2021-11-18 16:14:39
wJqYD6sswNYOBXZRsHk58N0YIKl1,2021-12-27 12:24:54
wK1xvwh7amOAPV4wDLto9Tk6St72,2022-01-21 14:47:54
wK2tO7rsRQfNReGgGiTmVp1ZjuQ2,2022-04-13 16:21:53
wKTXtPHpRPcC2IjftQgq6siBHzI3,2022-04-20 14:35:40
wKaLJmZZILYhmASNLRKPf5Eozmg2,2022-07-30 21:44:03
wKdq9t3ZvHWtgFnSRYfitDyS3fW2,2022-05-20 14:50:44
wKhrCsobOTTBz1HmLOj1UWdwbli1,2021-10-08 22:33:29
wLbFO4YnhRZW7I1YjuB5gL3dicl1,2022-03-06 03:15:29
wM4CPykEQpdDMq9XbMBHkiMgUpr1,2022-07-18 13:47:38
wM9uOMTzPncEOEg2XUAZnP9NV3r1,2022-06-23 17:41:51
wMKA4EP858adRnpQUVPkEdzfdbI3,2022-02-04 09:11:12
wNWF0vA0vNRDUiExsQ3XafRNJaj2,2022-07-16 20:15:10
wNpULTsyR1W3wGURRc6iuLfiym52,2022-07-04 19:01:22
wNzBoFC8NSXt9gwjCxIOskuDKLw2,2021-12-20 11:42:48
wO3nlcuoJggWjQ3pHivpVQ3r8Qt2,2022-05-10 10:24:26
wO5AOSo4wnaHABozv76FrgtMAds2,2022-04-26 12:48:48
wOF8qIe3X0VlSApTlvnLwrAMoBE3,2021-10-10 18:11:46
wOUh0AhjhuS3wzwXebmfALrUh1u2,2021-11-18 19:45:28
wOtVrjr5yQRXc30lJPfkV8gPxUW2,2022-07-01 02:04:05
wPRJLGoOqnQOtQzbFcXLu2l0TpE3,2022-07-17 00:16:37
wRAYaVj29kf4CGhyuE5QlbieRrj2,2022-04-14 14:00:41
wRUwvEKNW2WQMzIM1o30L7z6l5B2,2021-12-09 01:39:43
wRj0ZgmBYNeuWWavMFAfqIM5R5e2,2022-06-14 08:55:10
wS4d1K7vl5YaJGs1Hj2ybeZNDM92,2022-05-07 10:00:50
wSGOdGAbPyZivqoO1tSXHoKzmjG3,2022-07-06 09:44:13
wSQSRiVdq0RomNPhVa7hiLSExIu2,2022-07-27 15:58:12
wSUxXu4Zm1VU7h1cCo6AWADAD4w1,2022-04-17 13:14:25
wSa0CKFlMdPRfOHekuvCTQBFhO92,2022-01-04 14:40:09
wSrOJN2eqUTdwVbG8Znsk4sV5Kz2,2022-06-01 03:54:35
wT3ka32tNmcQKDuMTwmrVFdb6fD3,2022-03-19 11:23:32
wT5KVfx67vYow3f3Btz38PMulWn1,2022-01-06 14:24:23
wT5c6wgsRMemAwe1ZtJBv0kdP813,2022-05-24 01:18:43
wT7lkir3fzOSJUZOuHq1ivYxim72,2022-04-25 02:06:38
wTPSrc1WURU6R3TjjCb8gyzI0632,2022-05-14 16:21:42
wTUmUaPK2RcONggROwe2TWWpeiI2,2022-04-09 16:36:38
wTcdI0hW1HeacNFGnvnMGYH2t5z2,2022-02-15 13:45:24
wU88IZmGv4aAyBbk2ma3neTrKPh1,2022-03-31 11:35:13
wUFX1xA9yfbRECno0XTdNBbpN272,2022-05-14 03:36:44
wUZ3M4AOH0hGns4ikzENrVPyCXF3,2022-06-17 18:44:53
wUirlkKolWhhKJkNBqw3pLgpx0r2,2022-02-03 20:58:53
wUnZTZeR4keP1d6B553B1FqUP5A3,2022-07-06 13:43:33
wV4S0nYJdOMqsl2XWelmlVJKUxb2,2022-03-16 05:06:20
wVAdvV9411RlUQ333JDKKagMTds1,2021-10-30 00:17:28
wVLKnFchE6UbeFfkm5wyQaQSrXx1,2022-04-02 16:51:36
wVWWoIceQsX1RntfgFZ8ap4Nj7F2,2022-04-09 01:42:38
wW0X1v6rL2eOxQOtSTRFLV4Fn0m1,2022-02-04 07:23:59
wW5CQs8WH9PWo3DhODxIDzefLuI2,2022-05-04 09:15:36
wWIrXRSU9xUwS8JMZEqEnqF3bQo2,2022-05-02 12:41:18
wWkUngjIP3RdmK0HGgQGCGAxz6D2,2022-07-14 10:21:44
wXD7mLN74jOeQ2LcIBZXrbkjeBN2,2022-04-10 12:40:02
wXSnBfW2c0eAqRxm0ruqJ1jV2xq1,2022-03-15 05:09:55
wXovRnU802VdsaO0LmxhuSFY8V62,2022-06-27 08:47:40
wXuuHOcMu9f9fiuYXpLTBOzatxE3,2022-01-01 23:17:37
wY2Tn5WETJeqdneKnin4JS0Fawf2,2022-06-04 06:02:19
wY3Tm90G6DNtluNGth5G8UCFAJi2,2021-11-05 16:03:39
wY5LSdvhcLVYeI7AoRalcXYY8AR2,2021-12-29 09:48:15
wYDt9NzXEZN3wJ9bRsuibVxEiVt1,2022-04-15 13:47:40
wYR410KOh3cSEKf72BCAd0klm1I2,2022-04-06 07:37:07
wZ7NyEExUMbJ7VwfGmhdhrGPeRf1,2022-05-17 16:57:40
wZ7lVdXMuMRvv8iBYhklhtJxuBC3,2021-10-13 05:11:21
wZ9q3flyijX07BGDePAdVQUFBE33,2021-12-03 13:20:27
wZD98r8SxLUJLj3GmJwZUIkI4PY2,2022-01-05 14:19:23
wZHURV56SKZpQifKMX07CgkfJsI3,2021-10-30 11:12:34
wZiRM1IODYQTU6tSl53HgGWcYnE2,2022-05-23 04:17:00
wZwOK82WkxcMcELrfX3zUXkWS202,2021-10-07 19:13:36
wa0DdOnjwITRfRwplHKPIJjJNly2,2022-04-09 09:39:05
waO5YxQrtzdhvvtOPGFkLgXV8eB3,2022-04-13 01:48:10
waYjArTLeOhrgsBuUYascKvJhY73,2022-04-04 19:42:11
wb2xTEjPFPRbWLzFR0nAf4QL7WE2,2021-12-12 18:13:07
wbA9YYsvGKOHAC3dOBLUnGI8CJB2,2021-11-04 00:56:13
wbitEztxQ4XlT4QswuTPFWANp432,2022-03-26 16:54:09
wcsmqwgXmcgUBq5qiKKaMuDqiO72,2022-06-13 17:31:24
wdbH4oZfIfYBbQqhWNYnXCPYm7l1,2022-06-15 18:15:05
we02H5lbwraENYwPibbtzwVYKG03,2022-05-18 03:53:49
weEubaJcK2YonRtoT8Nf7YYzDAr1,2022-05-10 21:20:40
wewC3xyR33T6r0v7hub7AoWg1FK2,2022-04-16 13:16:44
wf0t7ynM02M3zs9OxnX23KxDHcE3,2022-06-19 18:15:18
wf4r30XcQeRUP0AS0KtpU8vqcKl1,2022-04-20 06:17:48
wfNtEJdACUSosCklY3qGRWLHjHP2,2022-04-22 23:01:15
wfgBFuzz9hNMn9lyBQBUsMKyMwE3,2022-06-24 07:43:43
wfnMFz7zceObsN4yNPOtHTlyqun1,2022-01-20 16:05:48
wfphkxzBgCVVnuq6aR2iH9plTIz1,2021-12-06 15:22:53
wg0GSnvi7Jdg8JXFG1gPrjwPt203,2021-12-02 08:56:54
wg8pqnhiuWb3BmpN1hPs52tYNLM2,2022-06-03 03:17:54
wgHds6k6otOLn8P3vswjzUajhNd2,2022-04-17 04:59:14
wgNcqhCBEONPVj1tPI4kr5k8LXR2,2022-08-01 12:06:01
wgT4V0bCgJfH5emTAIBjSdfCc933,2022-07-28 04:14:35
wginVYvADZhJcI3pWjLrtyiDehx2,2022-05-10 15:53:25
wgrUicUzhLa9MSmWd6io3WeYnRV2,2022-01-26 15:30:26
wgy5k4HzbNddjTAd4erzpvRHILE3,2021-11-25 03:43:40
whH35F570Vc82CpLw8bS7rbArbJ3,2021-10-04 20:30:09
whf5AbXfXOcso9TuY0yZUfG307p1,2022-03-31 19:38:55
whiOOb37k8SVIZ0fhGywhe1i94l1,2022-06-29 21:00:51
whlOHF9I3gfzbmRn7zI1H6mLFdE2,2022-04-17 03:15:45
whw2FmWdyKR1XBRT8yOD18lNkvS2,2022-04-22 23:24:37
wi8e5XUvf4gSIQuxNlcmrwgyqsj2,2022-06-04 23:16:50
wiB8vzNvmdYsXPftzeSSVUGNYmB3,2022-05-16 02:49:25
wiKHfH1lX0WxcJtOb3gfFR5qSjA3,2021-12-07 03:42:10
wiajumb2hadALzlFjGiivKmTj1h1,2022-07-02 13:36:37
wjGsLpjGQWV2gQUfpkITv8pkeE02,2022-05-31 20:50:16
wjWQ013FRohWHkm4to9M9XsEt5z1,2022-04-20 01:35:21
wjrvcOdtnrQWAFYxNsId2i2PSH43,2022-05-24 07:10:45
wk8JLWezk7TKARoh9NyxO49TsQz2,2021-10-25 07:42:40
wkUdIx0Yn3c99tAzEO752f5d1VK2,2022-05-01 11:43:31
wllY5VPlEAV9T1Z0u7laueAzil62,2022-07-22 06:26:23
wlrI5oGxOGUzU00JtSWWrOWh8Gi1,2021-10-07 09:32:41
wm0DzVnScmN1lO31T4sOie18Lgx1,2022-02-16 05:24:29
wmNqn8XSLHTrIfbdNTvdfQeEb8k2,2022-04-03 10:48:14
wmuI14KMxUaTtkNe48NoBXZXvFf1,2022-03-19 13:13:56
wn0AL40Et2a3KaTplOTLENmo9rY2,2022-07-31 10:52:23
wn5rCLGHQJU9FjscyfXUExdG9o93,2022-05-11 04:15:04
wnh1SMf8mLdQjrbWj4SLphQgRx82,2021-11-01 05:10:00
wnksbLIzlsW01YNsc5meRFFK45h2,2022-07-12 15:44:09
wnuCLlHTGOTyZgZe0nTpiDntREL2,2022-05-27 08:08:08
wo7kCaLttNNY17mUGdUu4RP2efE2,2021-12-22 10:42:43
woCYCwEqXwZC9kMqjCP1WLKkQbu2,2021-10-09 05:27:50
wobjK7WMbZMDiVZK0EqhA6gUOx22,2022-07-13 14:59:09
wqGD4bUEzbPE68EEarUU0ux0HTC2,2022-01-27 21:10:45
wqQQbPx4rrVjAxH38i22z2qhlY02,2022-07-30 13:40:43
wqZUIJiRZvfWP7yQMfvjgoAV8tG3,2021-10-26 18:33:12
wqomorn0EhQkR520EvedXmLDscr1,2022-02-23 19:57:32
wr03iGqw68fGqts3akCcqa4eSJu1,2021-11-03 15:03:00
wr2IX2p6PWhB55ils5rSTG8Ww1K2,2022-01-31 03:35:23
wr5pR3d7DwQ7s27ZBSvMhp9ijgq2,2022-07-18 08:54:17
wrA5qgIAYKZbS2ALULvYXeuXVcM2,2022-04-18 14:31:21
wrIYJK0y0ZVSY6D70dk6RxcPmpc2,2022-03-27 18:43:44
wrf67lCNgUReCulDhZdZnm9R4y82,2022-04-13 09:41:06
wrfKnpRlIaP1D6vGxj6p2yb7w2l2,2022-06-15 10:58:06
wrtRfMAQu7YlstzOcXmeexhXi3Z2,2022-02-05 00:35:00
wrtnhNRoQ1MDsjOhZU6bBoSVfy32,2022-07-27 14:55:56
wsC6YXoTYpVxKoKKWh77dZEFYVG3,2022-04-05 21:33:17
wsEtxphw7OcPHaNvjvCaGcFRyV33,2021-12-09 12:39:37
wsrB8pSiakNWQ6d3mSXG8SLMJ0H3,2022-01-16 15:28:10
wt4HlbXsCnhBF3TxErnAGHxsBkJ2,2021-11-18 08:04:28
wtKAg8kwCdg5EPS83qZzpi5pRhH2,2021-10-05 22:30:00
wtRaRRSOVATmXqlu86MapSjDrKo1,2021-12-04 09:56:35
wtjV5dk41zUuZF7zkkWcaTccydy2,2022-01-12 02:14:43
wuMqBdOKJ5cBrpRLvHHIW6CvZ0D2,2022-06-12 10:30:04
wubTZhmUwMeNIywKP9BlgwkHfmQ2,2021-10-10 07:31:26
wvGshAZS4MYQeRUSVdO8eUwvPsz1,2022-04-30 07:32:36
wvHvT7y4zRUAfYIrtL6AVGvobor2,2022-03-12 08:31:24
wvIkoAPzNKNKZmV6D06XUgKx5fY2,2022-06-19 14:12:11
wvTVoRBjgleBkZTf4Q683xHZopo1,2022-07-10 15:58:24
wvTbV2Pa8KWmDZGM6GzVDnU1qjq2,2022-07-18 04:30:27
wvdPV9H1MRftWNHVfbQgHOjdlwV2,2022-05-02 01:42:21
wvh1u2rIYKZbiyJyjOgRcAcQ8MA3,2022-04-27 00:54:56
wwDJpSu45FbVqmktJq6wSV53QI42,2022-06-01 01:48:53
wwfhRYEfCIeT6NZKIF4aOHcKm0t1,2022-03-17 00:41:15
wxI1mpvSCCOEMTRpiMQuCv9oIKJ3,2021-12-06 21:38:42
wxMafV0fhYMY3EVuBZjl4qMwjUd2,2022-04-13 11:34:54
wy13YNheP8aMtdUQNj0XEoMdJls1,2022-04-02 13:38:09
wyDpBFS8OKWmK7w6z9KbVmejLdC3,2021-11-30 10:49:16
wyJQ0erz7sfXCdpuPKwugdxynj92,2022-04-24 07:50:15
wyN7iSa7FrXdF0G7x9HU5rtSE322,2021-10-19 09:44:51
wybNak4PEpfasS1JNnlmRdI5UiF2,2022-03-12 16:57:07
wykcmUGWF2arlQ7qv9AnMZgcx1G3,2022-07-23 05:13:31
wykz4XQc7wbrWMoowLH7f4GFpTM2,2022-04-23 09:16:32
wynT2LaCWOaNjHYkDRjvssimF093,2022-03-04 23:45:34
wywZHRQNtoYTpoSFlZwB0GPBOxf1,2022-02-27 18:51:08
wywppdCIWqbepWiNYRYrBhI1r393,2022-05-29 15:31:04
wyxolHv6qmW6wGMZKsrG7y6ODrE2,2022-04-03 12:41:08
wz4t80v7VPckFaoHU4OQy0EEFfs2,2022-07-20 13:11:53
wzI2lCGmULVekPHzlXhMbs8tcrI2,2021-11-20 14:47:43
wzSFCXAZLLYMx4ByebyVSMrNECm2,2022-07-04 01:43:47
wzlicFdZaeUc9WJoMkYSNWjNHMN2,2022-02-08 02:59:28
wznXgqxfUGQoG1ppppO9Wtc0PU22,2022-03-12 03:44:54
x08aGgiBUyehr3Y4psbw38pQLAO2,2021-12-13 18:37:48
x0FPLXOD0WSKvrybLMZ5Tw6gJl33,2022-06-06 09:39:10
x0OrA5Ii2tRH7jMpeBmS004I3cv2,2021-12-21 05:02:45
x0lwvRmFfFdvLoPwD1NsUD3I3w92,2022-01-26 22:28:22
x0xPvA9Xd4NLfGPqB6ghQQTpsWv2,2022-03-05 04:54:49
x1JfssYcbfV0C3yOJV6ohbIdavd2,2022-05-17 10:36:28
x1N5TrvaKfdOOrEfUcujJGd2gwU2,2022-04-26 07:56:47
x1TegcjgWWe74xk9uQtjX1TvVGH2,2021-12-24 19:56:36
x1WXZBbpFyRU7N1TE45p8HuIUFL2,2021-12-21 12:26:38
x1a4VG1f4qhPzOw9wuukejjtHKZ2,2021-10-05 06:29:10
x1avWaR6rTQcMHGL5J1yffQDOvk2,2021-11-28 15:35:53
x2ckDq8rC3OrLLpmFbK9NKLulTo1,2022-03-23 04:27:01
x31TKWfkRFVNIpHqivzQzaIuFxS2,2022-03-26 15:56:15
x37j5kPzZNN7p2Xp6cAbaTbaIdm2,2021-12-07 01:25:53
x3D7j0L1SVZLQLG3DoAqPufqczx1,2022-04-02 13:39:26
x3rHiOs1UnTO9olNdGRnCCcd3bc2,2022-01-21 17:46:21
x3w6pxfRIeePvvNpuvvaAaczCa92,2021-10-24 09:28:11
x3yQOjbRkpaoNKSaw0hFGp9sd7C3,2022-05-31 23:50:44
x4cYSL5EnEVPAu1C1PH9X4jCdoV2,2022-04-03 13:40:29
x4g8K3VTCzg0kO2nk1UHgJEjtvc2,2022-02-25 13:42:10
x5FzEsvZEWe2VpUVAQqzt0amfmf2,2022-01-17 13:51:54
x5OeXHFH1ad1jU3ZK4dhJuvF0xq1,2022-04-18 06:53:33
x5RLqNXOowZSwfoUALva7gtYJNw2,2021-12-24 05:37:33
x5THsG44tpcRiQugksVUqhyjlg53,2022-05-04 08:32:40
x5av4yPqhPY3Vg3eExEmuQP6yEI2,2021-10-16 04:21:40
x5dpUHtSB8XqhpOjhc4yuZmsjsv1,2021-10-10 09:49:12
x6GKVXgJTJQQnIUxcbVtQ2fBbxo2,2022-01-01 14:44:47
x6MYA6CkjNZACNehaX2dzL2qucE3,2022-04-29 01:48:44
x6TSTnWHivXKsZxIhU2kj3mBr4C3,2022-07-25 07:44:13
x6fcRLwvRiNvqHsfW7U1uM5DnNn2,2022-05-02 01:39:35
x6g8ImhIa8Sm3oieuZwLA6X8dKD3,2021-10-20 21:35:22
x6siu7v4qnN8xJ04HD6rtDIKtfw2,2021-11-10 16:29:28
x7SRRpnRdnXWODHHkwoz1DGiup83,2022-04-27 22:33:28
x7dVUEcNdKMoN1ijErelEViOTbG2,2022-05-02 07:29:30
x7xklwXld8fH8bKyDJTLNSqMswu1,2021-12-02 13:45:14
x87jXs8NPLWb5KoA8mpEl03Ky682,2022-03-24 01:18:00
x89yoA1kg7VIQpZeK6kORkEGKy72,2022-07-17 01:11:22
x8LjyLEYBnUmKU0KNftZZodffNy2,2021-10-26 17:00:02
x8Wc4QX5lvMa0OIAZChwUlIAQTM2,2022-04-06 14:25:57
x8fKyxXSlOhtmFpuir5bQ5DRVVi1,2022-04-12 02:54:32
x8oKwkdXZtQQFhNorXhCt4hovDZ2,2021-11-07 22:58:19
x8rmHOlG7fRQKrQWfd8EGVXxpez1,2022-05-18 04:13:30
x9KnKAoUiXStln13b4jLy3HZ76M2,2022-05-14 17:14:49
xA02W3mQ2UWQNA2HYAXunLOlBj33,2022-05-25 08:29:46
xAOQuQAChRQF28uqrnwtdGKbGaz2,2021-10-15 00:14:33
xAtVNqIjT0hIGrjtlKYuQJQnaa62,2022-03-24 02:40:05
xBKjKMVKpKfHOzdc4YVSsqw7c903,2021-11-19 16:01:10
xBWUiukszbUEvOU3HnRIVDkkUcs1,2021-12-16 11:39:20
xC8GFD79O6PMJmvClJ59KxSHRwz1,2022-07-25 20:14:12
xCIbgttrQMONIecaMX7ffIQwC9a2,2022-01-10 22:34:24
xCP4iad5NCZprzkXxN1s5SYVGIl1,2022-07-06 08:50:56
xCrZ8DuJB7VSewv4TRLXEF578kz1,2022-07-26 16:06:29
xCyhQ9YRhNVTd0sCQg6dX3ziaCQ2,2022-05-16 04:59:24
xDg9UhDbuKNNzv056l6LNhjkLxt2,2022-04-07 16:18:09
xDiaV6dx15NjjusnjgY59jVVP6i1,2022-03-10 21:58:43
xDvbc1Te2NSJaG50IPbnKkx0zen1,2022-04-19 20:01:34
xDyMCS452PdjhWBxRhfnvH4IQIu2,2021-12-07 18:52:45
xEQGiYDIgeMXk8y3Y7ZylNONY943,2021-10-20 09:16:24
xETFAyhi8WciDLv91t0CEqmIIpC2,2022-05-06 17:36:00
xEhMDMAMYwcXntsFPqUZiDwZvTT2,2022-02-15 16:26:26
xFN4NDsdMwZGPVCrLPlp0WsrUw83,2022-06-05 05:29:37
xFjNznSySwdSMxBN31ygs6S3D8S2,2022-03-11 05:07:37
xFk3ajPKThYko9gQFp0cAXHwv7n1,2022-04-30 18:45:43
xGYPC1TazXVXQDW7lZGdQICvylA3,2021-10-04 17:42:38
xGgMztyPr7Z1xvjR4bDhXgR3cgU2,2021-12-13 18:32:17
xH4e8FUH62YA3U1cTouwCjEQIez2,2021-12-16 11:12:45
xH4oP1G7VKYA9EIHJTEaoYUSJam1,2022-07-25 05:25:50
xHBrtPT8yIS4QSIx1jsk5ZmBRoJ3,2021-12-26 06:29:05
xHgKV7JthuNliGvSxZqkUB4LD7x2,2022-06-13 01:01:31
xHjeGyWSN3Yu5bQNIbc4QBpiEWy2,2022-06-12 18:39:43
xHn2Uy6ThOP62DJKFEJeXXmTS9R2,2022-03-29 01:04:14
xHvh80cZxIc9IkZ68sJElpB8Kl72,2021-11-26 09:29:59
xI3GJwLgg7dMtPDQM3oplD6gT273,2022-03-20 17:55:13
xI5TANv0cNagZ1IqaEoMugaCEsZ2,2022-04-18 17:20:12
xIP4lZdKnpTP9Y5h0LKu04BfoYj2,2022-03-07 00:48:34
xIS2s0vuiDVgTZXdT577IbWjZp23,2022-03-08 15:46:24
xITFdI0KaRgVngYSrfbSSmwyTXu2,2022-07-14 22:04:20
xIXjxiyiXihzdN8cwY7hvuxY3802,2022-06-13 06:39:53
xIjRd2OAyJaZGNH22rokzlY3RfV2,2022-04-14 05:04:00
xIxsoxRoiySB66esnku1lP5plux2,2022-06-23 03:18:45
xJCKBLzJ6YZhQCBGhlW643rQlGl2,2022-04-18 07:42:24
xJE457TRagaeNd1b87IVspUP8hM2,2022-03-22 12:58:47
xJJD9XIjSzc7kpCTlMAaBgcxPT12,2022-06-04 16:32:57
xJYytCoiLIOQg62O5Vs2gwNWU7F3,2022-04-07 09:37:31
xJZx3AxFTRdvMPM8sUz7BnxzLQf2,2022-06-20 23:41:21
xJsFs6eoVDTfCcZJVq7TycQ0Brn2,2022-03-12 00:38:47
xK4bBZYQwdcluT6CNdoNSDYlRGw1,2022-04-23 18:07:18
xK4cAQcLSJZD3F9m4LafbpC5kxG2,2022-04-08 19:17:16
xKMUeOLkuZMBjF7XtNjhf73o6J02,2022-03-15 14:58:41
xKdBpSiq9zfWn0rGG8WD4FeDWkt2,2022-03-14 02:21:25
xKfoDkpjO5TVQuc0u32ajbhTZxW2,2022-06-11 12:23:52
xKfxYkTluJMjXibzDcLh9jBhgBI2,2022-04-18 10:49:47
xL7zAufyhAdGt9QLuzzoQQlWh8S2,2022-06-14 16:15:57
xLLXOhp6ktNiDQh3UIiT2BLbQgf1,2022-05-28 08:50:42
xLsR9aWfciYF50rh3xdhF7dqd3Z2,2022-03-27 12:06:26
xLuPCI2C9YYD9usfl1HkBBKOxw42,2021-10-02 05:41:59
xLwlEUqxHzeyXXlMhJRNcMSRBsn2,2021-12-01 23:00:47
xLyvNn7llBhivHNGlUdA5NgURhF3,2022-01-17 09:16:07
xM5Q4xPfUHdoIEu1UXejz9fwqer2,2021-11-12 10:34:29
xMFwYOwsC4RPs7LE2Bm7vAN51lu1,2022-05-29 17:53:02
xMnx1x0n4KhOXwrVTncl7xIUrYm2,2021-10-16 01:43:14
xN0cUbsJZIUxANZwpIFmZXWNEfS2,2022-03-27 15:26:06
xNDL1QEgVJWs32MFusB4fCebDCl1,2021-10-11 12:58:27
xNIFDNV1RqMr3DzCwT6016eDVmj2,2021-10-02 15:25:18
xNRTswejJ5TehRoHmcieNDNB2sj1,2022-05-29 18:29:08
xNZUWUchTkPv9hOqowIqCJuuNSo1,2022-07-31 11:19:37
xNqicqZE0nOmZt0PZXnDTaGvxa32,2022-07-21 16:11:30
xOAT2Zu6SJe9kCKZa62U3igsT3s2,2022-07-19 04:16:55
xP3VWMLoSadCV4UMetfrIBY3Tkr1,2022-07-05 00:46:39
xP4RAvx8G8af4TLpH4EfSoFpcPG3,2022-01-30 21:12:07
xP7Lk5Xj91bbRQUfMbNkOlW2FKz2,2022-01-16 14:31:21
xPTAnk5if7Z4d4KMQmttGBVAByx1,2022-01-18 07:25:38
xPegm4oH8hYHYFIhugS2oxxLexI2,2021-10-22 21:33:28
xPuaSOpBXZdaXKFws83qwcnVXK32,2022-05-11 13:27:40
xQWVUx03v5TgEQLsRsCRDBR1HWi2,2022-02-23 11:55:10
xR4lWdSwoVg9hQwHmFNynnCQrbo1,2022-03-10 16:10:03
xRcnaUsNeTft4hsjtPuJqu7Kro93,2022-04-19 13:25:41
xRiKMxklOFVuslkLwnfe3DmCykK2,2021-11-29 16:34:36
xRpSZVOrIwQTrJ5gw3Nqj7nfv4u2,2022-03-27 04:27:00
xRyWyDkp5hagz01q3jOMHOeMVBO2,2022-01-08 02:20:06
xRzkOrfZVgSy8XnU9L7uNZLLbvx2,2022-07-09 18:16:00
xS3waCabq2MqKsRKMzGku0ju5Rf1,2022-06-19 23:46:13
xS7GjjNoEKTSgljZGPSYrch5fKA2,2022-07-29 15:42:43
xSLzSK4LV2VPcZQUF2sbFzXjc873,2022-05-16 15:42:26
xSnn4XrGvvWokre7OHCB9O6lud23,2022-02-22 08:30:18
xSuVkPnjcYdVqhzl3u5H0pTaPya2,2022-01-26 06:18:10
xT3vTzWaDrdYcaGnRb3QRQ8GQ413,2022-07-19 12:28:01
xTAmFpHmIoXfsbsJMpMafNCEm493,2022-05-06 12:13:14
xTWvZMzqdiawBh7KfLLwxD97w3e2,2022-04-16 11:09:59
xTkWNoqzhcVyFW6uxriWwj4etZn1,2022-04-30 16:44:48
xTpLJxNNNsZxt2Z8n9volhFH8Yl2,2022-03-09 03:06:18
xTrLzE8LL6a5eRYTk7NfQoqmWpe2,2021-10-15 04:33:17
xTvwzedmSeeBal4PX78cA2FbMX02,2021-10-29 05:09:51
xU0dZWWqf4TQUYkLA3ivajCSsxv2,2022-04-17 10:51:04
xU14xSlzTvdSaJgyb4LP0jpMw773,2022-06-06 19:20:50
xUBHryoGSfdVyI4uwf73exv5r6Z2,2022-05-02 08:55:29
xUGnBtWIa2hV2ntXkwr7wOFCJns2,2022-04-17 10:59:34
xUHonCFMOzPVBPpaGtkIiALgj7U2,2022-05-07 18:21:00
xUIWuFXygWN0yZk5F7AzpdqOcIF2,2022-03-15 22:31:34
xUNxH95LWJhE2MShoIRr6nT1VQy1,2021-11-26 07:08:58
xUZUYtwdu1bdN4h8ov1q5IAE58j2,2022-05-05 15:53:55
xUldlqwZsLWVEYAHBDZh67mar773,2022-01-16 16:12:49
xUpKy1HTtgQeohe4vJBrXZ9uIy32,2022-06-05 23:43:31
xUsVk4kj0baf2xDR8YqKHhiTO7U2,2021-11-10 10:46:24
xVBaMYQ6ViQTGJWiPTt6hrAZwYy1,2022-01-23 16:22:16
xVHlrXwmQeduKMYFZL77vwVwv3A3,2022-01-18 09:21:29
xVNvsiZL7lSP6F0faJFeQwnKsA52,2021-10-22 16:36:36
xVP6tNgOk1MmCE2l4qT3Ktz0AZw2,2022-04-30 19:54:51
xVVkwStfb9ZZEFwqikXJeDFilxV2,2021-12-31 14:26:21
xVhlUkTOeONkOXm6Sr6kkGPHNdy1,2021-10-10 20:57:21
xW7Mna8mAhc2Iq8UmlDGCke4W643,2021-12-06 00:44:05
xW9Zl7DJCpUesABOkj4c5SVGtnk1,2022-04-22 14:46:56
xWTrT4SVXqQev2ylHlVcGezhdXQ2,2022-03-30 07:47:21
xWVZhxtY0Re8NRm8JZtxibgRTwm2,2022-07-26 10:21:41
xWx0lgbqGsP7qO4EehTyhRcm2i42,2022-04-10 01:45:25
xX35Qo26MFRZwSWSG3Jl5U1nNiE2,2022-06-07 06:57:57
xX9Z35FQaPUiATol0fNYGemX9EW2,2022-06-10 22:34:15
xXG4Ap0iDIbfJMFjtZ4ApTDpgsZ2,2022-06-02 16:50:21
xXNDU7gmQMPRC9Q5zNPYpb7a3b73,2021-11-10 08:29:45
xXRc3uVVJyRBlp0c0xJwKGbzXps2,2022-04-03 09:16:13
xXq2YIemO9XJzVWYb8FNmu4PcZv2,2022-03-05 11:58:09
xXsniAApENRxg7zddEvjLTz2U7i2,2021-11-08 11:55:34
xYDdFoKkwzaflJMiFZoR2wKbVXG3,2022-02-11 17:19:17
xYHPCDd4vHhOHGio7zb65iYI7bu2,2022-05-19 11:49:00
xYXEnR2j6HYdNPEoj7jm0LnbH7D2,2022-03-03 10:15:05
xYXxj11s1Hgdy1JlX6gnul0fxQp1,2022-06-04 07:22:04
xZFiPoQipbbc0NNMYbz8gJ4Gaf22,2022-05-03 10:50:56
xZqF8zuifLRKH4K0QOCyje8ed4H2,2022-01-13 13:08:00
xa9oH7Zg31akFJmv9ORNfhKQv913,2022-03-04 14:14:39
xaXgNk38TOcmY25nUY7egoyxed62,2022-05-06 12:37:12
xas7N9d14wNTRlga9pEKWdEvVmI3,2022-05-18 08:01:52
xatVCNu8DmhotWfN2o01dVczk2E2,2021-11-11 18:37:19
xb3UO97AZUaO2cJq9z9NeC80AJy1,2022-02-16 18:34:38
xb5p6pcDIfShqtKz0ftg57teBDN2,2021-10-10 14:08:57
xbbPQgmG2qOOQeusVSBnkOL1kTC3,2021-10-23 15:24:00
xbbkQNVKAbPwAt1ico5LtVrd06H2,2021-11-02 10:05:48
xbc7rV8ArtQwHUg26WCRCHedsS53,2022-02-01 20:54:31
xbtmU16clgWxfo7h4wpCJtrDuHw2,2022-02-22 06:08:55
xbts9bdM9AhIPpAi2aUQ4nOim7E3,2021-11-06 11:50:20
xcQy31opwabWbHKCmOgjWlmX2S53,2022-01-24 04:31:38
xciynxC8uFSC2WhiCbqxD8Cnvgd2,2022-04-14 09:03:16
xcuPuP4ANFPXOD8dk56BZUt6IXG2,2022-03-02 02:05:05
xcvbCkgWRzPbFeSEEpgrvKeV3OC3,2022-05-04 18:01:53
xd2UViCnCwPlmGGu1M1Khng3qgb2,2022-04-18 13:37:35
xdELlZbRXqRNHVpA82VhzQ6oR4K3,2022-05-11 02:35:20
xdScPdcbHyYc9MYzfDMMCJMY3UU2,2022-01-31 06:24:07
xdd5F3MhUPTkwxyAhNMvdFzTXqf1,2022-05-07 18:54:45
xduR5ULwMoU35Om3gW39C7BQGxx2,2021-12-11 21:21:15
xdw9ZBcmsVgew1us0HP8ZNJot0d2,2022-04-29 12:26:28
xeAaQj0dLHVMTpl5Xp96XI2AMaf2,2022-03-10 09:24:05
xeJkyfQignQ49j2nPj14IrKY5N92,2022-05-29 14:36:31
xejxFzRwmyMZGOyfJM9ecXcIply2,2022-04-17 03:59:30
xeq0noWyekbbBHyHb4GyMIHjEvl1,2022-03-01 03:57:34
xesN7NZLvsM7jp5iyvQyug1D2ir1,2022-06-13 11:34:03
xfENz2obKsRZeKEkFIk4AoH6rV02,2022-04-10 14:35:36
xfaD8D4Plve5wJlI0YHkly75SG93,2022-03-06 08:58:39
xfuyqLdsSrXRA1CVTzDT5uWTtK22,2022-04-30 03:04:37
xg3qIhWxjSM3HKvkyWVPfSv0HZw1,2022-06-20 20:14:20
xgJyhFEx0Beo2413yobDUFfiIgF3,2022-04-22 05:40:18
xgM6FhQmgdQCMotkYeBK4K0Gljx1,2021-11-18 05:31:39
xgP0jfidXOaCpBrEldGzMKapd9p2,2022-03-21 08:49:13
xgbH6A6eX4SDQvQnaWtLF25SSmc2,2022-01-14 19:47:00
xggMLE6nLcZplN3z29HvqkiO12F3,2022-01-14 01:57:12
xgyaDsh5kvWDXmi5JZJWKwzJhYY2,2022-04-16 13:40:43
xhmn8MAr1Yf8nBtwxvi4g8iCzzN2,2022-05-19 20:53:57
xi7lWOeXi5R2rCo7gqjvale1LiL2,2022-03-31 10:39:54
ximcWYX37mSrV10lHWlqrMeB1Bh1,2022-03-22 18:07:02
xiqXeGBQhWaeHTj82csy36Zdtgy1,2022-07-07 03:50:59
xitQNYRDVBQLrbe7KiFsRd8BjKP2,2022-04-18 11:39:38
xjE5oEG5XdhaND7Ja0pHwt6FBqB2,2022-04-17 15:52:12
xjEuD2dwQZN6EhvgtqJMJvhags32,2021-11-28 15:43:41
xjGurkktOZVVrsGemCS6KVvMvIs2,2022-07-06 05:46:52
xjN3xXoBvVZ4mu6SkyLIUVgkxid2,2022-06-14 00:47:39
xjYs0KWPDgefRxqxRjI4c0JzaiU2,2021-11-08 04:28:59
xjg6yejIgPhDPknFoFNXLh2ka9o2,2022-04-17 11:14:36
xjyggsAHGjbqrVMrV6RtGkOaK6k1,2022-05-30 01:58:23
xkfdlzxIxVfzdOcnyzLkHwkTmUu1,2021-12-26 11:20:36
xl4VuhAbpJSRyUtNPMSrPQ7IuWu1,2022-07-02 11:13:54
xlA3hasmc2cLDAIYELujxXVAX013,2021-10-29 06:02:43
xm6iDBC5zlVm0pT10IK1laMfX8o2,2022-01-23 08:52:15
xmL7vLb8bDcCXGwF9WgaOOVhQBO2,2021-12-13 19:24:33
xmXu8lny0Rh8P0aw4X3TG4docLB2,2022-02-27 16:05:03
xmxX6b9ooGcXnrMoNYLeNUBlWXI3,2022-03-23 12:56:33
xmyGkC5d5HYdr5vKFCcFEOy3C1u1,2021-11-18 05:11:59
xnAjsvzhc0NVIuuOFCPKU2m8C0g2,2022-07-02 08:42:52
xnWzJ2Rbkee2MjMlPG5Q2VAjDv33,2022-05-04 16:51:52
xnrNTKm5D9TzZB3DnIrIRR72G1b2,2022-06-28 14:46:19
xoRTh3JNZmMNeK2kjbatW7gWTTk2,2022-05-02 01:08:58
xoY737Qp8mWlWRduB58w5glGcK22,2022-03-08 10:23:18
xohc7fZVRZe0foq36K7YBwL8NK92,2022-01-21 18:30:42
xojYSP4dE0ayVV4yck7gChJYsRv1,2022-04-21 17:36:39
xop6CxXOwXXB1TFG7WLFGr7je1r2,2022-03-11 06:54:19
xpDbLJqQUPc5Efcqxl7VUJ2POkl1,2022-05-29 12:39:52
xpGBwPchXlNZrXBmufEFwQeufOw2,2022-01-14 16:58:45
xpHrQFatwSWsZ8M9HDEunQjXe423,2022-05-17 13:45:49
xpPAsrjuaaRNJaFbdnL8Fs2zNMV2,2022-06-21 01:40:50
xpSjf9GriNfVErw9xztaoGSOStz2,2021-12-12 02:37:49
xplkx4hH9kVfsSAr2IrA7rXbqbB3,2022-03-08 14:44:05
xpvEnMxm3sh5ntc3FgKjdFH4eJj1,2021-12-14 06:45:11
xpzDpbINSXUPWG4EM0bqneahJa53,2022-05-19 13:45:55
xq2VXDTdlpgtl7Q9Ah2Uf4Aq8KM2,2021-10-17 04:22:17
xq57jJvTqfPbZSzJEBjO1rGRyeD2,2022-04-05 19:45:10
xqCRP22vepflyd77JWqdxogCo2E3,2022-02-05 14:55:11
xqbYL1HbyYPkYEdn8gLby9dY5Mt2,2021-11-17 21:57:19
xrKG054T9xhKYzJEfrWCxxe2k1x2,2021-10-31 16:43:10
xrKdRCqeXVWzfJLDlHJZhaqzrqt2,2021-12-11 16:22:16
xrTuTvU58HYc2mmnJPJq8IQh2EC2,2021-12-01 14:58:01
xrela4Gw4xgCZEKRQEcEIcJtKH62,2022-06-27 21:51:21
xrx8jBOa7oWv5gUcY2ocA3T0nZj1,2022-03-29 18:15:56
xs51OM8UQWdCydyYtOradq053723,2022-05-19 10:30:46
xsBEeHqoFvXFFDDvFm6Oce7LWKd2,2022-04-05 16:49:39
xsLLAxD1dISVjW8wNRtVCTLn1sy1,2022-07-30 10:28:40
xsPwdSObofMHvRzBMdlzhnDOtMA3,2022-04-29 18:44:20
xspJE3LtGffYKMZtoqYmGM1gSZi1,2021-10-23 13:57:46
xtGxC61Y5tM9OTgYhM3Xv4cJXv13,2022-04-01 00:21:39
xtlbMuNjkFUuGQGIEwEpaHc67E23,2022-03-16 12:00:57
xtnqHeqRWkPVwXIMgKrP4hfONTE2,2022-03-26 20:38:29
xtr9e0gkbjRvmNbjqvTFNQOOXcm1,2021-11-12 08:08:16
xtu0TbAeHkeqmNlCS9GGLMMfYz32,2022-05-31 02:53:39
xuQWq857CygkjXLk45Ge5RxvHqc2,2022-03-28 00:44:53
xuZ9428bvlY19WpRGGz8VpdsJgU2,2022-05-20 08:35:03
xuckKuGt7rP31j0v9YFNCQKihww2,2022-03-31 05:08:31
xuq42QjyU5UyidhD9NsJzu7HOG43,2022-05-19 06:46:13
xv1Exq6xQYdTPQA85KiNRMC9flD3,2022-02-11 12:02:08
xv2YTeebBhO5PuBbGI0g7kZCkOw2,2022-02-22 19:23:19
xv8fhbtNmJU4tL9VNQzpzx3OLM73,2022-03-12 08:08:02
xvAxfHvOZshEZakLrK8cfp9cZlq2,2022-06-24 09:28:10
xvfM4mXxAcPqHUqmXRXMyKh2prj1,2022-04-05 19:47:52
xvyJKu4F5rUaT3kRBPe7LUxOeb62,2022-01-06 22:52:31
xw0a89k12rOl2YcpRDObc8gC6Lo1,2021-11-26 23:27:01
xw3iu90DyuTj5DjwU8gcUgxmej62,2022-04-15 14:45:32
xw9xUmTEyqeVhcMAeuJl1xOrCwB3,2022-01-25 10:48:49
xwfPgfJ4vjQWBKw1MOTRTIZuPIJ2,2022-06-24 11:02:50
xwvuzCm5gsczGnpPaIPm2PuV5nG2,2022-03-29 18:20:32
xx1W3qOeyBf5opUFgOUx8uBT7363,2021-10-02 23:14:42
xxjmxK3QbMTXfyVRGDi5MhjupfJ2,2022-02-13 13:34:52
xxu5SwZUp9Q7yoHDOH6sn4EZ2Wp1,2022-04-05 06:07:52
xxuBFhA1SOdQSMJon6glx1G06g42,2022-04-24 22:08:40
xy3YuqLr1RSZ6cZh7XkjOUm0Lhh2,2022-05-16 03:25:56
xylpbuKtGsSnXHIFGpfarFaQ0pC3,2022-03-10 06:31:04
xzPErz3pu6fe9kkCX6Ih7IxVca63,2022-02-17 02:01:23
y01VCsLwOFVy6UXafKqs9gWUjVk2,2022-07-25 19:18:05
y07Hskrq7Jf1oEGiwp3b21EuXWd2,2022-04-21 08:00:05
y0JsfYIgWEaiQYZK1Ufrdaf2n4h1,2022-04-22 20:02:02
y0ZtDdFyefMKgnDgrL5Lc7FhsNU2,2022-05-14 07:37:30
y0mm4ceJDMep7HuLO6CPyPTq3b13,2022-03-19 17:00:50
y0oZ01E0OSS5awNoGaqU8GgqDCT2,2022-06-15 14:11:31
y0r3G9w36JdKPSDYd7Y8lS4QEL33,2022-04-18 03:55:40
y172cwWV0oecxVPkLxFyNE6AHi72,2021-12-13 09:39:29
y1FwAx1ajweTwDYa7kwWK4aCAoH3,2022-03-02 14:20:27
y1PHwzaD15S4ejexvV9zkiOU1wR2,2022-07-07 16:12:25
y1WUxcAZHhefwgnaxCoOJFl5JFA3,2022-01-18 20:05:53
y1iw6QN6cJSbBqHfWT30XySe7ot2,2021-10-11 03:24:18
y1oRWgC0nXf6HiLYvgevQ9oooLr2,2022-03-18 09:27:43
y1s8b2NeMENzQh6BckeG0tPKoZ63,2021-12-02 03:11:25
y1u8zZyoJ3eJ6gjkfuX8Ku8TAtZ2,2022-05-30 23:35:33
y1zXLAhlE4Rixbd6oe4x7Oye5oM2,2021-10-19 16:31:46
y25oWjlIKmam2ylA6GjySZfN4vW2,2021-11-08 23:37:49
y2rvelBCK2f4zpjfCc603UMUlLT2,2022-01-23 02:53:16
y2yX8LhNlOUnBaotjacIW656GoI3,2021-10-12 12:50:42
y3IdwpLW8IZiMibaX1xTkDqN6KJ2,2022-03-13 11:04:22
y3NS4CqnUtX7V2aEStuGjKitIZH3,2022-04-27 14:06:41
y3OaNWLivufQIG3HXQ4CVClhx5l2,2022-02-10 14:10:56
y3SJaDYlojeWpOLzgv6YYxwZr8Q2,2021-10-05 13:41:21
y3TLrrWWowZIJH0fRTljTJ6XAMC3,2021-11-10 20:50:39
y3itytVEarRMHbc3PiubQSmqzcr1,2022-08-01 07:47:22
y4EvwHcuINRd9S084JPax4tjheb2,2022-04-20 02:55:42
y4IzWWZwIId8XqmCanvD02jTfS92,2021-12-10 09:41:45
y4V2qFmaJqYkHl5oSNaeGQWSMGF2,2022-05-27 06:48:50
y4VWNbbGG3buEzvgUnynFZ9XXUm2,2022-01-24 12:42:54
y5GN0jx4GwdKI49LObcsZgAfBWr2,2022-05-25 01:31:14
y5eX5m78XJeJ4zdhz3IN75zjLYu1,2022-03-01 17:02:53
y5uqHREGOVdD5zpvz1tcyxNytml2,2022-05-08 16:00:25
y66AM7v1GcZeRgMQnv9g3wvl65L2,2022-05-30 10:06:42
y6DE8MsAusPMk0b9TjQN3ToVgPq1,2022-06-29 03:29:52
y6EXry9LoaSB7ix98oiLHgYhHJu2,2022-05-18 15:00:35
y6V008aOp7bscPRKYvjmkvJXhXZ2,2021-12-24 11:39:17
y6W8H9sY4OeS5CWCIrEH4CFkX1E3,2021-11-16 13:44:56
y6eg6Q1ULDaGBZXXI4Ag1hl5oex2,2022-03-31 07:57:39
y6iN0jtjhOZ3ma8AMNoMk2E27lb2,2022-07-28 14:44:51
y6r33bmmt1ZvLBVTdsFGGW3gwaI3,2021-11-16 23:22:15
y6sLNKISsTfD5Ty0daxAi6HQFzn1,2022-04-28 10:09:00
y7qcf6RQPff7tuiNTkGuq9heBqE2,2021-11-06 18:16:43
y7uWi16DEUWEmwhdbeC8mgINF4q2,2021-11-24 08:55:54
y80u31KwmzfIPNg0izBm6PZ70Fl2,2021-12-11 06:50:10
y8URGOng0TWnytlUtrP0HEj5WEk1,2022-05-02 16:03:28
y8UmqVVeVEdOIVBvH9CbMlnQ35r1,2022-04-26 03:33:13
y8hpvpZ8M2gCTUtkGqxn5O03dJD2,2022-06-09 06:45:11
y90rtB2acXU0bmkU92M7TMp5N7t1,2022-05-25 23:38:27
y97JPHGojXNDqRSgbBxS0w0c4r12,2022-03-13 12:28:54
y9LCP0iqfjWLLalHudl50wYMCXi1,2022-03-23 11:26:03
y9X6nsbGLLRpoCCPLL2DLU3nLOq1,2021-11-03 20:31:20
yAHyp8wGi2fzdARe7AM6Eh9Ee6O2,2022-04-27 06:25:45
yASV984kzkdq6WZtvmPgyAS6IQJ2,2021-11-28 23:18:18
yASWwPpVsWfLgKK4htvJXdHuyvs1,2021-11-24 08:42:46
yAaKoJwMxRPzmi548yCGuEtw4nt1,2021-10-29 17:31:59
yAdIPGPy5OUK2ws9MHlY6bMUUVh2,2021-11-07 14:01:50
yAf7SKahFYbNT9QKRACCCFdzbW62,2022-03-14 19:39:31
yAiB4Z7TR4WUtF68i8XbRM1GUFq2,2022-04-14 22:38:17
yAnXQPKBN2W4psVTwxIEGj9H31u1,2021-11-28 21:05:25
yAzEX5HZ8wNtlbW3TXoXjDxY9id2,2022-07-03 05:07:48
yB9s294qFTQHzNXxgS1sMkzdbpw2,2022-03-14 09:11:29
yBv8BXCGxVdUgGoRjxfVN6mtV5J3,2021-10-04 06:21:06
yBvqq27Ks3Pxfzy97WNqyfm7X712,2022-02-05 16:35:00
yCN8Qtekk4Y3kQjYyP8YWaohCYy1,2022-04-17 07:26:24
yCeUH5rrBKbav22xrvUQm3Rszwq1,2022-04-16 21:56:20
yCkSpCYJZnWANViFfW8VIS7XEZW2,2022-04-10 10:57:22
yCp38L1SYEWE1UTjLv8TbDg52d32,2021-12-09 13:20:49
yD2wY2Ug0UandxmzIqAi0PJYBkJ2,2022-01-07 02:18:25
yD31TlbzhdMy8qvN01UK38UzT8k1,2022-05-21 13:09:14
yDBrLGR6jRcVSjodVu1p2EY6C8P2,2022-07-31 03:44:04
yDTK4X5DF3dyY6NvQpNkahmt2eX2,2022-05-01 10:25:30
yDaB6DcGRRSs3NMLiBHEmlDJCco1,2022-03-28 06:02:02
yDdS9PF52BPTMUkTOSD4pndtLQy2,2021-12-24 02:15:29
yDjHPpFvYKaag9dudaitay0V6g03,2022-04-07 05:08:52
yEVFBi4jZbYDbh2d79GYo7hcheh1,2022-04-20 10:12:16
yEWaxe6QIbdJhkJ6wtdye5ZAGAC2,2022-04-13 16:20:43
yEh7yP7sSzM4NzxGJncQOnIDdZm2,2022-06-18 00:48:12
yF2tZiZ8WIPdKqtp5xmy4VX7Z1c2,2021-12-25 15:35:13
yFCZZojQ2ZhmjqhbjYlwL8PDewl2,2022-06-01 15:59:30
yFCzz4ri0xViKHstd7RheW5iK2J3,2022-04-20 06:44:02
yFF4wk7sryUerJzGrygVe3t5ETl1,2022-04-27 19:30:46
yFZ0lYNzLUeIRa7KSsa1LF6kEiM2,2021-12-20 23:16:35
yFhEwCcGamcmopMR7VKOd6TuzOu2,2022-02-20 17:44:58
yFmKvttBU8dM7PoLIq3zRSVymwG3,2022-03-06 02:28:35
yFoNxppeVQeSCD0NazjoBrbZWUf2,2022-06-06 07:13:27
yFuzszn3soa2efGJ5Kt4KjYj74n1,2022-07-01 04:47:25
yGEr3yMgjdaHw8UBp3kpHbYQq112,2021-12-19 06:35:22
yGFjqBK4JhRDIbMUvl4qB6K2wSM2,2022-04-07 09:57:44
yGObToK8acPmAKMxvEFMk29IHZk2,2022-07-05 15:26:21
yGR7FoIZ3aTQwCxLesWKaAkzOiJ2,2021-11-30 05:10:37
yHcj82626PN02Dt6Aj3AyX4HuBk1,2021-12-15 20:29:34
yHeAvoVV3gPc8phhTJFpfDwphkA2,2021-11-04 19:21:14
yHhJ0DKAUlMHCqjPmITvd0AhKnG2,2021-10-13 11:06:35
yIdLeLrijDZhgqhV0bJJYn9nzqj2,2022-03-09 00:36:58
yIn9Eawp13TXdKVmiBgyJjmvF082,2022-05-15 03:22:41
yJ6NPic0NkasRlENxIHnKpRS57K2,2022-07-30 13:13:32
yJU2TTfrOVQFwxySjO5UcpkQkRH3,2022-06-04 10:09:14
yJWbKzSUpJW21pp25lGNZbJyHsA3,2022-05-08 11:16:38
yJdZtBpR47cOCCAftpfjVCtipPq1,2022-04-30 04:12:18
yJhE39xu2KYfAl1xWiz3D2puBor2,2022-04-19 18:50:28
yK55aFiMlVSlSoNOutDGmc9Ja223,2022-01-16 07:58:12
yKOD6iZTxihVIEFxOEiinF6k3702,2022-05-04 15:41:44
yKOxAYOL83Vq3brBdOyyBJNbYZB2,2021-11-04 17:18:53
yKiwjsACrbRaCmNbGrAupCT3xwq1,2022-03-14 05:21:41
yKmwQB1SEWR8ad0WkbnG8Yr3Afn1,2022-05-27 23:01:05
yLteXX4MITVP25Yergo9kf1qZqV2,2022-07-12 16:08:38
yLzUjgbFKtfUZoB5q6gI3lAo7p62,2022-05-29 11:55:56
yMRWz4pEg9W2WYN0PogghsdMNpq1,2022-02-24 13:16:59
yMwN0OVcHweBTHxUup7EOu1Xt8k1,2022-07-21 13:07:22
yNEXVnmJ5KZvc3mFrW63uuKXCrT2,2022-04-02 10:38:15
yNJ26xteGEPyuz5CXI4j6YpqLsG3,2022-04-02 02:54:21
yNirwQyd5dOngl0LwnQUiDLKAHT2,2022-07-09 17:37:22
yO16ROy2uff0YR756qIJHGb62s83,2022-05-11 14:48:06
yOYoxRkhiyQf7coJnKCJTnsZzmv2,2022-04-30 15:26:55
yOfrxzq6LjYoXW9MJ7UjRjlSwiJ3,2022-04-29 06:42:09
yPP835SsWeQGk4ayQzUyscAT9o53,2022-01-29 09:01:46
yPdA7u0T5UQo0YSTWDKkDGogcGk2,2021-12-24 16:26:00
yPkVq0P5oOhgimWFhCGKwxcxUs13,2022-07-09 14:09:55
yQVj1Z0e53Zoqd0AHTJEW0dssTE3,2022-05-11 19:30:59
yR29bOv0B2Uu0CehvS5jOCsvqWq2,2022-07-22 02:33:51
yRPvuisPTwXlnSjPgkrUZIuVlX33,2022-03-23 14:54:58
yRWk6zH3SjPd2KE2jKAjNfOo9m03,2021-10-30 02:23:13
yRXzTEoZJ1fZISK93TjJWiCKgcE3,2022-07-02 14:12:30
yRc8I8LGjpbf09eGbHFKwz1IJwr1,2022-03-28 04:17:23
yRrWZjyt7WhNvHr3GhHhbZvTAxO2,2022-07-20 12:00:10
ySPgdki1tbPYQTqSbdt8V2ZmEBC2,2022-05-09 13:36:51
ySmTmSoagSR07fF5EkWUzCseC713,2022-03-12 01:28:37
ySwiGmnEk4UKUxbETVjW0LqDtvD2,2021-11-17 13:22:17
yTGuODAaewYJ0xC87E1ewbfYU8N2,2022-02-18 15:47:58
yTXglxtnYhU1MaLvitbD1l4m7e02,2022-04-24 12:27:09
yTjiUEKfH2auTDzsQyKEAYB7Bgj1,2022-05-06 14:15:22
yTw8XGu0OTParjjxQs4ZWJwTuCo1,2022-03-16 04:19:56
yULpX4qeudarvbuMtZGO4ZfNkBJ3,2021-12-15 05:52:10
yUZAxhRyroQZNCvGn8Xvw9y6Oun2,2021-10-24 21:23:17
yUZsihmcC2QpLRjIyw2CCimVC3n2,2021-12-23 16:21:10
yUx4QPGaAWMQdCas8eLW9jsG38F3,2021-10-12 07:21:29
yVO42r6d6xQlxvs4dfimqX5L3lQ2,2022-04-01 14:51:14
yVaakbaxm0YOjJuMvGRsvpJgASy1,2022-06-18 12:17:09
yW8Iax2pwYZZiP7jMO6HgpTSCog2,2022-02-26 16:10:38
yWHjoqbknOZ2BqIDatQ0nXgZBdm1,2022-05-18 21:45:38
yWOezzeRvhX8FgVGjEO2PSEuVbm2,2022-01-21 19:24:12
yWReL3Z7noQqMX4AQXDAaUPhN5P2,2021-10-27 23:55:07
yWoibeW2ohU1KUzDvmeCNiDKKuN2,2021-11-23 09:13:35
yWusvbhQG3Reawpw3MNTvo6qrah1,2022-07-25 10:10:27
yXDwVBRqqaPFi8Vcr2MAR5xqgSD3,2022-05-20 13:22:07
yXRpvpTFKvbojF6A81HynAnIdcu2,2022-05-28 10:26:58
yXl5g1D5U6YJfsoByHA2IbDTSYl1,2021-11-22 12:30:00
yXtixq486Kfs1MIaTQ5OCzpeehs1,2021-12-14 05:26:55
yY99ZpDBbxSRT9SMf7bJPnNjWTQ2,2021-12-10 19:43:33
yYa5aTiHOvgazdlKv09q6WsWcL53,2022-06-02 16:34:54
yYnK4g7sYMRRV7PIkuSMudvVatB2,2021-10-07 08:33:08
yYrcsj6uBzf5E14XhrovXFFpyMi2,2021-10-10 03:41:42
yZ9OJScKhqNixk3rvdPugtla7ms1,2021-10-21 17:24:00
yZMf8VhFCTgC3fl4ev17I5KSIFQ2,2022-02-12 15:02:39
yaPRBsy9RPcSs99T0F1qGUkhFMp2,2021-12-09 12:14:30
yaQ5W0uliuWwpC57AoIIrORVn3N2,2022-03-04 03:39:41
yaZ4dJrqofUmIprYthTZMuRgYlh2,2022-05-31 00:30:09
yabiVyLEQqQD0bWMdbqmxIBl8T12,2021-11-10 14:08:48
yb9lrXRai9TRPjveaDTqQCUrwpk1,2022-03-25 16:07:11
ybApOk6sG7cxz0tcPNKzzTnhFhY2,2022-03-19 01:38:10
ybOMiKElicWY394HNYJMWq7Tiij2,2022-04-19 11:42:34
yblq3RNuV1bH714Y9SmQeJlbjO42,2022-04-25 00:05:13
ybxzu6W3LQQj1Pwh8JLn2Ts2PGj2,2022-04-22 11:22:07
ycE0FL2l8JWDN5W6Da43kUeOmmG3,2022-03-20 02:56:55
yceYkEKlaUbPvikqKZ80s7aZHYs1,2022-05-04 07:03:18
ycqD8MyQdOhIf74i8Or85h4Nfhp2,2022-04-24 05:12:45
ycza7OHURVMl52K2EyErnF7btsn1,2021-10-29 04:12:33
ydrxSxMSNghj1FrXqVdbQspv5TE3,2022-06-12 01:58:56
ydt91CY7dWO9MsGjE5n3hvymCn63,2022-01-27 00:07:58
ye1nvICm6thWuP8hwp16BE9YjIn2,2022-04-24 01:24:02
yeFip1k8gxVFFbAQs2r7xMQjsF92,2022-01-16 10:05:29
yeKp4Q5qlgNsSCVKcUxsmjXxAYy1,2022-07-31 03:08:45
yeMaOlEAwpP0cSL5FJmyDa76ZYF3,2021-11-08 06:04:23
yezIsnG4QdShqyWblokk3qcaPM33,2021-12-28 08:28:06
yf8t9yjXbogxKFTfUKJy8u58vcM2,2021-11-23 19:31:20
yfAUAyhTeYMUCmpyOIsFvGD41ta2,2021-11-24 19:06:09
yfD4QTn4wvhidkCT0AgfGAm6juH2,2022-03-13 04:58:25
yfDQcZphcaXgZKN9OFDlOPyCjZt2,2022-07-26 13:34:15
yfuhypZE8tZcV7TrkXH3vMxyfQ82,2022-04-30 01:48:50
yg13wrOioRP1E5359sXkx6b2etf1,2022-06-05 19:33:18
yg9UWIu53eZ9lNoXEeeSEvs6Ddd2,2022-03-25 12:49:50
ygEiW6X9lPQ22EF6MHjogGwTaIK2,2022-05-01 14:00:12
ygKvkSwGIzdSgd5GqFpk3S61tFl2,2022-07-31 01:15:32
ygQRHbomj1QgP8bHzRkRyA48NWL2,2021-11-24 07:29:40
ygQZgRqp2HSzDyGyA4lBjsKMmFf1,2022-08-01 07:51:52
ygUwe49R10RdHLykiRr7AkYOqKE3,2022-04-26 16:19:55
ygWWGWR24agCeqqnr0Szbw8e7k23,2022-05-03 01:45:41
ygYYw5VZa3WVtBI6yyovGtvedeA2,2021-10-06 08:46:24
ygabpnAsgbXJuJX6rWJSrtQhkgM2,2022-06-01 17:16:56
ygg88mvuDhfh3MnqajHAw2t1kCB2,2021-12-23 04:38:03
yggqCK2dqgUMnxIaD68hObNoIxh2,2022-05-14 18:15:27
yhBqcuYfhvUDU98bRdDS9hg4aP03,2022-08-01 04:42:10
yhNphXzgS8SIZLkQocmOfCTz40x1,2022-07-24 03:55:20
yhlrupqmm7ZatMmqku3MlI9A1vw1,2022-02-01 15:03:19
yi09g8TvYtMyHrLblb1xgCjpXAO2,2022-03-29 01:31:06
yiNwCihw6scYOTpgybLQkC9vAPw1,2022-02-24 07:19:09
yj7ZenaAdiNA1paTudJAzv2RMnp1,2022-04-18 08:54:43
yjDSzcobcxStQlQimhaVwP6w6Ui2,2022-05-10 12:13:32
yjRqwU2gJCRmwN9lNHganx000dp1,2022-04-10 20:42:34
yjTKfGbG9pS19yslITSi3zYjOtB2,2022-05-13 01:35:36
yjTj19IBoShVZEcAhZd0ZuUerjx2,2021-11-06 01:07:08
ykAgZYzEo0cAwj0OROLAjrVle7E3,2022-03-11 07:22:39
ykq42gLDIWMiEdffrUK3U08xISb2,2022-02-04 10:25:25
yl59T1jjszTmLUXg6urqC0l7X073,2022-06-09 21:00:17
yl8jAi6uwFZOLEhnoeEMVuLMxV42,2021-10-16 13:01:51
ylAKZlqByyUw2JFppQVqHfDqa4j2,2021-10-06 15:49:56
ylzDoykUhbVkDDcv3gQXmn9Qscn1,2022-02-14 08:34:03
ym0z9PuXKEfQraovWzpcDGHJZ6y1,2022-01-06 17:19:25
ymAM5riygOhWU8WlLlbc7ONFbK23,2022-03-19 13:53:55
ymXUsDNnEmWcVNPeA3IkgQcGtks1,2022-05-12 09:17:52
ymieAWLuyFfWLHgEelNpzNjNRRl2,2022-05-31 19:31:57
yn46SYwEHnTs2dPUcJ2lm49jT733,2021-11-20 01:55:59
ynEXUCHTRlOtFT99A1mFUJJi6mN2,2022-06-06 16:05:30
ynaJNE6nGQZBe9aEPpodB8404tO2,2022-04-25 12:41:20
ynhnF0AddURqMBzLhwcJ3R9PhvM2,2021-12-21 22:14:19
yoUyTOufJKhYwNm3M1VP0BwMtSd2,2022-02-08 10:23:07
yowNONgVbfb6WflQxkc0B1kg5pQ2,2022-05-22 08:03:01
yoxbvAaKifRSAtfopMuDjICtkiq2,2022-05-05 09:14:16
ypIg7AAH9wO405mss35ej7x6W883,2021-11-03 08:21:06
ypJzxOgm4oZtEuWxxLz2zGyXZeF3,2022-03-07 10:09:51
ypWMPHttFYfwzhWyls9k6NJtMf02,2022-03-28 14:32:15
ypkguHcXaCNrhDVkT5g1fMyQpan1,2022-06-23 01:48:23
ypnNMFQvgLWeBIyuQk61Gi4lmuw2,2022-05-05 13:20:18
yqIsPQ5BNfhwtCApcNfcA8DTmWf1,2022-03-29 10:28:07
yqU0GavNb1bkgOGg1ggOT2jC3QM2,2022-05-26 14:07:18
yqbWPtr9LzTJUDb5vv65PLl5KAM2,2022-04-03 05:01:29
yr10FX7391ZhaxQjPbWhY4OwfSl2,2022-02-26 10:42:42
yrC36KrhvoZdgkVXB0GhcxKVc413,2021-11-16 12:48:38
yrCto0mfFuVSNLU2bOsI8QKoh9h2,2022-05-07 10:19:02
yrcRYMbNxzUW6Glxql3M8oW0mw22,2022-03-15 06:36:47
yrnG0nHXA6d7zHYj6tsqpOk6IcM2,2021-10-12 13:04:32
yrq5xOcnOBgmQSdLlXNfic2Q93H3,2022-02-24 05:20:13
ysp6TbCHFvNfrwEhCMbd8XpfND12,2022-04-19 13:51:25
yt6RGIKKz9Wv6T3LDPesiLdUmjB3,2022-07-10 11:33:36
ytPcAxkJAcZ6T7Uq1tWVJbWkHht2,2022-04-27 13:53:01
ytQiCp3qI3gLYXN3wES8RTp3Qqi2,2022-04-18 08:49:15
ytRUA232rOOP9pLtDMtJ7EXMlyh1,2022-02-15 10:59:05
ythdI2E9vsPRmMWEg0b0xfgx8Wx2,2022-06-25 06:38:19
yu2e0CQwS9WMtUmJalZEhJ4jYNs1,2021-12-31 07:33:55
yuECoQBOopNSFLNsYKBG80zj5ch1,2022-06-29 02:00:32
yuXjrP8d09bmaPRT08OviwyjePp2,2022-06-15 15:06:05
yud9hdI6mcguR5C23bw67eFgI8A2,2022-05-29 09:22:05
yumt8uP0kadgZyQKRxOTIg34edP2,2021-11-10 12:01:55
yuyr11A3ahN52E5kvczUywpz57f2,2021-10-08 00:19:25
yuzhqD5bmiYEU8ggfo0R8vjEh033,2021-10-26 02:17:32
yvAWPtzwIrh3mT312VLET6HHyOi2,2022-07-25 03:43:58
yvCMZli9mBOLhfd4dLv9ZpUdAfZ2,2021-12-21 03:04:55
yvLMsaBvFEUtrPW8q9RXUuRa20S2,2022-03-28 22:20:36
yvPKDM09wbaxwZYKY3oKKGz1Tn53,2021-11-21 16:14:16
yvZaNSDAdJbFwwT8PVHISSqSrdq2,2022-03-21 11:08:32
yvkqfG6sqDbgJypoSH6WCTNPP2g2,2021-10-29 07:01:48
yw11GP3OGONObew6aljbr7BNDKi2,2022-06-12 09:42:50
yw2kVjWImQM91tgDOjsnyvGgxea2,2022-05-03 14:14:45
ywIJsdbGe5OQlR5AM0KKGdcw7Hg2,2021-11-07 16:07:45
ywVOuhHczFX7Aq0CGHliRAQPF2w1,2021-12-14 23:26:00
ywbyDmZUloXZb4fkMZqYxblVdUG2,2022-04-12 01:10:24
ywm6Cniz55hy2aZlX3tbhktxpB22,2022-01-18 13:52:34
ywz7pfgHruRwes28MmxQuWnGLLa2,2021-11-27 05:42:20
ywzo7FdDNlOsJ0Ymhqj7y7scmto1,2022-05-20 03:46:25
yxWJ0myG3ThRefNpgiG1vCzkHF72,2022-07-17 09:07:59
yxhknmrNzkUNcz5164T3z76O1Qw2,2021-10-21 11:49:01
yy1WrsimbIa009VMQdarEtkqFat2,2022-07-25 16:40:01
yyMZphqj5gYWnyXx6TI0hl1IkBC3,2022-05-06 15:51:25
yyTeZEKirTO4QeVGpf37cDjjuZs1,2022-05-17 07:28:55
yydIrIeZjeTXrCe0hKFKr2SVkOe2,2022-05-26 01:58:12
yz8YZ4wepMbx1M51MMfviKfOnvi1,2022-07-27 16:18:37
yzJ3tvZNXEV2vQtZCNYZnast1gG2,2022-06-13 09:09:04
yzT3WBkoIxXQaFcglaxXTiEaigt1,2022-01-26 19:22:05
yzuyrQltTtOJv1MJUvv50w3UQU13,2021-12-15 18:11:17
yzyS8sYugIXT5Oz5PY8xGEDDmWr2,2022-05-23 07:38:21
z03sHAsGyfSKLtVrcv5oJnIJSWC2,2022-05-24 17:45:01
z0joA1VcVPgmRkEmdUGiyGM3RI43,2021-11-07 02:00:26
z0xvvrEuqhUn3B3pGe6hOIWlD5C3,2021-12-25 15:30:54
z1TuRcEPsvhTYoZG4hFMa2PiAma2,2022-02-02 19:06:01
z1XhE1f1geWd3DJ4UAfx5Jmjite2,2022-06-04 11:47:47
z1YzcxCkwdV7yCmmxgCrLyZ7SPZ2,2021-10-24 17:26:44
z1tZS1dXD1Mc0246f6DQKZmTv7G2,2022-05-22 11:16:24
z1y65f3MIdeo71q2f5NwzbfgOEm1,2022-05-27 12:54:38
z2GvEbZOyVbcJh96sYjcr6kUGI02,2022-03-12 15:40:23
z2bYIQljIzcGKHV8i3GVFHIC1Cz1,2022-04-15 13:46:59
z2ccyxFwYBZkrIvqeLsTDuevhUe2,2022-01-22 11:34:16
z36kep25MwPf8PWsIVITtGICdrl1,2022-04-24 06:42:28
z3MFnUcmpke81dMjDg0UPMvwlQq2,2022-01-29 22:31:30
z3acefPyfSSjHXYjdwZTw1S0O5B2,2021-11-05 08:58:06
z3xcy05aU5eYb21Gz6MPuZrmLUu2,2022-06-15 11:07:55
z47332vCuNgOmDnujpM7R0y8E4O2,2021-11-14 13:28:39
z4SgkbV9wXMcYRmhYLjxWsjsSzs1,2022-03-29 18:31:46
z4wuysFlDfQ8Jgx8wQXYZz1ieiD2,2022-03-30 00:07:53
z53EOyBYfHXKekQLOOKJtgfUK4u2,2022-02-20 19:24:38
z674dNU3pRUzi4yoXhGarAZb8Ag2,2022-07-27 20:33:28
z6LWArn0QqdGjXbd3E3uk8aAqxn1,2022-01-31 10:48:17
z6Yms2jySRTdx9MFrXkYFyQ08yL2,2022-04-15 08:25:43
z6sgCZiDdtNJ0ajTHSjs5jeup942,2022-07-29 07:43:53
z6x62dOrrEe7k9SlnGuLtsxhaSa2,2022-07-17 06:01:47
z79lub46HQhVC4QCIhldSc8F7e02,2022-04-04 19:01:00
z7D6jNmnKIR2gzUYxrRVmnuKaG72,2022-06-13 02:17:09
z7DVs4uD5hdvJrRHo8Dv3XjXzeu2,2021-10-23 13:31:04
z7K63mLSrjaJ2Eu1kIyrDokXm3H2,2022-02-26 04:26:20
z7c6m4s3l0dPX895sd8P3in8I1h2,2022-04-03 10:28:41
z7pc40L6kPURshaWUqPK47Qp0Cj2,2021-10-07 08:23:34
z8LHgwaDdsU7nzrY9yYMOA52skz2,2022-05-12 00:25:07
z8RMPRZQdeQJLcI7YXKH8UrKQSa2,2022-03-26 18:14:12
z8at3l2aZcdtFXm8H1Wxs7TMJu83,2022-04-10 01:33:13
z8eZria6AjdAgWkoimK7xo54K822,2021-12-08 03:44:30
z8hQmLEyinXWq0AXaCnq1h8my9j2,2022-03-31 04:06:35
z9wOUvi5PeVwJFNCM9DIvjAE9Tf1,2022-03-26 00:52:19
zA5cslNpQ4MqIcOMi05wzXakiCh1,2022-06-29 14:03:00
zARmARfTxzYpHr1uJKnGMoPmai42,2022-03-17 01:45:49
zAW5qdE9ybez760ud86XBW1sJUI3,2021-12-12 20:14:24
zAtNcKosd2Sqa0JMhVv8D9p1n0n1,2022-03-13 11:45:13
zB23XkyDxNPCWNmg6XBEl6SdJ3h1,2022-06-16 03:11:58
zBZKfu5rWONhc9ddbSlPShVGzqI2,2022-03-17 15:04:02
zC1HQ9xJAJQBDdOS5d0JFJ8kqbq2,2021-10-27 07:16:47
zD2wtg1sO8QSOB6LbWqDULxtBHz2,2022-02-10 10:24:49
zDCou8x8jUbCW2ipPwtbzYl8LjB3,2022-05-13 07:33:41
zDHLVtiAKUgvB68v5tyqoeppWBs1,2021-12-20 13:12:35
zE4ndZ7Uj8aUjvXoGJz266edhLJ2,2022-05-28 14:25:44
zEHglkb3LjQUHNrdOFs9jSoCBJS2,2022-07-25 14:18:41
zESqXJRdTnMBnQAdIKzlipBvjEv2,2021-12-22 02:56:48
zExdbdSn82TDehzvGE3B7fbxmAR2,2022-02-18 04:01:36
zF6Mo6TDFFb5p5Zu5KcPnPIHhXd2,2022-04-16 13:07:57
zFLabjiOsadaiiFFow8DNXJyhCR2,2022-04-13 14:58:46
zGMKnUOTaxOFJfNIabdtG0TZyjU2,2022-03-22 04:49:58
zGrwY9qFP9NBwZgdwvroIjmVz092,2021-10-19 11:22:00
zGvX016Vw4eZVHGXend2gXkeGix2,2022-04-14 09:10:41
zGwWbrwlKKPSZL5EZGpsXj1v5yo1,2022-04-04 09:19:05
zH1Br7E2VaWmuRhbWAwdGeSV2oP2,2022-04-18 04:33:14
zHFgjCNJnYMIOUa28zGln9LBQls2,2021-12-05 19:19:41
zHSyUimIEjNCBdkgBwpWM4wsPdH3,2022-05-29 03:35:30
zHVUBnYmOTXrOPxGViPweVJeM7q1,2022-04-15 15:36:14
zHblWrYOClNsWmSWqWLgS8oYu4E2,2022-01-01 20:25:05
zHuSOZxAXBdq9fXlVp8njn6GTqm2,2022-04-18 17:09:35
zIF8dO0dsMZmYbKaCwfdt4DPi7M2,2022-05-09 19:54:47
zIJaTea30MOwBLoGLgIEhnIFCzD2,2022-04-02 20:29:38
zIs1hx0GUahuOVJFEV1MAw1vTEM2,2022-05-07 19:19:40
zJY4rE0ctDhTqL6qBRKTyrtzUc63,2022-04-15 21:30:39
zJa3iRsc9Ph4ndr7KpwCjWWc30F2,2021-11-08 19:55:22
zJdabCKxZkcSWRDJhgBlHuYVauJ3,2022-02-22 14:30:43
zJeBPIXZXdUxs4DnNoi8lrPhjMg1,2022-03-22 03:47:18
zKLCnv2BGfdiQfADGZGNpdbSYWc2,2021-10-27 16:08:43
zKPmIGT90VNxwAsY2EhGilqiaVv1,2022-02-28 02:32:34
zKQjXyCZvQOhmk3YTgatH7cLLPX2,2022-03-19 05:38:26
zKRz0io614Pc2J7gm13ih3JttCK2,2022-05-13 08:53:13
zKT7cQptb2Vsbzs1FU5qsGeqvO22,2022-04-16 10:51:56
zKZxvBBW8wODfZuF3V3NchELa862,2022-01-15 16:50:20
zLArkBKoPIaRI1SxD8TAFKuw6Hv2,2021-10-06 13:45:25
zLI36CVcGYWMfegjupskHV7XG9j1,2022-03-21 15:01:51
zLTDGrytTvQktOdbhKsZ1hurgmo1,2021-12-29 01:31:16
zLXbXz6yWrPbjwKHbGB5UInYMgL2,2022-05-03 20:43:23
zLv0v6rMSRTu5AZeA53YN5A2wEt1,2021-10-05 13:38:17
zLwPsMMd8Of7h8Imqf763dLmifQ2,2022-04-18 06:08:40
zLxbsHBNecbuDxBwAFr3K2XmPVx2,2022-03-07 22:33:19
zLy40uaolcVUmpCVJvbmOEIQaI22,2022-07-08 19:56:14
zMBLc9UejsXDqw1FhXMxECeqc9T2,2022-06-23 12:35:45
zMHmfZLVD6PyaY4UL81wYYY0iAl2,2021-11-08 11:44:06
zMN5RC1hVkN06gk1SD9JU4uLiGb2,2021-12-08 15:28:17
zMaM4KPYVRS0SYxiGLHch85BlYk2,2022-05-29 13:32:35
zN6XP32NIOZDhyZtH8SKhXDaCQo2,2021-10-09 08:07:06
zNFlhwzK0ZTeOcNH4626644Q9962,2022-07-20 07:48:37
zNNbCiTUuvhcXfWJ7Jehs1JNUSq2,2021-11-02 08:17:58
zNWxx8DvYWY2AmzSUq7Le5Ngho82,2022-03-16 20:32:16
zNuVBhtXGUMonq5JZYUOxn8t2Ox2,2022-05-31 04:59:05
zNylISSFJ2Qv41W4zHAycmW68yv2,2022-05-14 04:22:12
zO1R7A6MpXTPnEkJTtncyNjkzCf1,2022-03-02 21:20:32
zOSz2xIgRDbuCPaqaeepoF4WFFp1,2022-06-03 01:42:24
zOVfOR6NqFQ2L4xRX8jhDr7a6Wh1,2022-06-11 12:57:56
zOccdahvmSRt7JlPnQ0PSyr8Xuq2,2022-06-17 11:32:24
zOjZkhwKjnZOkVIkIf3iAAxcyUh1,2022-01-27 19:50:25
zPB62lIqTiY4P4vfwr27XJDQq4W2,2021-10-05 07:01:51
zPEpdTW1SpTbtuJyIbRS4uCvIDV2,2021-10-31 20:03:24
zPJR5ISkoMhYzDUlM2gFnG7PkN12,2022-03-05 10:42:29
zPJxhdZcTgTKd1e0Yr9GNHV113y2,2021-12-27 22:04:20
zPKqGqv5oSbvsbD81ySwz5bLeUa2,2022-04-27 04:28:40
zPT1AdN2iNPbYKraJ5kV5mH6Q3u1,2022-03-22 02:07:37
zPkpxUSkcJebrBy2oYoa0bhEbxG2,2021-11-19 12:22:56
zPmt18TbtaU5skOw2MSIZi0Uh4b2,2021-11-21 14:53:39
zPu81jRcPyO6GhKMHRY6U8udbc73,2022-04-01 04:48:13
zPvTazHIyScCfBSPGOizq9HkLTn1,2022-07-25 07:15:15
zQ5ApsMx24f7nOUdkmjphlqpgVV2,2022-04-16 18:01:34
zQKqUJdhfYPYo7cRASi8j8VmQzG2,2022-02-08 06:13:20
zQiBMYQniUcqWUjEelqZCXV5URx1,2021-10-11 16:52:30
zQk4PowqOUQZ0pMYAWjOgwRu6fQ2,2022-04-01 14:38:44
zR0JKD92eTUXqUOLclmzrJj9Lba2,2022-03-14 05:54:11
zR2sWF88mfhbMdsxbtErTXuzqm33,2022-06-08 14:00:17
zR9jX0vNwFTwkf89xL9tzAoPwL32,2022-01-05 11:51:05
zRBDyDzDteW8TfzOa9cCxd8qIv32,2021-11-15 00:56:43
zRJ1oGlWBSYf8h638LLlPOBysqp2,2022-03-23 14:47:06
zRK6kropRmVsKjnY80G3PCZ4R1I2,2021-10-24 12:10:23
zRM7mqKgdycN2rb6CamuW7LYRBt2,2021-10-17 02:25:13
zSNGoDjTXibsNUEwYNyjHRk3Bq02,2021-12-01 19:21:49
zSfi2vBQBoe04pRVcvi2hQwjQzL2,2022-02-10 08:53:18
zTAnZFByJFdWkK46Z8iFPi2srSv2,2021-10-08 21:01:09
zTDmEuhV4KUM76H8A2JTNVsPm8r1,2022-05-02 09:03:29
zTSbkFLCmUWpSRQbsmFvdlNFhIE2,2022-04-17 04:09:06
zTTXH3RxXnapR6ooPEelIy5fuwI2,2021-10-25 00:42:28
zTWxglL067Mhi0VQQBRoqIQFcOD3,2022-04-29 11:40:33
zTePdtz1tJMPtWcfyl5ihelcu3F2,2021-10-26 23:03:12
zTqqTeUjFvaYlioiXG2aaoEoikU2,2022-01-16 11:40:34
zU3Mbul8JBeVesHqK2lm7RBpYA03,2022-06-01 04:12:51
zU3Yel2dlbdVUWyC6gXyFuUl1RO2,2021-12-20 09:45:22
zU4WVR6fW0YZwYvw3DI3fDL1PFN2,2022-06-14 00:32:47
zU943FLQwwZ3oXzrCDUl49JGACs1,2022-01-19 22:19:06
zUMvyxymvSPR8LtwrStIfJIw17S2,2022-03-03 14:25:10
zVLToRnY0JMr0rRY7bHXrAGeC6L2,2022-04-17 15:47:09
zVV5uGoIa1fkI0sflGh1XHedHyh1,2022-05-01 02:08:39
zVcEEguKDuaHAnKqQ1GHYnsJZx63,2021-12-27 10:44:05
zVd0gSUHrUU9jd6afm1728FRbCF2,2022-04-18 09:49:02
zWAPVmympaguopkXZWx5MsOb80h1,2021-11-01 06:17:07
zWEmMOio0TRb1NFf2d9aO3SMAR63,2022-07-30 06:25:53
zWbbWq59XIY7CV9cJKJwSRSYHle2,2022-04-14 18:58:45
zWmotm6tcGha5eXCqgJwt0837oZ2,2022-04-19 02:10:00
zWwlrisrL4dZb7eqdqoSDCXILY43,2021-12-17 02:49:11
zXGRqBRBxeXf4gQwC2T90fU9fUP2,2021-11-25 03:30:24
zXKNHDJUq6NkPf6mxQCCKyTnwgf2,2022-02-14 06:30:48
zXgtx4dw6zX9MljpghE8MlDegZh2,2022-03-24 20:34:23
zXiHysgHZ7huBeV5mr12327dpKj1,2022-04-22 02:48:56
zXkcEoG85KYLatbT1M8J0JwWw6w1,2022-03-05 01:14:24
zYkj0jhocdMpPNj3ueFRu1k2jqb2,2022-04-29 09:49:20
zYt5w98RCaguZBN0ok1eRQsK49y2,2022-06-05 19:07:53
zYttLs8oDgQsJPOv3gm6NEtOfev2,2022-06-01 14:31:26
zZRHtQSnkxYisJQaEhznLALvqeC2,2022-03-30 09:51:20
zZjFgqEGJQQTuobGwmzEHiIeRPG3,2022-02-23 14:35:15
zZlyfXf6YNWdzukjI5WyS39oIOB2,2022-04-17 21:34:30
zaRss1gjxqdsUIH00JJmQvW4R433,2022-06-01 14:41:05
zaRvNdsb7TO2yOPIbfDwiSR8EkJ2,2022-06-05 11:00:24
zad6UL27ZeX2Nid5uF7ySByIsak1,2022-07-18 09:05:06
zayS42iXZMMLrHJksiJ23Zg0MKm1,2022-02-01 04:22:44
zbHQ8wXI8LY7fULeGtxaUVugh3p2,2022-02-07 08:49:50
zbYMAoLuDTZ9IrxWal9vK39nv7E3,2021-12-25 13:37:02
zcTMPBJOmYhLSCVwr88q03PEzfA2,2022-04-03 15:25:24
zcv1g0B6o4Nv0Q3XRrHSxcwZp7f2,2022-04-30 15:30:08
zdAoOj4XpbV29RqcRliKPq6qGAA2,2022-02-22 17:44:09
zdKYSd9fbiNuEAqk6Luxm9aF1Qz1,2022-04-24 19:27:41
zdfdntyWPiXebXdEsl2r1aeErcs1,2022-02-26 12:00:21
zdqN5TgI16SHGQYRtpgDSf0NIuI2,2022-04-30 14:25:20
zdxOuj20wkNr11no5LIo0U375Sy2,2022-04-10 15:22:28
ze5nvD267vbSeXTXe94QdfjHfwD3,2022-04-12 23:42:28
zeW0JUzdsKNK7MBTSjuXl0KlaDo1,2022-06-25 19:05:43
zesheS8etvfQzlUHdXvJUtzAd913,2022-06-28 18:47:45
zf1AsHXxXOP8GTn3fOCITYEG8rr2,2022-02-26 08:56:01
zf2zduCPBOYTKXoaiPsS7QvDZBo1,2021-10-11 02:16:44
zfApuC7zcpanD9e798f9UfTBGO43,2022-05-21 11:34:48
zfmX7f8UZbhxJla4KnrIGC2LxAG2,2022-07-21 20:18:28
zgDsGNvJ1Sd3nEfmWJAIRsYY8D22,2022-05-05 12:24:41
zgcGjwElnmcxhe1pNEIHYTyxOth2,2022-04-21 04:02:17
zh35l7gaO8TqEeT3xlBYvAo7Mc32,2022-05-15 15:55:50
zhIijSvtllbeUN59XW91EIO1s3n1,2022-04-25 15:25:45
zhPVCMFfxKgbI4QcNxDN8busaYI3,2021-12-29 16:39:08
zhXxdgg7kUPWBtb5tZhGEIuTdOf1,2022-01-03 06:36:35
ziAqll3vArgH1n9CUCsiljl8HNl1,2021-11-18 03:46:23
ziusDeebuvTJMTCKGcKWaXRfdGv2,2022-03-06 13:12:45
zj0vkb9xEbOG7bozzNNLW3RRczM2,2021-12-23 08:25:35
zjPRrlKVkthGetrF9Twxk3j7KSp2,2022-01-18 05:12:32
zjWsHr9zPeQMnUY4PuomdtTVyO92,2022-06-22 13:23:09
zjx2JUzdsAMt7Wn6yVRGARhnAIt2,2022-01-22 03:49:05
zk3wASr6DeVVn03nQ17IbJoJrBI3,2022-07-26 13:13:09
zk46VB1PPZWlRG7bHqwe8QeuIyU2,2022-03-21 11:47:53
zk5bWPJtl3V1hOxXWPIxJO2Lm7j2,2021-12-28 01:39:02
zk75SHYQItP4KALUbxw3Um3LwTw1,2022-04-02 17:37:24
zk7ODHTbihOAD1JGlYH7SWL423q2,2022-07-18 16:01:52
zk7cQJrtwYOFqw3g5DvOVBHkQAS2,2022-03-12 09:33:08
zk8CbvAfivaGSaCFEXYy3on1sBE3,2022-05-10 18:30:12
zkT0kn5lcggiVThdCwMqTEV4uqz2,2022-03-30 05:58:32
zkXQAh5k6dXCGXFYVlGWVKiSzn63,2021-12-24 06:18:10
zkjddz4JJHddiPOEl7bA1NEPBKr2,2022-03-24 15:30:45
zklK2XgN6lWSFkWZc3Ha3rueeDo1,2021-11-15 02:59:32
zl90G44ACLRstWbZeGv3PPaspfQ2,2022-06-14 03:05:19
zl9UzfT4WOeSki40GUOS8Sw51od2,2021-12-01 04:04:55
zlBvxCL6WeU7wnWukC1rJYo21lb2,2022-03-18 10:22:11
zlDWzW53IJZ5aBzDFdMFwgkJmBS2,2022-04-19 05:37:56
zlLMLjBV7EMbeFXhVLupP7GFs2f2,2021-11-24 03:37:50
zlLMqchVA6SxwCMJiA5gN0ACf0l1,2022-07-13 05:16:11
zlUUNzdH7wejEFu7zV3h6wgwPz53,2022-04-12 17:22:51
zlmRUJ9WuxR9jVzBApLaweEpy723,2022-02-18 17:51:53
zlwSvLdAh2MECwqTb4ABU1FOhEI2,2022-07-21 04:11:03
zmI6PWptJdVo2J23RD6lAhPAqn43,2022-05-25 16:55:53
zmQCBGbWAmPicvTO3W837TEjqyf2,2022-01-30 00:35:50
zmgoBIVWAJd0tVzGZ6LC7WVZH0n2,2021-10-19 23:45:36
zmsIpOOMzIT5WFDDdTVFBX5hZWi1,2022-06-25 03:29:55
zmuKojk4I8dJBbE76BqpiLf4QYT2,2021-11-07 14:34:37
zmxTrbL1B6enikVfCRMvPFk1gD53,2022-03-15 07:04:58
zn0VEZCz56c24pmoMFhAwmZRHZe2,2021-11-16 13:46:22
znFYuEhX4xOwQExzVJQFNa4seGW2,2022-06-18 16:01:16
znXEoO1WdPh8HZTbBZ8EhMk7gOA2,2021-12-22 06:39:02
zngsR6lMmbOYnMqgGy9fWKJoeuC3,2021-11-30 20:08:02
zo48rZSyhNSy4skyPmoRSfeCbfN2,2022-06-02 15:42:59
zoWUG81WZSWRA7OTzcmPEewKvWZ2,2022-04-18 06:38:20
zooEoQHuLWRZY7aVqSzH9ndJrLY2,2021-11-04 18:42:10
zp0stguXDwTsafLOokfsitJGk283,2022-05-30 08:43:14
zpN6BtDLXbZRd8FDLuFokiC824f1,2022-04-30 07:21:34
zpSHKprzBmMKrD6jnih0ICiAwo93,2022-02-21 10:16:42
zpj6RkJjKVMoqnlnz7rsxTY1a6x1,2022-06-27 07:20:37
zpkph1ez3sZT9RvqpWUOtLwjgSn1,2022-05-15 11:56:20
zpsxNVvPUVgaDbzizh2nBLfwlMg1,2022-04-28 17:05:58
zqA57HUE7jWR1a9rkcaDZ6tb9iY2,2022-04-04 08:36:50
zqM338SdWYSHIDxqNuNcHn5rM6H3,2022-04-07 05:50:33
zqtuiCgcx1dCFmkLgLTdINGkrEo2,2022-06-04 19:48:24
zquvQH1dcyYRb1wRZAgVUoCQF5q2,2022-05-30 18:27:43
zr8Mu30YZ4cjlsnxuLdeRPyldDT2,2022-02-06 17:45:04
zr8bVTLKjiQ84FNlRKz4uBCnJeC3,2022-05-11 07:33:56
zrLFvBHkADcdWxseYZ08QbRaGIE2,2021-12-31 06:04:20
zrkx3KBlnAhDZXKexLOmVIa3Hf33,2021-11-16 05:29:40
zrtm0c2gSCeiEUcCVqjtjdjVoCu2,2021-12-17 07:29:22
zs2R43JF19MOZA9uQakuLyhKG382,2021-12-30 16:29:02
zs3YzyiLzTSB7Hgl0doh1iyoBtR2,2022-05-08 05:33:11
zs98csNUfnaq9qD4wInSJBzbrIk2,2022-04-16 20:52:12
zsKj6ZiwfHO8dzGSPGlPB5KG0Ou2,2022-05-07 09:41:12
zsepeccPF4QUOkJ1cSO33UrSCSK2,2022-04-08 14:12:08
zsgWNDzi09X10ZJbL7SXs5Uv9lk1,2022-02-24 06:58:29
zt9LmCKPRaU7zCQ0cgxMyssPuAk1,2022-02-19 15:26:23
ztCgnb6H7ZUObSgJnvajVvSLGcp2,2022-04-29 15:57:25
ztWElcgOqgWHPlYCkAIBTlaLnTK2,2022-05-08 07:36:33
ztbs7XWX5rbmjOJLvK1xw197wsw2,2022-04-13 01:52:34
zu8qjUNk0aeTHh3UUzk4jWbv9po1,2021-10-20 00:30:43
zugEloizv1c5eLmjnoqePxfiC2W2,2022-06-26 13:35:25
zvAaqfsYdgQTTaSsnizZaXtjiAX2,2022-04-23 13:08:47
zvCtR6xCiiR03f9uOMAx8i1Ji3G2,2022-06-03 16:57:12
zvkKybHzxUXbimRqcaXJpygVHOm1,2022-02-06 00:54:23
zwqvjdw0lwdzLZK1tnhOSFVpQKH3,2021-12-10 23:48:52
zxPu273kpWZ11AlKJDWCVf3g7x23,2022-03-02 03:12:56
zxdQTtl2J8PF2XWXSxrmtzTDNcJ3,2022-04-04 00:13:40
zxg2r5Ay8iarpXjSI4o7xeL5poE2,2022-04-20 05:01:25
zzWMlqhRvDRumfgwlAie64ao1a03,2022-03-08 18:57:13
